date,ticker,open,high,low,close,adj_close,volume
,,159928.SZ,159928.SZ,159928.SZ,159928.SZ,159928.SZ,159928.SZ
2015-01-05,159928.SZ,0.2887499928474426,0.2997500002384186,0.2887499928474426,0.2997500002384186,0.2997500002384186,11447644
2015-01-06,159928.SZ,0.2927500009536743,0.30149999260902405,0.29100000858306885,0.30149999260902405,0.30149999260902405,7478256
2015-01-07,159928.SZ,0.30250000953674316,0.30250000953674316,0.29624998569488525,0.29875001311302185,0.29875001311302185,4557772
2015-01-08,159928.SZ,0.29875001311302185,0.3007499873638153,0.29649999737739563,0.2985000014305115,0.2985000014305115,3298816
2015-01-09,159928.SZ,0.296999990940094,0.30125001072883606,0.29475000500679016,0.29475000500679016,0.29475000500679016,1582400
2015-01-12,159928.SZ,0.296750009059906,0.296750009059906,0.27900001406669617,0.2927500009536743,0.2927500009536743,12080528
2015-01-13,159928.SZ,0.2877500057220459,0.2944999933242798,0.2877500057220459,0.29225000739097595,0.29225000739097595,2745200
2015-01-14,159928.SZ,0.2932499945163727,0.29374998807907104,0.2887499928474426,0.289249986410141,0.289249986410141,2267684
2015-01-15,159928.SZ,0.28949999809265137,0.2917500138282776,0.2877500057220459,0.2917500138282776,0.2917500138282776,2073740
2015-01-16,159928.SZ,0.2917500138282776,0.2939999997615814,0.2915000021457672,0.2930000126361847,0.2930000126361847,3459200
2015-01-19,159928.SZ,0.2824999988079071,0.2919999957084656,0.27674999833106995,0.28075000643730164,0.28075000643730164,5297200
2015-01-20,159928.SZ,0.2849999964237213,0.2887499928474426,0.2837499976158142,0.2874999940395355,0.2874999940395355,1560800
2015-01-21,159928.SZ,0.2887499928474426,0.2939999997615814,0.2887499928474426,0.2939999997615814,0.2939999997615814,4033764
2015-01-22,159928.SZ,0.29475000500679016,0.29624998569488525,0.2930000126361847,0.2957499921321869,0.2957499921321869,3222016
2015-01-23,159928.SZ,0.2955000102519989,0.2957499921321869,0.29249998927116394,0.2932499945163727,0.2932499945163727,2807204
2015-01-26,159928.SZ,0.2944999933242798,0.29899999499320984,0.2932499945163727,0.29875001311302185,0.29875001311302185,3400400
2015-01-27,159928.SZ,0.2992500066757202,0.2997500002384186,0.2942500114440918,0.2985000014305115,0.2985000014305115,2528400
2015-01-28,159928.SZ,0.29499998688697815,0.29875001311302185,0.29499998688697815,0.29499998688697815,0.29499998688697815,6153600
2015-01-29,159928.SZ,0.2862499952316284,0.29350000619888306,0.2862499952316284,0.2917500138282776,0.2917500138282776,6635200
2015-01-30,159928.SZ,0.29225000739097595,0.2942500114440918,0.2902500033378601,0.2904999852180481,0.2904999852180481,5668772
2015-02-02,159928.SZ,0.29124999046325684,0.29124999046325684,0.2865000069141388,0.28700000047683716,0.28700000047683716,1978000
2015-02-03,159928.SZ,0.28700000047683716,0.2902500033378601,0.2867499887943268,0.28949999809265137,0.28949999809265137,1946468
2015-02-04,159928.SZ,0.28975000977516174,0.2917500138282776,0.2877500057220459,0.2877500057220459,0.2877500057220459,856800
2015-02-05,159928.SZ,0.28949999809265137,0.2904999852180481,0.2847500145435333,0.2847500145435333,0.2847500145435333,4514836
2015-02-06,159928.SZ,0.2852500081062317,0.2854999899864197,0.28025001287460327,0.28224998712539673,0.28224998712539673,1310000
2015-02-09,159928.SZ,0.28075000643730164,0.28575000166893005,0.28075000643730164,0.28575000166893005,0.28575000166893005,793616
2015-02-10,159928.SZ,0.28725001215934753,0.28725001215934753,0.2852500081062317,0.2862499952316284,0.2862499952316284,2275824
2015-02-11,159928.SZ,0.28725001215934753,0.2902500033378601,0.28725001215934753,0.28999999165534973,0.28999999165534973,500420
2015-02-12,159928.SZ,0.2902500033378601,0.2927500009536743,0.2902500033378601,0.2927500009536743,0.2927500009536743,1985600
2015-02-13,159928.SZ,0.2939999997615814,0.296999990940094,0.2939999997615814,0.29499998688697815,0.29499998688697815,2908000
2015-02-16,159928.SZ,0.29600000381469727,0.29774999618530273,0.29600000381469727,0.29774999618530273,0.29774999618530273,1263600
2015-02-17,159928.SZ,0.2985000014305115,0.29899999499320984,0.2980000078678131,0.2982499897480011,0.2982499897480011,7278400
2015-02-25,159928.SZ,0.2982499897480011,0.2982499897480011,0.2955000102519989,0.29649999737739563,0.29649999737739563,7615604
2015-02-26,159928.SZ,0.29750001430511475,0.2994999885559082,0.296750009059906,0.2994999885559082,0.2994999885559082,18448176
2015-02-27,159928.SZ,0.3007499873638153,0.30250000953674316,0.3007499873638153,0.30125001072883606,0.30125001072883606,8239468
2015-03-02,159928.SZ,0.3005000054836273,0.3022499978542328,0.3005000054836273,0.3022499978542328,0.3022499978542328,27517328
2015-03-03,159928.SZ,0.30125001072883606,0.3022499978542328,0.29875001311302185,0.29875001311302185,0.29875001311302185,7505600
2015-03-04,159928.SZ,0.30000001192092896,0.30425000190734863,0.2997500002384186,0.30425000190734863,0.30425000190734863,20404232
2015-03-05,159928.SZ,0.3082500100135803,0.3082500100135803,0.304500013589859,0.30550000071525574,0.30550000071525574,7549464
2015-03-06,159928.SZ,0.3075000047683716,0.30799999833106995,0.304500013589859,0.304500013589859,0.304500013589859,8057216
2015-03-09,159928.SZ,0.30375000834465027,0.31174999475479126,0.30375000834465027,0.31150001287460327,0.31150001287460327,5255604
2015-03-10,159928.SZ,0.30649998784065247,0.3137499988079071,0.30649998784065247,0.3127500116825104,0.3127500116825104,6841600
2015-03-11,159928.SZ,0.31474998593330383,0.3149999976158142,0.31150001287460327,0.3122499883174896,0.3122499883174896,5430712
2015-03-12,159928.SZ,0.3125,0.31299999356269836,0.31049999594688416,0.3122499883174896,0.3122499883174896,1721200
2015-03-13,159928.SZ,0.31325000524520874,0.3154999911785126,0.3125,0.3154999911785126,0.3154999911785126,892844
2015-03-16,159928.SZ,0.3165000081062317,0.32350000739097595,0.3165000081062317,0.3232499957084656,0.3232499957084656,10173524
2015-03-17,159928.SZ,0.3240000009536743,0.32749998569488525,0.32350000739097595,0.3264999985694885,0.3264999985694885,3685600
2015-03-18,159928.SZ,0.3264999985694885,0.33274999260902405,0.3264999985694885,0.33250001072883606,0.33250001072883606,2154976
2015-03-19,159928.SZ,0.33000001311302185,0.33149999380111694,0.328249990940094,0.33000001311302185,0.33000001311302185,2385616
2015-03-20,159928.SZ,0.3305000066757202,0.3332499861717224,0.33000001311302185,0.33149999380111694,0.33149999380111694,2671604
2015-03-23,159928.SZ,0.33149999380111694,0.3387500047683716,0.33149999380111694,0.3387500047683716,0.3387500047683716,1172800
2015-03-24,159928.SZ,0.3375000059604645,0.3387500047683716,0.3319999873638153,0.3384999930858612,0.3384999930858612,2550144
2015-03-25,159928.SZ,0.3382500112056732,0.34299999475479126,0.335999995470047,0.3422499895095825,0.3422499895095825,2647600
2015-03-26,159928.SZ,0.3422499895095825,0.3474999964237213,0.3412500023841858,0.34599998593330383,0.34599998593330383,1350468
2015-03-27,159928.SZ,0.3467499911785126,0.34825000166893005,0.34474998712539673,0.34700000286102295,0.34700000286102295,8268800
2015-03-30,159928.SZ,0.3499999940395355,0.3499999940395355,0.34549999237060547,0.3492499887943268,0.3492499887943268,3742808
2015-03-31,159928.SZ,0.34975001215934753,0.3504999876022339,0.34549999237060547,0.34599998593330383,0.34599998593330383,8250452
2015-04-01,159928.SZ,0.3412500023841858,0.351749986410141,0.3412500023841858,0.3504999876022339,0.3504999876022339,3901228
2015-04-02,159928.SZ,0.351500004529953,0.3569999933242798,0.3504999876022339,0.3542500138282776,0.3542500138282776,3189724
2015-04-03,159928.SZ,0.3542500138282776,0.35850000381469727,0.35324999690055847,0.35850000381469727,0.35850000381469727,3570476
2015-04-07,159928.SZ,0.35850000381469727,0.36774998903274536,0.35850000381469727,0.36774998903274536,0.36774998903274536,4149276
2015-04-08,159928.SZ,0.3684999942779541,0.375,0.36250001192092896,0.36800000071525574,0.36800000071525574,5308948
2015-04-09,159928.SZ,0.36399999260902405,0.36625000834465027,0.35499998927116394,0.3642500042915344,0.3642500042915344,3917204
2015-04-10,159928.SZ,0.3752500116825104,0.3752500116825104,0.36250001192092896,0.375,0.375,3762800
2015-04-13,159928.SZ,0.3752500116825104,0.3824999928474426,0.3752500116825104,0.38199999928474426,0.38199999928474426,3708112
2015-04-14,159928.SZ,0.3799999952316284,0.38749998807907104,0.3785000145435333,0.3815000057220459,0.3815000057220459,4275304
2015-04-15,159928.SZ,0.3815000057220459,0.3815000057220459,0.3695000112056732,0.3707500100135803,0.3707500100135803,1450104
2015-04-16,159928.SZ,0.35249999165534973,0.3865000009536743,0.35249999165534973,0.38374999165534973,0.38374999165534973,9942800
2015-04-17,159928.SZ,0.38374999165534973,0.39125001430511475,0.382999986410141,0.38499999046325684,0.38499999046325684,6116528
2015-04-20,159928.SZ,0.38499999046325684,0.390749990940094,0.367000013589859,0.38225001096725464,0.38225001096725464,3453688
2015-04-21,159928.SZ,0.37174999713897705,0.4007500112056732,0.37174999713897705,0.4007500112056732,0.4007500112056732,3984812
2015-04-22,159928.SZ,0.4007500112056732,0.4059999883174896,0.4007500112056732,0.4047499895095825,0.4047499895095825,7772808
2015-04-23,159928.SZ,0.4124999940395355,0.4124999940395355,0.40024998784065247,0.40525001287460327,0.40525001287460327,4439204
2015-04-24,159928.SZ,0.3932499885559082,0.40525001287460327,0.382999986410141,0.40424999594688416,0.40424999594688416,5132008
2015-04-27,159928.SZ,0.4059999883174896,0.41200000047683716,0.40424999594688416,0.40625,0.40625,7069720
2015-04-28,159928.SZ,0.4000000059604645,0.40849998593330383,0.3889999985694885,0.3922500014305115,0.3922500014305115,15800004
2015-04-29,159928.SZ,0.39250001311302185,0.398499995470047,0.39250001311302185,0.398250013589859,0.398250013589859,6356912
2015-04-30,159928.SZ,0.4284999966621399,0.43149998784065247,0.40049999952316284,0.40149998664855957,0.40149998664855957,38886000
2015-05-04,159928.SZ,0.39500001072883606,0.40149998664855957,0.38975000381469727,0.4000000059604645,0.4000000059604645,10820216
2015-05-05,159928.SZ,0.39250001311302185,0.4000000059604645,0.38499999046325684,0.38725000619888306,0.38725000619888306,6065116
2015-05-06,159928.SZ,0.3815000057220459,0.39250001311302185,0.37674999237060547,0.3785000145435333,0.3785000145435333,4040876
2015-05-07,159928.SZ,0.3700000047683716,0.3842499852180481,0.3700000047683716,0.37599998712539673,0.37599998712539673,6180072
2015-05-08,159928.SZ,0.37599998712539673,0.38725000619888306,0.37599998712539673,0.3869999945163727,0.3869999945163727,2316800
2015-05-11,159928.SZ,0.3857499957084656,0.3970000147819519,0.3842499852180481,0.3970000147819519,0.3970000147819519,6295828
2015-05-12,159928.SZ,0.3970000147819519,0.4012500047683716,0.39649999141693115,0.4009999930858612,0.4009999930858612,4173324
2015-05-13,159928.SZ,0.4009999930858612,0.414000004529953,0.39800000190734863,0.4077500104904175,0.4077500104904175,5932664
2015-05-14,159928.SZ,0.40450000762939453,0.40950000286102295,0.4025000035762787,0.40424999594688416,0.40424999594688416,6787200
2015-05-15,159928.SZ,0.4047499895095825,0.4047499895095825,0.39500001072883606,0.3987500071525574,0.3987500071525574,3572656
2015-05-18,159928.SZ,0.3987500071525574,0.40049999952316284,0.3972499966621399,0.398499995470047,0.398499995470047,2310600
2015-05-19,159928.SZ,0.39500001072883606,0.4087499976158142,0.39500001072883606,0.4077500104904175,0.4077500104904175,4311620
2015-05-20,159928.SZ,0.4077500104904175,0.4177500009536743,0.40525001287460327,0.41075000166893005,0.41075000166893005,6850776
2015-05-21,159928.SZ,0.41075000166893005,0.42625001072883606,0.41075000166893005,0.4259999990463257,0.4259999990463257,6524400
2015-05-22,159928.SZ,0.42524999380111694,0.43525001406669617,0.42524999380111694,0.4350000023841858,0.4350000023841858,5086716
2015-05-25,159928.SZ,0.4350000023841858,0.44975000619888306,0.4350000023841858,0.44975000619888306,0.44975000619888306,7704800
2015-05-26,159928.SZ,0.44975000619888306,0.4620000123977661,0.44749999046325684,0.4584999978542328,0.4584999978542328,5101216
2015-05-27,159928.SZ,0.4582499861717224,0.46674999594688416,0.45350000262260437,0.4637500047683716,0.4637500047683716,6939200
2015-05-28,159928.SZ,0.4637500047683716,0.4690000116825104,0.4337500035762787,0.4337500035762787,0.4337500035762787,3943376
2015-05-29,159928.SZ,0.43575000762939453,0.4399999976158142,0.41200000047683716,0.43174999952316284,0.43174999952316284,3822408
2015-06-01,159928.SZ,0.4322499930858612,0.45350000262260437,0.4322499930858612,0.453000009059906,0.453000009059906,18109404
2015-06-02,159928.SZ,0.453000009059906,0.4659999907016754,0.44874998927116394,0.4659999907016754,0.4659999907016754,9178808
2015-06-03,159928.SZ,0.4690000116825104,0.47075000405311584,0.44874998927116394,0.45774999260902405,0.45774999260902405,5162400
2015-06-04,159928.SZ,0.43825000524520874,0.45774999260902405,0.42774999141693115,0.45500001311302185,0.45500001311302185,1465600
2015-06-05,159928.SZ,0.453000009059906,0.4650000035762787,0.453000009059906,0.4625000059604645,0.4625000059604645,4267800
2015-06-08,159928.SZ,0.46000000834465027,0.4702500104904175,0.45524999499320984,0.4672499895095825,0.4672499895095825,2836272
2015-06-09,159928.SZ,0.46424999833106995,0.47099998593330383,0.4622499942779541,0.4662500023841858,0.4662500023841858,2417208
2015-06-10,159928.SZ,0.46549999713897705,0.47975000739097595,0.45774999260902405,0.4749999940395355,0.4749999940395355,5567680
2015-06-11,159928.SZ,0.4749999940395355,0.4794999957084656,0.4699999988079071,0.47850000858306885,0.47850000858306885,4373896
2015-06-12,159928.SZ,0.4790000021457672,0.4932500123977661,0.4790000021457672,0.49000000953674316,0.49000000953674316,6250400
2015-06-15,159928.SZ,0.5049999952316284,0.5049999952316284,0.48225000500679016,0.48399999737739563,0.48399999737739563,7202800
2015-06-16,159928.SZ,0.4749999940395355,0.48750001192092896,0.45649999380111694,0.46549999713897705,0.46549999713897705,5598400
2015-06-17,159928.SZ,0.4647499918937683,0.4729999899864197,0.45124998688697815,0.47200000286102295,0.47200000286102295,6672840
2015-06-18,159928.SZ,0.4762499928474426,0.4762499928474426,0.453249990940094,0.45625001192092896,0.45625001192092896,4534004
2015-06-19,159928.SZ,0.43825000524520874,0.44999998807907104,0.4255000054836273,0.4259999990463257,0.4259999990463257,3728800
2015-06-23,159928.SZ,0.42524999380111694,0.43825000524520874,0.4025000035762787,0.43825000524520874,0.43825000524520874,9909200
2015-06-24,159928.SZ,0.4377500116825104,0.45100000500679016,0.4377500116825104,0.4505000114440918,0.4505000114440918,15256412
2015-06-25,159928.SZ,0.4507499933242798,0.45375001430511475,0.42899999022483826,0.43825000524520874,0.43825000524520874,4717200
2015-06-26,159928.SZ,0.4152500033378601,0.45500001311302185,0.39750000834465027,0.39899998903274536,0.39899998903274536,2801208
2015-06-29,159928.SZ,0.42500001192092896,0.4300000071525574,0.36149999499320984,0.3812499940395355,0.3812499940395355,2601216
2015-06-30,159928.SZ,0.3922500014305115,0.41100001335144043,0.3700000047683716,0.40849998593330383,0.40849998593330383,4550032
2015-07-01,159928.SZ,0.4007500112056732,0.42149999737739563,0.3919999897480011,0.39375001192092896,0.39375001192092896,4065200
2015-07-02,159928.SZ,0.39250001311302185,0.39675000309944153,0.36649999022483826,0.37400001287460327,0.37400001287460327,6363200
2015-07-03,159928.SZ,0.3725000023841858,0.37700000405311584,0.3395000100135803,0.3477500081062317,0.3477500081062317,9290196
2015-07-06,159928.SZ,0.3824999928474426,0.3824999928474426,0.35600000619888306,0.37174999713897705,0.37174999713897705,3154004
2015-07-07,159928.SZ,0.35749998688697815,0.37299999594688416,0.3345000147819519,0.33500000834465027,0.33500000834465027,2721600
2015-07-08,159928.SZ,0.3244999945163727,0.3244999945163727,0.30149999260902405,0.30149999260902405,0.30149999260902405,4404000
2015-07-09,159928.SZ,0.30149999260902405,0.3317500054836273,0.2824999988079071,0.3317500054836273,0.3317500054836273,1822800
2015-07-10,159928.SZ,0.3332499861717224,0.36500000953674316,0.3332499861717224,0.36500000953674316,0.36500000953674316,1130800
2015-07-13,159928.SZ,0.37299999594688416,0.40149998664855957,0.37299999594688416,0.40149998664855957,0.40149998664855957,4759012
2015-07-14,159928.SZ,0.4025000035762787,0.42500001192092896,0.38749998807907104,0.4012500047683716,0.4012500047683716,7143400
2015-07-15,159928.SZ,0.38749998807907104,0.4000000059604645,0.36125001311302185,0.36125001311302185,0.36125001311302185,2868400
2015-07-16,159928.SZ,0.3375000059604645,0.38199999928474426,0.32749998569488525,0.36500000953674316,0.36500000953674316,2032600
2015-07-17,159928.SZ,0.37950000166893005,0.3799999952316284,0.36250001192092896,0.3799999952316284,0.3799999952316284,2730400
2015-07-20,159928.SZ,0.37825000286102295,0.38749998807907104,0.375,0.38199999928474426,0.38199999928474426,3696800
2015-07-21,159928.SZ,0.38199999928474426,0.38749998807907104,0.37450000643730164,0.38324999809265137,0.38324999809265137,979600
2015-07-22,159928.SZ,0.3855000138282776,0.3894999921321869,0.3785000145435333,0.3877499997615814,0.3877499997615814,4085200
2015-07-23,159928.SZ,0.3792499899864197,0.3997499942779541,0.3792499899864197,0.39500001072883606,0.39500001072883606,2533608
2015-07-24,159928.SZ,0.39500001072883606,0.4032500088214874,0.3840000033378601,0.38499999046325684,0.38499999046325684,1956600
2015-07-27,159928.SZ,0.37049999833106995,0.3894999921321869,0.3577499985694885,0.3577499985694885,0.3577499985694885,1449600
2015-07-28,159928.SZ,0.3582499921321869,0.36500000953674316,0.33399999141693115,0.36000001430511475,0.36000001430511475,2051472
2015-07-29,159928.SZ,0.36000001430511475,0.37275001406669617,0.35499998927116394,0.3725000023841858,0.3725000023841858,1249596
2015-07-30,159928.SZ,0.3697499930858612,0.37674999237060547,0.3675000071525574,0.36800000071525574,0.36800000071525574,6685072
2015-07-31,159928.SZ,0.3659999966621399,0.3659999966621399,0.35749998688697815,0.35899999737739563,0.35899999737739563,15430412
2015-08-03,159928.SZ,0.3504999876022339,0.35899999737739563,0.3504999876022339,0.35475000739097595,0.35475000739097595,8783736
2015-08-04,159928.SZ,0.35850000381469727,0.3720000088214874,0.35199999809265137,0.3720000088214874,0.3720000088214874,2749600
2015-08-05,159928.SZ,0.3774999976158142,0.3787499964237213,0.3647499978542328,0.3659999966621399,0.3659999966621399,10721200
2015-08-06,159928.SZ,0.35749998688697815,0.3722499907016754,0.35749998688697815,0.3642500042915344,0.3642500042915344,208400
2015-08-07,159928.SZ,0.36524999141693115,0.3762499988079071,0.36524999141693115,0.37450000643730164,0.37450000643730164,390400
2015-08-10,159928.SZ,0.37024998664855957,0.39250001311302185,0.37024998664855957,0.39250001311302185,0.39250001311302185,4161392
2015-08-11,159928.SZ,0.39125001430511475,0.3932499885559082,0.38374999165534973,0.39250001311302185,0.39250001311302185,2251936
2015-08-12,159928.SZ,0.3857499957084656,0.39375001192092896,0.3857499957084656,0.390749990940094,0.390749990940094,1062800
2015-08-13,159928.SZ,0.37275001406669617,0.3955000042915344,0.37275001406669617,0.39149999618530273,0.39149999618530273,535600
2015-08-14,159928.SZ,0.39149999618530273,0.3970000147819519,0.3802500069141388,0.39375001192092896,0.39375001192092896,608000
2015-08-17,159928.SZ,0.3947499990463257,0.40299999713897705,0.39274999499320984,0.40024998784065247,0.40024998784065247,1824016
2015-08-18,159928.SZ,0.3972499966621399,0.40024998784065247,0.3752500116825104,0.3752500116825104,0.3752500116825104,1558000
2015-08-19,159928.SZ,0.39149999618530273,0.39149999618530273,0.36000001430511475,0.3824999928474426,0.3824999928474426,1120400
2015-08-20,159928.SZ,0.37549999356269836,0.3804999887943268,0.36899998784065247,0.36899998784065247,0.36899998784065247,2077480
2015-08-21,159928.SZ,0.3697499930858612,0.3697499930858612,0.35225000977516174,0.35350000858306885,0.35350000858306885,1877208
2015-08-24,159928.SZ,0.3319999873638153,0.35350000858306885,0.31825000047683716,0.31825000047683716,0.31825000047683716,4181256
2015-08-25,159928.SZ,0.2874999940395355,0.32124999165534973,0.2874999940395355,0.29899999499320984,0.29899999499320984,2712004
2015-08-26,159928.SZ,0.29899999499320984,0.3227500021457672,0.29899999499320984,0.3100000023841858,0.3100000023841858,3242000
2015-08-27,159928.SZ,0.3149999976158142,0.3255000114440918,0.3100000023841858,0.32499998807907104,0.32499998807907104,3417600
2015-08-28,159928.SZ,0.3499999940395355,0.3499999940395355,0.3174999952316284,0.335750013589859,0.335750013589859,1631604
2015-08-31,159928.SZ,0.3372499942779541,0.3372499942779541,0.32475000619888306,0.328249990940094,0.328249990940094,1108804
2015-09-01,159928.SZ,0.32124999165534973,0.32350000739097595,0.3137499988079071,0.32199999690055847,0.32199999690055847,1171200
2015-09-02,159928.SZ,0.3149999976158142,0.3244999945163727,0.31299999356269836,0.3227500021457672,0.3227500021457672,2689200
2015-09-07,159928.SZ,0.32499998807907104,0.3375000059604645,0.31474998593330383,0.31575000286102295,0.31575000286102295,1329200
2015-09-08,159928.SZ,0.31424999237060547,0.32124999165534973,0.3072499930858612,0.32124999165534973,0.32124999165534973,1756000
2015-09-09,159928.SZ,0.328249990940094,0.328249990940094,0.31700000166893005,0.32475000619888306,0.32475000619888306,2207600
2015-09-10,159928.SZ,0.32475000619888306,0.3257499933242798,0.31174999475479126,0.32225000858306885,0.32225000858306885,1090800
2015-09-11,159928.SZ,0.3140000104904175,0.3232499957084656,0.3140000104904175,0.31975001096725464,0.31975001096725464,866800
2015-09-14,159928.SZ,0.3199999928474426,0.3199999928474426,0.30550000071525574,0.3087500035762787,0.3087500035762787,1151600
2015-09-15,159928.SZ,0.3070000112056732,0.3087500035762787,0.29774999618530273,0.30000001192092896,0.30000001192092896,2693600
2015-09-16,159928.SZ,0.3050000071525574,0.3199999928474426,0.3005000054836273,0.31850001215934753,0.31850001215934753,1109200
2015-09-17,159928.SZ,0.31850001215934753,0.3190000057220459,0.3095000088214874,0.31049999594688416,0.31049999594688416,1214800
2015-09-18,159928.SZ,0.31349998712539673,0.31349998712539673,0.30674999952316284,0.3125,0.3125,1082400
2015-09-21,159928.SZ,0.3089999854564667,0.31575000286102295,0.3089999854564667,0.3154999911785126,0.3154999911785126,1234400
2015-09-22,159928.SZ,0.3154999911785126,0.3192499876022339,0.3154999911785126,0.3165000081062317,0.3165000081062317,1616000
2015-09-23,159928.SZ,0.31825000047683716,0.31825000047683716,0.3109999895095825,0.31325000524520874,0.31325000524520874,389200
2015-09-24,159928.SZ,0.31299999356269836,0.31450000405311584,0.3125,0.3140000104904175,0.3140000104904175,287600
2015-09-25,159928.SZ,0.3125,0.3162499964237213,0.3057500123977661,0.30774998664855957,0.30774998664855957,202400
2015-09-28,159928.SZ,0.3032500147819519,0.3125,0.3032500147819519,0.31075000762939453,0.31075000762939453,28800
2015-09-29,159928.SZ,0.31025001406669617,0.31025001406669617,0.3057500123977661,0.3062500059604645,0.3062500059604645,102400
2015-09-30,159928.SZ,0.30274999141693115,0.3100000023841858,0.30274999141693115,0.3095000088214874,0.3095000088214874,582040
2015-10-08,159928.SZ,0.33250001072883606,0.33250001072883606,0.3112500011920929,0.3190000057220459,0.3190000057220459,1115600
2015-10-09,159928.SZ,0.31150001287460327,0.3199999928474426,0.31150001287460327,0.3179999887943268,0.3179999887943268,488000
2015-10-12,159928.SZ,0.3240000009536743,0.33000001311302185,0.3199999928474426,0.3294999897480011,0.3294999897480011,2035600
2015-10-13,159928.SZ,0.32749998569488525,0.32899999618530273,0.3252499997615814,0.328000009059906,0.328000009059906,350000
2015-10-14,159928.SZ,0.32249999046325684,0.32774999737739563,0.32249999046325684,0.32749998569488525,0.32749998569488525,524404
2015-10-15,159928.SZ,0.32475000619888306,0.33250001072883606,0.3240000009536743,0.33250001072883606,0.33250001072883606,286804
2015-10-16,159928.SZ,0.32499998807907104,0.33675000071525574,0.32499998807907104,0.33500000834465027,0.33500000834465027,1305596
2015-10-19,159928.SZ,0.3267500102519989,0.3375000059604645,0.3264999985694885,0.33125001192092896,0.33125001192092896,786000
2015-10-20,159928.SZ,0.32774999737739563,0.3330000042915344,0.32774999737739563,0.3319999873638153,0.3319999873638153,340800
2015-10-21,159928.SZ,0.33024999499320984,0.33399999141693115,0.29875001311302185,0.32074999809265137,0.32074999809265137,1104800
2015-10-22,159928.SZ,0.3174999952316284,0.3252499997615814,0.3149999976158142,0.3252499997615814,0.3252499997615814,1400000
2015-10-23,159928.SZ,0.3252499997615814,0.335750013589859,0.32249999046325684,0.33500000834465027,0.33500000834465027,3786396
2015-10-26,159928.SZ,0.3362500071525574,0.3400000035762787,0.33399999141693115,0.33550000190734863,0.33550000190734863,1721600
2015-10-27,159928.SZ,0.33524999022483826,0.33524999022483826,0.32725000381469727,0.33024999499320984,0.33024999499320984,2440800
2015-10-28,159928.SZ,0.33250001072883606,0.3362500071525574,0.3292500078678131,0.3294999897480011,0.3294999897480011,1763204
2015-10-29,159928.SZ,0.3332499861717224,0.3362500071525574,0.32899999618530273,0.33024999499320984,0.33024999499320984,1671212
2015-10-30,159928.SZ,0.33500000834465027,0.3382500112056732,0.33500000834465027,0.3370000123977661,0.3370000123977661,816004
2015-11-02,159928.SZ,0.33524999022483826,0.34150001406669617,0.3297500014305115,0.33500000834465027,0.33500000834465027,961600
2015-11-03,159928.SZ,0.3347499966621399,0.33500000834465027,0.3319999873638153,0.3319999873638153,0.3319999873638153,930400
2015-11-04,159928.SZ,0.33250001072883606,0.34299999475479126,0.33250001072883606,0.34299999475479126,0.34299999475479126,1357624
2015-11-05,159928.SZ,0.34049999713897705,0.3490000069141388,0.33899998664855957,0.34275001287460327,0.34275001287460327,1460400
2015-11-06,159928.SZ,0.34275001287460327,0.34700000286102295,0.34275001287460327,0.3449999988079071,0.3449999988079071,1296420
2015-11-09,159928.SZ,0.34375,0.35874998569488525,0.34375,0.3555000126361847,0.3555000126361847,2306020
2015-11-10,159928.SZ,0.3499999940395355,0.35600000619888306,0.3499999940395355,0.3499999940395355,0.3499999940395355,741624
2015-11-11,159928.SZ,0.3449999988079071,0.35199999809265137,0.3449999988079071,0.3499999940395355,0.3499999940395355,822004
2015-11-12,159928.SZ,0.3555000126361847,0.35725000500679016,0.3474999964237213,0.3499999940395355,0.3499999940395355,1319624
2015-11-13,159928.SZ,0.3474999964237213,0.3477500081062317,0.3449999988079071,0.3452500104904175,0.3452500104904175,979680
2015-11-16,159928.SZ,0.3440000116825104,0.3449999988079071,0.3400000035762787,0.3449999988079071,0.3449999988079071,315596
2015-11-17,159928.SZ,0.3467499911785126,0.35499998927116394,0.3452500104904175,0.3452500104904175,0.3452500104904175,838000
2015-11-18,159928.SZ,0.3440000116825104,0.3499999940395355,0.34375,0.3449999988079071,0.3449999988079071,581600
2015-11-19,159928.SZ,0.34275001287460327,0.3502500057220459,0.34275001287460327,0.3499999940395355,0.3499999940395355,993600
2015-11-20,159928.SZ,0.3474999964237213,0.351500004529953,0.3467499911785126,0.3499999940395355,0.3499999940395355,244800
2015-11-23,159928.SZ,0.3504999876022339,0.3504999876022339,0.34549999237060547,0.3474999964237213,0.3474999964237213,753260
2015-11-24,159928.SZ,0.3474999964237213,0.34975001215934753,0.34424999356269836,0.34950000047683716,0.34950000047683716,296000
2015-11-25,159928.SZ,0.3487499952316284,0.3512499928474426,0.3477500081062317,0.34950000047683716,0.34950000047683716,632400
2015-11-26,159928.SZ,0.34950000047683716,0.3529999852180481,0.3487499952316284,0.3492499887943268,0.3492499887943268,194000
2015-11-27,159928.SZ,0.3479999899864197,0.34975001215934753,0.33250001072883606,0.33375000953674316,0.33375000953674316,1123600
2015-11-30,159928.SZ,0.34200000762939453,0.3422499895095825,0.33375000953674316,0.3372499942779541,0.3372499942779541,248000
2015-12-01,159928.SZ,0.33774998784065247,0.34150001406669617,0.33399999141693115,0.3412500023841858,0.3412500023841858,233600
2015-12-02,159928.SZ,0.34599998593330383,0.34599998593330383,0.335999995470047,0.34174999594688416,0.34174999594688416,148800
2015-12-03,159928.SZ,0.3452500104904175,0.3452500104904175,0.33550000190734863,0.34200000762939453,0.34200000762939453,260000
2015-12-04,159928.SZ,0.33799999952316284,0.3479999899864197,0.3375000059604645,0.3467499911785126,0.3467499911785126,439200
2015-12-07,159928.SZ,0.3395000100135803,0.3492499887943268,0.3395000100135803,0.3487499952316284,0.3487499952316284,316400
2015-12-08,159928.SZ,0.34200000762939453,0.34200000762939453,0.3400000035762787,0.34049999713897705,0.34049999713897705,413740
2015-12-09,159928.SZ,0.33250001072883606,0.34700000286102295,0.33149999380111694,0.33774998784065247,0.33774998784065247,67200
2015-12-10,159928.SZ,0.33524999022483826,0.34150001406669617,0.33524999022483826,0.34150001406669617,0.34150001406669617,216860
2015-12-11,159928.SZ,0.3412500023841858,0.3412500023841858,0.33500000834465027,0.335999995470047,0.335999995470047,120060
2015-12-14,159928.SZ,0.33250001072883606,0.3449999988079071,0.33250001072883606,0.34474998712539673,0.34474998712539673,188400
2015-12-15,159928.SZ,0.3425000011920929,0.34474998712539673,0.33524999022483826,0.34474998712539673,0.34474998712539673,259200
2015-12-16,159928.SZ,0.3472500145435333,0.3472500145435333,0.34049999713897705,0.34275001287460327,0.34275001287460327,32400
2015-12-17,159928.SZ,0.34200000762939453,0.3477500081062317,0.34150001406669617,0.3477500081062317,0.3477500081062317,1280404
2015-12-18,159928.SZ,0.3425000011920929,0.35374999046325684,0.3425000011920929,0.35374999046325684,0.35374999046325684,717600
2015-12-21,159928.SZ,0.35225000977516174,0.3697499930858612,0.35199999809265137,0.3697499930858612,0.3697499930858612,1439748
2015-12-22,159928.SZ,0.3697499930858612,0.37450000643730164,0.36149999499320984,0.3709999918937683,0.3709999918937683,656400
2015-12-23,159928.SZ,0.37049999833106995,0.37049999833106995,0.36649999022483826,0.36649999022483826,0.36649999022483826,610400
2015-12-24,159928.SZ,0.36550000309944153,0.3687500059604645,0.359250009059906,0.36800000071525574,0.36800000071525574,761600
2015-12-25,159928.SZ,0.367249995470047,0.367249995470047,0.35850000381469727,0.3659999966621399,0.3659999966621399,1120548
2015-12-28,159928.SZ,0.3642500042915344,0.3659999966621399,0.35725000500679016,0.35749998688697815,0.35749998688697815,840000
2015-12-29,159928.SZ,0.35249999165534973,0.35725000500679016,0.35249999165534973,0.35725000500679016,0.35725000500679016,212796
2015-12-30,159928.SZ,0.35499998927116394,0.3644999861717224,0.35499998927116394,0.36274999380111694,0.36274999380111694,202800
2015-12-31,159928.SZ,0.36125001311302185,0.36500000953674316,0.36125001311302185,0.3619999885559082,0.3619999885559082,580396
2016-01-04,159928.SZ,0.3619999885559082,0.36375001072883606,0.33675000071525574,0.35199999809265137,0.35199999809265137,654800
2016-01-05,159928.SZ,0.34850001335144043,0.34850001335144043,0.320499986410141,0.3474999964237213,0.3474999964237213,412148
2016-01-06,159928.SZ,0.3440000116825104,0.3499999940395355,0.3412500023841858,0.3499999940395355,0.3499999940395355,458808
2016-01-07,159928.SZ,0.3465000092983246,0.3465000092983246,0.3465000092983246,0.3465000092983246,0.3465000092983246,24000
2016-01-08,159928.SZ,0.34700000286102295,0.35725000500679016,0.3252499997615814,0.33024999499320984,0.33024999499320984,571200
2016-01-11,159928.SZ,0.3332499861717224,0.33500000834465027,0.32600000500679016,0.32600000500679016,0.32600000500679016,638400
2016-01-12,159928.SZ,0.3227500021457672,0.3305000066757202,0.31450000405311584,0.32499998807907104,0.32499998807907104,114800
2016-01-13,159928.SZ,0.32475000619888306,0.328249990940094,0.32475000619888306,0.32475000619888306,0.32475000619888306,1066600
2016-01-14,159928.SZ,0.3162499964237213,0.32749998569488525,0.30250000953674316,0.32725000381469727,0.32725000381469727,514400
2016-01-15,159928.SZ,0.3240000009536743,0.3294999897480011,0.3127500116825104,0.3174999952316284,0.3174999952316284,343600
2016-01-18,159928.SZ,0.3174999952316284,0.32225000858306885,0.30924999713897705,0.31424999237060547,0.31424999237060547,317600
2016-01-19,159928.SZ,0.3125,0.3240000009536743,0.3125,0.3240000009536743,0.3240000009536743,173200
2016-01-20,159928.SZ,0.31825000047683716,0.32725000381469727,0.3125,0.31575000286102295,0.31575000286102295,779600
2016-01-21,159928.SZ,0.3125,0.3174999952316284,0.3050000071525574,0.30550000071525574,0.30550000071525574,221600
2016-01-22,159928.SZ,0.3084999918937683,0.3100000023841858,0.30000001192092896,0.30399999022483826,0.30399999022483826,486400
2016-01-25,159928.SZ,0.3070000112056732,0.3070000112056732,0.30399999022483826,0.30649998784065247,0.30649998784065247,311200
2016-01-26,159928.SZ,0.3070000112056732,0.3174999952316284,0.30000001192092896,0.31325000524520874,0.31325000524520874,125600
2016-01-27,159928.SZ,0.3122499883174896,0.3122499883174896,0.29499998688697815,0.3050000071525574,0.3050000071525574,1485600
2016-01-28,159928.SZ,0.3019999861717224,0.30250000953674316,0.29499998688697815,0.2957499921321869,0.2957499921321869,679200
2016-01-29,159928.SZ,0.30000001192092896,0.3032500147819519,0.29499998688697815,0.30125001072883606,0.30125001072883606,3886148
2016-02-01,159928.SZ,0.30000001192092896,0.30524998903274536,0.2997500002384186,0.30000001192092896,0.30000001192092896,431748
2016-02-02,159928.SZ,0.29750001430511475,0.30149999260902405,0.2952499985694885,0.2997500002384186,0.2997500002384186,2260148
2016-02-03,159928.SZ,0.296750009059906,0.29875001311302185,0.2879999876022339,0.29499998688697815,0.29499998688697815,518400
2016-02-04,159928.SZ,0.2980000078678131,0.2994999885559082,0.29750001430511475,0.2980000078678131,0.2980000078678131,415200
2016-02-05,159928.SZ,0.2997500002384186,0.2997500002384186,0.2980000078678131,0.29899999499320984,0.29899999499320984,654400
2016-02-15,159928.SZ,0.296999990940094,0.2994999885559082,0.2902500033378601,0.2944999933242798,0.2944999933242798,848408
2016-02-16,159928.SZ,0.29725000262260437,0.2997500002384186,0.296999990940094,0.2997500002384186,0.2997500002384186,2160756
2016-02-17,159928.SZ,0.3007499873638153,0.3022499978542328,0.2982499897480011,0.3017500042915344,0.3017500042915344,853956
2016-02-18,159928.SZ,0.3017500042915344,0.30274999141693115,0.30024999380111694,0.3022499978542328,0.3022499978542328,474000
2016-02-19,159928.SZ,0.30024999380111694,0.3022499978542328,0.29875001311302185,0.3019999861717224,0.3019999861717224,812400
2016-02-22,159928.SZ,0.30274999141693115,0.3050000071525574,0.3022499978542328,0.304749995470047,0.304749995470047,449200
2016-02-23,159928.SZ,0.304749995470047,0.3050000071525574,0.30149999260902405,0.30375000834465027,0.30375000834465027,315200
2016-02-24,159928.SZ,0.3050000071525574,0.30550000071525574,0.30250000953674316,0.3034999966621399,0.3034999966621399,670800
2016-02-25,159928.SZ,0.30550000071525574,0.3057500123977661,0.29374998807907104,0.2939999997615814,0.2939999997615814,1283600
2016-02-26,159928.SZ,0.29624998569488525,0.29624998569488525,0.2902500033378601,0.29225000739097595,0.29225000739097595,770800
2016-02-29,159928.SZ,0.29249998927116394,0.29249998927116394,0.2877500057220459,0.29225000739097595,0.29225000739097595,939956
2016-03-01,159928.SZ,0.29225000739097595,0.29475000500679016,0.29124999046325684,0.29475000500679016,0.29475000500679016,142000
2016-03-02,159928.SZ,0.29499998688697815,0.3050000071525574,0.29499998688697815,0.3005000054836273,0.3005000054836273,926608
2016-03-03,159928.SZ,0.3005000054836273,0.30250000953674316,0.2982499897480011,0.30024999380111694,0.30024999380111694,1062208
2016-03-04,159928.SZ,0.30000001192092896,0.30550000071525574,0.2994999885559082,0.30250000953674316,0.30250000953674316,1221008
2016-03-07,159928.SZ,0.30524998903274536,0.31049999594688416,0.3050000071525574,0.3070000112056732,0.3070000112056732,527600
2016-03-08,159928.SZ,0.3050000071525574,0.30550000071525574,0.29774999618530273,0.30250000953674316,0.30250000953674316,411200
2016-03-09,159928.SZ,0.30399999022483826,0.30550000071525574,0.2994999885559082,0.30274999141693115,0.30274999141693115,453600
2016-03-10,159928.SZ,0.30550000071525574,0.3057500123977661,0.3009999990463257,0.30274999141693115,0.30274999141693115,600400
2016-03-11,159928.SZ,0.30250000953674316,0.30399999022483826,0.30000001192092896,0.3019999861717224,0.3019999861717224,306540
2016-03-14,159928.SZ,0.304749995470047,0.3082500100135803,0.30425000190734863,0.3075000047683716,0.3075000047683716,892400
2016-03-15,159928.SZ,0.3075000047683716,0.3082500100135803,0.30399999022483826,0.3075000047683716,0.3075000047683716,574000
2016-03-16,159928.SZ,0.3084999918937683,0.3140000104904175,0.3062500059604645,0.3062500059604645,0.3062500059604645,378400
2016-03-17,159928.SZ,0.3075000047683716,0.31075000762939453,0.3059999942779541,0.3082500100135803,0.3082500100135803,920800
2016-03-18,159928.SZ,0.30524998903274536,0.3122499883174896,0.30524998903274536,0.31174999475479126,0.31174999475479126,725204
2016-03-21,159928.SZ,0.3125,0.3187499940395355,0.3125,0.3162499964237213,0.3162499964237213,1199604
2016-03-22,159928.SZ,0.3162499964237213,0.31975001096725464,0.3149999976158142,0.3152500092983246,0.3152500092983246,306400
2016-03-23,159928.SZ,0.31325000524520874,0.3190000057220459,0.31325000524520874,0.3174999952316284,0.3174999952316284,68996
2016-03-24,159928.SZ,0.3127500116825104,0.3174999952316284,0.3127500116825104,0.3149999976158142,0.3149999976158142,480800
2016-03-25,159928.SZ,0.3165000081062317,0.32100000977516174,0.3140000104904175,0.3190000057220459,0.3190000057220459,1024800
2016-03-28,159928.SZ,0.31949999928474426,0.3267500102519989,0.3177500069141388,0.3242500126361847,0.3242500126361847,725200
2016-03-29,159928.SZ,0.32225000858306885,0.3227500021457672,0.3190000057220459,0.3192499876022339,0.3192499876022339,1425600
2016-03-30,159928.SZ,0.3179999887943268,0.3255000114440918,0.3179999887943268,0.32499998807907104,0.32499998807907104,317600
2016-03-31,159928.SZ,0.3255000114440918,0.3255000114440918,0.3227500021457672,0.32499998807907104,0.32499998807907104,263600
2016-04-01,159928.SZ,0.32749998569488525,0.32749998569488525,0.3199999928474426,0.3232499957084656,0.3232499957084656,133200
2016-04-05,159928.SZ,0.32374998927116394,0.32749998569488525,0.3217499852180481,0.32475000619888306,0.32475000619888306,228788
2016-04-06,159928.SZ,0.32475000619888306,0.3294999897480011,0.3242500126361847,0.3264999985694885,0.3264999985694885,427600
2016-04-07,159928.SZ,0.3257499933242798,0.32850000262260437,0.32249999046325684,0.3227500021457672,0.3227500021457672,374400
2016-04-08,159928.SZ,0.320250004529953,0.3244999945163727,0.3127500116825104,0.3199999928474426,0.3199999928474426,720800
2016-04-11,159928.SZ,0.3199999928474426,0.3242500126361847,0.3199999928474426,0.3227500021457672,0.3227500021457672,759200
2016-04-12,159928.SZ,0.320499986410141,0.3215000033378601,0.3190000057220459,0.32100000977516174,0.32100000977516174,446400
2016-04-13,159928.SZ,0.31949999928474426,0.32899999618530273,0.31949999928474426,0.3244999945163727,0.3244999945163727,341200
2016-04-14,159928.SZ,0.3267500102519989,0.32749998569488525,0.32225000858306885,0.3244999945163727,0.3244999945163727,500400
2016-04-15,159928.SZ,0.32499998807907104,0.32499998807907104,0.3162499964237213,0.32074999809265137,0.32074999809265137,399600
2016-04-18,159928.SZ,0.32074999809265137,0.32249999046325684,0.3179999887943268,0.3199999928474426,0.3199999928474426,404008
2016-04-19,159928.SZ,0.3230000138282776,0.3230000138282776,0.31949999928474426,0.31975001096725464,0.31975001096725464,546800
2016-04-20,159928.SZ,0.32199999690055847,0.32199999690055847,0.31049999594688416,0.3122499883174896,0.3122499883174896,858800
2016-04-21,159928.SZ,0.3149999976158142,0.3149999976158142,0.3122499883174896,0.3122499883174896,0.3122499883174896,340800
2016-04-22,159928.SZ,0.31299999356269836,0.3140000104904175,0.3125,0.3140000104904175,0.3140000104904175,325440
2016-04-25,159928.SZ,0.32475000619888306,0.32475000619888306,0.3125,0.3177500069141388,0.3177500069141388,215600
2016-04-26,159928.SZ,0.31975001096725464,0.31975001096725464,0.31299999356269836,0.3152500092983246,0.3152500092983246,50800
2016-04-27,159928.SZ,0.31575000286102295,0.3199999928474426,0.31575000286102295,0.31975001096725464,0.31975001096725464,215600
2016-04-28,159928.SZ,0.3199999928474426,0.32374998927116394,0.3162499964237213,0.3177500069141388,0.3177500069141388,32096136
2016-04-29,159928.SZ,0.3177500069141388,0.32350000739097595,0.3177500069141388,0.3199999928474426,0.3199999928474426,130000
2016-05-03,159928.SZ,0.32249999046325684,0.33399999141693115,0.32249999046325684,0.3317500054836273,0.3317500054836273,490408
2016-05-04,159928.SZ,0.33250001072883606,0.3347499966621399,0.33000001311302185,0.33149999380111694,0.33149999380111694,452008
2016-05-05,159928.SZ,0.33500000834465027,0.33500000834465027,0.33149999380111694,0.3334999978542328,0.3334999978542328,180400
2016-05-06,159928.SZ,0.33024999499320984,0.3347499966621399,0.32600000500679016,0.32749998569488525,0.32749998569488525,839600
2016-05-09,159928.SZ,0.33000001311302185,0.33000001311302185,0.32249999046325684,0.328249990940094,0.328249990940094,175200
2016-05-10,159928.SZ,0.32499998807907104,0.328249990940094,0.320499986410141,0.32774999737739563,0.32774999737739563,282000
2016-05-11,159928.SZ,0.32774999737739563,0.33774998784065247,0.32774999737739563,0.3345000147819519,0.3345000147819519,472824
2016-05-12,159928.SZ,0.32774999737739563,0.34375,0.3252499997615814,0.33425000309944153,0.33425000309944153,355600
2016-05-13,159928.SZ,0.3317500054836273,0.3395000100135803,0.3317500054836273,0.33375000953674316,0.33375000953674316,179600
2016-05-16,159928.SZ,0.3400000035762787,0.3400000035762787,0.33024999499320984,0.3322499990463257,0.3322499990463257,274000
2016-05-17,159928.SZ,0.33250001072883606,0.33500000834465027,0.3322499990463257,0.33274999260902405,0.33274999260902405,205200
2016-05-18,159928.SZ,0.33024999499320984,0.33024999499320984,0.3232499957084656,0.3257499933242798,0.3257499933242798,358000
2016-05-19,159928.SZ,0.33125001192092896,0.33125001192092896,0.3255000114440918,0.32725000381469727,0.32725000381469727,219600
2016-05-20,159928.SZ,0.33375000953674316,0.33375000953674316,0.32624998688697815,0.3294999897480011,0.3294999897480011,215600
2016-05-23,159928.SZ,0.3297500014305115,0.33000001311302185,0.32850000262260437,0.3294999897480011,0.3294999897480011,218800
2016-05-24,159928.SZ,0.3305000066757202,0.3305000066757202,0.3242500126361847,0.32774999737739563,0.32774999737739563,249200
2016-05-25,159928.SZ,0.32749998569488525,0.33000001311302185,0.3267500102519989,0.3267500102519989,0.3267500102519989,203600
2016-05-26,159928.SZ,0.3244999945163727,0.32600000500679016,0.32199999690055847,0.32374998927116394,0.32374998927116394,157200
2016-05-27,159928.SZ,0.32499998807907104,0.32600000500679016,0.32499998807907104,0.32600000500679016,0.32600000500679016,17600
2016-05-30,159928.SZ,0.3215000033378601,0.32600000500679016,0.32100000977516174,0.3252499997615814,0.3252499997615814,290760
2016-05-31,159928.SZ,0.3297500014305115,0.33000001311302185,0.32600000500679016,0.3297500014305115,0.3297500014305115,775604
2016-06-01,159928.SZ,0.32850000262260437,0.3307499885559082,0.32499998807907104,0.3307499885559082,0.3307499885559082,301996
2016-06-02,159928.SZ,0.32899999618530273,0.33500000834465027,0.32899999618530273,0.33250001072883606,0.33250001072883606,168000
2016-06-03,159928.SZ,0.33250001072883606,0.3402499854564667,0.33250001072883606,0.33899998664855957,0.33899998664855957,616040
2016-06-06,159928.SZ,0.3400000035762787,0.3400000035762787,0.33550000190734863,0.3397499918937683,0.3397499918937683,292000
2016-06-07,159928.SZ,0.34200000762939453,0.34200000762939453,0.33524999022483826,0.3370000123977661,0.3370000123977661,881200
2016-06-08,159928.SZ,0.3370000123977661,0.34174999594688416,0.335750013589859,0.33774998784065247,0.33774998784065247,242800
2016-06-13,159928.SZ,0.33524999022483826,0.3370000123977661,0.328249990940094,0.328249990940094,0.328249990940094,310000
2016-06-14,159928.SZ,0.328000009059906,0.33250001072883606,0.328000009059906,0.33250001072883606,0.33250001072883606,96000
2016-06-15,159928.SZ,0.33649998903274536,0.3397499918937683,0.3307499885559082,0.33799999952316284,0.33799999952316284,359600
2016-06-16,159928.SZ,0.33924999833106995,0.33924999833106995,0.3362500071525574,0.3362500071525574,0.3362500071525574,214800
2016-06-17,159928.SZ,0.33899998664855957,0.3422499895095825,0.33799999952316284,0.3412500023841858,0.3412500023841858,367200
2016-06-20,159928.SZ,0.34150001406669617,0.34375,0.3387500047683716,0.3407500088214874,0.3407500088214874,299600
2016-06-21,159928.SZ,0.3407500088214874,0.3407500088214874,0.3375000059604645,0.3397499918937683,0.3397499918937683,165200
2016-06-22,159928.SZ,0.33774998784065247,0.3400000035762787,0.33774998784065247,0.33774998784065247,0.33774998784065247,125600
2016-06-23,159928.SZ,0.3387500047683716,0.3387500047683716,0.33675000071525574,0.33675000071525574,0.33675000071525574,92800
2016-06-24,159928.SZ,0.33500000834465027,0.3372499942779541,0.3332499861717224,0.33500000834465027,0.33500000834465027,671200
2016-06-27,159928.SZ,0.3375000059604645,0.3397499918937683,0.3372499942779541,0.33799999952316284,0.33799999952316284,428800
2016-06-28,159928.SZ,0.33799999952316284,0.34174999594688416,0.33274999260902405,0.3409999907016754,0.3409999907016754,1374444
2016-06-29,159928.SZ,0.3400000035762787,0.34174999594688416,0.3395000100135803,0.34174999594688416,0.34174999594688416,269600
2016-06-30,159928.SZ,0.34174999594688416,0.34275001287460327,0.34150001406669617,0.34174999594688416,0.34174999594688416,266400
2016-07-01,159928.SZ,0.3434999883174896,0.34474998712539673,0.3409999907016754,0.34450000524520874,0.34450000524520874,234800
2016-07-04,159928.SZ,0.34375,0.3474999964237213,0.34375,0.3462499976158142,0.3462499976158142,420400
2016-07-05,159928.SZ,0.34950000047683716,0.35100001096725464,0.3465000092983246,0.3487499952316284,0.3487499952316284,377200
2016-07-06,159928.SZ,0.3487499952316284,0.3605000078678131,0.34549999237060547,0.36000001430511475,0.36000001430511475,963200
2016-07-07,159928.SZ,0.36250001192092896,0.36375001072883606,0.35749998688697815,0.36274999380111694,0.36274999380111694,512000
2016-07-08,159928.SZ,0.36000001430511475,0.3622500002384186,0.3564999997615814,0.36000001430511475,0.36000001430511475,558040
2016-07-11,159928.SZ,0.36250001192092896,0.3725000023841858,0.36000001430511475,0.37049999833106995,0.37049999833106995,494888
2016-07-12,159928.SZ,0.37049999833106995,0.3737500011920929,0.3644999861717224,0.3737500011920929,0.3737500011920929,911240
2016-07-13,159928.SZ,0.3787499964237213,0.3787499964237213,0.37049999833106995,0.3734999895095825,0.3734999895095825,280840
2016-07-14,159928.SZ,0.3725000023841858,0.37400001287460327,0.3712500035762787,0.37174999713897705,0.37174999713897705,297600
2016-07-15,159928.SZ,0.37174999713897705,0.3720000088214874,0.36899998784065247,0.3712500035762787,0.3712500035762787,174800
2016-07-18,159928.SZ,0.36399999260902405,0.37049999833106995,0.3630000054836273,0.3687500059604645,0.3687500059604645,229600
2016-07-19,159928.SZ,0.3700000047683716,0.37450000643730164,0.3632499873638153,0.3647499978542328,0.3647499978542328,609600
2016-07-20,159928.SZ,0.3622500002384186,0.36774998903274536,0.3622500002384186,0.36774998903274536,0.36774998903274536,392000
2016-07-21,159928.SZ,0.38100001215934753,0.38100001215934753,0.36399999260902405,0.3659999966621399,0.3659999966621399,326400
2016-07-22,159928.SZ,0.36625000834465027,0.3700000047683716,0.36250001192092896,0.36250001192092896,0.36250001192092896,134400
2016-07-25,159928.SZ,0.36625000834465027,0.3697499930858612,0.36149999499320984,0.3687500059604645,0.3687500059604645,535600
2016-07-26,159928.SZ,0.3687500059604645,0.3697499930858612,0.36500000953674316,0.3697499930858612,0.3697499930858612,205200
2016-07-27,159928.SZ,0.3722499907016754,0.3725000023841858,0.36024999618530273,0.36625000834465027,0.36625000834465027,427600
2016-07-28,159928.SZ,0.36399999260902405,0.36774998903274536,0.3632499873638153,0.3657500147819519,0.3657500147819519,266400
2016-07-29,159928.SZ,0.36649999022483826,0.37299999594688416,0.36649999022483826,0.3725000023841858,0.3725000023841858,718148
2016-08-01,159928.SZ,0.3725000023841858,0.3725000023841858,0.36500000953674316,0.3695000112056732,0.3695000112056732,280400
2016-08-02,159928.SZ,0.3695000112056732,0.3695000112056732,0.36000001430511475,0.3617500066757202,0.3617500066757202,45098328
2016-08-03,159928.SZ,0.3619999885559082,0.36399999260902405,0.3619999885559082,0.3634999990463257,0.3634999990463257,378328
2016-08-04,159928.SZ,0.3700000047683716,0.3700000047683716,0.3634999990463257,0.3634999990463257,0.3634999990463257,93600
2016-08-05,159928.SZ,0.3630000054836273,0.36550000309944153,0.36274999380111694,0.3647499978542328,0.3647499978542328,74099052
2016-08-08,159928.SZ,0.3647499978542328,0.3647499978542328,0.36274999380111694,0.3644999861717224,0.3644999861717224,232800
2016-08-09,159928.SZ,0.36924999952316284,0.36924999952316284,0.3630000054836273,0.36649999022483826,0.36649999022483826,231200
2016-08-10,159928.SZ,0.3659999966621399,0.36800000071525574,0.3657500147819519,0.367000013589859,0.367000013589859,251200
2016-08-11,159928.SZ,0.3687500059604645,0.3695000112056732,0.3675000071525574,0.3675000071525574,0.3675000071525574,136804
2016-08-12,159928.SZ,0.36625000834465027,0.3682500123977661,0.36625000834465027,0.367249995470047,0.367249995470047,98800
2016-08-15,159928.SZ,0.3675000071525574,0.37275001406669617,0.3675000071525574,0.3709999918937683,0.3709999918937683,852400
2016-08-16,159928.SZ,0.3722499907016754,0.3747499883174896,0.3722499907016754,0.3725000023841858,0.3725000023841858,579600
2016-08-17,159928.SZ,0.3734999895095825,0.3734999895095825,0.3725000023841858,0.3725000023841858,0.3725000023841858,150000
2016-08-18,159928.SZ,0.3722499907016754,0.3722499907016754,0.36375001072883606,0.36550000309944153,0.36550000309944153,1350000
2016-08-19,159928.SZ,0.36524999141693115,0.3684999942779541,0.3569999933242798,0.36000001430511475,0.36000001430511475,1769600
2016-08-22,159928.SZ,0.3647499978542328,0.3675000071525574,0.3642500042915344,0.36550000309944153,0.36550000309944153,775600
2016-08-23,159928.SZ,0.367000013589859,0.3684999942779541,0.36550000309944153,0.3657500147819519,0.3657500147819519,258400
2016-08-24,159928.SZ,0.36649999022483826,0.3675000071525574,0.36524999141693115,0.36524999141693115,0.36524999141693115,136000
2016-08-25,159928.SZ,0.3687500059604645,0.3687500059604645,0.36149999499320984,0.3644999861717224,0.3644999861717224,210800
2016-08-26,159928.SZ,0.36500000953674316,0.3682500123977661,0.3634999990463257,0.3644999861717224,0.3644999861717224,147600
2016-08-29,159928.SZ,0.3647499978542328,0.3647499978542328,0.3619999885559082,0.3619999885559082,0.3619999885559082,403200
2016-08-30,159928.SZ,0.3605000078678131,0.36274999380111694,0.3605000078678131,0.36250001192092896,0.36250001192092896,102800
2016-08-31,159928.SZ,0.36500000953674316,0.36500000953674316,0.36250001192092896,0.3632499873638153,0.3632499873638153,160400
2016-09-01,159928.SZ,0.3647499978542328,0.36500000953674316,0.3632499873638153,0.3632499873638153,0.3632499873638153,110800
2016-09-02,159928.SZ,0.3617500066757202,0.36500000953674316,0.36149999499320984,0.3634999990463257,0.3634999990463257,213200
2016-09-05,159928.SZ,0.36149999499320984,0.3634999990463257,0.36149999499320984,0.3630000054836273,0.3630000054836273,140400
2016-09-06,159928.SZ,0.3619999885559082,0.36274999380111694,0.36000001430511475,0.36274999380111694,0.36274999380111694,429600
2016-09-07,159928.SZ,0.36274999380111694,0.3630000054836273,0.3607499897480011,0.36250001192092896,0.36250001192092896,256800
2016-09-08,159928.SZ,0.36274999380111694,0.3632499873638153,0.36149999499320984,0.3617500066757202,0.3617500066757202,264800
2016-09-09,159928.SZ,0.36125001311302185,0.36274999380111694,0.36024999618530273,0.36024999618530273,0.36024999618530273,390800
2016-09-12,159928.SZ,0.3610000014305115,0.3610000014305115,0.3529999852180481,0.3552500009536743,0.3552500009536743,349200
2016-09-13,159928.SZ,0.35499998927116394,0.35624998807907104,0.351749986410141,0.3527500033378601,0.3527500033378601,798400
2016-09-14,159928.SZ,0.3499999940395355,0.35499998927116394,0.3477500081062317,0.3540000021457672,0.3540000021457672,102800
2016-09-19,159928.SZ,0.35475000739097595,0.35749998688697815,0.35350000858306885,0.3540000021457672,0.3540000021457672,184000
2016-09-20,159928.SZ,0.3540000021457672,0.3540000021457672,0.35374999046325684,0.35374999046325684,0.35374999046325684,38000
2016-09-21,159928.SZ,0.351749986410141,0.35350000858306885,0.351749986410141,0.35350000858306885,0.35350000858306885,40400
2016-09-22,159928.SZ,0.3544999957084656,0.35749998688697815,0.3544999957084656,0.3555000126361847,0.3555000126361847,357600
2016-09-23,159928.SZ,0.35499998927116394,0.35499998927116394,0.35374999046325684,0.35475000739097595,0.35475000739097595,144000
2016-09-26,159928.SZ,0.35475000739097595,0.35600000619888306,0.35199999809265137,0.35249999165534973,0.35249999165534973,57200
2016-09-27,159928.SZ,0.34825000166893005,0.35100001096725464,0.3449999988079071,0.35100001096725464,0.35100001096725464,152804
2016-09-28,159928.SZ,0.3512499928474426,0.36000001430511475,0.3449999988079071,0.35249999165534973,0.35249999165534973,324000
2016-09-29,159928.SZ,0.35074999928474426,0.35249999165534973,0.3490000069141388,0.35225000977516174,0.35225000977516174,276400
2016-09-30,159928.SZ,0.35074999928474426,0.35475000739097595,0.35074999928474426,0.3542500138282776,0.3542500138282776,162800
2016-10-10,159928.SZ,0.35874998569488525,0.36000001430511475,0.3569999933242798,0.35749998688697815,0.35749998688697815,259600
2016-10-11,159928.SZ,0.359499990940094,0.36000001430511475,0.3567500114440918,0.35749998688697815,0.35749998688697815,151200
2016-10-12,159928.SZ,0.35749998688697815,0.35850000381469727,0.35725000500679016,0.3577499985694885,0.3577499985694885,142400
2016-10-13,159928.SZ,0.3582499921321869,0.3582499921321869,0.35725000500679016,0.35725000500679016,0.35725000500679016,122800
2016-10-14,159928.SZ,0.3552500009536743,0.35850000381469727,0.3552500009536743,0.35749998688697815,0.35749998688697815,216800
2016-10-17,159928.SZ,0.35975000262260437,0.3622500002384186,0.35749998688697815,0.35874998569488525,0.35874998569488525,250800
2016-10-18,159928.SZ,0.3580000102519989,0.35874998569488525,0.3580000102519989,0.35850000381469727,0.35850000381469727,747200
2016-10-19,159928.SZ,0.35850000381469727,0.35899999737739563,0.3512499928474426,0.35850000381469727,0.35850000381469727,900408
2016-10-20,159928.SZ,0.3582499921321869,0.35874998569488525,0.35725000500679016,0.35749998688697815,0.35749998688697815,180400
2016-10-21,159928.SZ,0.35749998688697815,0.35850000381469727,0.3555000126361847,0.35725000500679016,0.35725000500679016,154400
2016-10-24,159928.SZ,0.35874998569488525,0.36000001430511475,0.35749998688697815,0.35899999737739563,0.35899999737739563,694000
2016-10-25,159928.SZ,0.35975000262260437,0.36250001192092896,0.359499990940094,0.3610000014305115,0.3610000014305115,503200
2016-10-26,159928.SZ,0.3622500002384186,0.3675000071525574,0.3622500002384186,0.36375001072883606,0.36375001072883606,994400
2016-10-27,159928.SZ,0.36274999380111694,0.36649999022483826,0.36274999380111694,0.36649999022483826,0.36649999022483826,425600
2016-10-28,159928.SZ,0.36399999260902405,0.3682500123977661,0.36399999260902405,0.36524999141693115,0.36524999141693115,137200
2016-10-31,159928.SZ,0.36649999022483826,0.36675000190734863,0.3642500042915344,0.36675000190734863,0.36675000190734863,515608
2016-11-01,159928.SZ,0.3630000054836273,0.38749998807907104,0.3630000054836273,0.3682500123977661,0.3682500123977661,1216948
2016-11-02,159928.SZ,0.3675000071525574,0.36924999952316284,0.3657500147819519,0.36675000190734863,0.36675000190734863,243600
2016-11-03,159928.SZ,0.36774998903274536,0.3695000112056732,0.36550000309944153,0.367000013589859,0.367000013589859,744400
2016-11-04,159928.SZ,0.3659999966621399,0.3687500059604645,0.3659999966621399,0.36675000190734863,0.36675000190734863,22800
2016-11-07,159928.SZ,0.3675000071525574,0.3675000071525574,0.36375001072883606,0.36649999022483826,0.36649999022483826,176400
2016-11-08,159928.SZ,0.3687500059604645,0.36924999952316284,0.3675000071525574,0.36800000071525574,0.36800000071525574,149600
2016-11-09,159928.SZ,0.37299999594688416,0.37299999594688416,0.3632499873638153,0.36524999141693115,0.36524999141693115,390000
2016-11-10,159928.SZ,0.3695000112056732,0.3695000112056732,0.3647499978542328,0.36500000953674316,0.36500000953674316,936368
2016-11-11,159928.SZ,0.3684999942779541,0.3684999942779541,0.36500000953674316,0.3657500147819519,0.3657500147819519,283200
2016-11-14,159928.SZ,0.36625000834465027,0.3700000047683716,0.36550000309944153,0.3659999966621399,0.3659999966621399,130800
2016-11-15,159928.SZ,0.36399999260902405,0.36625000834465027,0.36274999380111694,0.36500000953674316,0.36500000953674316,353240
2016-11-16,159928.SZ,0.36649999022483826,0.3675000071525574,0.36550000309944153,0.3657500147819519,0.3657500147819519,213600
2016-11-17,159928.SZ,0.36675000190734863,0.36675000190734863,0.3642500042915344,0.3647499978542328,0.3647499978542328,46000
2016-11-18,159928.SZ,0.367249995470047,0.3687500059604645,0.3657500147819519,0.3659999966621399,0.3659999966621399,500000
2016-11-21,159928.SZ,0.3657500147819519,0.367000013589859,0.36550000309944153,0.3657500147819519,0.3657500147819519,195200
2016-11-22,159928.SZ,0.36524999141693115,0.367000013589859,0.36524999141693115,0.3657500147819519,0.3657500147819519,126800
2016-11-23,159928.SZ,0.3659999966621399,0.36649999022483826,0.36500000953674316,0.3657500147819519,0.3657500147819519,301600
2016-11-24,159928.SZ,0.36500000953674316,0.3707500100135803,0.3647499978542328,0.36649999022483826,0.36649999022483826,524400
2016-11-25,159928.SZ,0.3684999942779541,0.37024998664855957,0.36675000190734863,0.37024998664855957,0.37024998664855957,908836
2016-11-28,159928.SZ,0.3709999918937683,0.37299999594688416,0.3707500100135803,0.3714999854564667,0.3714999854564667,367996
2016-11-29,159928.SZ,0.37275001406669617,0.3799999952316284,0.3712500035762787,0.3774999976158142,0.3774999976158142,1123200
2016-11-30,159928.SZ,0.3777500092983246,0.3779999911785126,0.3725000023841858,0.37450000643730164,0.37450000643730164,832400
2016-12-01,159928.SZ,0.3725000023841858,0.37674999237060547,0.37174999713897705,0.3765000104904175,0.3765000104904175,1131068
2016-12-02,159928.SZ,0.3762499988079071,0.3762499988079071,0.3722499907016754,0.3722499907016754,0.3722499907016754,58800
2016-12-05,159928.SZ,0.3725000023841858,0.3725000023841858,0.36625000834465027,0.36625000834465027,0.36625000834465027,124400
2016-12-06,159928.SZ,0.36625000834465027,0.3695000112056732,0.36625000834465027,0.36924999952316284,0.36924999952316284,100000
2016-12-07,159928.SZ,0.36924999952316284,0.3697499930858612,0.36800000071525574,0.3697499930858612,0.3697499930858612,134800
2016-12-08,159928.SZ,0.3774999976158142,0.3774999976158142,0.3720000088214874,0.37275001406669617,0.37275001406669617,64400
2016-12-09,159928.SZ,0.3709999918937683,0.37724998593330383,0.3707500100135803,0.3734999895095825,0.3734999895095825,180800
2016-12-12,159928.SZ,0.37424999475479126,0.37424999475479126,0.3634999990463257,0.3709999918937683,0.3709999918937683,405200
2016-12-13,159928.SZ,0.3707500100135803,0.3707500100135803,0.3642500042915344,0.3682500123977661,0.3682500123977661,310800
2016-12-14,159928.SZ,0.36774998903274536,0.3687500059604645,0.36649999022483826,0.36649999022483826,0.36649999022483826,23600
2016-12-15,159928.SZ,0.36625000834465027,0.3687500059604645,0.36274999380111694,0.36774998903274536,0.36774998903274536,305200
2016-12-16,159928.SZ,0.3630000054836273,0.36899998784065247,0.3630000054836273,0.36899998784065247,0.36899998784065247,79600
2016-12-19,159928.SZ,0.36899998784065247,0.36899998784065247,0.3644999861717224,0.3684999942779541,0.3684999942779541,95200
2016-12-20,159928.SZ,0.3642500042915344,0.3657500147819519,0.3642500042915344,0.3642500042915344,0.3642500042915344,115600
2016-12-21,159928.SZ,0.3642500042915344,0.3695000112056732,0.3642500042915344,0.3644999861717224,0.3644999861717224,72400
2016-12-22,159928.SZ,0.3642500042915344,0.367249995470047,0.3642500042915344,0.367249995470047,0.367249995470047,28800
2016-12-23,159928.SZ,0.36675000190734863,0.367000013589859,0.3632499873638153,0.36399999260902405,0.36399999260902405,42400
2016-12-26,159928.SZ,0.36625000834465027,0.36625000834465027,0.35749998688697815,0.3642500042915344,0.3642500042915344,102400
2016-12-27,159928.SZ,0.3605000078678131,0.3659999966621399,0.3605000078678131,0.36250001192092896,0.36250001192092896,53600
2016-12-28,159928.SZ,0.36024999618530273,0.3659999966621399,0.36000001430511475,0.3622500002384186,0.3622500002384186,161600
2016-12-29,159928.SZ,0.36024999618530273,0.3630000054836273,0.36024999618530273,0.3605000078678131,0.3605000078678131,64000
2016-12-30,159928.SZ,0.3622500002384186,0.3675000071525574,0.3622500002384186,0.36550000309944153,0.36550000309944153,43200
2017-01-03,159928.SZ,0.36399999260902405,0.3675000071525574,0.36399999260902405,0.36500000953674316,0.36500000953674316,116000
2017-01-04,159928.SZ,0.367249995470047,0.3707500100135803,0.36399999260902405,0.3707500100135803,0.3707500100135803,311600
2017-01-05,159928.SZ,0.3657500147819519,0.3725000023841858,0.3657500147819519,0.36924999952316284,0.36924999952316284,101600
2017-01-06,159928.SZ,0.36899998784065247,0.37400001287460327,0.36899998784065247,0.3734999895095825,0.3734999895095825,234800
2017-01-09,159928.SZ,0.38100001215934753,0.38100001215934753,0.3734999895095825,0.3734999895095825,0.3734999895095825,875200
2017-01-10,159928.SZ,0.3777500092983246,0.3777500092983246,0.3734999895095825,0.375,0.375,123200
2017-01-11,159928.SZ,0.375,0.3752500116825104,0.3700000047683716,0.375,0.375,838400
2017-01-12,159928.SZ,0.3752500116825104,0.3762499988079071,0.3700000047683716,0.375,0.375,97200
2017-01-13,159928.SZ,0.36800000071525574,0.3700000047683716,0.36800000071525574,0.3697499930858612,0.3697499930858612,78400
2017-01-16,159928.SZ,0.3697499930858612,0.3725000023841858,0.36000001430511475,0.36000001430511475,0.36000001430511475,476000
2017-01-17,159928.SZ,0.36375001072883606,0.36375001072883606,0.35899999737739563,0.36274999380111694,0.36274999380111694,177600
2017-01-18,159928.SZ,0.36274999380111694,0.3700000047683716,0.36250001192092896,0.36550000309944153,0.36550000309944153,210400
2017-01-19,159928.SZ,0.3630000054836273,0.3675000071525574,0.3630000054836273,0.36550000309944153,0.36550000309944153,179200
2017-01-20,159928.SZ,0.3695000112056732,0.3695000112056732,0.36524999141693115,0.36649999022483826,0.36649999022483826,156800
2017-01-23,159928.SZ,0.37049999833106995,0.3722499907016754,0.37049999833106995,0.37174999713897705,0.37174999713897705,40000
2017-01-24,159928.SZ,0.3734999895095825,0.3734999895095825,0.3682500123977661,0.36924999952316284,0.36924999952316284,326800
2017-01-25,159928.SZ,0.3722499907016754,0.3722499907016754,0.36675000190734863,0.3714999854564667,0.3714999854564667,101600
2017-01-26,159928.SZ,0.3714999854564667,0.3737500011920929,0.3687500059604645,0.3737500011920929,0.3737500011920929,170400
2017-02-03,159928.SZ,0.3737500011920929,0.3737500011920929,0.3712500035762787,0.3737500011920929,0.3737500011920929,80800
2017-02-06,159928.SZ,0.3777500092983246,0.38499999046325684,0.37049999833106995,0.3752500116825104,0.3752500116825104,151200
2017-02-07,159928.SZ,0.3752500116825104,0.3774999976158142,0.3712500035762787,0.3712500035762787,0.3712500035762787,162000
2017-02-08,159928.SZ,0.375,0.375,0.37024998664855957,0.3720000088214874,0.3720000088214874,123200
2017-02-09,159928.SZ,0.375,0.375,0.3707500100135803,0.375,0.375,226860
2017-02-10,159928.SZ,0.375,0.37549999356269836,0.37275001406669617,0.37549999356269836,0.37549999356269836,170000
2017-02-13,159928.SZ,0.3725000023841858,0.3802500069141388,0.3725000023841858,0.3802500069141388,0.3802500069141388,829996
2017-02-14,159928.SZ,0.3804999887943268,0.38075000047683716,0.3765000104904175,0.3765000104904175,0.3765000104904175,217600
2017-02-15,159928.SZ,0.3799999952316284,0.3799999952316284,0.3752500116825104,0.3752500116825104,0.3752500116825104,261196
2017-02-16,159928.SZ,0.3752500116825104,0.3787499964237213,0.3725000023841858,0.37325000762939453,0.37325000762939453,166800
2017-02-17,159928.SZ,0.3762499988079071,0.3792499899864197,0.3762499988079071,0.3774999976158142,0.3774999976158142,320400
2017-02-20,159928.SZ,0.37299999594688416,0.3855000138282776,0.3725000023841858,0.3824999928474426,0.3824999928474426,983596
2017-02-21,159928.SZ,0.38499999046325684,0.39125001430511475,0.38499999046325684,0.3889999985694885,0.3889999985694885,673600
2017-02-22,159928.SZ,0.390749990940094,0.39500001072883606,0.3894999921321869,0.3930000066757202,0.3930000066757202,565600
2017-02-23,159928.SZ,0.3997499942779541,0.3997499942779541,0.38850000500679016,0.39675000309944153,0.39675000309944153,546400
2017-02-24,159928.SZ,0.39500001072883606,0.39500001072883606,0.38975000381469727,0.39250001311302185,0.39250001311302185,832796
2017-02-27,159928.SZ,0.39250001311302185,0.39250001311302185,0.3877499997615814,0.390500009059906,0.390500009059906,573600
2017-02-28,159928.SZ,0.390500009059906,0.39274999499320984,0.38874998688697815,0.38999998569488525,0.38999998569488525,1201532
2017-03-01,159928.SZ,0.3894999921321869,0.3970000147819519,0.3894999921321869,0.390500009059906,0.390500009059906,235600
2017-03-02,159928.SZ,0.390500009059906,0.390500009059906,0.38749998807907104,0.38749998807907104,0.38749998807907104,131196
2017-03-03,159928.SZ,0.39149999618530273,0.3944999873638153,0.3882499933242798,0.3889999985694885,0.3889999985694885,531256
2017-03-06,159928.SZ,0.39125001430511475,0.39125001430511475,0.3857499957084656,0.38999998569488525,0.38999998569488525,369200
2017-03-07,159928.SZ,0.39024999737739563,0.3919999897480011,0.3889999985694885,0.3919999897480011,0.3919999897480011,585660
2017-03-08,159928.SZ,0.39250001311302185,0.39250001311302185,0.38725000619888306,0.38975000381469727,0.38975000381469727,609600
2017-03-09,159928.SZ,0.38749998807907104,0.3889999985694885,0.38725000619888306,0.38850000500679016,0.38850000500679016,216400
2017-03-10,159928.SZ,0.39024999737739563,0.39250001311302185,0.38850000500679016,0.38999998569488525,0.38999998569488525,162800
2017-03-13,159928.SZ,0.3919999897480011,0.3932499885559082,0.38874998688697815,0.3930000066757202,0.3930000066757202,135200
2017-03-14,159928.SZ,0.3935000002384186,0.3935000002384186,0.390749990940094,0.390749990940094,0.390749990940094,267200
2017-03-15,159928.SZ,0.390749990940094,0.3922500014305115,0.390500009059906,0.3922500014305115,0.3922500014305115,120400
2017-03-16,159928.SZ,0.3922500014305115,0.39500001072883606,0.3922500014305115,0.39399999380111694,0.39399999380111694,308800
2017-03-17,159928.SZ,0.3942500054836273,0.39524999260902405,0.3919999897480011,0.3942500054836273,0.3942500054836273,297200
2017-03-20,159928.SZ,0.3942500054836273,0.3947499990463257,0.3919999897480011,0.3944999873638153,0.3944999873638153,279200
2017-03-21,159928.SZ,0.39524999260902405,0.4037500023841858,0.39274999499320984,0.4037500023841858,0.4037500023841858,964332
2017-03-22,159928.SZ,0.40450000762939453,0.40450000762939453,0.39899998903274536,0.4037500023841858,0.4037500023841858,656000
2017-03-23,159928.SZ,0.4050000011920929,0.40700000524520874,0.4012500047683716,0.40674999356269836,0.40674999356269836,1033600
2017-03-24,159928.SZ,0.4077500104904175,0.4090000092983246,0.40575000643730164,0.4087499976158142,0.4087499976158142,334800
2017-03-27,159928.SZ,0.4087499976158142,0.41624999046325684,0.40674999356269836,0.41200000047683716,0.41200000047683716,1622000
2017-03-28,159928.SZ,0.4129999876022339,0.41324999928474426,0.40799999237060547,0.4124999940395355,0.4124999940395355,638400
2017-03-29,159928.SZ,0.4137499928474426,0.4137499928474426,0.4059999883174896,0.4074999988079071,0.4074999988079071,490400
2017-03-30,159928.SZ,0.4124999940395355,0.4124999940395355,0.4027499854564667,0.4087499976158142,0.4087499976158142,338000
2017-03-31,159928.SZ,0.4154999852180481,0.4154999852180481,0.4090000092983246,0.4115000069141388,0.4115000069141388,144400
2017-04-05,159928.SZ,0.4124999940395355,0.4154999852180481,0.4012500047683716,0.4137499928474426,0.4137499928474426,670000
2017-04-06,159928.SZ,0.41350001096725464,0.4137499928474426,0.4000000059604645,0.41100001335144043,0.41100001335144043,1520800
2017-04-07,159928.SZ,0.41100001335144043,0.41100001335144043,0.4050000011920929,0.40549999475479126,0.40549999475479126,1096000
2017-04-10,159928.SZ,0.4027499854564667,0.4117499887943268,0.4025000035762787,0.4037500023841858,0.4037500023841858,810800
2017-04-11,159928.SZ,0.4037500023841858,0.40625,0.40149998664855957,0.40575000643730164,0.40575000643730164,248400
2017-04-12,159928.SZ,0.40575000643730164,0.40950000286102295,0.4000000059604645,0.40549999475479126,0.40549999475479126,259600
2017-04-13,159928.SZ,0.40625,0.4074999988079071,0.40049999952316284,0.4074999988079071,0.4074999988079071,1714400
2017-04-14,159928.SZ,0.4074999988079071,0.4077500104904175,0.4037500023841858,0.40700000524520874,0.40700000524520874,471600
2017-04-17,159928.SZ,0.4074999988079071,0.4074999988079071,0.3995000123977661,0.4000000059604645,0.4000000059604645,653896
2017-04-18,159928.SZ,0.40400001406669617,0.40625,0.4025000035762787,0.40450000762939453,0.40450000762939453,450400
2017-04-19,159928.SZ,0.4065000116825104,0.4065000116825104,0.4027499854564667,0.40450000762939453,0.40450000762939453,297600
2017-04-20,159928.SZ,0.40575000643730164,0.41225001215934753,0.40575000643730164,0.4112499952316284,0.4112499952316284,960000
2017-04-21,159928.SZ,0.4124999940395355,0.4124999940395355,0.40799999237060547,0.4102500081062317,0.4102500081062317,504000
2017-04-24,159928.SZ,0.40950000286102295,0.40950000286102295,0.4032500088214874,0.40450000762939453,0.40450000762939453,375600
2017-04-25,159928.SZ,0.40450000762939453,0.4112499952316284,0.4037500023841858,0.4087499976158142,0.4087499976158142,949608
2017-04-26,159928.SZ,0.4099999964237213,0.41350001096725464,0.4087499976158142,0.4104999899864197,0.4104999899864197,864800
2017-04-27,159928.SZ,0.41225001215934753,0.41225001215934753,0.40525001287460327,0.4099999964237213,0.4099999964237213,187200
2017-04-28,159928.SZ,0.41225001215934753,0.41225001215934753,0.4050000011920929,0.4059999883174896,0.4059999883174896,416400
2017-05-02,159928.SZ,0.4077500104904175,0.4099999964237213,0.4037500023841858,0.40575000643730164,0.40575000643730164,418000
2017-05-03,159928.SZ,0.40700000524520874,0.40700000524520874,0.4000000059604645,0.4032500088214874,0.4032500088214874,566408
2017-05-04,159928.SZ,0.40400001406669617,0.4047499895095825,0.39500001072883606,0.40299999713897705,0.40299999713897705,753608
2017-05-05,159928.SZ,0.40424999594688416,0.40424999594688416,0.3955000042915344,0.39899998903274536,0.39899998903274536,602000
2017-05-08,159928.SZ,0.4007500112056732,0.4007500112056732,0.39524999260902405,0.3970000147819519,0.3970000147819519,691200
2017-05-09,159928.SZ,0.398250013589859,0.398250013589859,0.38999998569488525,0.3947499990463257,0.3947499990463257,406800
2017-05-10,159928.SZ,0.3957499861717224,0.39774999022483826,0.39274999499320984,0.3955000042915344,0.3955000042915344,267600
2017-05-11,159928.SZ,0.39250001311302185,0.3935000002384186,0.38749998807907104,0.3935000002384186,0.3935000002384186,553996
2017-05-12,159928.SZ,0.39500001072883606,0.4000000059604645,0.39399999380111694,0.3987500071525574,0.3987500071525574,262400
2017-05-15,159928.SZ,0.3997499942779541,0.4009999930858612,0.3959999978542328,0.3987500071525574,0.3987500071525574,481608
2017-05-16,159928.SZ,0.3997499942779541,0.4074999988079071,0.39524999260902405,0.4074999988079071,0.4074999988079071,813200
2017-05-17,159928.SZ,0.41225001215934753,0.41225001215934753,0.4050000011920929,0.40549999475479126,0.40549999475479126,132400
2017-05-18,159928.SZ,0.4065000116825104,0.4065000116825104,0.4025000035762787,0.40450000762939453,0.40450000762939453,457200
2017-05-19,159928.SZ,0.40700000524520874,0.40799999237060547,0.4050000011920929,0.40799999237060547,0.40799999237060547,591208
2017-05-22,159928.SZ,0.4099999964237213,0.4115000069141388,0.40799999237060547,0.40799999237060547,0.40799999237060547,749200
2017-05-23,159928.SZ,0.4099999964237213,0.41225001215934753,0.40825000405311584,0.4112499952316284,0.4112499952316284,490400
2017-05-24,159928.SZ,0.4112499952316284,0.4112499952316284,0.40575000643730164,0.4104999899864197,0.4104999899864197,381200
2017-05-25,159928.SZ,0.4115000069141388,0.41225001215934753,0.40950000286102295,0.41200000047683716,0.41200000047683716,269200
2017-05-26,159928.SZ,0.41324999928474426,0.41324999928474426,0.4090000092983246,0.41324999928474426,0.41324999928474426,264800
2017-05-31,159928.SZ,0.414249986410141,0.41475000977516174,0.4104999899864197,0.4115000069141388,0.4115000069141388,474008
2017-06-01,159928.SZ,0.4127500057220459,0.4129999876022339,0.4112499952316284,0.4115000069141388,0.4115000069141388,220000
2017-06-02,159928.SZ,0.4129999876022339,0.4129999876022339,0.4099999964237213,0.4115000069141388,0.4115000069141388,194800
2017-06-05,159928.SZ,0.4124999940395355,0.4124999940395355,0.4090000092983246,0.4099999964237213,0.4099999964237213,295200
2017-06-06,159928.SZ,0.41100001335144043,0.41225001215934753,0.4099999964237213,0.4115000069141388,0.4115000069141388,181608
2017-06-07,159928.SZ,0.4115000069141388,0.4189999997615814,0.4115000069141388,0.41850000619888306,0.41850000619888306,558800
2017-06-08,159928.SZ,0.4194999933242798,0.42500001192092896,0.4167500138282776,0.42500001192092896,0.42500001192092896,1057616
2017-06-09,159928.SZ,0.4282500147819519,0.4320000112056732,0.42800000309944153,0.42899999022483826,0.42899999022483826,720800
2017-06-12,159928.SZ,0.4322499930858612,0.4375,0.4322499930858612,0.4347499907016754,0.4347499907016754,598000
2017-06-13,159928.SZ,0.43700000643730164,0.44874998927116394,0.42774999141693115,0.4375,0.4375,428800
2017-06-14,159928.SZ,0.43849998712539673,0.44449999928474426,0.4347499907016754,0.4377500116825104,0.4377500116825104,630400
2017-06-15,159928.SZ,0.4375,0.4375,0.4325000047683716,0.43274998664855957,0.43274998664855957,468420
2017-06-16,159928.SZ,0.4322499930858612,0.4322499930858612,0.42750000953674316,0.42899999022483826,0.42899999022483826,308808
2017-06-19,159928.SZ,0.429749995470047,0.43274998664855957,0.429749995470047,0.4320000112056732,0.4320000112056732,456000
2017-06-20,159928.SZ,0.4332500100135803,0.4442499876022339,0.4332500100135803,0.43549999594688416,0.43549999594688416,334008
2017-06-21,159928.SZ,0.4372499883174896,0.4440000057220459,0.43549999594688416,0.43950000405311584,0.43950000405311584,2072400
2017-06-22,159928.SZ,0.44075000286102295,0.4427500069141388,0.4377500116825104,0.4387499988079071,0.4387499988079071,826948
2017-06-23,159928.SZ,0.4410000145435333,0.44200000166893005,0.4375,0.43799999356269836,0.43799999356269836,530000
2017-06-26,159928.SZ,0.4399999976158142,0.44624999165534973,0.4399999976158142,0.4449999928474426,0.4449999928474426,660800
2017-06-27,159928.SZ,0.4449999928474426,0.45249998569488525,0.4449999928474426,0.44975000619888306,0.44975000619888306,246000
2017-06-28,159928.SZ,0.44999998807907104,0.4507499933242798,0.445499986410141,0.44874998927116394,0.44874998927116394,801600
2017-06-29,159928.SZ,0.44874998927116394,0.4724999964237213,0.4449999928474426,0.44999998807907104,0.44999998807907104,640400
2017-06-30,159928.SZ,0.4505000114440918,0.4547500014305115,0.44749999046325684,0.44874998927116394,0.44874998927116394,355600
2017-07-03,159928.SZ,0.4492500126361847,0.45375001430511475,0.445250004529953,0.4507499933242798,0.4507499933242798,920840
2017-07-04,159928.SZ,0.44624999165534973,0.4505000114440918,0.4427500069141388,0.44350001215934753,0.44350001215934753,741608
2017-07-05,159928.SZ,0.44350001215934753,0.4490000009536743,0.44350001215934753,0.44749999046325684,0.44749999046325684,128800
2017-07-06,159928.SZ,0.4412499964237213,0.44999998807907104,0.4412499964237213,0.4492500126361847,0.4492500126361847,442800
2017-07-07,159928.SZ,0.445499986410141,0.44999998807907104,0.4449999928474426,0.44574999809265137,0.44574999809265137,116000
2017-07-10,159928.SZ,0.44975000619888306,0.4547500014305115,0.4412499964237213,0.44225001335144043,0.44225001335144043,269600
2017-07-11,159928.SZ,0.4415000081062317,0.4424999952316284,0.4410000145435333,0.4410000145435333,0.4410000145435333,1011600
2017-07-12,159928.SZ,0.4387499988079071,0.4399999976158142,0.4350000023841858,0.4390000104904175,0.4390000104904175,1028796
2017-07-13,159928.SZ,0.4390000104904175,0.4417499899864197,0.4362500011920929,0.43700000643730164,0.43700000643730164,712800
2017-07-14,159928.SZ,0.43650001287460327,0.43650001287460327,0.42500001192092896,0.4332500100135803,0.4332500100135803,1166000
2017-07-17,159928.SZ,0.4362500011920929,0.4362500011920929,0.41324999928474426,0.42750000953674316,0.42750000953674316,1052000
2017-07-18,159928.SZ,0.42500001192092896,0.42875000834465027,0.4192500114440918,0.42875000834465027,0.42875000834465027,991200
2017-07-19,159928.SZ,0.4282500147819519,0.4334999918937683,0.4282500147819519,0.4334999918937683,0.4334999918937683,474800
2017-07-20,159928.SZ,0.4334999918937683,0.4362500011920929,0.4312500059604645,0.4362500011920929,0.4362500011920929,215600
2017-07-21,159928.SZ,0.43650001287460327,0.4402500092983246,0.43650001287460327,0.4375,0.4375,411200
2017-07-24,159928.SZ,0.4399999976158142,0.44874998927116394,0.43950000405311584,0.4482499957084656,0.4482499957084656,1090396
2017-07-25,159928.SZ,0.4482499957084656,0.45225000381469727,0.445499986410141,0.44624999165534973,0.44624999165534973,688000
2017-07-26,159928.SZ,0.44975000619888306,0.44975000619888306,0.4375,0.4387499988079071,0.4387499988079071,274800
2017-07-27,159928.SZ,0.4412499964237213,0.4412499964237213,0.4362500011920929,0.4375,0.4375,567960
2017-07-28,159928.SZ,0.43674999475479126,0.445499986410141,0.43650001287460327,0.445499986410141,0.445499986410141,465560
2017-07-31,159928.SZ,0.445499986410141,0.45249998569488525,0.44475001096725464,0.4465000033378601,0.4465000033378601,858400
2017-08-01,159928.SZ,0.445250004529953,0.45225000381469727,0.4424999952316284,0.4482499957084656,0.4482499957084656,608800
2017-08-02,159928.SZ,0.44850000739097595,0.45100000500679016,0.44850000739097595,0.4492500126361847,0.4492500126361847,748800
2017-08-03,159928.SZ,0.4502499997615814,0.4502499997615814,0.445499986410141,0.44600000977516174,0.44600000977516174,184400
2017-08-04,159928.SZ,0.44749999046325684,0.44749999046325684,0.4429999887943268,0.44325000047683716,0.44325000047683716,211200
2017-08-07,159928.SZ,0.44325000047683716,0.4514999985694885,0.4424999952316284,0.4514999985694885,0.4514999985694885,669616
2017-08-08,159928.SZ,0.45124998688697815,0.4542500078678131,0.44749999046325684,0.45375001430511475,0.45375001430511475,1057216
2017-08-09,159928.SZ,0.45375001430511475,0.46700000762939453,0.44999998807907104,0.4657500088214874,0.4657500088214874,1018436
2017-08-10,159928.SZ,0.46674999594688416,0.4869999885559082,0.4650000035762787,0.4675000011920929,0.4675000011920929,1033472
2017-08-11,159928.SZ,0.46650001406669617,0.4675000011920929,0.45100000500679016,0.45249998569488525,0.45249998569488525,679896
2017-08-14,159928.SZ,0.45274999737739563,0.4675000011920929,0.45274999737739563,0.4662500023841858,0.4662500023841858,393496
2017-08-15,159928.SZ,0.46175000071525574,0.4712499976158142,0.46175000071525574,0.47099998593330383,0.47099998593330383,632000
2017-08-16,159928.SZ,0.47049999237060547,0.48225000500679016,0.46424999833106995,0.47749999165534973,0.47749999165534973,1460828
2017-08-17,159928.SZ,0.4805000126361847,0.4805000126361847,0.4715000092983246,0.47200000286102295,0.47200000286102295,458400
2017-08-18,159928.SZ,0.47049999237060547,0.47049999237060547,0.4650000035762787,0.46825000643730164,0.46825000643730164,148000
2017-08-21,159928.SZ,0.46650001406669617,0.4790000021457672,0.4645000100135803,0.4724999964237213,0.4724999964237213,481600
2017-08-22,159928.SZ,0.4737499952316284,0.4737499952316284,0.4690000116825104,0.46950000524520874,0.46950000524520874,230808
2017-08-23,159928.SZ,0.47874999046325684,0.47874999046325684,0.4650000035762787,0.46799999475479126,0.46799999475479126,972800
2017-08-24,159928.SZ,0.46974998712539673,0.46974998712539673,0.4647499918937683,0.4647499918937683,0.4647499918937683,540000
2017-08-25,159928.SZ,0.460750013589859,0.476500004529953,0.460750013589859,0.4672499895095825,0.4672499895095825,1328828
2017-08-28,159928.SZ,0.46674999594688416,0.46875,0.4650000035762787,0.4662500023841858,0.4662500023841858,1303204
2017-08-29,159928.SZ,0.46650001406669617,0.46825000643730164,0.4650000035762787,0.46674999594688416,0.46674999594688416,303200
2017-08-30,159928.SZ,0.46674999594688416,0.46950000524520874,0.4650000035762787,0.4684999883174896,0.4684999883174896,346000
2017-08-31,159928.SZ,0.4684999883174896,0.47200000286102295,0.46549999713897705,0.4672499895095825,0.4672499895095825,394400
2017-09-01,159928.SZ,0.46700000762939453,0.4684999883174896,0.46700000762939453,0.46799999475479126,0.46799999475479126,629496
2017-09-04,159928.SZ,0.46799999475479126,0.46875,0.4650000035762787,0.46825000643730164,0.46825000643730164,2038800
2017-09-05,159928.SZ,0.46799999475479126,0.4737499952316284,0.46650001406669617,0.4737499952316284,0.4737499952316284,704704
2017-09-06,159928.SZ,0.4712499976158142,0.4740000069141388,0.4699999988079071,0.47075000405311584,0.47075000405311584,387600
2017-09-07,159928.SZ,0.47075000405311584,0.47350001335144043,0.4672499895095825,0.46825000643730164,0.46825000643730164,545200
2017-09-08,159928.SZ,0.46549999713897705,0.4702500104904175,0.46549999713897705,0.46650001406669617,0.46650001406669617,170388
2017-09-11,159928.SZ,0.4652499854564667,0.46974998712539673,0.4652499854564667,0.4684999883174896,0.4684999883174896,324428
2017-09-12,159928.SZ,0.4659999907016754,0.4715000092983246,0.4659999907016754,0.4675000011920929,0.4675000011920929,420304
2017-09-13,159928.SZ,0.4675000011920929,0.47099998593330383,0.4672499895095825,0.47099998593330383,0.47099998593330383,404000
2017-09-14,159928.SZ,0.47099998593330383,0.47099998593330383,0.46825000643730164,0.47075000405311584,0.47075000405311584,233588
2017-09-15,159928.SZ,0.4684999883174896,0.4749999940395355,0.46799999475479126,0.47450000047683716,0.47450000047683716,323600
2017-09-18,159928.SZ,0.47725000977516174,0.48625001311302185,0.47725000977516174,0.484499990940094,0.484499990940094,848400
2017-09-19,159928.SZ,0.484499990940094,0.48750001192092896,0.4805000126361847,0.4819999933242798,0.4819999933242798,1069200
2017-09-20,159928.SZ,0.484250009059906,0.48524999618530273,0.48100000619888306,0.484250009059906,0.484250009059906,535200
2017-09-21,159928.SZ,0.48399999737739563,0.48500001430511475,0.48225000500679016,0.484250009059906,0.484250009059906,214800
2017-09-22,159928.SZ,0.4805000126361847,0.503000020980835,0.4805000126361847,0.4959999918937683,0.4959999918937683,955504
2017-09-25,159928.SZ,0.4894999861717224,0.5057500004768372,0.48475000262260437,0.5019999742507935,0.5019999742507935,1304000
2017-09-26,159928.SZ,0.5042499899864197,0.5077499747276306,0.4972499907016754,0.500249981880188,0.500249981880188,1511600
2017-09-27,159928.SZ,0.500249981880188,0.5037500262260437,0.4964999854564667,0.500249981880188,0.500249981880188,1074400
2017-09-28,159928.SZ,0.4934999942779541,0.5,0.4925000071525574,0.49924999475479126,0.49924999475479126,1176000
2017-09-29,159928.SZ,0.49924999475479126,0.5092499852180481,0.49924999475479126,0.5049999952316284,0.5049999952316284,1230400
2017-10-09,159928.SZ,0.5095000267028809,0.5147500038146973,0.500249981880188,0.5072500109672546,0.5072500109672546,1877228
2017-10-10,159928.SZ,0.5092499852180481,0.5145000219345093,0.5052499771118164,0.5139999985694885,0.5139999985694885,846032
2017-10-11,159928.SZ,0.5139999985694885,0.5447499752044678,0.5130000114440918,0.534250020980835,0.534250020980835,1790432
2017-10-12,159928.SZ,0.5339999794960022,0.5387499928474426,0.5249999761581421,0.5362499952316284,0.5362499952316284,1351200
2017-10-13,159928.SZ,0.5364999771118164,0.5375000238418579,0.5320000052452087,0.5352500081062317,0.5352500081062317,2803904
2017-10-16,159928.SZ,0.5350000262260437,0.5350000262260437,0.5270000100135803,0.5297499895095825,0.5297499895095825,1588800
2017-10-17,159928.SZ,0.5274999737739563,0.5350000262260437,0.5202500224113464,0.5224999785423279,0.5224999785423279,1900400
2017-10-18,159928.SZ,0.5285000205039978,0.5285000205039978,0.5227500200271606,0.5257499814033508,0.5257499814033508,898000
2017-10-19,159928.SZ,0.5257499814033508,0.5414999723434448,0.5245000123977661,0.5387499928474426,0.5387499928474426,2152360
2017-10-20,159928.SZ,0.5387499928474426,0.5387499928474426,0.5320000052452087,0.534250020980835,0.534250020980835,1921200
2017-10-23,159928.SZ,0.5335000157356262,0.5414999723434448,0.53125,0.5367500185966492,0.5367500185966492,2636400
2017-10-24,159928.SZ,0.5367500185966492,0.5394999980926514,0.5337499976158142,0.5387499928474426,0.5387499928474426,1288800
2017-10-25,159928.SZ,0.5387499928474426,0.5397499799728394,0.5352500081062317,0.5370000004768372,0.5370000004768372,2156800
2017-10-26,159928.SZ,0.5425000190734863,0.5632500052452087,0.5425000190734863,0.550000011920929,0.550000011920929,5441960
2017-10-27,159928.SZ,0.5497499704360962,0.5717499852180481,0.5432500243186951,0.5687500238418579,0.5687500238418579,2486400
2017-10-30,159928.SZ,0.5672500133514404,0.5680000185966492,0.550000011920929,0.5557500123977661,0.5557500123977661,9094800
2017-10-31,159928.SZ,0.5557500123977661,0.559499979019165,0.5450000166893005,0.5509999990463257,0.5509999990463257,3601600
2017-11-01,159928.SZ,0.5509999990463257,0.562250018119812,0.5487499833106995,0.5497499704360962,0.5497499704360962,4662800
2017-11-02,159928.SZ,0.547249972820282,0.5515000224113464,0.5447499752044678,0.5462499856948853,0.5462499856948853,2741600
2017-11-03,159928.SZ,0.5429999828338623,0.5550000071525574,0.5429999828338623,0.5534999966621399,0.5534999966621399,3762032
2017-11-06,159928.SZ,0.5534999966621399,0.5720000267028809,0.5534999966621399,0.5665000081062317,0.5665000081062317,4739552
2017-11-07,159928.SZ,0.5687500238418579,0.5822499990463257,0.5687500238418579,0.5807499885559082,0.5807499885559082,11380000
2017-11-08,159928.SZ,0.5820000171661377,0.6100000143051147,0.578000009059906,0.5960000157356262,0.5960000157356262,6031192
2017-11-09,159928.SZ,0.5799999833106995,0.5899999737739563,0.565750002861023,0.5724999904632568,0.5724999904632568,15399600
2017-11-10,159928.SZ,0.5724999904632568,0.5787500143051147,0.5609999895095825,0.5740000009536743,0.5740000009536743,14376800
2017-11-13,159928.SZ,0.5772500038146973,0.5772500038146973,0.5699999928474426,0.5747500061988831,0.5747500061988831,11984800
2017-11-14,159928.SZ,0.574999988079071,0.5752500295639038,0.565500020980835,0.5667499899864197,0.5667499899864197,8967600
2017-11-15,159928.SZ,0.5615000128746033,0.5720000267028809,0.5612499713897705,0.5702499747276306,0.5702499747276306,4158848
2017-11-16,159928.SZ,0.5672500133514404,0.5857499837875366,0.5672500133514404,0.5849999785423279,0.5849999785423279,7284400
2017-11-17,159928.SZ,0.5797500014305115,0.5849999785423279,0.5699999928474426,0.5772500038146973,0.5772500038146973,7279200
2017-11-20,159928.SZ,0.5724999904632568,0.577750027179718,0.5702499747276306,0.5767499804496765,0.5767499804496765,4522000
2017-11-21,159928.SZ,0.5752500295639038,0.5845000147819519,0.5752500295639038,0.5799999833106995,0.5799999833106995,7498800
2017-11-22,159928.SZ,0.5799999833106995,0.5837500095367432,0.5712500214576721,0.5745000243186951,0.5745000243186951,6583600
2017-11-23,159928.SZ,0.5734999775886536,0.5734999775886536,0.559499979019165,0.5597500205039978,0.5597500205039978,8701904
2017-11-24,159928.SZ,0.5575000047683716,0.5600000023841858,0.5419999957084656,0.5504999756813049,0.5504999756813049,7136400
2017-11-27,159928.SZ,0.550000011920929,0.550000011920929,0.5372499823570251,0.5429999828338623,0.5429999828338623,4232400
2017-11-28,159928.SZ,0.5425000190734863,0.5552499890327454,0.5407500267028809,0.546999990940094,0.546999990940094,2964400
2017-11-29,159928.SZ,0.546500027179718,0.5504999756813049,0.5329999923706055,0.5370000004768372,0.5370000004768372,5347600
2017-11-30,159928.SZ,0.5394999980926514,0.5414999723434448,0.5227500200271606,0.5317500233650208,0.5317500233650208,1733200
2017-12-01,159928.SZ,0.5325000286102295,0.5377500057220459,0.5274999737739563,0.5327500104904175,0.5327500104904175,2784400
2017-12-04,159928.SZ,0.5322499871253967,0.5432500243186951,0.5302500128746033,0.5427500009536743,0.5427500009536743,5180400
2017-12-05,159928.SZ,0.5407500267028809,0.546999990940094,0.534250020980835,0.5387499928474426,0.5387499928474426,4510400
2017-12-06,159928.SZ,0.5387499928474426,0.5444999933242798,0.5325000286102295,0.5394999980926514,0.5394999980926514,3611200
2017-12-07,159928.SZ,0.5402500033378601,0.5402500033378601,0.527999997138977,0.527999997138977,0.527999997138977,6771600
2017-12-08,159928.SZ,0.527999997138977,0.5450000166893005,0.527999997138977,0.5414999723434448,0.5414999723434448,3450000
2017-12-11,159928.SZ,0.5414999723434448,0.5669999718666077,0.5414999723434448,0.5642499923706055,0.5642499923706055,7324000
2017-12-12,159928.SZ,0.5644999742507935,0.5727499723434448,0.5577499866485596,0.562250018119812,0.562250018119812,5210800
2017-12-13,159928.SZ,0.5619999766349792,0.5774999856948853,0.5600000023841858,0.5774999856948853,0.5774999856948853,4749600
2017-12-14,159928.SZ,0.578249990940094,0.5799999833106995,0.574999988079071,0.5787500143051147,0.5787500143051147,6546000
2017-12-15,159928.SZ,0.5817499756813049,0.5912500023841858,0.5759999752044678,0.581250011920929,0.581250011920929,10235600
2017-12-18,159928.SZ,0.577750027179718,0.5872499942779541,0.5705000162124634,0.5745000243186951,0.5745000243186951,7353600
2017-12-19,159928.SZ,0.5742499828338623,0.5774999856948853,0.5715000033378601,0.5762500166893005,0.5762500166893005,2492400
2017-12-20,159928.SZ,0.5795000195503235,0.5895000100135803,0.5755000114440918,0.5874999761581421,0.5874999761581421,5130800
2017-12-21,159928.SZ,0.5874999761581421,0.5899999737739563,0.5797500014305115,0.5889999866485596,0.5889999866485596,3736000
2017-12-22,159928.SZ,0.5889999866485596,0.5910000205039978,0.5874999761581421,0.5899999737739563,0.5899999737739563,2354000
2017-12-25,159928.SZ,0.5899999737739563,0.5972499847412109,0.5899999737739563,0.5957499742507935,0.5957499742507935,4175200
2017-12-26,159928.SZ,0.5960000157356262,0.6010000109672546,0.5960000157356262,0.5995000004768372,0.5995000004768372,6654800
2017-12-27,159928.SZ,0.5989999771118164,0.6012499928474426,0.5772500038146973,0.581250011920929,0.581250011920929,10808400
2017-12-28,159928.SZ,0.5752500295639038,0.5922499895095825,0.574999988079071,0.5887500047683716,0.5887500047683716,5193200
2017-12-29,159928.SZ,0.5887500047683716,0.5960000157356262,0.5814999938011169,0.5830000042915344,0.5830000042915344,8608000
2018-01-02,159928.SZ,0.5832499861717224,0.5920000076293945,0.5820000171661377,0.5872499942779541,0.5872499942779541,3336800
2018-01-03,159928.SZ,0.5852500200271606,0.5950000286102295,0.5852500200271606,0.5932499766349792,0.5932499766349792,4148800
2018-01-04,159928.SZ,0.5932499766349792,0.6050000190734863,0.5932499766349792,0.6044999957084656,0.6044999957084656,6122000
2018-01-05,159928.SZ,0.6042500138282776,0.6075000166893005,0.6000000238418579,0.6052500009536743,0.6052500009536743,7131992
2018-01-08,159928.SZ,0.6042500138282776,0.6200000047683716,0.6017500162124634,0.6127499938011169,0.6127499938011169,6224800
2018-01-09,159928.SZ,0.6127499938011169,0.6274999976158142,0.6122499704360962,0.6267499923706055,0.6267499923706055,8820800
2018-01-10,159928.SZ,0.6287500262260437,0.6324999928474426,0.6202499866485596,0.6324999928474426,0.6324999928474426,10876400
2018-01-11,159928.SZ,0.6312500238418579,0.6312500238418579,0.6234999895095825,0.6287500262260437,0.6287500262260437,7601600
2018-01-12,159928.SZ,0.6274999976158142,0.6370000243186951,0.6265000104904175,0.6367499828338623,0.6367499828338623,4708000
2018-01-15,159928.SZ,0.6372500061988831,0.6445000171661377,0.6330000162124634,0.6337500214576721,0.6337500214576721,10157600
2018-01-16,159928.SZ,0.6345000267028809,0.6625000238418579,0.6265000104904175,0.6442499756813049,0.6442499756813049,10462940
2018-01-17,159928.SZ,0.6447499990463257,0.6487500071525574,0.6297500133514404,0.640749990940094,0.640749990940094,14209772
2018-01-18,159928.SZ,0.6399999856948853,0.643750011920929,0.6299999952316284,0.6380000114440918,0.6380000114440918,11527600
2018-01-19,159928.SZ,0.6370000243186951,0.6370000243186951,0.6175000071525574,0.6194999814033508,0.6194999814033508,19072140
2018-01-22,159928.SZ,0.6140000224113464,0.6397500038146973,0.6140000224113464,0.6384999752044678,0.6384999752044678,15118540
2018-01-23,159928.SZ,0.6384999752044678,0.6424999833106995,0.6345000267028809,0.6417499780654907,0.6417499780654907,12725200
2018-01-24,159928.SZ,0.6399999856948853,0.6424999833106995,0.6299999952316284,0.6347500085830688,0.6347500085830688,10781200
2018-01-25,159928.SZ,0.6340000033378601,0.6340000033378601,0.6225000023841858,0.6302499771118164,0.6302499771118164,8717200
2018-01-26,159928.SZ,0.6299999952316284,0.6324999928474426,0.6265000104904175,0.6315000057220459,0.6315000057220459,6150400
2018-01-29,159928.SZ,0.6315000057220459,0.6347500085830688,0.612500011920929,0.6147500276565552,0.6147500276565552,11569200
2018-01-30,159928.SZ,0.6137499809265137,0.6137499809265137,0.6025000214576721,0.6065000295639038,0.6065000295639038,5402000
2018-01-31,159928.SZ,0.6075000166893005,0.6182500123977661,0.6075000166893005,0.6172500252723694,0.6172500252723694,5506800
2018-02-01,159928.SZ,0.6179999709129333,0.6179999709129333,0.6047499775886536,0.609250009059906,0.609250009059906,7560400
2018-02-02,159928.SZ,0.6075000166893005,0.6112499833106995,0.6000000238418579,0.6065000295639038,0.6065000295639038,6474000
2018-02-05,159928.SZ,0.6050000190734863,0.6050000190734863,0.5874999761581421,0.590749979019165,0.590749979019165,9184800
2018-02-06,159928.SZ,0.581250011920929,0.581250011920929,0.5625,0.5649999976158142,0.5649999976158142,10974832
2018-02-07,159928.SZ,0.5707499980926514,0.578000009059906,0.5527499914169312,0.5537499785423279,0.5537499785423279,7749600
2018-02-08,159928.SZ,0.5542500019073486,0.5637500286102295,0.550000011920929,0.5562499761581421,0.5562499761581421,5185200
2018-02-09,159928.SZ,0.5274999737739563,0.546999990940094,0.5274999737739563,0.5402500033378601,0.5402500033378601,9522832
2018-02-12,159928.SZ,0.5404999852180481,0.5659999847412109,0.5404999852180481,0.5659999847412109,0.5659999847412109,8823600
2018-02-13,159928.SZ,0.5674999952316284,0.5759999752044678,0.5665000081062317,0.5702499747276306,0.5702499747276306,5922800
2018-02-14,159928.SZ,0.574999988079071,0.574999988079071,0.5680000185966492,0.574999988079071,0.574999988079071,3271200
2018-02-22,159928.SZ,0.5789999961853027,0.5950000286102295,0.5789999961853027,0.5950000286102295,0.5950000286102295,5659232
2018-02-23,159928.SZ,0.5975000262260437,0.5997499823570251,0.5899999737739563,0.593999981880188,0.593999981880188,10343600
2018-02-26,159928.SZ,0.5960000157356262,0.5975000262260437,0.5877500176429749,0.5924999713897705,0.5924999713897705,6220800
2018-02-27,159928.SZ,0.5929999947547913,0.5945000052452087,0.5839999914169312,0.5864999890327454,0.5864999890327454,7403200
2018-02-28,159928.SZ,0.5805000066757202,0.5862500071525574,0.5730000138282776,0.5805000066757202,0.5805000066757202,7868000
2018-03-01,159928.SZ,0.5774999856948853,0.5847499966621399,0.5770000219345093,0.5814999938011169,0.5814999938011169,7342400
2018-03-02,159928.SZ,0.578000009059906,0.578499972820282,0.5727499723434448,0.5759999752044678,0.5759999752044678,4196948
2018-03-05,159928.SZ,0.5732499957084656,0.5767499804496765,0.5665000081062317,0.5677499771118164,0.5677499771118164,5346800
2018-03-06,159928.SZ,0.5687500238418579,0.5697500109672546,0.5544999837875366,0.5687500238418579,0.5687500238418579,7492400
2018-03-07,159928.SZ,0.5677499771118164,0.5727499723434448,0.5630000233650208,0.5637500286102295,0.5637500286102295,5435600
2018-03-08,159928.SZ,0.5630000233650208,0.574999988079071,0.5625,0.5747500061988831,0.5747500061988831,5028800
2018-03-09,159928.SZ,0.5740000009536743,0.5847499966621399,0.5740000009536743,0.5817499756813049,0.5817499756813049,5940400
2018-03-12,159928.SZ,0.5824999809265137,0.5872499942779541,0.5770000219345093,0.5787500143051147,0.5787500143051147,7706032
2018-03-13,159928.SZ,0.5795000195503235,0.5795000195503235,0.5692499876022339,0.5717499852180481,0.5717499852180481,3548000
2018-03-14,159928.SZ,0.5712500214576721,0.5757499933242798,0.5612499713897705,0.574999988079071,0.574999988079071,4204400
2018-03-15,159928.SZ,0.5737500190734863,0.5824999809265137,0.5715000033378601,0.5824999809265137,0.5824999809265137,6538832
2018-03-16,159928.SZ,0.5870000123977661,0.5870000123977661,0.5737500190734863,0.5737500190734863,0.5737500190734863,4228832
2018-03-19,159928.SZ,0.5724999904632568,0.5789999961853027,0.5690000057220459,0.5770000219345093,0.5770000219345093,4280800
2018-03-20,159928.SZ,0.5737500190734863,0.5737500190734863,0.5659999847412109,0.5715000033378601,0.5715000033378601,4556000
2018-03-21,159928.SZ,0.5747500061988831,0.5757499933242798,0.565750002861023,0.5667499899864197,0.5667499899864197,6441600
2018-03-22,159928.SZ,0.5680000185966492,0.5687500238418579,0.5575000047683716,0.5580000281333923,0.5580000281333923,4747200
2018-03-23,159928.SZ,0.5460000038146973,0.5572500228881836,0.5354999899864197,0.5462499856948853,0.5462499856948853,5997600
2018-03-26,159928.SZ,0.5427500009536743,0.5485000014305115,0.5375000238418579,0.5444999933242798,0.5444999933242798,5624800
2018-03-27,159928.SZ,0.550000011920929,0.5519999861717224,0.5425000190734863,0.547249972820282,0.547249972820282,3652540
2018-03-28,159928.SZ,0.5382500290870667,0.5412499904632568,0.5287500023841858,0.531499981880188,0.531499981880188,4725340
2018-03-29,159928.SZ,0.531499981880188,0.5450000166893005,0.5202500224113464,0.5442500114440918,0.5442500114440918,4538832
2018-03-30,159928.SZ,0.5432500243186951,0.5460000038146973,0.5382500290870667,0.5427500009536743,0.5427500009536743,2513632
2018-04-02,159928.SZ,0.5394999980926514,0.543749988079071,0.5357499718666077,0.5370000004768372,0.5370000004768372,2819200
2018-04-03,159928.SZ,0.5327500104904175,0.5425000190734863,0.5327500104904175,0.5410000085830688,0.5410000085830688,7888800
2018-04-04,159928.SZ,0.5410000085830688,0.559499979019165,0.5410000085830688,0.5532500147819519,0.5532500147819519,9541200
2018-04-09,159928.SZ,0.5544999837875366,0.559249997138977,0.547249972820282,0.5497499704360962,0.5497499704360962,5741620
2018-04-10,159928.SZ,0.5515000224113464,0.5537499785423279,0.5435000061988831,0.5537499785423279,0.5537499785423279,4466400
2018-04-11,159928.SZ,0.5537499785423279,0.5584999918937683,0.5534999966621399,0.5554999709129333,0.5554999709129333,2690000
2018-04-12,159928.SZ,0.5554999709129333,0.5554999709129333,0.5502499938011169,0.5519999861717224,0.5519999861717224,2045600
2018-04-13,159928.SZ,0.5522500276565552,0.5542500019073486,0.546500027179718,0.5485000014305115,0.5485000014305115,1404400
2018-04-16,159928.SZ,0.546999990940094,0.5477499961853027,0.5419999957084656,0.543749988079071,0.543749988079071,2301200
2018-04-17,159928.SZ,0.5442500114440918,0.5454999804496765,0.5375000238418579,0.5382500290870667,0.5382500290870667,2647200
2018-04-18,159928.SZ,0.5387499928474426,0.5400000214576721,0.5307499766349792,0.5364999771118164,0.5364999771118164,2714800
2018-04-19,159928.SZ,0.5364999771118164,0.547249972820282,0.5362499952316284,0.546750009059906,0.546750009059906,3131200
2018-04-20,159928.SZ,0.5492500066757202,0.5517500042915344,0.5425000190734863,0.5425000190734863,0.5425000190734863,3567200
2018-04-23,159928.SZ,0.5450000166893005,0.5450000166893005,0.5364999771118164,0.5407500267028809,0.5407500267028809,3131600
2018-04-24,159928.SZ,0.5412499904632568,0.5575000047683716,0.5412499904632568,0.5544999837875366,0.5544999837875366,5241600
2018-04-25,159928.SZ,0.5542500019073486,0.5567499995231628,0.5504999756813049,0.5547500252723694,0.5547500252723694,3112800
2018-04-26,159928.SZ,0.5569999814033508,0.5569999814033508,0.5407500267028809,0.5425000190734863,0.5425000190734863,4252400
2018-04-27,159928.SZ,0.5427500009536743,0.543749988079071,0.5350000262260437,0.5379999876022339,0.5379999876022339,3791200
2018-05-02,159928.SZ,0.5377500057220459,0.5385000109672546,0.53125,0.5382500290870667,0.5382500290870667,3176000
2018-05-03,159928.SZ,0.5385000109672546,0.546750009059906,0.5325000286102295,0.546750009059906,0.546750009059906,3560804
2018-05-04,159928.SZ,0.546750009059906,0.5485000014305115,0.5444999933242798,0.5452499985694885,0.5452499985694885,2072800
2018-05-07,159928.SZ,0.5450000166893005,0.5687500238418579,0.5429999828338623,0.5674999952316284,0.5674999952316284,8494728
2018-05-08,159928.SZ,0.5692499876022339,0.578249990940094,0.5630000233650208,0.5734999775886536,0.5734999775886536,9238728
2018-05-09,159928.SZ,0.5727499723434448,0.5734999775886536,0.5674999952316284,0.5712500214576721,0.5712500214576721,2589600
2018-05-10,159928.SZ,0.5709999799728394,0.5795000195503235,0.5709999799728394,0.5792499780654907,0.5792499780654907,7525928
2018-05-11,159928.SZ,0.5822499990463257,0.5839999914169312,0.5724999904632568,0.5734999775886536,0.5734999775886536,5691604
2018-05-14,159928.SZ,0.5737500190734863,0.5847499966621399,0.5737500190734863,0.5835000276565552,0.5835000276565552,5089200
2018-05-15,159928.SZ,0.5849999785423279,0.5874999761581421,0.5774999856948853,0.5874999761581421,0.5874999761581421,4126400
2018-05-16,159928.SZ,0.5870000123977661,0.5947499871253967,0.5852500200271606,0.5879999995231628,0.5879999995231628,7623672
2018-05-17,159928.SZ,0.5892500281333923,0.5892500281333923,0.581250011920929,0.5864999890327454,0.5864999890327454,3725200
2018-05-18,159928.SZ,0.5837500095367432,0.5874999761581421,0.5755000114440918,0.5874999761581421,0.5874999761581421,4529692
2018-05-21,159928.SZ,0.5902500152587891,0.5920000076293945,0.5885000228881836,0.590499997138977,0.590499997138977,4242072
2018-05-22,159928.SZ,0.590749979019165,0.6002500057220459,0.5887500047683716,0.593999981880188,0.593999981880188,3415200
2018-05-23,159928.SZ,0.593999981880188,0.593999981880188,0.5797500014305115,0.5807499885559082,0.5807499885559082,9066420
2018-05-24,159928.SZ,0.5792499780654907,0.581250011920929,0.5702499747276306,0.5720000267028809,0.5720000267028809,5325200
2018-05-25,159928.SZ,0.5722500085830688,0.5772500038146973,0.5709999799728394,0.5747500061988831,0.5747500061988831,3583600
2018-05-28,159928.SZ,0.5747500061988831,0.59375,0.5727499723434448,0.590499997138977,0.590499997138977,6864872
2018-05-29,159928.SZ,0.5899999737739563,0.6047499775886536,0.5822499990463257,0.5845000147819519,0.5845000147819519,14227272
2018-05-30,159928.SZ,0.5730000138282776,0.5992500185966492,0.5720000267028809,0.5899999737739563,0.5899999737739563,10588472
2018-05-31,159928.SZ,0.5922499895095825,0.6200000047683716,0.5882499814033508,0.6200000047683716,0.6200000047683716,16656472
2018-06-01,159928.SZ,0.6154999732971191,0.6175000071525574,0.6052500009536743,0.612500011920929,0.612500011920929,11433196
2018-06-04,159928.SZ,0.612500011920929,0.6222500205039978,0.6079999804496765,0.6190000176429749,0.6190000176429749,11399600
2018-06-05,159928.SZ,0.6190000176429749,0.6212499737739563,0.6144999861717224,0.6207500100135803,0.6207500100135803,12568796
2018-06-06,159928.SZ,0.6202499866485596,0.6212499737739563,0.6144999861717224,0.6184999942779541,0.6184999942779541,6649196
2018-06-07,159928.SZ,0.6179999709129333,0.6205000281333923,0.609250009059906,0.612500011920929,0.612500011920929,6345600
2018-06-08,159928.SZ,0.6122499704360962,0.6132500171661377,0.5997499823570251,0.6032500267028809,0.6032500267028809,7874400
2018-06-11,159928.SZ,0.6002500057220459,0.6039999723434448,0.597000002861023,0.5985000133514404,0.5985000133514404,4466400
2018-06-12,159928.SZ,0.5985000133514404,0.6194999814033508,0.5985000133514404,0.6184999942779541,0.6184999942779541,10849200
2018-06-13,159928.SZ,0.6152499914169312,0.6207500100135803,0.609499990940094,0.6115000247955322,0.6115000247955322,8795200
2018-06-14,159928.SZ,0.6110000014305115,0.6142500042915344,0.6017500162124634,0.6075000166893005,0.6075000166893005,7096800
2018-06-15,159928.SZ,0.6050000190734863,0.6065000295639038,0.6000000238418579,0.6037499904632568,0.6037499904632568,5984796
2018-06-19,159928.SZ,0.5924999713897705,0.6029999852180481,0.5695000290870667,0.5737500190734863,0.5737500190734863,10995596
2018-06-20,159928.SZ,0.5737500190734863,0.590749979019165,0.5737500190734863,0.5889999866485596,0.5889999866485596,8326408
2018-06-21,159928.SZ,0.5887500047683716,0.5975000262260437,0.5849999785423279,0.5862500071525574,0.5862500071525574,10406800
2018-06-22,159928.SZ,0.5857499837875366,0.5882499814033508,0.5774999856948853,0.5879999995231628,0.5879999995231628,4991600
2018-06-25,159928.SZ,0.5914999842643738,0.5957499742507935,0.5882499814033508,0.5882499814033508,0.5882499814033508,10827120
2018-06-26,159928.SZ,0.5847499966621399,0.5902500152587891,0.5755000114440918,0.581250011920929,0.581250011920929,7060800
2018-06-27,159928.SZ,0.581250011920929,0.581250011920929,0.5412499904632568,0.5600000023841858,0.5600000023841858,10698400
2018-06-28,159928.SZ,0.5562499761581421,0.5575000047683716,0.5447499752044678,0.5494999885559082,0.5494999885559082,4200400
2018-06-29,159928.SZ,0.550000011920929,0.5659999847412109,0.5462499856948853,0.565750002861023,0.565750002861023,11601732
2018-07-02,159928.SZ,0.5662500262260437,0.5702499747276306,0.547249972820282,0.5522500276565552,0.5522500276565552,10705600
2018-07-03,159928.SZ,0.5517500042915344,0.5537499785423279,0.5227500200271606,0.5410000085830688,0.5410000085830688,12226724
2018-07-04,159928.SZ,0.5400000214576721,0.543749988079071,0.5337499976158142,0.5360000133514404,0.5360000133514404,5482400
2018-07-05,159928.SZ,0.5337499976158142,0.5462499856948853,0.5287500023841858,0.5320000052452087,0.5320000052452087,7154004
2018-07-06,159928.SZ,0.5325000286102295,0.543749988079071,0.5249999761581421,0.5402500033378601,0.5402500033378601,8541600
2018-07-09,159928.SZ,0.5419999957084656,0.5559999942779541,0.5419999957084656,0.5559999942779541,0.5559999942779541,25579200
2018-07-10,159928.SZ,0.5569999814033508,0.5597500205039978,0.5475000143051147,0.5557500123977661,0.5557500123977661,9720400
2018-07-11,159928.SZ,0.5517500042915344,0.5537499785423279,0.5407500267028809,0.5492500066757202,0.5492500066757202,11825200
2018-07-12,159928.SZ,0.546750009059906,0.5659999847412109,0.546750009059906,0.562250018119812,0.562250018119812,14876800
2018-07-13,159928.SZ,0.5649999976158142,0.5742499828338623,0.5602499842643738,0.5734999775886536,0.5734999775886536,11763200
2018-07-16,159928.SZ,0.5762500166893005,0.5789999961853027,0.5690000057220459,0.5742499828338623,0.5742499828338623,11489200
2018-07-17,159928.SZ,0.5699999928474426,0.5745000243186951,0.5612499713897705,0.5649999976158142,0.5649999976158142,11230000
2018-07-18,159928.SZ,0.5637500286102295,0.5702499747276306,0.5597500205039978,0.562250018119812,0.562250018119812,9938400
2018-07-19,159928.SZ,0.5649999976158142,0.5649999976158142,0.5554999709129333,0.5609999895095825,0.5609999895095825,12412800
2018-07-20,159928.SZ,0.5577499866485596,0.5630000233650208,0.5525000095367432,0.5619999766349792,0.5619999766349792,9634800
2018-07-23,159928.SZ,0.5619999766349792,0.5619999766349792,0.5519999861717224,0.5582500100135803,0.5582500100135803,7798400
2018-07-24,159928.SZ,0.5562499761581421,0.5742499828338623,0.5517500042915344,0.5740000009536743,0.5740000009536743,13597200
2018-07-25,159928.SZ,0.5720000267028809,0.5737500190734863,0.5674999952316284,0.5709999799728394,0.5709999799728394,7889600
2018-07-26,159928.SZ,0.5709999799728394,0.5709999799728394,0.5649999976158142,0.5649999976158142,0.5649999976158142,3590000
2018-07-27,159928.SZ,0.5647500157356262,0.5684999823570251,0.562250018119812,0.5649999976158142,0.5649999976158142,3491200
2018-07-30,159928.SZ,0.5644999742507935,0.5649999976158142,0.5544999837875366,0.5552499890327454,0.5552499890327454,5191160
2018-07-31,159928.SZ,0.5552499890327454,0.5562499761581421,0.550000011920929,0.5557500123977661,0.5557500123977661,4539560
2018-08-01,159928.SZ,0.5562499761581421,0.5575000047683716,0.5475000143051147,0.5492500066757202,0.5492500066757202,3511560
2018-08-02,159928.SZ,0.547249972820282,0.547249972820282,0.5337499976158142,0.5357499718666077,0.5357499718666077,8125600
2018-08-03,159928.SZ,0.5350000262260437,0.5385000109672546,0.5289999842643738,0.5292500257492065,0.5292500257492065,3375200
2018-08-06,159928.SZ,0.5289999842643738,0.5307499766349792,0.5080000162124634,0.5117499828338623,0.5117499828338623,6448800
2018-08-07,159928.SZ,0.5122500061988831,0.5189999938011169,0.5074999928474426,0.5189999938011169,0.5189999938011169,5730000
2018-08-08,159928.SZ,0.5210000276565552,0.5210000276565552,0.5087500214576721,0.5109999775886536,0.5109999775886536,3342000
2018-08-09,159928.SZ,0.5107499957084656,0.5245000123977661,0.5090000033378601,0.5227500200271606,0.5227500200271606,11108000
2018-08-10,159928.SZ,0.5230000019073486,0.5292500257492065,0.5212500095367432,0.5257499814033508,0.5257499814033508,8213600
2018-08-13,159928.SZ,0.5224999785423279,0.5224999785423279,0.5095000267028809,0.5195000171661377,0.5195000171661377,7475600
2018-08-14,159928.SZ,0.5214999914169312,0.5247499942779541,0.5149999856948853,0.5195000171661377,0.5195000171661377,3630400
2018-08-15,159928.SZ,0.5199999809265137,0.5202500224113464,0.503250002861023,0.5049999952316284,0.5049999952316284,8678800
2018-08-16,159928.SZ,0.5009999871253967,0.5062500238418579,0.4925000071525574,0.49825000762939453,0.49825000762939453,4205600
2018-08-17,159928.SZ,0.4987500011920929,0.5005000233650208,0.48899999260902405,0.49000000953674316,0.49000000953674316,3869200
2018-08-20,159928.SZ,0.4779999852180481,0.49149999022483826,0.4779999852180481,0.49125000834465027,0.49125000834465027,5128000
2018-08-21,159928.SZ,0.49050000309944153,0.5074999928474426,0.49050000309944153,0.5074999928474426,0.5074999928474426,7367600
2018-08-22,159928.SZ,0.5065000057220459,0.5067499876022339,0.49900001287460327,0.5024999976158142,0.5024999976158142,4662800
2018-08-23,159928.SZ,0.503000020980835,0.5199999809265137,0.49950000643730164,0.5084999799728394,0.5084999799728394,8422404
2018-08-24,159928.SZ,0.5065000057220459,0.5070000290870667,0.49825000762939453,0.5012500286102295,0.5012500286102295,7698804
2018-08-27,159928.SZ,0.5034999847412109,0.5180000066757202,0.5022500157356262,0.5177500247955322,0.5177500247955322,7622800
2018-08-28,159928.SZ,0.5182499885559082,0.5199999809265137,0.5117499828338623,0.515250027179718,0.515250027179718,5618400
2018-08-29,159928.SZ,0.5145000219345093,0.5145000219345093,0.5092499852180481,0.5145000219345093,0.5145000219345093,3158000
2018-08-30,159928.SZ,0.5127500295639038,0.5172500014305115,0.5092499852180481,0.5095000267028809,0.5095000267028809,3915200
2018-08-31,159928.SZ,0.5099999904632568,0.5099999904632568,0.4970000088214874,0.5040000081062317,0.5040000081062317,3309960
2018-09-03,159928.SZ,0.49950000643730164,0.5040000081062317,0.4975000023841858,0.503000020980835,0.503000020980835,2524000
2018-09-04,159928.SZ,0.5022500157356262,0.5049999952316284,0.49799999594688416,0.5040000081062317,0.5040000081062317,1860000
2018-09-05,159928.SZ,0.5037500262260437,0.5040000081062317,0.49825000762939453,0.49900001287460327,0.49900001287460327,2093200
2018-09-06,159928.SZ,0.4962500035762787,0.4984999895095825,0.49024999141693115,0.4925000071525574,0.4925000071525574,4052800
2018-09-07,159928.SZ,0.4932500123977661,0.49799999594688416,0.48625001311302185,0.4907500147819519,0.4907500147819519,3088000
2018-09-10,159928.SZ,0.48774999380111694,0.49024999141693115,0.44699999690055847,0.4827499985694885,0.4827499985694885,5005600
2018-09-11,159928.SZ,0.4832499921321869,0.4880000054836273,0.4794999957084656,0.4832499921321869,0.4832499921321869,4513200
2018-09-12,159928.SZ,0.4832499921321869,0.4832499921321869,0.4727500081062317,0.4737499952316284,0.4737499952316284,7761200
2018-09-13,159928.SZ,0.4790000021457672,0.4817500114440918,0.46674999594688416,0.47574999928474426,0.47574999928474426,6032400
2018-09-14,159928.SZ,0.4779999852180481,0.48500001430511475,0.47350001335144043,0.4819999933242798,0.4819999933242798,7220800
2018-09-17,159928.SZ,0.4814999997615814,0.4860000014305115,0.4777500033378601,0.4814999997615814,0.4814999997615814,4194000
2018-09-18,159928.SZ,0.4805000126361847,0.49799999594688416,0.47824999690055847,0.4945000112056732,0.4945000112056732,7097204
2018-09-19,159928.SZ,0.49125000834465027,0.5065000057220459,0.49050000309944153,0.5044999718666077,0.5044999718666077,9407200
2018-09-20,159928.SZ,0.5037500262260437,0.5059999823570251,0.5005000233650208,0.5024999976158142,0.5024999976158142,4230000
2018-09-21,159928.SZ,0.5059999823570251,0.5199999809265137,0.5055000185966492,0.5189999938011169,0.5189999938011169,8888800
2018-09-25,159928.SZ,0.5149999856948853,0.5195000171661377,0.5130000114440918,0.5172500014305115,0.5172500014305115,8157600
2018-09-26,159928.SZ,0.5182499885559082,0.5375000238418579,0.5182499885559082,0.5337499976158142,0.5337499976158142,14202800
2018-09-27,159928.SZ,0.5335000157356262,0.5375000238418579,0.5267500281333923,0.5364999771118164,0.5364999771118164,7406400
2018-09-28,159928.SZ,0.5387499928474426,0.5435000061988831,0.5325000286102295,0.5410000085830688,0.5410000085830688,8980032
2018-10-08,159928.SZ,0.5350000262260437,0.5350000262260437,0.515999972820282,0.5205000042915344,0.5205000042915344,10508400
2018-10-09,159928.SZ,0.5205000042915344,0.5232499837875366,0.5090000033378601,0.5107499957084656,0.5107499957084656,8320800
2018-10-10,159928.SZ,0.5109999775886536,0.5149999856948853,0.5015000104904175,0.5034999847412109,0.5034999847412109,7290000
2018-10-11,159928.SZ,0.4892500042915344,0.4987500011920929,0.47999998927116394,0.4832499921321869,0.4832499921321869,9412000
2018-10-12,159928.SZ,0.484499990940094,0.4987500011920929,0.48374998569488525,0.49775001406669617,0.49775001406669617,6208400
2018-10-15,159928.SZ,0.49775001406669617,0.49775001406669617,0.4892500042915344,0.49149999022483826,0.49149999022483826,7770800
2018-10-16,159928.SZ,0.49000000953674316,0.4932500123977661,0.48374998569488525,0.48399999737739563,0.48399999737739563,5181200
2018-10-17,159928.SZ,0.49000000953674316,0.4934999942779541,0.47999998927116394,0.48399999737739563,0.48399999737739563,5381600
2018-10-18,159928.SZ,0.4855000078678131,0.4860000014305115,0.47574999928474426,0.47600001096725464,0.47600001096725464,4755600
2018-10-19,159928.SZ,0.46700000762939453,0.4892500042915344,0.46674999594688416,0.4884999990463257,0.4884999990463257,5930800
2018-10-22,159928.SZ,0.49149999022483826,0.5170000195503235,0.49149999022483826,0.515999972820282,0.515999972820282,15384400
2018-10-23,159928.SZ,0.5162500143051147,0.5162500143051147,0.48875001072883606,0.4984999895095825,0.4984999895095825,12058000
2018-10-24,159928.SZ,0.4964999854564667,0.4964999854564667,0.48124998807907104,0.48774999380111694,0.48774999380111694,11220800
2018-10-25,159928.SZ,0.47475001215934753,0.47749999165534973,0.46399998664855957,0.476500004529953,0.476500004529953,9812000
2018-10-26,159928.SZ,0.4807499945163727,0.4807499945163727,0.4555000066757202,0.45750001072883606,0.45750001072883606,16515200
2018-10-29,159928.SZ,0.4490000009536743,0.44999998807907104,0.4127500057220459,0.41600000858306885,0.41600000858306885,30546800
2018-10-30,159928.SZ,0.4129999876022339,0.4194999933242798,0.40400001406669617,0.41449999809265137,0.41449999809265137,20036404
2018-10-31,159928.SZ,0.4165000021457672,0.4267500042915344,0.4165000021457672,0.4244999885559082,0.4244999885559082,15332004
2018-11-01,159928.SZ,0.42925000190734863,0.4417499899864197,0.4284999966621399,0.4334999918937683,0.4334999918937683,16838000
2018-11-02,159928.SZ,0.44749999046325684,0.4567500054836273,0.43799999356269836,0.45625001192092896,0.45625001192092896,19085632
2018-11-05,159928.SZ,0.4547500014305115,0.45500001311302185,0.4399999976158142,0.4492500126361847,0.4492500126361847,23828432
2018-11-06,159928.SZ,0.44874998927116394,0.44874998927116394,0.4402500092983246,0.4449999928474426,0.4449999928474426,8366000
2018-11-07,159928.SZ,0.4449999928474426,0.4519999921321869,0.44325000047683716,0.4465000033378601,0.4465000033378601,10186400
2018-11-08,159928.SZ,0.4482499957084656,0.453249990940094,0.4442499876022339,0.445499986410141,0.445499986410141,6309600
2018-11-09,159928.SZ,0.4424999952316284,0.44600000977516174,0.43974998593330383,0.4437499940395355,0.4437499940395355,4789400
2018-11-12,159928.SZ,0.44200000166893005,0.44624999165534973,0.43575000762939453,0.445499986410141,0.445499986410141,7273200
2018-11-13,159928.SZ,0.4377500116825104,0.45750001072883606,0.4377500116825104,0.4557499885559082,0.4557499885559082,12924400
2018-11-14,159928.SZ,0.4555000066757202,0.4555000066757202,0.4477500021457672,0.4482499957084656,0.4482499957084656,10181200
2018-11-15,159928.SZ,0.44874998927116394,0.45225000381469727,0.4477500021457672,0.4517500102519989,0.4517500102519989,8257200
2018-11-16,159928.SZ,0.45249998569488525,0.45625001192092896,0.4494999945163727,0.4517500102519989,0.4517500102519989,11226000
2018-11-19,159928.SZ,0.4517500102519989,0.4582499861717224,0.4502499997615814,0.45649999380111694,0.45649999380111694,6468000
2018-11-20,159928.SZ,0.4555000066757202,0.4555000066757202,0.4467499852180481,0.4480000138282776,0.4480000138282776,8697600
2018-11-21,159928.SZ,0.44200000166893005,0.4544999897480011,0.4402500092983246,0.45274999737739563,0.45274999737739563,11445736
2018-11-22,159928.SZ,0.45375001430511475,0.4625000059604645,0.4502499997615814,0.4519999921321869,0.4519999921321869,4688400
2018-11-23,159928.SZ,0.4517500102519989,0.45249998569488525,0.4449999928474426,0.44624999165534973,0.44624999165534973,6992800
2018-11-26,159928.SZ,0.44600000977516174,0.44600000977516174,0.4399999976158142,0.44200000166893005,0.44200000166893005,6681200
2018-11-27,159928.SZ,0.44225001335144043,0.4437499940395355,0.43849998712539673,0.44075000286102295,0.44075000286102295,7833200
2018-11-28,159928.SZ,0.4399999976158142,0.4467499852180481,0.43825000524520874,0.4467499852180481,0.4467499852180481,6572800
2018-11-29,159928.SZ,0.4490000009536743,0.45375001430511475,0.445250004529953,0.445250004529953,0.445250004529953,11096400
2018-11-30,159928.SZ,0.445250004529953,0.4542500078678131,0.445250004529953,0.4542500078678131,0.4542500078678131,11460680
2018-12-03,159928.SZ,0.46700000762939453,0.4737499952316284,0.46299999952316284,0.4717499911785126,0.4717499911785126,15721892
2018-12-04,159928.SZ,0.4699999988079071,0.47325000166893005,0.46775001287460327,0.4729999899864197,0.4729999899864197,11559600
2018-12-05,159928.SZ,0.46700000762939453,0.47850000858306885,0.4662500023841858,0.47574999928474426,0.47574999928474426,24475200
2018-12-06,159928.SZ,0.4715000092983246,0.4742499887943268,0.4634999930858612,0.4675000011920929,0.4675000011920929,13749600
2018-12-07,159928.SZ,0.4657500088214874,0.4672499895095825,0.4625000059604645,0.4632500112056732,0.4632500112056732,16974000
2018-12-10,159928.SZ,0.46050000190734863,0.46399998664855957,0.4557499885559082,0.4582499861717224,0.4582499861717224,6868400
2018-12-11,159928.SZ,0.4584999978542328,0.4622499942779541,0.4584999978542328,0.46149998903274536,0.46149998903274536,5398800
2018-12-12,159928.SZ,0.46424999833106995,0.46674999594688416,0.4622499942779541,0.4657500088214874,0.4657500088214874,5022000
2018-12-13,159928.SZ,0.46799999475479126,0.476749986410141,0.4650000035762787,0.4740000069141388,0.4740000069141388,13260000
2018-12-14,159928.SZ,0.4712499976158142,0.4729999899864197,0.46674999594688416,0.4672499895095825,0.4672499895095825,9158800
2018-12-17,159928.SZ,0.4645000100135803,0.4652499854564667,0.45899999141693115,0.46175000071525574,0.46175000071525574,7795200
2018-12-18,159928.SZ,0.460750013589859,0.46175000071525574,0.45500001311302185,0.45875000953674316,0.45875000953674316,6693200
2018-12-19,159928.SZ,0.46000000834465027,0.46175000071525574,0.45100000500679016,0.45249998569488525,0.45249998569488525,9060400
2018-12-20,159928.SZ,0.45124998688697815,0.45524999499320984,0.4449999928474426,0.45500001311302185,0.45500001311302185,6199124
2018-12-21,159928.SZ,0.45249998569488525,0.45249998569488525,0.44624999165534973,0.4490000009536743,0.4490000009536743,3225200
2018-12-24,159928.SZ,0.44749999046325684,0.45225000381469727,0.4424999952316284,0.45124998688697815,0.45124998688697815,4280800
2018-12-25,159928.SZ,0.44999998807907104,0.4517500102519989,0.4437499940395355,0.44999998807907104,0.44999998807907104,6296400
2018-12-26,159928.SZ,0.44999998807907104,0.45249998569488525,0.4465000033378601,0.4467499852180481,0.4467499852180481,7386000
2018-12-27,159928.SZ,0.45249998569488525,0.45399999618530273,0.44699999690055847,0.44725000858306885,0.44725000858306885,6092400
2018-12-28,159928.SZ,0.4494999945163727,0.4555000066757202,0.4442499876022339,0.45375001430511475,0.45375001430511475,8056400
2019-01-02,159928.SZ,0.4569999873638153,0.4625000059604645,0.44874998927116394,0.44975000619888306,0.44975000619888306,9714000
2019-01-03,159928.SZ,0.4502499997615814,0.45100000500679016,0.43974998593330383,0.4424999952316284,0.4424999952316284,8101600
2019-01-04,159928.SZ,0.44200000166893005,0.4492500126361847,0.43674999475479126,0.4482499957084656,0.4482499957084656,9845200
2019-01-07,159928.SZ,0.45225000381469727,0.45350000262260437,0.44850000739097595,0.453000009059906,0.453000009059906,13025600
2019-01-08,159928.SZ,0.453249990940094,0.453249990940094,0.44975000619888306,0.4507499933242798,0.4507499933242798,3606400
2019-01-09,159928.SZ,0.45225000381469727,0.4632500112056732,0.45225000381469727,0.4572499990463257,0.4572499990463257,13426724
2019-01-10,159928.SZ,0.46000000834465027,0.46000000834465027,0.4514999985694885,0.45524999499320984,0.45524999499320984,9310724
2019-01-11,159928.SZ,0.4544999897480011,0.46549999713897705,0.4544999897480011,0.46549999713897705,0.46549999713897705,9766400
2019-01-14,159928.SZ,0.46274998784065247,0.4632500112056732,0.4567500054836273,0.46024999022483826,0.46024999022483826,9907200
2019-01-15,159928.SZ,0.4595000147819519,0.4792500138282776,0.4582499861717224,0.47824999690055847,0.47824999690055847,15569200
2019-01-16,159928.SZ,0.47699999809265137,0.47874999046325684,0.4737499952316284,0.47574999928474426,0.47574999928474426,15524800
2019-01-17,159928.SZ,0.4762499928474426,0.47975000739097595,0.4724999964237213,0.4740000069141388,0.4740000069141388,12308000
2019-01-18,159928.SZ,0.47475001215934753,0.48649999499320984,0.47475001215934753,0.4860000014305115,0.4860000014305115,16795520
2019-01-21,159928.SZ,0.48625001311302185,0.4962500035762787,0.48625001311302185,0.4937500059604645,0.4937500059604645,18254816
2019-01-22,159928.SZ,0.49175000190734863,0.49175000190734863,0.4827499985694885,0.48625001311302185,0.48625001311302185,12308936
2019-01-23,159928.SZ,0.4832499921321869,0.4869999885559082,0.48225000500679016,0.484499990940094,0.484499990940094,14513524
2019-01-24,159928.SZ,0.484250009059906,0.4892500042915344,0.48249998688697815,0.4880000054836273,0.4880000054836273,14062096
2019-01-25,159928.SZ,0.4894999861717224,0.492249995470047,0.4855000078678131,0.4882499873638153,0.4882499873638153,15594496
2019-01-28,159928.SZ,0.48875001072883606,0.4987500011920929,0.48750001192092896,0.49050000309944153,0.49050000309944153,19904000
2019-01-29,159928.SZ,0.4882499873638153,0.4937500059604645,0.48524999618530273,0.4925000071525574,0.4925000071525574,16890640
2019-01-30,159928.SZ,0.49149999022483826,0.4937500059604645,0.48475000262260437,0.4857499897480011,0.4857499897480011,11894000
2019-01-31,159928.SZ,0.48750001192092896,0.4907500147819519,0.4830000102519989,0.49000000953674316,0.49000000953674316,13528800
2019-02-01,159928.SZ,0.49125000834465027,0.49900001287460327,0.49125000834465027,0.49900001287460327,0.49900001287460327,15732616
2019-02-11,159928.SZ,0.4997499883174896,0.518750011920929,0.4964999854564667,0.5182499885559082,0.5182499885559082,17232476
2019-02-12,159928.SZ,0.518750011920929,0.5230000019073486,0.515749990940094,0.5197499990463257,0.5197499990463257,18719200
2019-02-13,159928.SZ,0.5197499990463257,0.5267500281333923,0.5180000066757202,0.5252500176429749,0.5252500176429749,22832880
2019-02-14,159928.SZ,0.5249999761581421,0.5352500081062317,0.5230000019073486,0.5339999794960022,0.5339999794960022,21540400
2019-02-15,159928.SZ,0.5329999923706055,0.5329999923706055,0.5254999995231628,0.5270000100135803,0.5270000100135803,18461600
2019-02-18,159928.SZ,0.5299999713897705,0.5454999804496765,0.5299999713897705,0.5450000166893005,0.5450000166893005,31458076
2019-02-19,159928.SZ,0.547249972820282,0.547249972820282,0.5379999876022339,0.5400000214576721,0.5400000214576721,29624540
2019-02-20,159928.SZ,0.5400000214576721,0.5475000143051147,0.534250020980835,0.543749988079071,0.543749988079071,16540064
2019-02-21,159928.SZ,0.5432500243186951,0.5475000143051147,0.5375000238418579,0.5407500267028809,0.5407500267028809,19555600
2019-02-22,159928.SZ,0.5377500057220459,0.5425000190734863,0.5332499742507935,0.5425000190734863,0.5425000190734863,26548000
2019-02-25,159928.SZ,0.5479999780654907,0.596750020980835,0.5402500033378601,0.5680000185966492,0.5680000185966492,48880632
2019-02-26,159928.SZ,0.5644999742507935,0.5644999742507935,0.5542500019073486,0.5550000071525574,0.5550000071525574,31773208
2019-02-27,159928.SZ,0.5537499785423279,0.5709999799728394,0.5534999966621399,0.5647500157356262,0.5647500157356262,32075528
2019-02-28,159928.SZ,0.5587499737739563,0.5659999847412109,0.5550000071525574,0.562749981880188,0.562749981880188,17412000
2019-03-01,159928.SZ,0.5647500157356262,0.5802500247955322,0.5642499923706055,0.5799999833106995,0.5799999833106995,30285616
2019-03-04,159928.SZ,0.5807499885559082,0.5960000157356262,0.5802500247955322,0.5855000019073486,0.5855000019073486,34597600
2019-03-05,159928.SZ,0.5855000019073486,0.5932499766349792,0.5807499885559082,0.5885000228881836,0.5885000228881836,29496524
2019-03-06,159928.SZ,0.5855000019073486,0.5885000228881836,0.578249990940094,0.5847499966621399,0.5847499966621399,33187120
2019-03-07,159928.SZ,0.5827500224113464,0.5827500224113464,0.5667499899864197,0.5712500214576721,0.5712500214576721,40327600
2019-03-08,159928.SZ,0.5615000128746033,0.5715000033378601,0.5565000176429749,0.5619999766349792,0.5619999766349792,36900280
2019-03-11,159928.SZ,0.5605000257492065,0.5807499885559082,0.5602499842643738,0.5795000195503235,0.5795000195503235,33847220
2019-03-12,159928.SZ,0.581250011920929,0.5887500047683716,0.5747500061988831,0.581250011920929,0.581250011920929,36709584
2019-03-13,159928.SZ,0.5802500247955322,0.5842499732971191,0.5684999823570251,0.5712500214576721,0.5712500214576721,25428800
2019-03-14,159928.SZ,0.5680000185966492,0.5799999833106995,0.5674999952316284,0.574999988079071,0.574999988079071,47971864
2019-03-15,159928.SZ,0.574999988079071,0.5889999866485596,0.5717499852180481,0.5847499966621399,0.5847499966621399,44613600
2019-03-18,159928.SZ,0.5852500200271606,0.6294999718666077,0.5852500200271606,0.6294999718666077,0.6294999718666077,58785800
2019-03-19,159928.SZ,0.625,0.6324999928474426,0.6127499938011169,0.6244999766349792,0.6244999766349792,36926032
2019-03-20,159928.SZ,0.6182500123977661,0.6422500014305115,0.6102499961853027,0.6269999742507935,0.6269999742507935,35455200
2019-03-21,159928.SZ,0.625,0.6259999871253967,0.6172500252723694,0.6215000152587891,0.6215000152587891,27373600
2019-03-22,159928.SZ,0.6134999990463257,0.6257500052452087,0.609749972820282,0.6205000281333923,0.6205000281333923,28509632
2019-03-25,159928.SZ,0.6107500195503235,0.6157500147819519,0.6000000238418579,0.6000000238418579,0.6000000238418579,40546400
2019-03-26,159928.SZ,0.6017500162124634,0.609000027179718,0.5960000157356262,0.5987499952316284,0.5987499952316284,42547720
2019-03-27,159928.SZ,0.6025000214576721,0.6179999709129333,0.5975000262260437,0.6144999861717224,0.6144999861717224,52674872
2019-03-28,159928.SZ,0.6137499809265137,0.6274999976158142,0.612500011920929,0.621749997138977,0.621749997138977,52400400
2019-03-29,159928.SZ,0.625249981880188,0.6600000262260437,0.625,0.6495000123977661,0.6495000123977661,54063684
2019-04-01,159928.SZ,0.6524999737739563,0.6747499704360962,0.6504999995231628,0.6725000143051147,0.6725000143051147,57728120
2019-04-02,159928.SZ,0.6794999837875366,0.6794999837875366,0.659500002861023,0.6650000214576721,0.6650000214576721,55544036
2019-04-03,159928.SZ,0.6602500081062317,0.6732500195503235,0.656499981880188,0.671500027179718,0.671500027179718,45968000
2019-04-04,159928.SZ,0.6694999933242798,0.6945000290870667,0.6682500243186951,0.6945000290870667,0.6945000290870667,59510476
2019-04-08,159928.SZ,0.6945000290870667,0.7145000100135803,0.6825000047683716,0.7087500095367432,0.7087500095367432,79796812
2019-04-09,159928.SZ,0.6932500004768372,0.6970000267028809,0.6825000047683716,0.6959999799728394,0.6959999799728394,96817200
2019-04-10,159928.SZ,0.6855000257492065,0.7049999833106995,0.6784999966621399,0.6942499876022339,0.6942499876022339,78829600
2019-04-11,159928.SZ,0.6947500109672546,0.6947500109672546,0.6685000061988831,0.6690000295639038,0.6690000295639038,91207600
2019-04-12,159928.SZ,0.6625000238418579,0.6727499961853027,0.6600000262260437,0.6697499752044678,0.6697499752044678,64640800
2019-04-15,159928.SZ,0.6800000071525574,0.687749981880188,0.6667500138282776,0.6667500138282776,0.6667500138282776,82455200
2019-04-16,159928.SZ,0.6620000004768372,0.6784999966621399,0.6554999947547913,0.6784999966621399,0.6784999966621399,62734820
2019-04-17,159928.SZ,0.6777499914169312,0.6897500157356262,0.6729999780654907,0.6869999766349792,0.6869999766349792,60110400
2019-04-18,159928.SZ,0.6834999918937683,0.6880000233650208,0.6800000071525574,0.6852499842643738,0.6852499842643738,29902800
2019-04-19,159928.SZ,0.6847500205039978,0.6867499947547913,0.6747499704360962,0.6857500076293945,0.6857500076293945,46424800
2019-04-22,159928.SZ,0.687250018119812,0.6982499957084656,0.6809999942779541,0.6840000152587891,0.6840000152587891,75953976
2019-04-23,159928.SZ,0.6837499737739563,0.6949999928474426,0.675000011920929,0.6887500286102295,0.6887500286102295,57460000
2019-04-24,159928.SZ,0.6899999976158142,0.6959999799728394,0.6802499890327454,0.6902499794960022,0.6902499794960022,60478000
2019-04-25,159928.SZ,0.6875,0.6942499876022339,0.6792500019073486,0.6804999709129333,0.6804999709129333,72281824
2019-04-26,159928.SZ,0.6725000143051147,0.6894999742507935,0.6725000143051147,0.6790000200271606,0.6790000200271606,64005824
2019-05-06,159928.SZ,0.6742500066757202,0.6772500276565552,0.6517500281333923,0.6577500104904175,0.6577500104904175,118026948
2019-05-07,159928.SZ,0.65625,0.6744999885559082,0.65625,0.671999990940094,0.671999990940094,69483480
2019-05-08,159928.SZ,0.6635000109672546,0.6735000014305115,0.6522499918937683,0.6610000133514404,0.6610000133514404,43620800
2019-05-09,159928.SZ,0.6557499766349792,0.65625,0.6340000033378601,0.6417499780654907,0.6417499780654907,92310800
2019-05-10,159928.SZ,0.6467499732971191,0.672249972820282,0.6462500095367432,0.671750009059906,0.671750009059906,84939600
2019-05-13,159928.SZ,0.6697499752044678,0.6802499890327454,0.6582499742507935,0.6752499938011169,0.6752499938011169,75118384
2019-05-14,159928.SZ,0.6650000214576721,0.7049999833106995,0.6650000214576721,0.6702499985694885,0.6702499985694885,50953836
2019-05-15,159928.SZ,0.6769999861717224,0.7132499814033508,0.6754999756813049,0.7097499966621399,0.7097499966621399,106543020
2019-05-16,159928.SZ,0.7049999833106995,0.7329999804496765,0.6990000009536743,0.7287499904632568,0.7287499904632568,105494636
2019-05-17,159928.SZ,0.721750020980835,0.7225000262260437,0.7052500247955322,0.7139999866485596,0.7139999866485596,83184804
2019-05-20,159928.SZ,0.699999988079071,0.7024999856948853,0.675000011920929,0.6949999928474426,0.6949999928474426,95937900
2019-05-21,159928.SZ,0.6890000104904175,0.7014999985694885,0.6679999828338623,0.6947500109672546,0.6947500109672546,81371200
2019-05-22,159928.SZ,0.6875,0.6899999976158142,0.6772500276565552,0.6782500147819519,0.6782500147819519,65669600
2019-05-23,159928.SZ,0.672249972820282,0.6742500066757202,0.656000018119812,0.6585000157356262,0.6585000157356262,72591556
2019-05-24,159928.SZ,0.6582499742507935,0.6702499985694885,0.6557499766349792,0.6610000133514404,0.6610000133514404,64764376
2019-05-27,159928.SZ,0.6647499799728394,0.6740000247955322,0.6517500281333923,0.671999990940094,0.671999990940094,75870000
2019-05-28,159928.SZ,0.6712499856948853,0.6892499923706055,0.6682500243186951,0.6790000200271606,0.6790000200271606,86737828
2019-05-29,159928.SZ,0.6747499704360962,0.6862499713897705,0.6725000143051147,0.6817499995231628,0.6817499995231628,53673712
2019-05-30,159928.SZ,0.6790000200271606,0.6875,0.6737499833106995,0.6822500228881836,0.6822500228881836,61942112
2019-05-31,159928.SZ,0.6822500228881836,0.6867499947547913,0.6757500171661377,0.6779999732971191,0.6779999732971191,50728800
2019-06-03,159928.SZ,0.6797500252723694,0.6887500286102295,0.6752499938011169,0.6792500019073486,0.6792500019073486,58146032
2019-06-04,159928.SZ,0.6809999942779541,0.6809999942779541,0.6632500290870667,0.6685000061988831,0.6685000061988831,56435600
2019-06-05,159928.SZ,0.6729999780654907,0.6747499704360962,0.6664999723434448,0.6669999957084656,0.6669999957084656,40389900
2019-06-06,159928.SZ,0.6682500243186951,0.6685000061988831,0.6547499895095825,0.6572499871253967,0.6572499871253967,44409180
2019-06-10,159928.SZ,0.6575000286102295,0.671500027179718,0.6504999995231628,0.6704999804496765,0.6704999804496765,59038000
2019-06-11,159928.SZ,0.6704999804496765,0.7072499990463257,0.6700000166893005,0.706250011920929,0.706250011920929,122542636
2019-06-12,159928.SZ,0.7047500014305115,0.7055000066757202,0.6970000267028809,0.6980000138282776,0.6980000138282776,60766212
2019-06-13,159928.SZ,0.6997500061988831,0.7012500166893005,0.6865000128746033,0.6965000033378601,0.6965000033378601,63448044
2019-06-14,159928.SZ,0.6952499747276306,0.7020000219345093,0.6880000233650208,0.6882500052452087,0.6882500052452087,44246820
2019-06-17,159928.SZ,0.6880000233650208,0.6945000290870667,0.6775000095367432,0.6794999837875366,0.6794999837875366,54797600
2019-06-18,159928.SZ,0.6792500019073486,0.6862499713897705,0.6752499938011169,0.684249997138977,0.684249997138977,35256380
2019-06-19,159928.SZ,0.7042499780654907,0.7074999809265137,0.6882500052452087,0.6894999742507935,0.6894999742507935,86254000
2019-06-20,159928.SZ,0.6897500157356262,0.7137500047683716,0.687250018119812,0.7092499732971191,0.7092499732971191,125769564
2019-06-21,159928.SZ,0.7095000147819519,0.7124999761581421,0.7022500038146973,0.7092499732971191,0.7092499732971191,88626716
2019-06-24,159928.SZ,0.7087500095367432,0.7182499766349792,0.7012500166893005,0.7112500071525574,0.7112500071525574,88881600
2019-06-25,159928.SZ,0.7105000019073486,0.7114999890327454,0.6965000033378601,0.7067499756813049,0.7067499756813049,60705204
2019-06-26,159928.SZ,0.7022500038146973,0.7067499756813049,0.7002500295639038,0.703249990940094,0.703249990940094,46686124
2019-06-27,159928.SZ,0.7049999833106995,0.7162500023841858,0.7045000195503235,0.7147499918937683,0.7147499918937683,66206736
2019-06-28,159928.SZ,0.7145000100135803,0.7170000076293945,0.7099999785423279,0.715749979019165,0.715749979019165,72496000
2019-07-01,159928.SZ,0.7304999828338623,0.746999979019165,0.7250000238418579,0.746999979019165,0.746999979019165,100958500
2019-07-02,159928.SZ,0.7427499890327454,0.749750018119812,0.7417500019073486,0.7484999895095825,0.7484999895095825,71244380
2019-07-03,159928.SZ,0.7455000281333923,0.7519999742507935,0.734000027179718,0.737500011920929,0.737500011920929,104830364
2019-07-04,159928.SZ,0.7325000166893005,0.7367500066757202,0.7182499766349792,0.7222499847412109,0.7222499847412109,95069872
2019-07-05,159928.SZ,0.7210000157356262,0.7419999837875366,0.7210000157356262,0.7390000224113464,0.7390000224113464,77604000
2019-07-08,159928.SZ,0.7350000143051147,0.737500011920929,0.7195000052452087,0.731249988079071,0.731249988079071,80774800
2019-07-09,159928.SZ,0.7292500138282776,0.7369999885559082,0.7225000262260437,0.7319999933242798,0.7319999933242798,46665200
2019-07-10,159928.SZ,0.734000027179718,0.7372499704360962,0.7292500138282776,0.7319999933242798,0.7319999933242798,39821200
2019-07-11,159928.SZ,0.7350000143051147,0.7409999966621399,0.7289999723434448,0.7300000190734863,0.7300000190734863,53827200
2019-07-12,159928.SZ,0.7292500138282776,0.7384999990463257,0.7289999723434448,0.7372499704360962,0.7372499704360962,53385600
2019-07-15,159928.SZ,0.734499990940094,0.7412499785423279,0.7232499718666077,0.7400000095367432,0.7400000095367432,71062400
2019-07-16,159928.SZ,0.7382500171661377,0.7425000071525574,0.731249988079071,0.7315000295639038,0.7315000295639038,56412000
2019-07-17,159928.SZ,0.7300000190734863,0.7360000014305115,0.7275000214576721,0.7315000295639038,0.7315000295639038,43789232
2019-07-18,159928.SZ,0.7279999852180481,0.7302500009536743,0.7195000052452087,0.7197499871253967,0.7197499871253967,40844324
2019-07-19,159928.SZ,0.7202500104904175,0.7297499775886536,0.7202500104904175,0.7250000238418579,0.7250000238418579,28598856
2019-07-22,159928.SZ,0.7250000238418579,0.7279999852180481,0.7200000286102295,0.722000002861023,0.722000002861023,37514000
2019-07-23,159928.SZ,0.7229999899864197,0.7239999771118164,0.7105000019073486,0.7162500023841858,0.7162500023841858,45299600
2019-07-24,159928.SZ,0.7164999842643738,0.7214999794960022,0.715499997138977,0.7174999713897705,0.7174999713897705,36163204
2019-07-25,159928.SZ,0.7170000076293945,0.7250000238418579,0.7114999890327454,0.7250000238418579,0.7250000238418579,41059200
2019-07-26,159928.SZ,0.7235000133514404,0.7247499823570251,0.7202500104904175,0.7232499718666077,0.7232499718666077,27379600
2019-07-29,159928.SZ,0.7229999899864197,0.7325000166893005,0.718999981880188,0.731249988079071,0.731249988079071,39707484
2019-07-30,159928.SZ,0.7310000061988831,0.7335000038146973,0.7260000109672546,0.7294999957084656,0.7294999957084656,37086000
2019-07-31,159928.SZ,0.7275000214576721,0.7292500138282776,0.7200000286102295,0.7207499742507935,0.7207499742507935,32025600
2019-08-01,159928.SZ,0.718999981880188,0.7229999899864197,0.7132499814033508,0.7167500257492065,0.7167500257492065,37943600
2019-08-02,159928.SZ,0.7055000066757202,0.7149999737739563,0.699999988079071,0.7137500047683716,0.7137500047683716,35502000
2019-08-05,159928.SZ,0.7080000042915344,0.7164999842643738,0.7059999704360962,0.7067499756813049,0.7067499756813049,47502412
2019-08-06,159928.SZ,0.6987500190734863,0.703000009059906,0.6840000152587891,0.7005000114440918,0.7005000114440918,41140760
2019-08-07,159928.SZ,0.7052500247955322,0.7057499885559082,0.6965000033378601,0.6970000267028809,0.6970000267028809,21221200
2019-08-08,159928.SZ,0.6980000138282776,0.7097499966621399,0.6980000138282776,0.7042499780654907,0.7042499780654907,25149824
2019-08-09,159928.SZ,0.7074999809265137,0.7107499837875366,0.6924999952316284,0.6942499876022339,0.6942499876022339,32397200
2019-08-12,159928.SZ,0.6959999799728394,0.7072499990463257,0.6959999799728394,0.7067499756813049,0.7067499756813049,25124000
2019-08-13,159928.SZ,0.703000009059906,0.7082499861717224,0.7012500166893005,0.7047500014305115,0.7047500014305115,19140800
2019-08-14,159928.SZ,0.7120000123977661,0.7149999737739563,0.7099999785423279,0.7124999761581421,0.7124999761581421,30000224
2019-08-15,159928.SZ,0.703499972820282,0.7120000123977661,0.7014999985694885,0.7114999890327454,0.7114999890327454,22969200
2019-08-16,159928.SZ,0.7114999890327454,0.7289999723434448,0.7110000252723694,0.7210000157356262,0.7210000157356262,57452000
2019-08-19,159928.SZ,0.7277500033378601,0.7294999957084656,0.7114999890327454,0.7294999957084656,0.7294999957084656,60792400
2019-08-20,159928.SZ,0.7264999747276306,0.7300000190734863,0.7210000157356262,0.7287499904632568,0.7287499904632568,30385600
2019-08-21,159928.SZ,0.7269999980926514,0.7289999723434448,0.7229999899864197,0.7235000133514404,0.7235000133514404,24658400
2019-08-22,159928.SZ,0.7250000238418579,0.7354999780654907,0.7245000004768372,0.7350000143051147,0.7350000143051147,35803584
2019-08-23,159928.SZ,0.7350000143051147,0.7392500042915344,0.7315000295639038,0.7377499938011169,0.7377499938011169,34812800
2019-08-26,159928.SZ,0.7262499928474426,0.734000027179718,0.7239999771118164,0.7272499799728394,0.7272499799728394,34119984
2019-08-27,159928.SZ,0.7294999957084656,0.7517499923706055,0.7287499904632568,0.7465000152587891,0.7465000152587891,56765808
2019-08-28,159928.SZ,0.749750018119812,0.7580000162124634,0.7422500252723694,0.7555000185966492,0.7555000185966492,63580156
2019-08-29,159928.SZ,0.7555000185966492,0.7590000033378601,0.75,0.7570000290870667,0.7570000290870667,33144660
2019-08-30,159928.SZ,0.7590000033378601,0.7722499966621399,0.7574999928474426,0.765500009059906,0.765500009059906,50892800
2019-09-02,159928.SZ,0.765500009059906,0.7710000276565552,0.7609999775886536,0.7710000276565552,0.7710000276565552,45973492
2019-09-03,159928.SZ,0.7710000276565552,0.7774999737739563,0.7649999856948853,0.7692499756813049,0.7692499756813049,39502728
2019-09-04,159928.SZ,0.7680000066757202,0.7697499990463257,0.7572500109672546,0.762499988079071,0.762499988079071,42076400
2019-09-05,159928.SZ,0.7647500038146973,0.7699999809265137,0.7627500295639038,0.7670000195503235,0.7670000195503235,47648644
2019-09-06,159928.SZ,0.7695000171661377,0.7695000171661377,0.7574999928474426,0.7637500166893005,0.7637500166893005,40800400
2019-09-09,159928.SZ,0.7639999985694885,0.7649999856948853,0.7599999904632568,0.7617499828338623,0.7617499828338623,39827696
2019-09-10,159928.SZ,0.7612500190734863,0.7630000114440918,0.7572500109672546,0.7612500190734863,0.7612500190734863,31270000
2019-09-11,159928.SZ,0.7612500190734863,0.762499988079071,0.7397500276565552,0.7400000095367432,0.7400000095367432,68091852
2019-09-12,159928.SZ,0.7390000224113464,0.7432500123977661,0.737500011920929,0.7432500123977661,0.7432500123977661,41604800
2019-09-16,159928.SZ,0.7412499785423279,0.7437499761581421,0.7362499833106995,0.7404999732971191,0.7404999732971191,41160844
2019-09-17,159928.SZ,0.7392500042915344,0.7429999709129333,0.7335000038146973,0.7365000247955322,0.7365000247955322,41972000
2019-09-18,159928.SZ,0.737500011920929,0.7512500286102295,0.737500011920929,0.7509999871253967,0.7509999871253967,61414400
2019-09-19,159928.SZ,0.750249981880188,0.7512500286102295,0.7409999966621399,0.7512500286102295,0.7512500286102295,33762660
2019-09-20,159928.SZ,0.7512500286102295,0.7557500004768372,0.750249981880188,0.7519999742507935,0.7519999742507935,32545600
2019-09-23,159928.SZ,0.750249981880188,0.750249981880188,0.7387499809265137,0.7427499890327454,0.7427499890327454,36782232
2019-09-24,159928.SZ,0.7427499890327454,0.7509999871253967,0.7427499890327454,0.7459999918937683,0.7459999918937683,30878400
2019-09-25,159928.SZ,0.7440000176429749,0.7487499713897705,0.7402499914169312,0.7437499761581421,0.7437499761581421,23527200
2019-09-26,159928.SZ,0.7437499761581421,0.7477499842643738,0.7264999747276306,0.7317500114440918,0.7317500114440918,50395472
2019-09-27,159928.SZ,0.7307500243186951,0.7382500171661377,0.7250000238418579,0.7337499856948853,0.7337499856948853,33473596
2019-09-30,159928.SZ,0.7304999828338623,0.737500011920929,0.7300000190734863,0.7302500009536743,0.7302500009536743,27643600
2019-10-08,159928.SZ,0.7300000190734863,0.7442499995231628,0.7282500267028809,0.7415000200271606,0.7415000200271606,37118660
2019-10-09,159928.SZ,0.7412499785423279,0.7412499785423279,0.7302500009536743,0.7350000143051147,0.7350000143051147,26035200
2019-10-10,159928.SZ,0.7332500219345093,0.7437499761581421,0.7250000238418579,0.7412499785423279,0.7412499785423279,40301948
2019-10-11,159928.SZ,0.7407500147819519,0.7494999766349792,0.7382500171661377,0.7450000047683716,0.7450000047683716,38638400
2019-10-14,159928.SZ,0.7472500205039978,0.749750018119812,0.7400000095367432,0.7490000128746033,0.7490000128746033,47577132
2019-10-15,159928.SZ,0.7477499842643738,0.7524999976158142,0.7432500123977661,0.7519999742507935,0.7519999742507935,40085748
2019-10-16,159928.SZ,0.7492499947547913,0.7494999766349792,0.7404999732971191,0.7419999837875366,0.7419999837875366,41725600
2019-10-17,159928.SZ,0.7419999837875366,0.7429999709129333,0.7392500042915344,0.7404999732971191,0.7404999732971191,17582400
2019-10-18,159928.SZ,0.7397500276565552,0.7444999814033508,0.7362499833106995,0.7369999885559082,0.7369999885559082,25824400
2019-10-21,159928.SZ,0.7369999885559082,0.7440000176429749,0.7350000143051147,0.7417500019073486,0.7417500019073486,23170140
2019-10-22,159928.SZ,0.7425000071525574,0.7459999918937683,0.7394999861717224,0.7450000047683716,0.7450000047683716,26002080
2019-10-23,159928.SZ,0.7450000047683716,0.7509999871253967,0.7367500066757202,0.7377499938011169,0.7377499938011169,43110592
2019-10-24,159928.SZ,0.7379999756813049,0.7387499809265137,0.7289999723434448,0.731249988079071,0.731249988079071,30121600
2019-10-25,159928.SZ,0.7317500114440918,0.75,0.7310000061988831,0.749750018119812,0.749750018119812,63431600
2019-10-28,159928.SZ,0.7490000128746033,0.7572500109672546,0.7455000281333923,0.7562500238418579,0.7562500238418579,45805600
2019-10-29,159928.SZ,0.7562500238418579,0.768750011920929,0.7542499899864197,0.7642499804496765,0.7642499804496765,45272800
2019-10-30,159928.SZ,0.7642499804496765,0.765500009059906,0.7527499794960022,0.7607499957084656,0.7607499957084656,25164400
2019-10-31,159928.SZ,0.7649999856948853,0.7732499837875366,0.7599999904632568,0.7632499933242798,0.7632499933242798,40265316
2019-11-01,159928.SZ,0.7627500295639038,0.7684999704360962,0.7557500004768372,0.765999972820282,0.765999972820282,27071432
2019-11-04,159928.SZ,0.7662500143051147,0.7727500200271606,0.765250027179718,0.7705000042915344,0.7705000042915344,26196108
2019-11-05,159928.SZ,0.7695000171661377,0.7795000076293945,0.768750011920929,0.7757499814033508,0.7757499814033508,42663476
2019-11-06,159928.SZ,0.7757499814033508,0.7789999842643738,0.7632499933242798,0.7667499780654907,0.7667499780654907,41713476
2019-11-07,159928.SZ,0.7662500143051147,0.7749999761581421,0.765250027179718,0.7712500095367432,0.7712500095367432,25070276
2019-11-08,159928.SZ,0.7772499918937683,0.7772499918937683,0.7695000171661377,0.7699999809265137,0.7699999809265137,25411200
2019-11-11,159928.SZ,0.7682499885559082,0.7710000276565552,0.7597500085830688,0.7609999775886536,0.7609999775886536,45291600
2019-11-12,159928.SZ,0.7612500190734863,0.7664999961853027,0.7580000162124634,0.7642499804496765,0.7642499804496765,25487200
2019-11-13,159928.SZ,0.7620000243186951,0.7682499885559082,0.7615000009536743,0.7674999833106995,0.7674999833106995,21693200
2019-11-14,159928.SZ,0.7674999833106995,0.7712500095367432,0.7637500166893005,0.7684999704360962,0.7684999704360962,29009200
2019-11-15,159928.SZ,0.7702500224113464,0.7702500224113464,0.7580000162124634,0.7587500214576721,0.7587500214576721,48695200
2019-11-18,159928.SZ,0.7567499876022339,0.762499988079071,0.7537500262260437,0.7615000009536743,0.7615000009536743,23755200
2019-11-19,159928.SZ,0.7615000009536743,0.7692499756813049,0.7605000138282776,0.7680000066757202,0.7680000066757202,22746000
2019-11-20,159928.SZ,0.7662500143051147,0.7730000019073486,0.765250027179718,0.7667499780654907,0.7667499780654907,29126800
2019-11-21,159928.SZ,0.762499988079071,0.7672500014305115,0.7605000138282776,0.7632499933242798,0.7632499933242798,24749600
2019-11-22,159928.SZ,0.7634999752044678,0.7672500014305115,0.7444999814033508,0.7484999895095825,0.7484999895095825,67629600
2019-11-25,159928.SZ,0.7480000257492065,0.7484999895095825,0.7384999990463257,0.7442499995231628,0.7442499995231628,29874348
2019-11-26,159928.SZ,0.7452499866485596,0.7537500262260437,0.7444999814033508,0.7509999871253967,0.7509999871253967,33757600
2019-11-27,159928.SZ,0.75,0.7534999847412109,0.746749997138977,0.7505000233650208,0.7505000233650208,28126400
2019-11-28,159928.SZ,0.7509999871253967,0.7537500262260437,0.7452499866485596,0.7482500076293945,0.7482500076293945,23506800
2019-11-29,159928.SZ,0.7472500205039978,0.7472500205039978,0.7264999747276306,0.7317500114440918,0.7317500114440918,69843476
2019-12-02,159928.SZ,0.7310000061988831,0.7417500019073486,0.7310000061988831,0.7369999885559082,0.7369999885559082,34260644
2019-12-03,159928.SZ,0.734250009059906,0.7372499704360962,0.7315000295639038,0.7369999885559082,0.7369999885559082,30093200
2019-12-04,159928.SZ,0.7382500171661377,0.7412499785423279,0.7319999933242798,0.7367500066757202,0.7367500066757202,28998400
2019-12-05,159928.SZ,0.7369999885559082,0.7390000224113464,0.7337499856948853,0.7384999990463257,0.7384999990463257,37926800
2019-12-06,159928.SZ,0.7390000224113464,0.746999979019165,0.7387499809265137,0.746999979019165,0.746999979019165,41456924
2019-12-09,159928.SZ,0.75,0.750249981880188,0.7419999837875366,0.7425000071525574,0.7425000071525574,26649576
2019-12-10,159928.SZ,0.7422500252723694,0.7425000071525574,0.734749972820282,0.7392500042915344,0.7392500042915344,34693200
2019-12-11,159928.SZ,0.7392500042915344,0.7392500042915344,0.7300000190734863,0.7310000061988831,0.7310000061988831,62701400
2019-12-12,159928.SZ,0.7307500243186951,0.7329999804496765,0.7257500290870667,0.7272499799728394,0.7272499799728394,57591548
2019-12-13,159928.SZ,0.7307500243186951,0.7362499833106995,0.7294999957084656,0.7354999780654907,0.7354999780654907,56759600
2019-12-16,159928.SZ,0.737500011920929,0.737500011920929,0.7287499904632568,0.7325000166893005,0.7325000166893005,73158400
2019-12-17,159928.SZ,0.7327499985694885,0.7440000176429749,0.7325000166893005,0.7437499761581421,0.7437499761581421,85474400
2019-12-18,159928.SZ,0.7437499761581421,0.7462499737739563,0.7390000224113464,0.7404999732971191,0.7404999732971191,76880800
2019-12-19,159928.SZ,0.7404999732971191,0.7404999732971191,0.7335000038146973,0.7357500195503235,0.7357500195503235,42769200
2019-12-20,159928.SZ,0.737500011920929,0.737500011920929,0.7335000038146973,0.7352499961853027,0.7352499961853027,38940628
2019-12-23,159928.SZ,0.7327499985694885,0.7372499704360962,0.7275000214576721,0.7277500033378601,0.7277500033378601,55916800
2019-12-24,159928.SZ,0.7277500033378601,0.7310000061988831,0.7257500290870667,0.7302500009536743,0.7302500009536743,30722800
2019-12-25,159928.SZ,0.7300000190734863,0.7304999828338623,0.7235000133514404,0.7262499928474426,0.7262499928474426,61384312
2019-12-26,159928.SZ,0.7257500290870667,0.7267500162124634,0.7235000133514404,0.7254999876022339,0.7254999876022339,49439536
2019-12-27,159928.SZ,0.7254999876022339,0.7394999861717224,0.7254999876022339,0.734499990940094,0.734499990940094,97458396
2019-12-30,159928.SZ,0.734749972820282,0.75,0.734000027179718,0.75,0.75,119430000
2019-12-31,159928.SZ,0.750249981880188,0.7552499771118164,0.75,0.7544999718666077,0.7544999718666077,70629776
2020-01-02,159928.SZ,0.7612500190734863,0.7615000009536743,0.7475000023841858,0.7562500238418579,0.7562500238418579,78001144
2020-01-03,159928.SZ,0.7559999823570251,0.7592499852180481,0.7475000023841858,0.7519999742507935,0.7519999742507935,79616440
2020-01-06,159928.SZ,0.7475000023841858,0.7570000290870667,0.7465000152587891,0.753250002861023,0.753250002861023,99961200
2020-01-07,159928.SZ,0.7534999847412109,0.7714999914169312,0.7534999847412109,0.7699999809265137,0.7699999809265137,74339492
2020-01-08,159928.SZ,0.7674999833106995,0.7730000019073486,0.7632499933242798,0.7647500038146973,0.7647500038146973,48664292
2020-01-09,159928.SZ,0.7667499780654907,0.7767500281333923,0.7667499780654907,0.7767500281333923,0.7767500281333923,59716692
2020-01-10,159928.SZ,0.7747499942779541,0.7767500281333923,0.768750011920929,0.7742499709129333,0.7742499709129333,52401492
2020-01-13,159928.SZ,0.7739999890327454,0.7860000133514404,0.7735000252723694,0.7857499718666077,0.7857499718666077,53033868
2020-01-14,159928.SZ,0.7872499823570251,0.7875000238418579,0.7774999737739563,0.7795000076293945,0.7795000076293945,50393600
2020-01-15,159928.SZ,0.7770000100135803,0.7879999876022339,0.7770000100135803,0.7807499766349792,0.7807499766349792,43492000
2020-01-16,159928.SZ,0.7822499871253967,0.7847499847412109,0.778249979019165,0.7822499871253967,0.7822499871253967,41744400
2020-01-17,159928.SZ,0.7825000286102295,0.7847499847412109,0.7749999761581421,0.7760000228881836,0.7760000228881836,60113040
2020-01-20,159928.SZ,0.7774999737739563,0.7832499742507935,0.7692499756813049,0.7747499942779541,0.7747499942779541,76298192
2020-01-21,159928.SZ,0.7732499837875366,0.7732499837875366,0.7570000290870667,0.7582499980926514,0.7582499980926514,94944044
2020-01-22,159928.SZ,0.7527499794960022,0.7580000162124634,0.7422500252723694,0.7555000185966492,0.7555000185966492,78283200
2020-01-23,159928.SZ,0.7494999766349792,0.7494999766349792,0.718999981880188,0.7267500162124634,0.7267500162124634,140890000
2020-02-03,159928.SZ,0.6539999842643738,0.675000011920929,0.6539999842643738,0.6539999842643738,0.6539999842643738,124467500
2020-02-04,159928.SZ,0.6474999785423279,0.6822500228881836,0.6474999785423279,0.6807500123977661,0.6807500123977661,89137776
2020-02-05,159928.SZ,0.6822500228881836,0.6962500214576721,0.6807500123977661,0.6937500238418579,0.6937500238418579,65644080
2020-02-06,159928.SZ,0.6962500214576721,0.7172499895095825,0.6927499771118164,0.7152500152587891,0.7152500152587891,128927200
2020-02-07,159928.SZ,0.7139999866485596,0.7237499952316284,0.7064999938011169,0.7237499952316284,0.7237499952316284,82268200
2020-02-10,159928.SZ,0.7182499766349792,0.734250009059906,0.7172499895095825,0.7327499985694885,0.7327499985694885,84292856
2020-02-11,159928.SZ,0.7327499985694885,0.7442499995231628,0.7294999957084656,0.7372499704360962,0.7372499704360962,200697220
2020-02-12,159928.SZ,0.7352499961853027,0.7412499785423279,0.734250009059906,0.7397500276565552,0.7397500276565552,40765204
2020-02-13,159928.SZ,0.7377499938011169,0.7455000281333923,0.7354999780654907,0.7360000014305115,0.7360000014305115,66916396
2020-02-14,159928.SZ,0.7362499833106995,0.7444999814033508,0.734749972820282,0.7417500019073486,0.7417500019073486,120377180
2020-02-17,159928.SZ,0.7415000200271606,0.7544999718666077,0.7382500171661377,0.7544999718666077,0.7544999718666077,76022640
2020-02-18,159928.SZ,0.7544999718666077,0.7544999718666077,0.7457500100135803,0.7505000233650208,0.7505000233650208,59214676
2020-02-19,159928.SZ,0.7505000233650208,0.7649999856948853,0.749750018119812,0.7602499723434448,0.7602499723434448,57006788
2020-02-20,159928.SZ,0.7630000114440918,0.7764999866485596,0.7630000114440918,0.7747499942779541,0.7747499942779541,212169600
2020-02-21,159928.SZ,0.7757499814033508,0.7770000100135803,0.7667499780654907,0.7707499861717224,0.7707499861717224,392351500
2020-02-24,159928.SZ,0.7695000171661377,0.7697499990463257,0.7549999952316284,0.7620000243186951,0.7620000243186951,115671360
2020-02-25,159928.SZ,0.7505000233650208,0.7615000009536743,0.7447500228881836,0.7597500085830688,0.7597500085830688,96153172
2020-02-26,159928.SZ,0.7549999952316284,0.7627500295639038,0.75,0.753000020980835,0.753000020980835,69813468
2020-02-27,159928.SZ,0.7542499899864197,0.7702500224113464,0.7542499899864197,0.7645000219345093,0.7645000219345093,103404204
2020-02-28,159928.SZ,0.749750018119812,0.7534999847412109,0.7279999852180481,0.7329999804496765,0.7329999804496765,108237552
2020-03-02,159928.SZ,0.7332500219345093,0.7584999799728394,0.7332500219345093,0.7557500004768372,0.7557500004768372,81178400
2020-03-03,159928.SZ,0.7597500085830688,0.7672500014305115,0.7592499852180481,0.7622500061988831,0.7622500061988831,78683080
2020-03-04,159928.SZ,0.7622500061988831,0.7749999761581421,0.7599999904632568,0.7749999761581421,0.7749999761581421,88970000
2020-03-05,159928.SZ,0.7787500023841858,0.8159999847412109,0.7770000100135803,0.8125,0.8125,314974168
2020-03-06,159928.SZ,0.8097500205039978,0.8172500133514404,0.7950000166893005,0.797249972820282,0.797249972820282,299622968
2020-03-09,159928.SZ,0.7900000214576721,0.7900000214576721,0.7727500200271606,0.7730000019073486,0.7730000019073486,167621504
2020-03-10,159928.SZ,0.7674999833106995,0.7929999828338623,0.7597500085830688,0.7882500290870667,0.7882500290870667,198931996
2020-03-11,159928.SZ,0.7912499904632568,0.7997499704360962,0.7832499742507935,0.784500002861023,0.784500002861023,128681600
2020-03-12,159928.SZ,0.7739999890327454,0.7739999890327454,0.7590000033378601,0.7630000114440918,0.7630000114440918,107130400
2020-03-13,159928.SZ,0.7252500057220459,0.7597500085830688,0.7252500057220459,0.7512500286102295,0.7512500286102295,150282956
2020-03-16,159928.SZ,0.7599999904632568,0.7599999904632568,0.7149999737739563,0.7210000157356262,0.7210000157356262,171139760
2020-03-17,159928.SZ,0.7145000100135803,0.7300000190734863,0.6890000104904175,0.7105000019073486,0.7105000019073486,158233456
2020-03-18,159928.SZ,0.7107499837875366,0.7365000247955322,0.7072499990463257,0.7077500224113464,0.7077500224113464,129810000
2020-03-19,159928.SZ,0.7085000276565552,0.7120000123977661,0.6782500147819519,0.6990000009536743,0.6990000009536743,171336160
2020-03-20,159928.SZ,0.7052500247955322,0.71875,0.699999988079071,0.7179999947547913,0.7179999947547913,86785192
2020-03-23,159928.SZ,0.6970000267028809,0.7057499885559082,0.6887500286102295,0.6972500085830688,0.6972500085830688,166958800
2020-03-24,159928.SZ,0.706250011920929,0.7212499976158142,0.7045000195503235,0.7202500104904175,0.7202500104904175,137713200
2020-03-25,159928.SZ,0.7427499890327454,0.7427499890327454,0.7282500267028809,0.7362499833106995,0.7362499833106995,188382000
2020-03-26,159928.SZ,0.7267500162124634,0.7450000047683716,0.7267500162124634,0.7350000143051147,0.7350000143051147,135037884
2020-03-27,159928.SZ,0.7444999814033508,0.75,0.7404999732971191,0.7409999966621399,0.7409999966621399,159095324
2020-03-30,159928.SZ,0.734000027179718,0.7427499890327454,0.7307500243186951,0.7404999732971191,0.7404999732971191,136552116
2020-03-31,159928.SZ,0.7472500205039978,0.7707499861717224,0.7450000047683716,0.7699999809265137,0.7699999809265137,180332088
2020-04-01,159928.SZ,0.7705000042915344,0.7714999914169312,0.7559999823570251,0.7620000243186951,0.7620000243186951,177508520
2020-04-02,159928.SZ,0.7557500004768372,0.7674999833106995,0.753250002861023,0.7672500014305115,0.7672500014305115,103751200
2020-04-03,159928.SZ,0.7634999752044678,0.7807499766349792,0.762499988079071,0.7722499966621399,0.7722499966621399,130154724
2020-04-07,159928.SZ,0.7804999947547913,0.8022500276565552,0.7804999947547913,0.7979999780654907,0.7979999780654907,171806376
2020-04-08,159928.SZ,0.7944999933242798,0.7982500195503235,0.7875000238418579,0.7900000214576721,0.7900000214576721,117317168
2020-04-09,159928.SZ,0.7950000166893005,0.7954999804496765,0.7847499847412109,0.7912499904632568,0.7912499904632568,109108852
2020-04-10,159928.SZ,0.7919999957084656,0.8054999709129333,0.7892500162124634,0.7935000061988831,0.7935000061988831,170266800
2020-04-13,159928.SZ,0.7854999899864197,0.7902500033378601,0.7795000076293945,0.784500002861023,0.784500002861023,108526000
2020-04-14,159928.SZ,0.7885000109672546,0.7997499704360962,0.784500002861023,0.7985000014305115,0.7985000014305115,78856820
2020-04-15,159928.SZ,0.7992500066757202,0.8022500276565552,0.7902500033378601,0.7912499904632568,0.7912499904632568,98496732
2020-04-16,159928.SZ,0.7894999980926514,0.7940000295639038,0.7850000262260437,0.7892500162124634,0.7892500162124634,79976800
2020-04-17,159928.SZ,0.7925000190734863,0.8029999732971191,0.7904999852180481,0.7954999804496765,0.7954999804496765,114159400
2020-04-20,159928.SZ,0.7987499833106995,0.8007500171661377,0.793749988079071,0.7997499704360962,0.7997499704360962,94327800
2020-04-21,159928.SZ,0.7975000143051147,0.7982500195503235,0.784250020980835,0.7900000214576721,0.7900000214576721,77049596
2020-04-22,159928.SZ,0.7864999771118164,0.8169999718666077,0.784250020980835,0.8159999847412109,0.8159999847412109,159690936
2020-04-23,159928.SZ,0.8162500262260437,0.8322499990463257,0.812749981880188,0.8192499876022339,0.8192499876022339,110604936
2020-04-24,159928.SZ,0.8192499876022339,0.8262500166893005,0.8125,0.8205000162124634,0.8205000162124634,195068800
2020-04-27,159928.SZ,0.8227499723434448,0.8299999833106995,0.8162500262260437,0.8252500295639038,0.8252500295639038,92432308
2020-04-28,159928.SZ,0.8255000114440918,0.8432499766349792,0.8182500004768372,0.840749979019165,0.840749979019165,89612992
2020-04-29,159928.SZ,0.8377500176429749,0.8385000228881836,0.8182500004768372,0.8199999928474426,0.8199999928474426,169024228
2020-04-30,159928.SZ,0.8227499723434448,0.8255000114440918,0.8142499923706055,0.8199999928474426,0.8199999928474426,143643696
2020-05-06,159928.SZ,0.815750002861023,0.8272500038146973,0.8102499842643738,0.8255000114440918,0.8255000114440918,101030000
2020-05-07,159928.SZ,0.8242499828338623,0.8410000205039978,0.8234999775886536,0.8367499709129333,0.8367499709129333,163432592
2020-05-08,159928.SZ,0.8389999866485596,0.8479999899864197,0.8322499990463257,0.8412500023841858,0.8412500023841858,242308800
2020-05-11,159928.SZ,0.8414999842643738,0.8485000133514404,0.8274999856948853,0.8307499885559082,0.8307499885559082,137176132
2020-05-12,159928.SZ,0.8289999961853027,0.8389999866485596,0.8264999985694885,0.8374999761581421,0.8374999761581421,121064168
2020-05-13,159928.SZ,0.8370000123977661,0.8489999771118164,0.8327500224113464,0.8485000133514404,0.8485000133514404,91011200
2020-05-14,159928.SZ,0.846750020980835,0.846750020980835,0.8367499709129333,0.8370000123977661,0.8370000123977661,101676400
2020-05-15,159928.SZ,0.8374999761581421,0.8417500257492065,0.828000009059906,0.831250011920929,0.831250011920929,112578200
2020-05-18,159928.SZ,0.8307499885559082,0.856249988079071,0.8289999961853027,0.8532500267028809,0.8532500267028809,170296564
2020-05-19,159928.SZ,0.8577499985694885,0.8587499856948853,0.8482499718666077,0.8539999723434448,0.8539999723434448,103098192
2020-05-20,159928.SZ,0.8535000085830688,0.8539999723434448,0.8447499871253967,0.8475000262260437,0.8475000262260437,101032800
2020-05-21,159928.SZ,0.8464999794960022,0.8522499799728394,0.8412500023841858,0.843999981880188,0.843999981880188,70445200
2020-05-22,159928.SZ,0.8420000076293945,0.8420000076293945,0.8177499771118164,0.8220000267028809,0.8220000267028809,155803200
2020-05-25,159928.SZ,0.8192499876022339,0.8399999737739563,0.8162500262260437,0.8387500047683716,0.8387500047683716,145034268
2020-05-26,159928.SZ,0.8392500281333923,0.8450000286102295,0.8347499966621399,0.8442500233650208,0.8442500233650208,91044236
2020-05-27,159928.SZ,0.843500018119812,0.843999981880188,0.8327500224113464,0.8355000019073486,0.8355000019073486,69395200
2020-05-28,159928.SZ,0.8335000276565552,0.8397499918937683,0.8232499957084656,0.8324999809265137,0.8324999809265137,82562000
2020-05-29,159928.SZ,0.8257499933242798,0.8445000052452087,0.8257499933242798,0.8424999713897705,0.8424999713897705,86304048
2020-06-01,159928.SZ,0.8500000238418579,0.8690000176429749,0.8500000238418579,0.8650000095367432,0.8650000095367432,118909092
2020-06-02,159928.SZ,0.8642500042915344,0.8732500076293945,0.859499990940094,0.8622499704360962,0.8622499704360962,102294376
2020-06-03,159928.SZ,0.862500011920929,0.8679999709129333,0.8560000061988831,0.8577499985694885,0.8577499985694885,101977440
2020-06-04,159928.SZ,0.8607500195503235,0.8667500019073486,0.8579999804496765,0.8640000224113464,0.8640000224113464,71475840
2020-06-05,159928.SZ,0.8642500042915344,0.8642500042915344,0.8550000190734863,0.8632500171661377,0.8632500171661377,70878432
2020-06-08,159928.SZ,0.8662499785423279,0.8765000104904175,0.8632500171661377,0.8677499890327454,0.8677499890327454,119823200
2020-06-09,159928.SZ,0.8682500123977661,0.8742499947547913,0.8634999990463257,0.8737499713897705,0.8737499713897705,59296000
2020-06-10,159928.SZ,0.8734999895095825,0.8799999952316284,0.8725000023841858,0.878250002861023,0.878250002861023,72236992
2020-06-11,159928.SZ,0.8769999742507935,0.8772500157356262,0.8565000295639038,0.8622499704360962,0.8622499704360962,173088800
2020-06-12,159928.SZ,0.8495000004768372,0.8679999709129333,0.8454999923706055,0.8627499938011169,0.8627499938011169,118105200
2020-06-15,159928.SZ,0.8604999780654907,0.8687499761581421,0.8565000295639038,0.859749972820282,0.859749972820282,110413200
2020-06-16,159928.SZ,0.862500011920929,0.8677499890327454,0.8612499833106995,0.8675000071525574,0.8675000071525574,221076000
2020-06-17,159928.SZ,0.8677499890327454,0.871749997138977,0.8615000247955322,0.8700000047683716,0.8700000047683716,97197200
2020-06-18,159928.SZ,0.8690000176429749,0.8784999847412109,0.8642500042915344,0.8769999742507935,0.8769999742507935,100877200
2020-06-19,159928.SZ,0.875249981880188,0.8982499837875366,0.874750018119812,0.8922500014305115,0.8922500014305115,215802032
2020-06-22,159928.SZ,0.8960000276565552,0.8995000123977661,0.8897500038146973,0.8947499990463257,0.8947499990463257,136754432
2020-06-23,159928.SZ,0.893750011920929,0.909500002861023,0.8927500247955322,0.90625,0.90625,77753880
2020-06-24,159928.SZ,0.9100000262260437,0.9164999723434448,0.906000018119812,0.9142500162124634,0.9142500162124634,79974004
2020-06-29,159928.SZ,0.9114999771118164,0.9185000061988831,0.9089999794960022,0.9172499775886536,0.9172499775886536,61252400
2020-06-30,159928.SZ,0.9185000061988831,0.9332500100135803,0.9185000061988831,0.9287499785423279,0.9287499785423279,83808400
2020-07-01,159928.SZ,0.9297500252723694,0.9642500281333923,0.9297500252723694,0.9577500224113464,0.9577500224113464,132875452
2020-07-02,159928.SZ,0.9599999785423279,0.9800000190734863,0.9549999833106995,0.9745000004768372,0.9745000004768372,110642000
2020-07-03,159928.SZ,0.9750000238418579,0.9762499928474426,0.9552500247955322,0.9762499928474426,0.9762499928474426,131599740
2020-07-06,159928.SZ,0.9762499928474426,1.0149999856948853,0.972000002861023,1.0115000009536743,1.0115000009536743,129592844
2020-07-07,159928.SZ,1.0199999809265137,1.0484999418258667,1.0197499990463257,1.0297499895095825,1.0297499895095825,156953236
2020-07-08,159928.SZ,1.027500033378601,1.0414999723434448,1.0204999446868896,1.0412499904632568,1.0412499904632568,133368376
2020-07-09,159928.SZ,1.0432499647140503,1.0549999475479126,1.0390000343322754,1.0549999475479126,1.0549999475479126,161925840
2020-07-10,159928.SZ,1.0535000562667847,1.0677499771118164,1.0447499752044678,1.059999942779541,1.059999942779541,113570688
2020-07-13,159928.SZ,1.059499979019165,1.1145000457763672,1.0575000047683716,1.1117500066757202,1.1117500066757202,174647416
2020-07-14,159928.SZ,1.1119999885559082,1.11899995803833,1.0742499828338623,1.1039999723434448,1.1039999723434448,212797344
2020-07-15,159928.SZ,1.1047500371932983,1.1262500286102295,1.096250057220459,1.1177500486373901,1.1177500486373901,198359920
2020-07-16,159928.SZ,1.1072499752044678,1.1072499752044678,1.027999997138977,1.033750057220459,1.033750057220459,350242820
2020-07-17,159928.SZ,1.0167499780654907,1.0640000104904175,1.0164999961853027,1.0572500228881836,1.0572500228881836,230430100
2020-07-20,159928.SZ,1.0679999589920044,1.0732500553131104,1.0195000171661377,1.0552500486373901,1.0552500486373901,154201764
2020-07-21,159928.SZ,1.0537500381469727,1.0785000324249268,1.0487500429153442,1.0672500133514404,1.0672500133514404,130236080
2020-07-22,159928.SZ,1.065750002861023,1.0950000286102295,1.0575000047683716,1.0867500305175781,1.0867500305175781,147136860
2020-07-23,159928.SZ,1.0867500305175781,1.0927499532699585,1.0644999742507935,1.0859999656677246,1.0859999656677246,167958824
2020-07-24,159928.SZ,1.0822499990463257,1.0822499990463257,1.0357500314712524,1.0475000143051147,1.0475000143051147,176622464
2020-07-27,159928.SZ,1.0479999780654907,1.0670000314712524,1.0420000553131104,1.0535000562667847,1.0535000562667847,126414000
2020-07-28,159928.SZ,1.0582499504089355,1.096250057220459,1.0582499504089355,1.0915000438690186,1.0915000438690186,181479600
2020-07-29,159928.SZ,1.0867500305175781,1.1019999980926514,1.0705000162124634,1.0994999408721924,1.0994999408721924,601452644
2020-07-30,159928.SZ,1.097499966621399,1.1150000095367432,1.0924999713897705,1.1050000190734863,1.1050000190734863,303580588
2020-07-31,159928.SZ,1.1015000343322754,1.1204999685287476,1.0892499685287476,1.1104999780654907,1.1104999780654907,203600720
2020-08-03,159928.SZ,1.1152499914169312,1.125249981880188,1.1130000352859497,1.125,1.125,150419444
2020-08-04,159928.SZ,1.1262500286102295,1.1354999542236328,1.1147500276565552,1.1182500123977661,1.1182500123977661,254863024
2020-08-05,159928.SZ,1.1162500381469727,1.1337499618530273,1.1052500009536743,1.1334999799728394,1.1334999799728394,159635224
2020-08-06,159928.SZ,1.1319999694824219,1.1327500343322754,1.100000023841858,1.1100000143051147,1.1100000143051147,248589636
2020-08-07,159928.SZ,1.1045000553131104,1.1130000352859497,1.0740000009536743,1.0882500410079956,1.0882500410079956,447742692
2020-08-10,159928.SZ,1.090000033378601,1.0989999771118164,1.0800000429153442,1.093999981880188,1.093999981880188,310731428
2020-08-11,159928.SZ,1.0989999771118164,1.121500015258789,1.0957499742507935,1.0982500314712524,1.0982500314712524,246334352
2020-08-12,159928.SZ,1.097749948501587,1.0994999408721924,1.0670000314712524,1.0824999809265137,1.0824999809265137,143211708
2020-08-13,159928.SZ,1.0829999446868896,1.097249984741211,1.0829999446868896,1.0882500410079956,1.0882500410079956,101586908
2020-08-14,159928.SZ,1.0880000591278076,1.1119999885559082,1.0880000591278076,1.1104999780654907,1.1104999780654907,141330416
2020-08-17,159928.SZ,1.1150000095367432,1.125,1.1122499704360962,1.122249960899353,1.122249960899353,125950988
2020-08-18,159928.SZ,1.1237499713897705,1.1447499990463257,1.1174999475479126,1.1387499570846558,1.1387499570846558,129650164
2020-08-19,159928.SZ,1.1354999542236328,1.1484999656677246,1.127750039100647,1.1345000267028809,1.1345000267028809,128620900
2020-08-20,159928.SZ,1.125,1.128000020980835,1.1077500581741333,1.1152499914169312,1.1152499914169312,109456800
2020-08-21,159928.SZ,1.1154999732971191,1.1349999904632568,1.1154999732971191,1.128749966621399,1.128749966621399,111063448
2020-08-24,159928.SZ,1.128749966621399,1.1542500257492065,1.128749966621399,1.152999997138977,1.152999997138977,125259200
2020-08-25,159928.SZ,1.1495000123977661,1.1732499599456787,1.1495000123977661,1.1657500267028809,1.1657500267028809,184891568
2020-08-26,159928.SZ,1.1649999618530273,1.1792500019073486,1.15024995803833,1.1617499589920044,1.1617499589920044,160628480
2020-08-27,159928.SZ,1.1634999513626099,1.1790000200271606,1.156999945640564,1.1790000200271606,1.1790000200271606,155202444
2020-08-28,159928.SZ,1.1799999475479126,1.22475004196167,1.1762499809265137,1.2174999713897705,1.2174999713897705,178058136
2020-08-31,159928.SZ,1.2315000295639038,1.2415000200271606,1.2174999713897705,1.2197500467300415,1.2197500467300415,235595200
2020-09-01,159928.SZ,1.2144999504089355,1.2197500467300415,1.1974999904632568,1.2174999713897705,1.2174999713897705,181743908
2020-09-02,159928.SZ,1.218250036239624,1.2337499856948853,1.2092499732971191,1.2237499952316284,1.2237499952316284,146486448
2020-09-03,159928.SZ,1.222499966621399,1.2400000095367432,1.2052500247955322,1.215000033378601,1.215000033378601,229858272
2020-09-04,159928.SZ,1.190500020980835,1.1917500495910645,1.1687500476837158,1.187250018119812,1.187250018119812,213583656
2020-09-07,159928.SZ,1.1799999475479126,1.187999963760376,1.1375000476837158,1.1484999656677246,1.1484999656677246,195785832
2020-09-08,159928.SZ,1.1472500562667847,1.1514999866485596,1.1180000305175781,1.1307499408721924,1.1307499408721924,206817220
2020-09-09,159928.SZ,1.1150000095367432,1.121500015258789,1.090749979019165,1.09975004196167,1.09975004196167,196504892
2020-09-10,159928.SZ,1.1122499704360962,1.125499963760376,1.1050000190734863,1.1082500219345093,1.1082500219345093,136058200
2020-09-11,159928.SZ,1.1065000295639038,1.127500057220459,1.0994999408721924,1.127500057220459,1.127500057220459,103548020
2020-09-14,159928.SZ,1.128999948501587,1.1360000371932983,1.1204999685287476,1.1272499561309814,1.1272499561309814,120203480
2020-09-15,159928.SZ,1.125749945640564,1.1327500343322754,1.1169999837875366,1.1327500343322754,1.1327500343322754,133967812
2020-09-16,159928.SZ,1.1339999437332153,1.1384999752044678,1.1097500324249268,1.1145000457763672,1.1145000457763672,138338724
2020-09-17,159928.SZ,1.1062500476837158,1.1062500476837158,1.0779999494552612,1.090250015258789,1.090250015258789,127647400
2020-09-18,159928.SZ,1.087499976158142,1.1112500429153442,1.0832500457763672,1.1109999418258667,1.1109999418258667,159213100
2020-09-21,159928.SZ,1.1100000143051147,1.1107499599456787,1.0927499532699585,1.0947500467300415,1.0947500467300415,69019200
2020-09-22,159928.SZ,1.0850000381469727,1.1022499799728394,1.0832500457763672,1.0865000486373901,1.0865000486373901,78663168
2020-09-23,159928.SZ,1.0794999599456787,1.093000054359436,1.0682499408721924,1.091249942779541,1.091249942779541,75946036
2020-09-24,159928.SZ,1.0792499780654907,1.0920000076293945,1.068750023841858,1.0729999542236328,1.0729999542236328,91154792
2020-09-25,159928.SZ,1.0750000476837158,1.0829999446868896,1.0735000371932983,1.0777499675750732,1.0777499675750732,63144456
2020-09-28,159928.SZ,1.0774999856948853,1.090999960899353,1.0772500038146973,1.0777499675750732,1.0777499675750732,59303600
2020-09-29,159928.SZ,1.0850000381469727,1.0915000438690186,1.0782500505447388,1.0880000591278076,1.0880000591278076,60000616
2020-09-30,159928.SZ,1.0917500257492065,1.1052500009536743,1.0837500095367432,1.090250015258789,1.090250015258789,75915280
2020-10-09,159928.SZ,1.1065000295639038,1.1182500123977661,1.1009999513626099,1.1122499704360962,1.1122499704360962,123292400
2020-10-12,159928.SZ,1.1145000457763672,1.159999966621399,1.1145000457763672,1.1584999561309814,1.1584999561309814,175396800
2020-10-13,159928.SZ,1.1575000286102295,1.1717499494552612,1.1484999656677246,1.1679999828338623,1.1679999828338623,152043556
2020-10-14,159928.SZ,1.1675000190734863,1.1729999780654907,1.155500054359436,1.1579999923706055,1.1579999923706055,116176016
2020-10-15,159928.SZ,1.1577500104904175,1.159000039100647,1.1460000276565552,1.1484999656677246,1.1484999656677246,106781636
2020-10-16,159928.SZ,1.1480000019073486,1.155750036239624,1.1334999799728394,1.1399999856948853,1.1399999856948853,81314224
2020-10-19,159928.SZ,1.1404999494552612,1.149749994277954,1.1204999685287476,1.124750018119812,1.124750018119812,96090444
2020-10-20,159928.SZ,1.1232500076293945,1.1514999866485596,1.1200000047683716,1.1514999866485596,1.1514999866485596,96573600
2020-10-21,159928.SZ,1.149999976158142,1.1552499532699585,1.1384999752044678,1.1480000019073486,1.1480000019073486,138595244
2020-10-22,159928.SZ,1.1432499885559082,1.1519999504089355,1.1302499771118164,1.15024995803833,1.15024995803833,92964800
2020-10-23,159928.SZ,1.1469999551773071,1.1492500305175781,1.1180000305175781,1.122249960899353,1.122249960899353,140318352
2020-10-26,159928.SZ,1.1077500581741333,1.1145000457763672,1.0842499732971191,1.1104999780654907,1.1104999780654907,81337568
2020-10-27,159928.SZ,1.1069999933242798,1.1230000257492065,1.1069999933242798,1.1195000410079956,1.1195000410079956,61448800
2020-10-28,159928.SZ,1.121250033378601,1.1484999656677246,1.1202499866485596,1.1432499885559082,1.1432499885559082,95426632
2020-10-29,159928.SZ,1.1349999904632568,1.1727499961853027,1.1325000524520874,1.1677500009536743,1.1677500009536743,144149736
2020-10-30,159928.SZ,1.162500023841858,1.162500023841858,1.1272499561309814,1.128000020980835,1.128000020980835,135755200
2020-11-02,159928.SZ,1.127500057220459,1.1402499675750732,1.1260000467300415,1.1302499771118164,1.1302499771118164,68301432
2020-11-03,159928.SZ,1.131250023841858,1.1462500095367432,1.1297500133514404,1.1442500352859497,1.1442500352859497,104617128
2020-11-04,159928.SZ,1.1432499885559082,1.1495000123977661,1.1372499465942383,1.1480000019073486,1.1480000019073486,88587924
2020-11-05,159928.SZ,1.153499960899353,1.1672500371932983,1.153499960899353,1.1640000343322754,1.1640000343322754,97185524
2020-11-06,159928.SZ,1.1694999933242798,1.1720000505447388,1.1407500505447388,1.152500033378601,1.152500033378601,101169616
2020-11-09,159928.SZ,1.1577500104904175,1.1792500019073486,1.1575000286102295,1.1759999990463257,1.1759999990463257,125436992
2020-11-10,159928.SZ,1.1762499809265137,1.191249966621399,1.16225004196167,1.1807500123977661,1.1807500123977661,132249640
2020-11-11,159928.SZ,1.1779999732971191,1.2020000219345093,1.1712499856948853,1.1714999675750732,1.1714999675750732,114446400
2020-11-12,159928.SZ,1.1697499752044678,1.1799999475479126,1.162500023841858,1.1720000505447388,1.1720000505447388,79668840
2020-11-13,159928.SZ,1.1675000190734863,1.1675000190734863,1.1367499828338623,1.1512500047683716,1.1512500047683716,108453200
2020-11-16,159928.SZ,1.1514999866485596,1.1790000200271606,1.149999976158142,1.1785000562667847,1.1785000562667847,99662132
2020-11-17,159928.SZ,1.1785000562667847,1.1785000562667847,1.1547499895095825,1.1629999876022339,1.1629999876022339,80190800
2020-11-18,159928.SZ,1.1614999771118164,1.1657500267028809,1.1447499990463257,1.1540000438690186,1.1540000438690186,80875200
2020-11-19,159928.SZ,1.152500033378601,1.1749999523162842,1.1437499523162842,1.1717499494552612,1.1717499494552612,110841860
2020-11-20,159928.SZ,1.1707500219345093,1.18149995803833,1.1670000553131104,1.1767499446868896,1.1767499446868896,67311364
2020-11-23,159928.SZ,1.1852500438690186,1.1957499980926514,1.1817500591278076,1.1857500076293945,1.1857500076293945,91936100
2020-11-24,159928.SZ,1.184999942779541,1.184999942779541,1.1694999933242798,1.1825000047683716,1.1825000047683716,56758768
2020-11-25,159928.SZ,1.184749960899353,1.184749960899353,1.149999976158142,1.1519999504089355,1.1519999504089355,117453336
2020-11-26,159928.SZ,1.149749994277954,1.159999966621399,1.1377500295639038,1.1579999923706055,1.1579999923706055,63193712
2020-11-27,159928.SZ,1.15625,1.1670000553131104,1.1514999866485596,1.1667499542236328,1.1667499542236328,57914800
2020-11-30,159928.SZ,1.1675000190734863,1.1690000295639038,1.1462500095367432,1.1492500305175781,1.1492500305175781,79378800
2020-12-01,159928.SZ,1.1449999809265137,1.162500023841858,1.1449999809265137,1.1584999561309814,1.1584999561309814,54530000
2020-12-02,159928.SZ,1.1662499904632568,1.1697499752044678,1.1540000438690186,1.1655000448226929,1.1655000448226929,75764000
2020-12-03,159928.SZ,1.1612499952316284,1.1790000200271606,1.1612499952316284,1.1782499551773071,1.1782499551773071,72698680
2020-12-04,159928.SZ,1.1779999732971191,1.2042499780654907,1.1775000095367432,1.2020000219345093,1.2020000219345093,133734208
2020-12-07,159928.SZ,1.2020000219345093,1.2202500104904175,1.2007499933242798,1.2100000381469727,1.2100000381469727,89997596
2020-12-08,159928.SZ,1.2097500562667847,1.225000023841858,1.2050000429153442,1.222000002861023,1.222000002861023,89359520
2020-12-09,159928.SZ,1.222000002861023,1.2242499589920044,1.2044999599456787,1.2047499418258667,1.2047499418258667,158379556
2020-12-10,159928.SZ,1.2000000476837158,1.21875,1.1979999542236328,1.2044999599456787,1.2044999599456787,107856316
2020-12-11,159928.SZ,1.2057499885559082,1.2079999446868896,1.1890000104904175,1.2002500295639038,1.2002500295639038,79799572
2020-12-14,159928.SZ,1.2017500400543213,1.2295000553131104,1.2000000476837158,1.2295000553131104,1.2295000553131104,109402860
2020-12-15,159928.SZ,1.2302500009536743,1.2302500009536743,1.2100000381469727,1.222000002861023,1.222000002861023,98191940
2020-12-16,159928.SZ,1.2200000286102295,1.2404999732971191,1.2200000286102295,1.2374999523162842,1.2374999523162842,106397500
2020-12-17,159928.SZ,1.2372499704360962,1.2549999952316284,1.2330000400543213,1.2487499713897705,1.2487499713897705,115310508
2020-12-18,159928.SZ,1.2417500019073486,1.253499984741211,1.2282500267028809,1.2380000352859497,1.2380000352859497,130178908
2020-12-21,159928.SZ,1.2365000247955322,1.2587499618530273,1.225250005722046,1.2545000314712524,1.2545000314712524,109728000
2020-12-22,159928.SZ,1.250749945640564,1.2664999961853027,1.2480000257492065,1.249250054359436,1.249250054359436,107028696
2020-12-23,159928.SZ,1.249500036239624,1.2722500562667847,1.2297500371932983,1.253000020980835,1.253000020980835,147778000
2020-12-24,159928.SZ,1.2422499656677246,1.2542500495910645,1.2315000295639038,1.2387499809265137,1.2387499809265137,80667260
2020-12-25,159928.SZ,1.2300000190734863,1.2442500591278076,1.2232500314712524,1.243499994277954,1.243499994277954,87051200
2020-12-28,159928.SZ,1.243499994277954,1.2762500047683716,1.2432500123977661,1.27524995803833,1.27524995803833,99308808
2020-12-29,159928.SZ,1.2769999504089355,1.2795000076293945,1.2557499408721924,1.2649999856948853,1.2649999856948853,87257948
2020-12-30,159928.SZ,1.2637499570846558,1.283750057220459,1.2589999437332153,1.2825000286102295,1.2825000286102295,70058640
2020-12-31,159928.SZ,1.284749984741211,1.3070000410079956,1.2827500104904175,1.3037500381469727,1.3037500381469727,176842704
2021-01-04,159928.SZ,1.30649995803833,1.3677500486373901,1.3057500123977661,1.3645000457763672,1.3645000457763672,118996584
2021-01-05,159928.SZ,1.3647500276565552,1.434249997138977,1.3582500219345093,1.4317500591278076,1.4317500591278076,260186560
2021-01-06,159928.SZ,1.4455000162124634,1.4497499465942383,1.4049999713897705,1.4357500076293945,1.4357500076293945,291434864
2021-01-07,159928.SZ,1.4327499866485596,1.4497499465942383,1.4077500104904175,1.4497499465942383,1.4497499465942383,191258660
2021-01-08,159928.SZ,1.4482500553131104,1.4589999914169312,1.399999976158142,1.4117499589920044,1.4117499589920044,205635280
2021-01-11,159928.SZ,1.409999966621399,1.409999966621399,1.3597500324249268,1.3682500123977661,1.3682500123977661,223126344
2021-01-12,159928.SZ,1.3580000400543213,1.4010000228881836,1.3562500476837158,1.4007500410079956,1.4007500410079956,148582244
2021-01-13,159928.SZ,1.40024995803833,1.4019999504089355,1.3674999475479126,1.378999948501587,1.378999948501587,120142364
2021-01-14,159928.SZ,1.368499994277954,1.377500057220459,1.3415000438690186,1.346750020980835,1.346750020980835,118476880
2021-01-15,159928.SZ,1.3422499895095825,1.3422499895095825,1.2942500114440918,1.3214999437332153,1.3214999437332153,159861464
2021-01-18,159928.SZ,1.309499979019165,1.3252500295639038,1.3002500534057617,1.3202500343322754,1.3202500343322754,143669252
2021-01-19,159928.SZ,1.3229999542236328,1.3309999704360962,1.2887500524520874,1.2929999828338623,1.2929999828338623,178624896
2021-01-20,159928.SZ,1.2905000448226929,1.3047499656677246,1.2690000534057617,1.3017499446868896,1.3017499446868896,168782080
2021-01-21,159928.SZ,1.3025000095367432,1.337249994277954,1.3020000457763672,1.3272500038146973,1.3272500038146973,169381004
2021-01-22,159928.SZ,1.3272500038146973,1.3362499475479126,1.3174999952316284,1.3287500143051147,1.3287500143051147,139483204
2021-01-25,159928.SZ,1.3279999494552612,1.3807499408721924,1.3262499570846558,1.3807499408721924,1.3807499408721924,206932124
2021-01-26,159928.SZ,1.38100004196167,1.3834999799728394,1.3587499856948853,1.3630000352859497,1.3630000352859497,146858372
2021-01-27,159928.SZ,1.3569999933242798,1.3589999675750732,1.3224999904632568,1.3522499799728394,1.3522499799728394,117314944
2021-01-28,159928.SZ,1.3389999866485596,1.3482500314712524,1.3242499828338623,1.3250000476837158,1.3250000476837158,81703640
2021-01-29,159928.SZ,1.3324999809265137,1.347000002861023,1.309749960899353,1.3309999704360962,1.3309999704360962,94218352
2021-02-01,159928.SZ,1.3322499990463257,1.344499945640564,1.3242499828338623,1.3285000324249268,1.3285000324249268,107709932
2021-02-02,159928.SZ,1.3289999961853027,1.3707499504089355,1.3289999961853027,1.3700000047683716,1.3700000047683716,200647356
2021-02-03,159928.SZ,1.371000051498413,1.3839999437332153,1.3577500581741333,1.378999948501587,1.378999948501587,104822604
2021-02-04,159928.SZ,1.375249981880188,1.399749994277954,1.3660000562667847,1.381250023841858,1.381250023841858,157869000
2021-02-05,159928.SZ,1.3832499980926514,1.4207500219345093,1.3832499980926514,1.3927500247955322,1.3927500247955322,136944112
2021-02-08,159928.SZ,1.406749963760376,1.4277499914169312,1.3934999704360962,1.4217499494552612,1.4217499494552612,94713252
2021-02-09,159928.SZ,1.4255000352859497,1.4550000429153442,1.4149999618530273,1.4550000429153442,1.4550000429153442,103254844
2021-02-10,159928.SZ,1.4587500095367432,1.5125000476837158,1.4587500095367432,1.506250023841858,1.506250023841858,139778232
2021-02-18,159928.SZ,1.528749942779541,1.5449999570846558,1.4502500295639038,1.4612499475479126,1.4612499475479126,204998988
2021-02-19,159928.SZ,1.4507499933242798,1.4912500381469727,1.4264999628067017,1.4910000562667847,1.4910000562667847,127428420
2021-02-22,159928.SZ,1.4862500429153442,1.4862500429153442,1.4164999723434448,1.4184999465942383,1.4184999465942383,156593364
2021-02-23,159928.SZ,1.409999966621399,1.4249999523162842,1.3934999704360962,1.3992500305175781,1.3992500305175781,95676304
2021-02-24,159928.SZ,1.399999976158142,1.406000018119812,1.3320000171661377,1.3494999408721924,1.3494999408721924,185022084
2021-02-25,159928.SZ,1.3532500267028809,1.3647500276565552,1.3274999856948853,1.3347500562667847,1.3347500562667847,90705072
2021-02-26,159928.SZ,1.3192499876022339,1.3224999904632568,1.28125,1.3025000095367432,1.3025000095367432,137833488
2021-03-01,159928.SZ,1.308500051498413,1.3272500038146973,1.3012499809265137,1.318750023841858,1.318750023841858,130445924
2021-03-02,159928.SZ,1.3229999542236328,1.3279999494552612,1.2764999866485596,1.2879999876022339,1.2879999876022339,111631464
2021-03-03,159928.SZ,1.277750015258789,1.3077499866485596,1.2769999504089355,1.3077499866485596,1.3077499866485596,88046124
2021-03-04,159928.SZ,1.2984999418258667,1.2984999418258667,1.2454999685287476,1.249250054359436,1.249250054359436,107501408
2021-03-05,159928.SZ,1.2324999570846558,1.2654999494552612,1.2167500257492065,1.247499942779541,1.247499942779541,98097780
2021-03-08,159928.SZ,1.2545000314712524,1.2645000219345093,1.1852500438690186,1.1857500076293945,1.1857500076293945,108418568
2021-03-09,159928.SZ,1.1752500534057617,1.1820000410079956,1.1342500448226929,1.1482499837875366,1.1482499837875366,130730320
2021-03-10,159928.SZ,1.1675000190734863,1.1820000410079956,1.159999966621399,1.1702500581741333,1.1702500581741333,73737772
2021-03-11,159928.SZ,1.1714999675750732,1.2105000019073486,1.1640000343322754,1.2022500038146973,1.2022500038146973,78893908
2021-03-12,159928.SZ,1.2029999494552612,1.2094999551773071,1.1767499446868896,1.1992499828338623,1.1992499828338623,88319424
2021-03-15,159928.SZ,1.1924999952316284,1.1924999952316284,1.1404999494552612,1.1552499532699585,1.1552499532699585,128175004
2021-03-16,159928.SZ,1.155750036239624,1.1787500381469727,1.1552499532699585,1.1747499704360962,1.1747499704360962,51706900
2021-03-17,159928.SZ,1.1767499446868896,1.1990000009536743,1.160249948501587,1.1955000162124634,1.1955000162124634,63026600
2021-03-18,159928.SZ,1.1987500190734863,1.2242499589920044,1.1955000162124634,1.215749979019165,1.215749979019165,136029428
2021-03-19,159928.SZ,1.1997499465942383,1.2055000066757202,1.1749999523162842,1.181249976158142,1.181249976158142,104346100
2021-03-22,159928.SZ,1.181249976158142,1.1944999694824219,1.1697499752044678,1.1894999742507935,1.1894999742507935,53789600
2021-03-23,159928.SZ,1.1890000104904175,1.1957499980926514,1.1752500534057617,1.184999942779541,1.184999942779541,37730400
2021-03-24,159928.SZ,1.184499979019165,1.2037500143051147,1.1732499599456787,1.1797499656677246,1.1797499656677246,72119600
2021-03-25,159928.SZ,1.1692500114440918,1.184749960899353,1.158750057220459,1.1799999475479126,1.1799999475479126,42695600
2021-03-26,159928.SZ,1.181249976158142,1.2070000171661377,1.1799999475479126,1.2047499418258667,1.2047499418258667,66826444
2021-03-29,159928.SZ,1.2085000276565552,1.2324999570846558,1.2009999752044678,1.2120000123977661,1.2120000123977661,72347780
2021-03-30,159928.SZ,1.2139999866485596,1.2374999523162842,1.2100000381469727,1.22475004196167,1.22475004196167,49463932
2021-03-31,159928.SZ,1.22475004196167,1.22475004196167,1.2039999961853027,1.2130000591278076,1.2130000591278076,47041028
2021-04-01,159928.SZ,1.2132500410079956,1.2335000038146973,1.2132500410079956,1.2327500581741333,1.2327500581741333,78196800
2021-04-02,159928.SZ,1.2395000457763672,1.2695000171661377,1.2395000457763672,1.2690000534057617,1.2690000534057617,85379360
2021-04-06,159928.SZ,1.2695000171661377,1.2695000171661377,1.2515000104904175,1.2577500343322754,1.2577500343322754,46410000
2021-04-07,159928.SZ,1.253749966621399,1.2552499771118164,1.219499945640564,1.2280000448226929,1.2280000448226929,74010000
2021-04-08,159928.SZ,1.215749979019165,1.2442500591278076,1.2105000019073486,1.2417500019073486,1.2417500019073486,75643208
2021-04-09,159928.SZ,1.2377500534057617,1.2377500534057617,1.2144999504089355,1.219249963760376,1.219249963760376,51786400
2021-04-12,159928.SZ,1.218999981880188,1.2259999513626099,1.2005000114440918,1.2044999599456787,1.2044999599456787,55220800
2021-04-13,159928.SZ,1.2005000114440918,1.2300000190734863,1.2005000114440918,1.216249942779541,1.216249942779541,72842400
2021-04-14,159928.SZ,1.2174999713897705,1.2265000343322754,1.2065000534057617,1.222499966621399,1.222499966621399,104964228
2021-04-15,159928.SZ,1.2204999923706055,1.225250005722046,1.1987500190734863,1.2115000486373901,1.2115000486373901,48228000
2021-04-16,159928.SZ,1.2115000486373901,1.2254999876022339,1.2085000276565552,1.2209999561309814,1.2209999561309814,50279600
2021-04-19,159928.SZ,1.2230000495910645,1.2432500123977661,1.2020000219345093,1.2417500019073486,1.2417500019073486,72988672
2021-04-20,159928.SZ,1.2389999628067017,1.2737499475479126,1.2342499494552612,1.253999948501587,1.253999948501587,96800464
2021-04-21,159928.SZ,1.25,1.2707500457763672,1.2450000047683716,1.2664999961853027,1.2664999961853027,67646196
2021-04-22,159928.SZ,1.2664999961853027,1.2712500095367432,1.2477500438690186,1.2632499933242798,1.2632499933242798,54613124
2021-04-23,159928.SZ,1.2634999752044678,1.283750057220459,1.2612500190734863,1.2832499742507935,1.2832499742507935,62678400
2021-04-26,159928.SZ,1.274999976158142,1.2899999618530273,1.2515000104904175,1.252500057220459,1.252500057220459,131428416
2021-04-27,159928.SZ,1.253000020980835,1.2645000219345093,1.2430000305175781,1.2632499933242798,1.2632499933242798,68673828
2021-04-28,159928.SZ,1.2552499771118164,1.2755000591278076,1.246999979019165,1.2755000591278076,1.2755000591278076,78178080
2021-04-29,159928.SZ,1.281499981880188,1.2990000247955322,1.2769999504089355,1.2990000247955322,1.2990000247955322,73634400
2021-04-30,159928.SZ,1.2990000247955322,1.2990000247955322,1.280500054359436,1.2897499799728394,1.2897499799728394,89209028
2021-05-06,159928.SZ,1.284250020980835,1.284250020980835,1.247249960899353,1.252500057220459,1.252500057220459,83592296
2021-05-07,159928.SZ,1.25,1.2645000219345093,1.2324999570846558,1.2345000505447388,1.2345000505447388,85815600
2021-05-10,159928.SZ,1.2337499856948853,1.2374999523162842,1.2037500143051147,1.2100000381469727,1.2100000381469727,76840800
2021-05-11,159928.SZ,1.2050000429153442,1.2430000305175781,1.2024999856948853,1.2430000305175781,1.2430000305175781,62098444
2021-05-12,159928.SZ,1.2417500019073486,1.2584999799728394,1.2350000143051147,1.2557499408721924,1.2557499408721924,59176000
2021-05-13,159928.SZ,1.246500015258789,1.2552499771118164,1.2365000247955322,1.253999948501587,1.253999948501587,50373200
2021-05-14,159928.SZ,1.253999948501587,1.281499981880188,1.249500036239624,1.2740000486373901,1.2740000486373901,98162016
2021-05-17,159928.SZ,1.2762500047683716,1.3075000047683716,1.2762500047683716,1.2994999885559082,1.2994999885559082,100264800
2021-05-18,159928.SZ,1.2977499961853027,1.3037500381469727,1.2869999408721924,1.2984999418258667,1.2984999418258667,48533200
2021-05-19,159928.SZ,1.2972500324249268,1.2999999523162842,1.2862499952316284,1.2917499542236328,1.2917499542236328,43900340
2021-05-20,159928.SZ,1.2917499542236328,1.309999942779541,1.2917499542236328,1.309249997138977,1.309249997138977,69496800
2021-05-21,159928.SZ,1.3067500591278076,1.316249966621399,1.2902499437332153,1.2960000038146973,1.2960000038146973,68685868
2021-05-24,159928.SZ,1.2957500219345093,1.3052500486373901,1.280500054359436,1.3047499656677246,1.3047499656677246,53992800
2021-05-25,159928.SZ,1.3042500019073486,1.347499966621399,1.3042500019073486,1.3452500104904175,1.3452500104904175,108115360
2021-05-26,159928.SZ,1.3452500104904175,1.3509999513626099,1.3305000066757202,1.340499997138977,1.340499997138977,68466400
2021-05-27,159928.SZ,1.3387500047683716,1.3595000505447388,1.3267500400543213,1.346250057220459,1.346250057220459,61919604
2021-05-28,159928.SZ,1.3450000286102295,1.3450000286102295,1.3242499828338623,1.3329999446868896,1.3329999446868896,73726596
2021-05-31,159928.SZ,1.3312499523162842,1.3382500410079956,1.313249945640564,1.3382500410079956,1.3382500410079956,75393200
2021-06-01,159928.SZ,1.3385000228881836,1.3450000286102295,1.3200000524520874,1.3450000286102295,1.3450000286102295,62990196
2021-06-02,159928.SZ,1.34375,1.3447500467300415,1.3250000476837158,1.3297499418258667,1.3297499418258667,69285404
2021-06-03,159928.SZ,1.3300000429153442,1.3559999465942383,1.3270000219345093,1.3339999914169312,1.3339999914169312,86573528
2021-06-04,159928.SZ,1.3287500143051147,1.3550000190734863,1.3265000581741333,1.3457499742507935,1.3457499742507935,79786552
2021-06-07,159928.SZ,1.3380000591278076,1.3452500104904175,1.3294999599456787,1.3392499685287476,1.3392499685287476,66720400
2021-06-08,159928.SZ,1.340000033378601,1.3427499532699585,1.2869999408721924,1.3005000352859497,1.3005000352859497,109893000
2021-06-09,159928.SZ,1.2925000190734863,1.312999963760376,1.284000039100647,1.3055000305175781,1.3055000305175781,70824600
2021-06-10,159928.SZ,1.3025000095367432,1.319000005722046,1.3002500534057617,1.312749981880188,1.312749981880188,70230004
2021-06-11,159928.SZ,1.3137500286102295,1.3137500286102295,1.287500023841858,1.2937500476837158,1.2937500476837158,67708800
2021-06-15,159928.SZ,1.2907500267028809,1.2907500267028809,1.2575000524520874,1.281499981880188,1.281499981880188,75810292
2021-06-16,159928.SZ,1.2762500047683716,1.283750057220459,1.2627500295639038,1.2664999961853027,1.2664999961853027,61821600
2021-06-17,159928.SZ,1.2580000162124634,1.2802499532699585,1.2580000162124634,1.2725000381469727,1.2725000381469727,57259600
2021-06-18,159928.SZ,1.2734999656677246,1.2742500305175781,1.246999979019165,1.2580000162124634,1.2580000162124634,100125200
2021-06-21,159928.SZ,1.2572499513626099,1.2572499513626099,1.2302500009536743,1.243499994277954,1.243499994277954,109956800
2021-06-22,159928.SZ,1.243499994277954,1.25,1.2354999780654907,1.25,1.25,60348800
2021-06-23,159928.SZ,1.2515000104904175,1.2522499561309814,1.2304999828338623,1.2335000038146973,1.2335000038146973,125900400
2021-06-24,159928.SZ,1.2322499752044678,1.2384999990463257,1.2172499895095825,1.2350000143051147,1.2350000143051147,101994340
2021-06-25,159928.SZ,1.2330000400543213,1.2619999647140503,1.2289999723434448,1.2610000371932983,1.2610000371932983,142341000
2021-06-28,159928.SZ,1.2649999856948853,1.2790000438690186,1.2619999647140503,1.2790000438690186,1.2790000438690186,74893000
2021-06-29,159928.SZ,1.2799999713897705,1.2799999713897705,1.253999948501587,1.2599999904632568,1.2599999904632568,80993404
2021-06-30,159928.SZ,1.2610000371932983,1.2719999551773071,1.253000020980835,1.2610000371932983,1.2610000371932983,61995700
2021-07-01,159928.SZ,1.2640000581741333,1.274999976158142,1.2450000047683716,1.2719999551773071,1.2719999551773071,96078800
2021-07-02,159928.SZ,1.2640000581741333,1.2640000581741333,1.2309999465942383,1.2319999933242798,1.2319999933242798,111304092
2021-07-05,159928.SZ,1.2289999723434448,1.2359999418258667,1.2130000591278076,1.2259999513626099,1.2259999513626099,66928746
2021-07-06,159928.SZ,1.2259999513626099,1.2259999513626099,1.1950000524520874,1.218999981880188,1.218999981880188,84776267
2021-07-07,159928.SZ,1.218999981880188,1.2300000190734863,1.215000033378601,1.2259999513626099,1.2259999513626099,80782966
2021-07-08,159928.SZ,1.2269999980926514,1.2280000448226929,1.2000000476837158,1.2050000429153442,1.2050000429153442,142660500
2021-07-09,159928.SZ,1.2020000219345093,1.2029999494552612,1.1699999570846558,1.180999994277954,1.180999994277954,89057656
2021-07-12,159928.SZ,1.1820000410079956,1.194000005722046,1.1610000133514404,1.187999963760376,1.187999963760376,91338400
2021-07-13,159928.SZ,1.190999984741211,1.218000054359436,1.190000057220459,1.215999960899353,1.215999960899353,134829968
2021-07-14,159928.SZ,1.2130000591278076,1.2230000495910645,1.1979999542236328,1.2170000076293945,1.2170000076293945,129245600
2021-07-15,159928.SZ,1.215999960899353,1.2350000143051147,1.2120000123977661,1.2330000400543213,1.2330000400543213,91369408
2021-07-16,159928.SZ,1.2319999933242798,1.2350000143051147,1.2089999914169312,1.2139999866485596,1.2139999866485596,79473400
2021-07-19,159928.SZ,1.215000033378601,1.215000033378601,1.190000057220459,1.2109999656677246,1.2109999656677246,81850400
2021-07-20,159928.SZ,1.1990000009536743,1.2139999866485596,1.1990000009536743,1.2130000591278076,1.2130000591278076,45204633
2021-07-21,159928.SZ,1.2130000591278076,1.2230000495910645,1.1990000009536743,1.2070000171661377,1.2070000171661377,109483100
2021-07-22,159928.SZ,1.2070000171661377,1.2130000591278076,1.190000057220459,1.1950000524520874,1.1950000524520874,82606192
2021-07-23,159928.SZ,1.190999984741211,1.1920000314712524,1.1629999876022339,1.1690000295639038,1.1690000295639038,167836165
2021-07-26,159928.SZ,1.159999966621399,1.1610000133514404,1.097000002861023,1.1050000190734863,1.1050000190734863,180648169
2021-07-27,159928.SZ,1.1050000190734863,1.1089999675750732,1.059000015258789,1.065999984741211,1.065999984741211,212594096
2021-07-28,159928.SZ,1.0579999685287476,1.0750000476837158,1.0299999713897705,1.065000057220459,1.065000057220459,133563388
2021-07-29,159928.SZ,1.0789999961853027,1.0889999866485596,1.059000015258789,1.062000036239624,1.062000036239624,118420000
2021-07-30,159928.SZ,1.055999994277954,1.055999994277954,1.0210000276565552,1.031999945640564,1.031999945640564,119311600
2021-08-02,159928.SZ,1.0199999809265137,1.0820000171661377,1.00600004196167,1.0779999494552612,1.0779999494552612,191566900
2021-08-03,159928.SZ,1.0740000009536743,1.0950000286102295,1.059999942779541,1.093999981880188,1.093999981880188,172127176
2021-08-04,159928.SZ,1.093000054359436,1.093999981880188,1.0729999542236328,1.0800000429153442,1.0800000429153442,125830347
2021-08-05,159928.SZ,1.0549999475479126,1.0880000591278076,1.0509999990463257,1.069000005722046,1.069000005722046,111171614
2021-08-06,159928.SZ,1.0640000104904175,1.0670000314712524,1.0470000505447388,1.062999963760376,1.062999963760376,73578400
2021-08-09,159928.SZ,1.059999942779541,1.1039999723434448,1.055999994277954,1.100000023841858,1.100000023841858,164137332
2021-08-10,159928.SZ,1.1019999980926514,1.1430000066757202,1.0850000381469727,1.1419999599456787,1.1419999599456787,379900538
2021-08-11,159928.SZ,1.1360000371932983,1.1419999599456787,1.11899995803833,1.121999979019165,1.121999979019165,214322088
2021-08-12,159928.SZ,1.1119999885559082,1.1269999742507935,1.097000002861023,1.0989999771118164,1.0989999771118164,131824500
2021-08-13,159928.SZ,1.0950000286102295,1.1109999418258667,1.090999960899353,1.1039999723434448,1.1039999723434448,93496100
2021-08-16,159928.SZ,1.1030000448226929,1.1130000352859497,1.093000054359436,1.1089999675750732,1.1089999675750732,78865900
2021-08-17,159928.SZ,1.1089999675750732,1.1089999675750732,1.059999942779541,1.069000005722046,1.069000005722046,156654200
2021-08-18,159928.SZ,1.0579999685287476,1.0750000476837158,1.0499999523162842,1.065999984741211,1.065999984741211,101063301
2021-08-19,159928.SZ,1.059000015258789,1.0720000267028809,1.0460000038146973,1.0520000457763672,1.0520000457763672,151226600
2021-08-20,159928.SZ,1.0329999923706055,1.034000039100647,0.996999979019165,1.0080000162124634,1.0080000162124634,230856048
2021-08-23,159928.SZ,1.0,1.0210000276565552,1.0,1.0160000324249268,1.0160000324249268,134139802
2021-08-24,159928.SZ,1.0149999856948853,1.0379999876022339,1.0099999904632568,1.031999945640564,1.031999945640564,133428808
2021-08-25,159928.SZ,1.0329999923706055,1.055999994277954,1.0329999923706055,1.0429999828338623,1.0429999828338623,115230396
2021-08-26,159928.SZ,1.0429999828338623,1.0470000505447388,1.0160000324249268,1.0160000324249268,1.0160000324249268,109832200
2021-08-27,159928.SZ,1.0140000581741333,1.0379999876022339,1.0119999647140503,1.0169999599456787,1.0169999599456787,94414928
2021-08-30,159928.SZ,1.0199999809265137,1.024999976158142,0.9990000128746033,1.0160000324249268,1.0160000324249268,140178259
2021-08-31,159928.SZ,1.0089999437332153,1.0240000486373901,0.9959999918937683,1.003999948501587,1.003999948501587,144838433
2021-09-01,159928.SZ,1.0019999742507935,1.0399999618530273,0.9800000190734863,1.034999966621399,1.034999966621399,230602237
2021-09-02,159928.SZ,1.034000039100647,1.034999966621399,1.0110000371932983,1.0160000324249268,1.0160000324249268,193531200
2021-09-03,159928.SZ,1.0089999437332153,1.034000039100647,0.9959999918937683,1.031999945640564,1.031999945640564,215497000
2021-09-06,159928.SZ,1.0299999713897705,1.0640000104904175,1.0199999809265137,1.0579999685287476,1.0579999685287476,214463644
2021-09-07,159928.SZ,1.0549999475479126,1.062999963760376,1.0470000505447388,1.059999942779541,1.059999942779541,168885752
2021-09-08,159928.SZ,1.0609999895095825,1.062000036239624,1.0429999828338623,1.0460000038146973,1.0460000038146973,203128443
2021-09-09,159928.SZ,1.0449999570846558,1.0540000200271606,1.0379999876022339,1.0449999570846558,1.0449999570846558,123401000
2021-09-10,159928.SZ,1.0449999570846558,1.062999963760376,1.0420000553131104,1.059999942779541,1.059999942779541,204885988
2021-09-13,159928.SZ,1.0579999685287476,1.062999963760376,1.0390000343322754,1.0460000038146973,1.0460000038146973,181897900
2021-09-14,159928.SZ,1.0440000295639038,1.0579999685287476,1.0329999923706055,1.0329999923706055,1.0329999923706055,148619410
2021-09-15,159928.SZ,1.0299999713897705,1.031000018119812,1.0089999437332153,1.0149999856948853,1.0149999856948853,193329044
2021-09-16,159928.SZ,1.0099999904632568,1.0369999408721924,1.0049999952316284,1.031000018119812,1.031000018119812,242748500
2021-09-17,159928.SZ,1.0290000438690186,1.055999994277954,1.0140000581741333,1.0490000247955322,1.0490000247955322,264485862
2021-09-22,159928.SZ,1.0369999408721924,1.0369999408721924,1.0190000534057617,1.0240000486373901,1.0240000486373901,168737700
2021-09-23,159928.SZ,1.0230000019073486,1.0440000295639038,1.0230000019073486,1.0379999876022339,1.0379999876022339,139838300
2021-09-24,159928.SZ,1.0379999876022339,1.0750000476837158,1.0360000133514404,1.0700000524520874,1.0700000524520874,306295100
2021-09-27,159928.SZ,1.0859999656677246,1.1380000114440918,1.0859999656677246,1.1239999532699585,1.1239999532699585,414520300
2021-09-28,159928.SZ,1.11899995803833,1.11899995803833,1.0859999656677246,1.1139999628067017,1.1139999628067017,218190100
2021-09-29,159928.SZ,1.1019999980926514,1.1230000257492065,1.0880000591278076,1.1180000305175781,1.1180000305175781,244766427
2021-09-30,159928.SZ,1.1160000562667847,1.1339999437332153,1.1119999885559082,1.121000051498413,1.121000051498413,207510900
2021-10-08,159928.SZ,1.1269999742507935,1.1690000295639038,1.1130000352859497,1.156000018119812,1.156000018119812,328590000
2021-10-11,159928.SZ,1.1679999828338623,1.1820000410079956,1.1480000019073486,1.159999966621399,1.159999966621399,276406400
2021-10-12,159928.SZ,1.1469999551773071,1.1629999876022339,1.1349999904632568,1.1549999713897705,1.1549999713897705,192850542
2021-10-13,159928.SZ,1.1549999713897705,1.1929999589920044,1.1490000486373901,1.1799999475479126,1.1799999475479126,293886675
2021-10-14,159928.SZ,1.1749999523162842,1.190000057220459,1.159999966621399,1.1740000247955322,1.1740000247955322,196631567
2021-10-15,159928.SZ,1.159999966621399,1.1859999895095825,1.152999997138977,1.1649999618530273,1.1649999618530273,166814561
2021-10-18,159928.SZ,1.1519999504089355,1.1519999504089355,1.1109999418258667,1.1200000047683716,1.1200000047683716,320180028
2021-10-19,159928.SZ,1.1139999628067017,1.1579999923706055,1.1130000352859497,1.156999945640564,1.156999945640564,235307192
2021-10-20,159928.SZ,1.1579999923706055,1.1690000295639038,1.1410000324249268,1.1510000228881836,1.1510000228881836,137971116
2021-10-21,159928.SZ,1.149999976158142,1.159999966621399,1.1399999856948853,1.1510000228881836,1.1510000228881836,116339740
2021-10-22,159928.SZ,1.1519999504089355,1.1759999990463257,1.1480000019073486,1.1670000553131104,1.1670000553131104,174288592
2021-10-25,159928.SZ,1.1710000038146973,1.1770000457763672,1.156000018119812,1.1690000295639038,1.1690000295639038,146966100
2021-10-26,159928.SZ,1.1610000133514404,1.1690000295639038,1.1540000438690186,1.156999945640564,1.156999945640564,138484200
2021-10-27,159928.SZ,1.1419999599456787,1.1540000438690186,1.1380000114440918,1.1440000534057617,1.1440000534057617,148102700
2021-10-28,159928.SZ,1.1410000324249268,1.159999966621399,1.1369999647140503,1.1540000438690186,1.1540000438690186,135940621
2021-10-29,159928.SZ,1.159999966621399,1.1779999732971191,1.1579999923706055,1.1759999990463257,1.1759999990463257,190378527
2021-11-01,159928.SZ,1.156999945640564,1.1749999523162842,1.1410000324249268,1.1619999408721924,1.1619999408721924,160301719
2021-11-02,159928.SZ,1.159999966621399,1.1759999990463257,1.1519999504089355,1.1690000295639038,1.1690000295639038,194089131
2021-11-03,159928.SZ,1.1690000295639038,1.1799999475479126,1.1649999618530273,1.1679999828338623,1.1679999828338623,164954577
2021-11-04,159928.SZ,1.1710000038146973,1.2070000171661377,1.1679999828338623,1.2029999494552612,1.2029999494552612,370481000
2021-11-05,159928.SZ,1.1990000009536743,1.2120000123977661,1.190999984741211,1.1929999589920044,1.1929999589920044,256221400
2021-11-08,159928.SZ,1.1929999589920044,1.1959999799728394,1.1820000410079956,1.1859999895095825,1.1859999895095825,189120100
2021-11-09,159928.SZ,1.184999942779541,1.1920000314712524,1.1749999523162842,1.180999994277954,1.180999994277954,136290700
2021-11-10,159928.SZ,1.1799999475479126,1.180999994277954,1.1490000486373901,1.159000039100647,1.159000039100647,229795497
2021-11-11,159928.SZ,1.1519999504089355,1.1670000553131104,1.1510000228881836,1.1640000343322754,1.1640000343322754,135600477
2021-11-12,159928.SZ,1.1679999828338623,1.1699999570846558,1.156000018119812,1.156000018119812,1.156000018119812,112809700
2021-11-15,159928.SZ,1.1579999923706055,1.1729999780654907,1.156000018119812,1.1679999828338623,1.1679999828338623,183923574
2021-11-16,159928.SZ,1.1749999523162842,1.1920000314712524,1.1690000295639038,1.1859999895095825,1.1859999895095825,218069569
2021-11-17,159928.SZ,1.1799999475479126,1.1829999685287476,1.1679999828338623,1.1779999732971191,1.1779999732971191,126261068
2021-11-18,159928.SZ,1.1759999990463257,1.1790000200271606,1.1649999618530273,1.1740000247955322,1.1740000247955322,111383300
2021-11-19,159928.SZ,1.1699999570846558,1.187999963760376,1.1679999828338623,1.1829999685287476,1.1829999685287476,138357500
2021-11-22,159928.SZ,1.1799999475479126,1.1950000524520874,1.1790000200271606,1.180999994277954,1.180999994277954,127670200
2021-11-23,159928.SZ,1.1779999732971191,1.1890000104904175,1.1729999780654907,1.1770000457763672,1.1770000457763672,96707200
2021-11-24,159928.SZ,1.1779999732971191,1.1959999799728394,1.1770000457763672,1.1890000104904175,1.1890000104904175,161263157
2021-11-25,159928.SZ,1.1890000104904175,1.1990000009536743,1.1799999475479126,1.184999942779541,1.184999942779541,124737249
2021-11-26,159928.SZ,1.1820000410079956,1.184000015258789,1.1720000505447388,1.1749999523162842,1.1749999523162842,94407068
2021-11-29,159928.SZ,1.1670000553131104,1.1820000410079956,1.1629999876022339,1.1820000410079956,1.1820000410079956,147053562
2021-11-30,159928.SZ,1.1829999685287476,1.184000015258789,1.156000018119812,1.1629999876022339,1.1629999876022339,140402984
2021-12-01,159928.SZ,1.1660000085830688,1.1710000038146973,1.1549999713897705,1.1610000133514404,1.1610000133514404,179770200
2021-12-02,159928.SZ,1.1629999876022339,1.1729999780654907,1.1610000133514404,1.1660000085830688,1.1660000085830688,98047500
2021-12-03,159928.SZ,1.1670000553131104,1.2000000476837158,1.1670000553131104,1.2000000476837158,1.2000000476837158,238017463
2021-12-06,159928.SZ,1.2000000476837158,1.2020000219345093,1.184999942779541,1.190000057220459,1.190000057220459,142060700
2021-12-07,159928.SZ,1.1890000104904175,1.2009999752044678,1.184999942779541,1.1950000524520874,1.1950000524520874,164740016
2021-12-08,159928.SZ,1.1950000524520874,1.2239999771118164,1.187999963760376,1.2239999771118164,1.2239999771118164,210830300
2021-12-09,159928.SZ,1.2239999771118164,1.2569999694824219,1.222000002861023,1.2410000562667847,1.2410000562667847,384926936
2021-12-10,159928.SZ,1.2369999885559082,1.246000051498413,1.2309999465942383,1.2389999628067017,1.2389999628067017,214892468
2021-12-13,159928.SZ,1.2489999532699585,1.2660000324249268,1.2410000562667847,1.2410000562667847,1.2410000562667847,192640600
2021-12-14,159928.SZ,1.2389999628067017,1.2549999952316284,1.2309999465942383,1.246000051498413,1.246000051498413,211694700
2021-12-15,159928.SZ,1.2410000562667847,1.2419999837875366,1.2209999561309814,1.222000002861023,1.222000002861023,167973100
2021-12-16,159928.SZ,1.2230000495910645,1.225000023841858,1.1970000267028809,1.215000033378601,1.215000033378601,191064900
2021-12-17,159928.SZ,1.2130000591278076,1.2130000591278076,1.190999984741211,1.190999984741211,1.190999984741211,156490852
2021-12-20,159928.SZ,1.190000057220459,1.2039999961853027,1.187000036239624,1.1950000524520874,1.1950000524520874,160089146
2021-12-21,159928.SZ,1.1959999799728394,1.1990000009536743,1.184000015258789,1.1959999799728394,1.1959999799728394,155773700
2021-12-22,159928.SZ,1.1950000524520874,1.2050000429153442,1.190999984741211,1.2039999961853027,1.2039999961853027,126427000
2021-12-23,159928.SZ,1.2020000219345093,1.225000023841858,1.1990000009536743,1.2239999771118164,1.2239999771118164,155205500
2021-12-24,159928.SZ,1.218999981880188,1.2450000047683716,1.218999981880188,1.2430000305175781,1.2430000305175781,253113196
2021-12-27,159928.SZ,1.2450000047683716,1.25,1.2280000448226929,1.2400000095367432,1.2400000095367432,171541966
2021-12-28,159928.SZ,1.2410000562667847,1.25,1.2339999675750732,1.2400000095367432,1.2400000095367432,142362800
2021-12-29,159928.SZ,1.2400000095367432,1.2430000305175781,1.1959999799728394,1.1979999542236328,1.1979999542236328,221007365
2021-12-30,159928.SZ,1.1950000524520874,1.2109999656677246,1.1950000524520874,1.2089999914169312,1.2089999914169312,154843920
2021-12-31,159928.SZ,1.2100000381469727,1.2100000381469727,1.1950000524520874,1.2059999704360962,1.2059999704360962,134012736
2022-01-04,159928.SZ,1.2070000171661377,1.218999981880188,1.1959999799728394,1.218999981880188,1.218999981880188,158801900
2022-01-05,159928.SZ,1.218000054359436,1.2300000190734863,1.2120000123977661,1.218999981880188,1.218999981880188,153984577
2022-01-06,159928.SZ,1.2130000591278076,1.2139999866485596,1.1829999685287476,1.1950000524520874,1.1950000524520874,162456588
2022-01-07,159928.SZ,1.187999963760376,1.1970000267028809,1.1759999990463257,1.1790000200271606,1.1790000200271606,105342408
2022-01-10,159928.SZ,1.1729999780654907,1.1890000104904175,1.159000039100647,1.184999942779541,1.184999942779541,101777892
2022-01-11,159928.SZ,1.1829999685287476,1.1859999895095825,1.159999966621399,1.1629999876022339,1.1629999876022339,98042092
2022-01-12,159928.SZ,1.1629999876022339,1.1749999523162842,1.159999966621399,1.1729999780654907,1.1729999780654907,134545400
2022-01-13,159928.SZ,1.1740000247955322,1.1740000247955322,1.1349999904632568,1.1390000581741333,1.1390000581741333,223551612
2022-01-14,159928.SZ,1.1360000371932983,1.1460000276565552,1.125,1.128000020980835,1.128000020980835,137605386
2022-01-17,159928.SZ,1.1269999742507935,1.1349999904632568,1.1139999628067017,1.1349999904632568,1.1349999904632568,96503500
2022-01-18,159928.SZ,1.13100004196167,1.1460000276565552,1.1260000467300415,1.1440000534057617,1.1440000534057617,76450300
2022-01-19,159928.SZ,1.1449999809265137,1.1469999551773071,1.128000020980835,1.1360000371932983,1.1360000371932983,98603700
2022-01-20,159928.SZ,1.1349999904632568,1.159000039100647,1.1319999694824219,1.1549999713897705,1.1549999713897705,182799789
2022-01-21,159928.SZ,1.1519999504089355,1.1640000343322754,1.1430000066757202,1.156999945640564,1.156999945640564,116715433
2022-01-24,159928.SZ,1.1460000276565552,1.1619999408721924,1.1399999856948853,1.1449999809265137,1.1449999809265137,93270000
2022-01-25,159928.SZ,1.1419999599456787,1.1469999551773071,1.1200000047683716,1.121000051498413,1.121000051498413,91316891
2022-01-26,159928.SZ,1.1200000047683716,1.1349999904632568,1.1109999418258667,1.1349999904632568,1.1349999904632568,128818350
2022-01-27,159928.SZ,1.1330000162124634,1.1440000534057617,1.1109999418258667,1.1109999418258667,1.1109999418258667,134713900
2022-01-28,159928.SZ,1.1139999628067017,1.125,1.1009999513626099,1.1039999723434448,1.1039999723434448,108234626
2022-02-07,159928.SZ,1.1109999418258667,1.1200000047683716,1.0989999771118164,1.1069999933242798,1.1069999933242798,97597110
2022-02-08,159928.SZ,1.1069999933242798,1.1069999933242798,1.0709999799728394,1.093000054359436,1.093000054359436,135609500
2022-02-09,159928.SZ,1.090999960899353,1.13100004196167,1.0889999866485596,1.125,1.125,324519819
2022-02-10,159928.SZ,1.128999948501587,1.1390000581741333,1.1239999532699585,1.1360000371932983,1.1360000371932983,134824200
2022-02-11,159928.SZ,1.1299999952316284,1.1460000276565552,1.125,1.1269999742507935,1.1269999742507935,88056000
2022-02-14,159928.SZ,1.1200000047683716,1.1380000114440918,1.11899995803833,1.1299999952316284,1.1299999952316284,78758700
2022-02-15,159928.SZ,1.128999948501587,1.1440000534057617,1.128999948501587,1.1419999599456787,1.1419999599456787,85603800
2022-02-16,159928.SZ,1.1419999599456787,1.1440000534057617,1.1319999694824219,1.1410000324249268,1.1410000324249268,81120500
2022-02-17,159928.SZ,1.1399999856948853,1.1440000534057617,1.1330000162124634,1.1399999856948853,1.1399999856948853,60357200
2022-02-18,159928.SZ,1.1349999904632568,1.1469999551773071,1.128999948501587,1.1469999551773071,1.1469999551773071,108281500
2022-02-21,159928.SZ,1.1480000019073486,1.1549999713897705,1.1399999856948853,1.1480000019073486,1.1480000019073486,67740685
2022-02-22,159928.SZ,1.1410000324249268,1.1410000324249268,1.1169999837875366,1.125,1.125,72126400
2022-02-23,159928.SZ,1.125,1.13100004196167,1.1160000562667847,1.1239999532699585,1.1239999532699585,71216600
2022-02-24,159928.SZ,1.1150000095367432,1.121000051498413,1.0839999914169312,1.0950000286102295,1.0950000286102295,120199700
2022-02-25,159928.SZ,1.0950000286102295,1.1119999885559082,1.0950000286102295,1.1019999980926514,1.1019999980926514,65948000
2022-02-28,159928.SZ,1.0959999561309814,1.1030000448226929,1.0870000123977661,1.1030000448226929,1.1030000448226929,74936000
2022-03-01,159928.SZ,1.1050000190734863,1.1349999904632568,1.1050000190734863,1.1349999904632568,1.1349999904632568,137286014
2022-03-02,159928.SZ,1.1260000467300415,1.128000020980835,1.1150000095367432,1.1230000257492065,1.1230000257492065,117111400
2022-03-03,159928.SZ,1.1239999532699585,1.125,1.100000023841858,1.1009999513626099,1.1009999513626099,103623000
2022-03-04,159928.SZ,1.0950000286102295,1.1050000190734863,1.0889999866485596,1.097000002861023,1.097000002861023,65058700
2022-03-07,159928.SZ,1.0859999656677246,1.093000054359436,1.0460000038146973,1.055999994277954,1.055999994277954,129097500
2022-03-08,159928.SZ,1.059999942779541,1.0720000267028809,1.0290000438690186,1.0299999713897705,1.0299999713897705,314986654
2022-03-09,159928.SZ,1.031000018119812,1.0479999780654907,0.9919999837875366,1.0299999713897705,1.0299999713897705,189722975
2022-03-10,159928.SZ,1.0460000038146973,1.0549999475479126,1.0429999828338623,1.0479999780654907,1.0479999780654907,130827445
2022-03-11,159928.SZ,1.0299999713897705,1.0570000410079956,1.027999997138977,1.0540000200271606,1.0540000200271606,100351991
2022-03-14,159928.SZ,1.0440000295639038,1.0440000295639038,1.0080000162124634,1.0099999904632568,1.0099999904632568,133439000
2022-03-15,159928.SZ,0.9959999918937683,1.0,0.9570000171661377,0.9599999785423279,0.9599999785423279,189337300
2022-03-16,159928.SZ,0.9700000286102295,0.9900000095367432,0.9330000281333923,0.9810000061988831,0.9810000061988831,121703000
2022-03-17,159928.SZ,0.9879999756813049,1.0290000438690186,0.9879999756813049,1.0160000324249268,1.0160000324249268,100199000
2022-03-18,159928.SZ,1.0110000371932983,1.024999976158142,1.003999948501587,1.0190000534057617,1.0190000534057617,56602618
2022-03-21,159928.SZ,1.0190000534057617,1.0290000438690186,1.0099999904632568,1.0219999551773071,1.0219999551773071,98987985
2022-03-22,159928.SZ,1.0140000581741333,1.0269999504089355,1.0130000114440918,1.0190000534057617,1.0190000534057617,74899433
2022-03-23,159928.SZ,1.0240000486373901,1.0299999713897705,1.0149999856948853,1.0219999551773071,1.0219999551773071,108148203
2022-03-24,159928.SZ,1.0160000324249268,1.0180000066757202,1.0049999952316284,1.0130000114440918,1.0130000114440918,127211758
2022-03-25,159928.SZ,1.0069999694824219,1.0180000066757202,0.9919999837875366,0.9950000047683716,0.9950000047683716,95388078
2022-03-28,159928.SZ,0.9800000190734863,0.9829999804496765,0.9629999995231628,0.9800000190734863,0.9800000190734863,152842726
2022-03-29,159928.SZ,0.9789999723434448,0.9890000224113464,0.9750000238418579,0.9769999980926514,0.9769999980926514,105075609
2022-03-30,159928.SZ,0.9819999933242798,1.0089999437332153,0.9819999933242798,1.00600004196167,1.00600004196167,83110242
2022-03-31,159928.SZ,1.003000020980835,1.0119999647140503,0.9980000257492065,1.003000020980835,1.003000020980835,68001142
2022-04-01,159928.SZ,0.9990000128746033,1.027999997138977,0.996999979019165,1.0160000324249268,1.0160000324249268,66063927
2022-04-06,159928.SZ,1.0119999647140503,1.0180000066757202,0.9990000128746033,1.0119999647140503,1.0119999647140503,81367600
2022-04-07,159928.SZ,1.003000020980835,1.0119999647140503,0.9900000095367432,0.9950000047683716,0.9950000047683716,77383600
2022-04-08,159928.SZ,0.9929999709129333,0.9990000128746033,0.984000027179718,0.9900000095367432,0.9900000095367432,64677000
2022-04-11,159928.SZ,0.984000027179718,0.9850000143051147,0.9670000076293945,0.9739999771118164,0.9739999771118164,72778400
2022-04-12,159928.SZ,0.9700000286102295,1.0130000114440918,0.9700000286102295,1.0080000162124634,1.0080000162124634,128375800
2022-04-13,159928.SZ,1.003000020980835,1.0130000114440918,0.9980000257492065,1.0019999742507935,1.0019999742507935,190029382
2022-04-14,159928.SZ,1.0099999904632568,1.0470000505447388,1.0,1.034999966621399,1.034999966621399,230457171
2022-04-15,159928.SZ,1.0290000438690186,1.0440000295639038,1.0230000019073486,1.0360000133514404,1.0360000133514404,198275063
2022-04-18,159928.SZ,1.024999976158142,1.0399999618530273,1.0219999551773071,1.0399999618530273,1.0399999618530273,128742564
2022-04-19,159928.SZ,1.0429999828338623,1.0540000200271606,1.031000018119812,1.0390000343322754,1.0390000343322754,88295924
2022-04-20,159928.SZ,1.0399999618530273,1.0609999895095825,1.0269999504089355,1.0449999570846558,1.0449999570846558,264721347
2022-04-21,159928.SZ,1.0329999923706055,1.0490000247955322,1.0160000324249268,1.0230000019073486,1.0230000019073486,179445500
2022-04-22,159928.SZ,1.0180000066757202,1.0290000438690186,1.0,1.0210000276565552,1.0210000276565552,144818600
2022-04-25,159928.SZ,1.0010000467300415,1.0190000534057617,0.9789999723434448,0.9810000061988831,0.9810000061988831,246733723
2022-04-26,159928.SZ,0.9829999804496765,1.0080000162124634,0.9789999723434448,0.9860000014305115,0.9860000014305115,323865537
2022-04-27,159928.SZ,0.9810000061988831,1.0119999647140503,0.9810000061988831,1.0099999904632568,1.0099999904632568,309544015
2022-04-28,159928.SZ,1.0080000162124634,1.0190000534057617,1.0010000467300415,1.0119999647140503,1.0119999647140503,143051215
2022-04-29,159928.SZ,1.0190000534057617,1.0260000228881836,1.0019999742507935,1.0140000581741333,1.0140000581741333,321163298
2022-05-05,159928.SZ,1.0140000581741333,1.0329999923706055,1.0110000371932983,1.0160000324249268,1.0160000324249268,277047400
2022-05-06,159928.SZ,1.0,1.0,0.9810000061988831,0.9879999756813049,0.9879999756813049,323652950
2022-05-09,159928.SZ,0.9810000061988831,0.9879999756813049,0.9700000286102295,0.9819999933242798,0.9819999933242798,108279478
2022-05-10,159928.SZ,0.972000002861023,0.9950000047683716,0.9629999995231628,0.9919999837875366,0.9919999837875366,139390208
2022-05-11,159928.SZ,0.9929999709129333,1.0080000162124634,0.9900000095367432,0.9950000047683716,0.9950000047683716,110764400
2022-05-12,159928.SZ,0.9890000224113464,1.0089999437332153,0.9890000224113464,1.0,1.0,106691700
2022-05-13,159928.SZ,1.0010000467300415,1.0089999437332153,0.9879999756813049,0.9980000257492065,0.9980000257492065,87925272
2022-05-16,159928.SZ,1.0,1.003999948501587,0.984000027179718,0.9900000095367432,0.9900000095367432,167457172
2022-05-17,159928.SZ,0.9879999756813049,0.9940000176429749,0.9850000143051147,0.9919999837875366,0.9919999837875366,150189907
2022-05-18,159928.SZ,0.9929999709129333,0.9929999709129333,0.9750000238418579,0.9879999756813049,0.9879999756813049,125331207
2022-05-19,159928.SZ,0.9750000238418579,0.9800000190734863,0.9700000286102295,0.9769999980926514,0.9769999980926514,127159374
2022-05-20,159928.SZ,0.9769999980926514,1.003000020980835,0.9769999980926514,1.0019999742507935,1.0019999742507935,182783338
2022-05-23,159928.SZ,1.0019999742507935,1.003999948501587,0.9919999837875366,0.9950000047683716,0.9950000047683716,119652500
2022-05-24,159928.SZ,0.9980000257492065,0.9980000257492065,0.9769999980926514,0.9860000014305115,0.9860000014305115,136032137
2022-05-25,159928.SZ,0.9800000190734863,0.984000027179718,0.972000002861023,0.9829999804496765,0.9829999804496765,131582789
2022-05-26,159928.SZ,0.9850000143051147,0.9890000224113464,0.9710000157356262,0.9819999933242798,0.9819999933242798,172173841
2022-05-27,159928.SZ,0.9850000143051147,0.9980000257492065,0.9769999980926514,0.984000027179718,0.984000027179718,150394572
2022-05-30,159928.SZ,0.9850000143051147,1.0049999952316284,0.9850000143051147,0.9980000257492065,0.9980000257492065,161267117
2022-05-31,159928.SZ,0.9980000257492065,1.034000039100647,0.9950000047683716,1.024999976158142,1.024999976158142,321938119
2022-06-01,159928.SZ,1.0260000228881836,1.0299999713897705,1.0140000581741333,1.0210000276565552,1.0210000276565552,173127717
2022-06-02,159928.SZ,1.0149999856948853,1.0180000066757202,1.0089999437332153,1.0140000581741333,1.0140000581741333,138028200
2022-06-06,159928.SZ,1.0130000114440918,1.0230000019073486,0.9959999918937683,1.0230000019073486,1.0230000019073486,246704300
2022-06-07,159928.SZ,1.0219999551773071,1.0440000295639038,1.0160000324249268,1.034000039100647,1.034000039100647,245788717
2022-06-08,159928.SZ,1.0360000133514404,1.059999942779541,1.031999945640564,1.0490000247955322,1.0490000247955322,280509400
2022-06-09,159928.SZ,1.0470000505447388,1.055999994277954,1.0360000133514404,1.0390000343322754,1.0390000343322754,195010115
2022-06-10,159928.SZ,1.034000039100647,1.0529999732971191,1.0299999713897705,1.0490000247955322,1.0490000247955322,165385621
2022-06-13,159928.SZ,1.0369999408721924,1.0460000038146973,1.0299999713897705,1.0420000553131104,1.0420000553131104,175702540
2022-06-14,159928.SZ,1.0290000438690186,1.0570000410079956,1.027999997138977,1.0509999990463257,1.0509999990463257,203934991
2022-06-15,159928.SZ,1.0579999685287476,1.0800000429153442,1.0490000247955322,1.0579999685287476,1.0579999685287476,243351462
2022-06-16,159928.SZ,1.062999963760376,1.0800000429153442,1.062000036239624,1.0700000524520874,1.0700000524520874,183694446
2022-06-17,159928.SZ,1.0640000104904175,1.0839999914169312,1.059999942779541,1.0820000171661377,1.0820000171661377,238964200
2022-06-20,159928.SZ,1.090000033378601,1.1039999723434448,1.0800000429153442,1.0950000286102295,1.0950000286102295,170199500
2022-06-21,159928.SZ,1.093999981880188,1.1019999980926514,1.0800000429153442,1.093000054359436,1.093000054359436,195770000
2022-06-22,159928.SZ,1.0920000076293945,1.093999981880188,1.0800000429153442,1.0800000429153442,1.0800000429153442,167905454
2022-06-23,159928.SZ,1.0829999446868896,1.0920000076293945,1.0750000476837158,1.090999960899353,1.090999960899353,171113529
2022-06-24,159928.SZ,1.0920000076293945,1.1100000143051147,1.0889999866485596,1.1039999723434448,1.1039999723434448,136093303
2022-06-27,159928.SZ,1.1139999628067017,1.1469999551773071,1.1109999418258667,1.1360000371932983,1.1360000371932983,343100128
2022-06-28,159928.SZ,1.1360000371932983,1.1449999809265137,1.1319999694824219,1.1410000324249268,1.1410000324249268,222792016
2022-06-29,159928.SZ,1.1430000066757202,1.1430000066757202,1.1169999837875366,1.1200000047683716,1.1200000047683716,224263463
2022-06-30,159928.SZ,1.1260000467300415,1.1649999618530273,1.125,1.156000018119812,1.156000018119812,291713654
2022-07-01,159928.SZ,1.159999966621399,1.159999966621399,1.1380000114440918,1.1480000019073486,1.1480000019073486,311012088
2022-07-04,159928.SZ,1.1480000019073486,1.1649999618530273,1.1369999647140503,1.1629999876022339,1.1629999876022339,214126788
2022-07-05,159928.SZ,1.1640000343322754,1.1720000505447388,1.1410000324249268,1.1610000133514404,1.1610000133514404,167742179
2022-07-06,159928.SZ,1.1510000228881836,1.1519999504089355,1.1230000257492065,1.1299999952316284,1.1299999952316284,281522400
2022-07-07,159928.SZ,1.128000020980835,1.1380000114440918,1.1139999628067017,1.1299999952316284,1.1299999952316284,163678098
2022-07-08,159928.SZ,1.1349999904632568,1.1430000066757202,1.1269999742507935,1.1330000162124634,1.1330000162124634,147615400
2022-07-11,159928.SZ,1.1299999952316284,1.1299999952316284,1.1100000143051147,1.121999979019165,1.121999979019165,221978500
2022-07-12,159928.SZ,1.1160000562667847,1.128000020980835,1.1019999980926514,1.1089999675750732,1.1089999675750732,205178481
2022-07-13,159928.SZ,1.1109999418258667,1.121000051498413,1.1050000190734863,1.1139999628067017,1.1139999628067017,129386100
2022-07-14,159928.SZ,1.1139999628067017,1.1180000305175781,1.1019999980926514,1.1069999933242798,1.1069999933242798,166591900
2022-07-15,159928.SZ,1.1069999933242798,1.128000020980835,1.0989999771118164,1.1030000448226929,1.1030000448226929,138295000
2022-07-18,159928.SZ,1.1009999513626099,1.1059999465942383,1.0789999961853027,1.1009999513626099,1.1009999513626099,173407100
2022-07-19,159928.SZ,1.100000023841858,1.1039999723434448,1.0850000381469727,1.1019999980926514,1.1019999980926514,159996300
2022-07-20,159928.SZ,1.1069999933242798,1.1139999628067017,1.1009999513626099,1.1030000448226929,1.1030000448226929,149932488
2022-07-21,159928.SZ,1.1030000448226929,1.1080000400543213,1.093999981880188,1.0950000286102295,1.0950000286102295,184372200
2022-07-22,159928.SZ,1.0950000286102295,1.1039999723434448,1.0829999446868896,1.093000054359436,1.093000054359436,139426784
2022-07-25,159928.SZ,1.093000054359436,1.0980000495910645,1.0800000429153442,1.097000002861023,1.097000002861023,152915900
2022-07-26,159928.SZ,1.100000023841858,1.1109999418258667,1.097000002861023,1.1059999465942383,1.1059999465942383,116394800
2022-07-27,159928.SZ,1.1039999723434448,1.1039999723434448,1.0920000076293945,1.093000054359436,1.093000054359436,177835000
2022-07-28,159928.SZ,1.0959999561309814,1.1059999465942383,1.090000033378601,1.090000033378601,1.090000033378601,136053600
2022-07-29,159928.SZ,1.0859999656677246,1.0920000076293945,1.065999984741211,1.0700000524520874,1.0700000524520874,226683674
2022-08-01,159928.SZ,1.0700000524520874,1.0839999914169312,1.0670000314712524,1.0770000219345093,1.0770000219345093,160077831
2022-08-02,159928.SZ,1.069000005722046,1.0770000219345093,1.0579999685287476,1.0640000104904175,1.0640000104904175,160824150
2022-08-03,159928.SZ,1.0640000104904175,1.0750000476837158,1.0540000200271606,1.0549999475479126,1.0549999475479126,152486400
2022-08-04,159928.SZ,1.0579999685287476,1.0740000009536743,1.0570000410079956,1.0679999589920044,1.0679999589920044,169247815
2022-08-05,159928.SZ,1.0729999542236328,1.0839999914169312,1.0679999589920044,1.0829999446868896,1.0829999446868896,133184100
2022-08-08,159928.SZ,1.0800000429153442,1.0870000123977661,1.0729999542236328,1.0759999752044678,1.0759999752044678,125468200
2022-08-09,159928.SZ,1.0729999542236328,1.0729999542236328,1.0609999895095825,1.069000005722046,1.069000005722046,97566300
2022-08-10,159928.SZ,1.062999963760376,1.069000005722046,1.0420000553131104,1.0490000247955322,1.0490000247955322,191941264
2022-08-11,159928.SZ,1.0520000457763672,1.0679999589920044,1.0490000247955322,1.0679999589920044,1.0679999589920044,190248564
2022-08-12,159928.SZ,1.065000057220459,1.0779999494552612,1.062000036239624,1.0740000009536743,1.0740000009536743,145237836
2022-08-15,159928.SZ,1.0679999589920044,1.0759999752044678,1.0609999895095825,1.065000057220459,1.065000057220459,111143400
2022-08-16,159928.SZ,1.0670000314712524,1.0679999589920044,1.0579999685287476,1.0640000104904175,1.0640000104904175,126686800
2022-08-17,159928.SZ,1.065999984741211,1.0740000009536743,1.0549999475479126,1.0700000524520874,1.0700000524520874,136673300
2022-08-18,159928.SZ,1.0679999589920044,1.0679999589920044,1.0499999523162842,1.0520000457763672,1.0520000457763672,116370100
2022-08-19,159928.SZ,1.0520000457763672,1.0679999589920044,1.0479999780654907,1.059000015258789,1.059000015258789,119826776
2022-08-22,159928.SZ,1.0579999685287476,1.069000005722046,1.0549999475479126,1.0640000104904175,1.0640000104904175,88377776
2022-08-23,159928.SZ,1.0640000104904175,1.069000005722046,1.0529999732971191,1.0540000200271606,1.0540000200271606,124369144
2022-08-24,159928.SZ,1.055999994277954,1.0609999895095825,1.0479999780654907,1.0479999780654907,1.0479999780654907,181864472
2022-08-25,159928.SZ,1.0499999523162842,1.069000005722046,1.0499999523162842,1.069000005722046,1.069000005722046,150505202
2022-08-26,159928.SZ,1.0700000524520874,1.0920000076293945,1.0700000524520874,1.0800000429153442,1.0800000429153442,187677100
2022-08-29,159928.SZ,1.0800000429153442,1.090000033378601,1.0679999589920044,1.069000005722046,1.069000005722046,240664702
2022-08-30,159928.SZ,1.0700000524520874,1.0720000267028809,1.0549999475479126,1.0700000524520874,1.0700000524520874,123802585
2022-08-31,159928.SZ,1.065999984741211,1.090000033378601,1.0640000104904175,1.0809999704360962,1.0809999704360962,207471633
2022-09-01,159928.SZ,1.0779999494552612,1.0779999494552612,1.062000036239624,1.062999963760376,1.062999963760376,211597100
2022-09-02,159928.SZ,1.062999963760376,1.065999984741211,1.0470000505447388,1.0540000200271606,1.0540000200271606,141472000
2022-09-05,159928.SZ,1.0509999990463257,1.0509999990463257,1.027999997138977,1.0369999408721924,1.0369999408721924,137040981
2022-09-06,159928.SZ,1.034000039100647,1.0440000295639038,1.0329999923706055,1.0420000553131104,1.0420000553131104,101151500
2022-09-07,159928.SZ,1.034999966621399,1.0360000133514404,1.0230000019073486,1.027999997138977,1.027999997138977,135679800
2022-09-08,159928.SZ,1.027999997138977,1.0379999876022339,1.0240000486373901,1.024999976158142,1.024999976158142,99072292
2022-09-09,159928.SZ,1.024999976158142,1.0379999876022339,1.0210000276565552,1.0360000133514404,1.0360000133514404,141276600
2022-09-13,159928.SZ,1.0390000343322754,1.0579999685287476,1.0369999408721924,1.0499999523162842,1.0499999523162842,142470351
2022-09-14,159928.SZ,1.0420000553131104,1.0509999990463257,1.0399999618530273,1.0449999570846558,1.0449999570846558,161053400
2022-09-15,159928.SZ,1.0460000038146973,1.055999994277954,1.0379999876022339,1.0429999828338623,1.0429999828338623,193068300
2022-09-16,159928.SZ,1.0449999570846558,1.0479999780654907,1.0240000486373901,1.0240000486373901,1.0240000486373901,162530400
2022-09-19,159928.SZ,1.024999976158142,1.0460000038146973,1.0199999809265137,1.034999966621399,1.034999966621399,181458800
2022-09-20,159928.SZ,1.0379999876022339,1.0440000295639038,1.027999997138977,1.0399999618530273,1.0399999618530273,99751400
2022-09-21,159928.SZ,1.0379999876022339,1.0399999618530273,1.0240000486373901,1.024999976158142,1.024999976158142,99364500
2022-09-22,159928.SZ,1.0199999809265137,1.0230000019073486,1.0099999904632568,1.0099999904632568,1.0099999904632568,98191700
2022-09-23,159928.SZ,1.0089999437332153,1.0199999809265137,1.0019999742507935,1.0130000114440918,1.0130000114440918,105603500
2022-09-26,159928.SZ,1.0049999952316284,1.0299999713897705,1.003999948501587,1.0160000324249268,1.0160000324249268,111962400
2022-09-27,159928.SZ,1.0199999809265137,1.0529999732971191,1.0140000581741333,1.0520000457763672,1.0520000457763672,233099973
2022-09-28,159928.SZ,1.0509999990463257,1.059999942779541,1.0449999570846558,1.0460000038146973,1.0460000038146973,198416459
2022-09-29,159928.SZ,1.0549999475479126,1.062999963760376,1.0390000343322754,1.0449999570846558,1.0449999570846558,198908500
2022-09-30,159928.SZ,1.0429999828338623,1.055999994277954,1.0399999618530273,1.0420000553131104,1.0420000553131104,209822200
2022-10-10,159928.SZ,1.0410000085830688,1.0429999828338623,1.0089999437332153,1.0110000371932983,1.0110000371932983,227771400
2022-10-11,159928.SZ,1.0099999904632568,1.0169999599456787,0.9980000257492065,1.0130000114440918,1.0130000114440918,216884981
2022-10-12,159928.SZ,1.0149999856948853,1.0149999856948853,0.984000027179718,1.0119999647140503,1.0119999647140503,210667100
2022-10-13,159928.SZ,1.0080000162124634,1.0180000066757202,0.9980000257492065,1.0080000162124634,1.0080000162124634,133239626
2022-10-14,159928.SZ,1.0149999856948853,1.027999997138977,1.0099999904632568,1.0219999551773071,1.0219999551773071,125710426
2022-10-17,159928.SZ,1.0199999809265137,1.0210000276565552,1.00600004196167,1.0180000066757202,1.0180000066757202,130515700
2022-10-18,159928.SZ,1.0180000066757202,1.0269999504089355,1.00600004196167,1.0099999904632568,1.0099999904632568,162112600
2022-10-19,159928.SZ,1.0049999952316284,1.0080000162124634,0.9789999723434448,0.9819999933242798,0.9819999933242798,212920200
2022-10-20,159928.SZ,0.9739999771118164,0.9950000047683716,0.9679999947547913,0.9779999852180481,0.9779999852180481,150359823
2022-10-21,159928.SZ,0.9760000109672546,0.9760000109672546,0.9599999785423279,0.9670000076293945,0.9670000076293945,118505177
2022-10-24,159928.SZ,0.9599999785423279,0.9599999785423279,0.9160000085830688,0.9229999780654907,0.9229999780654907,273358500
2022-10-25,159928.SZ,0.9139999747276306,0.9309999942779541,0.9120000004768372,0.9200000166893005,0.9200000166893005,152320190
2022-10-26,159928.SZ,0.925000011920929,0.9340000152587891,0.9079999923706055,0.9110000133514404,0.9110000133514404,227813500
2022-10-27,159928.SZ,0.9070000052452087,0.9139999747276306,0.8840000033378601,0.8870000243186951,0.8870000243186951,199357000
2022-10-28,159928.SZ,0.8799999952316284,0.8830000162124634,0.8600000143051147,0.8640000224113464,0.8640000224113464,161873040
2022-10-31,159928.SZ,0.8519999980926514,0.8650000095367432,0.8420000076293945,0.8560000061988831,0.8560000061988831,134066300
2022-11-01,159928.SZ,0.8550000190734863,0.9070000052452087,0.8550000190734863,0.9039999842643738,0.9039999842643738,306198605
2022-11-02,159928.SZ,0.9010000228881836,0.9309999942779541,0.8949999809265137,0.9160000085830688,0.9160000085830688,366318400
2022-11-03,159928.SZ,0.906000018119812,0.9100000262260437,0.8989999890327454,0.906000018119812,0.906000018119812,121617500
2022-11-04,159928.SZ,0.9020000100135803,0.949999988079071,0.9020000100135803,0.9430000185966492,0.9430000185966492,268309092
2022-11-07,159928.SZ,0.9359999895095825,0.953000009059906,0.9300000071525574,0.9480000138282776,0.9480000138282776,203433105
2022-11-08,159928.SZ,0.9449999928474426,0.9539999961853027,0.9269999861717224,0.9319999814033508,0.9319999814033508,142268989
2022-11-09,159928.SZ,0.9319999814033508,0.9359999895095825,0.9169999957084656,0.9190000295639038,0.9190000295639038,209487399
2022-11-10,159928.SZ,0.9129999876022339,0.9330000281333923,0.9120000004768372,0.9279999732971191,0.9279999732971191,203020700
2022-11-11,159928.SZ,0.9549999833106995,0.9610000252723694,0.9369999766349792,0.953000009059906,0.953000009059906,261253400
2022-11-14,159928.SZ,0.9539999961853027,0.9679999947547913,0.9419999718666077,0.9449999928474426,0.9449999928474426,150516338
2022-11-15,159928.SZ,0.9449999928474426,0.968999981880188,0.9390000104904175,0.9610000252723694,0.9610000252723694,154202200
2022-11-16,159928.SZ,0.9620000123977661,0.9729999899864197,0.9559999704360962,0.9599999785423279,0.9599999785423279,196291067
2022-11-17,159928.SZ,0.9599999785423279,0.9649999737739563,0.9490000009536743,0.9589999914169312,0.9589999914169312,112930212
2022-11-18,159928.SZ,0.9599999785423279,0.9639999866485596,0.953000009059906,0.9539999961853027,0.9539999961853027,180665400
2022-11-21,159928.SZ,0.9459999799728394,0.9459999799728394,0.9269999861717224,0.9380000233650208,0.9380000233650208,173945600
2022-11-22,159928.SZ,0.9350000023841858,0.949999988079071,0.9319999814033508,0.9359999895095825,0.9359999895095825,131209700
2022-11-23,159928.SZ,0.9350000023841858,0.9359999895095825,0.925000011920929,0.9290000200271606,0.9290000200271606,155395800
2022-11-24,159928.SZ,0.9350000023841858,0.9380000233650208,0.9210000038146973,0.9229999780654907,0.9229999780654907,106046000
2022-11-25,159928.SZ,0.9229999780654907,0.9279999732971191,0.9150000214576721,0.9229999780654907,0.9229999780654907,123620600
2022-11-28,159928.SZ,0.9089999794960022,0.9259999990463257,0.8939999938011169,0.9240000247955322,0.9240000247955322,215363050
2022-11-29,159928.SZ,0.9300000071525574,0.9599999785423279,0.9300000071525574,0.953000009059906,0.953000009059906,268665200
2022-11-30,159928.SZ,0.953000009059906,0.9629999995231628,0.9470000267028809,0.9549999833106995,0.9549999833106995,251662498
2022-12-01,159928.SZ,0.9829999804496765,0.9980000257492065,0.9750000238418579,0.9819999933242798,0.9819999933242798,380859995
2022-12-02,159928.SZ,0.9819999933242798,0.9940000176429749,0.9779999852180481,0.9869999885559082,0.9869999885559082,177213003
2022-12-05,159928.SZ,1.0010000467300415,1.0069999694824219,0.9940000176429749,1.003000020980835,1.003000020980835,275092764
2022-12-06,159928.SZ,0.9990000128746033,1.0399999618530273,0.9959999918937683,1.0210000276565552,1.0210000276565552,244775563
2022-12-07,159928.SZ,1.0210000276565552,1.0429999828338623,1.0140000581741333,1.0260000228881836,1.0260000228881836,492208935
2022-12-08,159928.SZ,1.0260000228881836,1.0260000228881836,1.0140000581741333,1.0180000066757202,1.0180000066757202,212217800
2022-12-09,159928.SZ,1.0199999809265137,1.0420000553131104,1.0089999437332153,1.0399999618530273,1.0399999618530273,281330204
2022-12-12,159928.SZ,1.0399999618530273,1.0429999828338623,1.0240000486373901,1.024999976158142,1.024999976158142,170244266
2022-12-13,159928.SZ,1.0240000486373901,1.0420000553131104,1.0199999809265137,1.0390000343322754,1.0390000343322754,207839755
2022-12-14,159928.SZ,1.0399999618530273,1.059999942779541,1.031000018119812,1.059000015258789,1.059000015258789,224137681
2022-12-15,159928.SZ,1.0640000104904175,1.065999984741211,1.0429999828338623,1.0449999570846558,1.0449999570846558,188083350
2022-12-16,159928.SZ,1.0399999618530273,1.0509999990463257,1.0369999408721924,1.0490000247955322,1.0490000247955322,137175300
2022-12-19,159928.SZ,1.0490000247955322,1.0549999475479126,1.031000018119812,1.0360000133514404,1.0360000133514404,177914800
2022-12-20,159928.SZ,1.031999945640564,1.0329999923706055,0.9959999918937683,1.0019999742507935,1.0019999742507935,234317499
2022-12-21,159928.SZ,1.0019999742507935,1.0210000276565552,1.0019999742507935,1.0119999647140503,1.0119999647140503,301057200
2022-12-22,159928.SZ,1.0219999551773071,1.0460000038146973,1.0190000534057617,1.0329999923706055,1.0329999923706055,211105400
2022-12-23,159928.SZ,1.031000018119812,1.0460000038146973,1.0210000276565552,1.0360000133514404,1.0360000133514404,153211939
2022-12-26,159928.SZ,1.0369999408721924,1.0440000295639038,1.0240000486373901,1.0260000228881836,1.0260000228881836,148448600
2022-12-27,159928.SZ,1.0360000133514404,1.0499999523162842,1.0299999713897705,1.0460000038146973,1.0460000038146973,212514439
2022-12-28,159928.SZ,1.0440000295639038,1.0449999570846558,1.034999966621399,1.0410000085830688,1.0410000085830688,134853400
2022-12-29,159928.SZ,1.031000018119812,1.034999966621399,1.0240000486373901,1.027999997138977,1.027999997138977,153751900
2022-12-30,159928.SZ,1.034999966621399,1.0449999570846558,1.031000018119812,1.0440000295639038,1.0440000295639038,191559800
2023-01-03,159928.SZ,1.0440000295639038,1.0440000295639038,1.0169999599456787,1.024999976158142,1.024999976158142,301610665
2023-01-04,159928.SZ,1.0260000228881836,1.031999945640564,1.0180000066757202,1.0240000486373901,1.0240000486373901,170313400
2023-01-05,159928.SZ,1.0269999504089355,1.062000036239624,1.0269999504089355,1.0579999685287476,1.0579999685287476,344697700
2023-01-06,159928.SZ,1.059999942779541,1.062000036239624,1.0470000505447388,1.0579999685287476,1.0579999685287476,244298952
2023-01-09,159928.SZ,1.059999942779541,1.0770000219345093,1.0520000457763672,1.0740000009536743,1.0740000009536743,228407500
2023-01-10,159928.SZ,1.0750000476837158,1.0839999914169312,1.0670000314712524,1.0789999961853027,1.0789999961853027,266445300
2023-01-11,159928.SZ,1.0740000009536743,1.0820000171661377,1.065999984741211,1.0740000009536743,1.0740000009536743,231909900
2023-01-12,159928.SZ,1.0770000219345093,1.0789999961853027,1.0640000104904175,1.0679999589920044,1.0679999589920044,225096900
2023-01-13,159928.SZ,1.069000005722046,1.097000002861023,1.0679999589920044,1.097000002861023,1.097000002861023,297927595
2023-01-16,159928.SZ,1.097000002861023,1.1330000162124634,1.097000002861023,1.11899995803833,1.11899995803833,399499038
2023-01-17,159928.SZ,1.1169999837875366,1.125,1.1030000448226929,1.1069999933242798,1.1069999933242798,429220836
2023-01-18,159928.SZ,1.1109999418258667,1.1200000047683716,1.0950000286102295,1.097000002861023,1.097000002861023,227053500
2023-01-19,159928.SZ,1.0950000286102295,1.0980000495910645,1.0829999446868896,1.093000054359436,1.093000054359436,214982200
2023-01-20,159928.SZ,1.100000023841858,1.1080000400543213,1.090000033378601,1.090999960899353,1.090999960899353,206131900
2023-01-30,159928.SZ,1.1119999885559082,1.1150000095367432,1.0980000495910645,1.1019999980926514,1.1019999980926514,309725367
2023-01-31,159928.SZ,1.1030000448226929,1.1119999885559082,1.0800000429153442,1.0829999446868896,1.0829999446868896,254097967
2023-02-01,159928.SZ,1.0850000381469727,1.093000054359436,1.0720000267028809,1.0920000076293945,1.0920000076293945,167981300
2023-02-02,159928.SZ,1.0920000076293945,1.1019999980926514,1.0829999446868896,1.097000002861023,1.097000002861023,194211800
2023-02-03,159928.SZ,1.090000033378601,1.090000033378601,1.0750000476837158,1.0859999656677246,1.0859999656677246,238507178
2023-02-06,159928.SZ,1.0700000524520874,1.0740000009536743,1.0540000200271606,1.0670000314712524,1.0670000314712524,436180576
2023-02-07,159928.SZ,1.0670000314712524,1.0759999752044678,1.062999963760376,1.0679999589920044,1.0679999589920044,376460024
2023-02-08,159928.SZ,1.0700000524520874,1.0720000267028809,1.055999994277954,1.059000015258789,1.059000015258789,143731256
2023-02-09,159928.SZ,1.055999994277954,1.0809999704360962,1.055999994277954,1.0779999494552612,1.0779999494552612,203477570
2023-02-10,159928.SZ,1.0820000171661377,1.0870000123977661,1.0729999542236328,1.0800000429153442,1.0800000429153442,163079500
2023-02-13,159928.SZ,1.0789999961853027,1.1100000143051147,1.0779999494552612,1.1039999723434448,1.1039999723434448,216223164
2023-02-14,159928.SZ,1.1109999418258667,1.1109999418258667,1.097000002861023,1.100000023841858,1.100000023841858,152691035
2023-02-15,159928.SZ,1.1009999513626099,1.1069999933242798,1.090000033378601,1.093000054359436,1.093000054359436,197267900
2023-02-16,159928.SZ,1.090999960899353,1.1100000143051147,1.0839999914169312,1.090999960899353,1.090999960899353,214704300
2023-02-17,159928.SZ,1.090999960899353,1.1080000400543213,1.0850000381469727,1.0850000381469727,1.0850000381469727,235575300
2023-02-20,159928.SZ,1.0839999914169312,1.1059999465942383,1.0759999752044678,1.1039999723434448,1.1039999723434448,242723700
2023-02-21,159928.SZ,1.1039999723434448,1.1069999933242798,1.093000054359436,1.0980000495910645,1.0980000495910645,218009200
2023-02-22,159928.SZ,1.0989999771118164,1.1089999675750732,1.0920000076293945,1.1009999513626099,1.1009999513626099,179424332
2023-02-23,159928.SZ,1.1009999513626099,1.1050000190734863,1.0839999914169312,1.090000033378601,1.090000033378601,133101708
2023-02-24,159928.SZ,1.0880000591278076,1.0889999866485596,1.0720000267028809,1.0789999961853027,1.0789999961853027,196014100
2023-02-27,159928.SZ,1.0720000267028809,1.090000033378601,1.0700000524520874,1.0859999656677246,1.0859999656677246,165864790
2023-02-28,159928.SZ,1.0870000123977661,1.093999981880188,1.0779999494552612,1.0889999866485596,1.0889999866485596,132806400
2023-03-01,159928.SZ,1.090000033378601,1.0989999771118164,1.0809999704360962,1.0980000495910645,1.0980000495910645,137193400
2023-03-02,159928.SZ,1.097000002861023,1.0980000495910645,1.090000033378601,1.093000054359436,1.093000054359436,101339700
2023-03-03,159928.SZ,1.0959999561309814,1.1030000448226929,1.0820000171661377,1.0889999866485596,1.0889999866485596,176867000
2023-03-06,159928.SZ,1.090000033378601,1.093000054359436,1.0770000219345093,1.0850000381469727,1.0850000381469727,159306690
2023-03-07,159928.SZ,1.0829999446868896,1.0850000381469727,1.0609999895095825,1.062000036239624,1.062000036239624,187796107
2023-03-08,159928.SZ,1.0609999895095825,1.0640000104904175,1.0499999523162842,1.0540000200271606,1.0540000200271606,188919700
2023-03-09,159928.SZ,1.0529999732971191,1.059000015258789,1.0390000343322754,1.0499999523162842,1.0499999523162842,115214400
2023-03-10,159928.SZ,1.0440000295639038,1.0499999523162842,1.034000039100647,1.034000039100647,1.034000039100647,185029700
2023-03-13,159928.SZ,1.031999945640564,1.0540000200271606,1.031999945640564,1.0540000200271606,1.0540000200271606,143938215
2023-03-14,159928.SZ,1.0529999732971191,1.0579999685287476,1.0440000295639038,1.0529999732971191,1.0529999732971191,144632200
2023-03-15,159928.SZ,1.0579999685287476,1.062999963760376,1.0440000295639038,1.0460000038146973,1.0460000038146973,121269315
2023-03-16,159928.SZ,1.0399999618530273,1.0520000457763672,1.034999966621399,1.034999966621399,1.034999966621399,140620100
2023-03-17,159928.SZ,1.0440000295639038,1.0479999780654907,1.0230000019073486,1.027999997138977,1.027999997138977,169083100
2023-03-20,159928.SZ,1.027999997138977,1.0299999713897705,1.0080000162124634,1.0130000114440918,1.0130000114440918,204449615
2023-03-21,159928.SZ,1.0160000324249268,1.0379999876022339,1.0119999647140503,1.0329999923706055,1.0329999923706055,152707175
2023-03-22,159928.SZ,1.0369999408721924,1.0449999570846558,1.0299999713897705,1.0329999923706055,1.0329999923706055,147598400
2023-03-23,159928.SZ,1.027999997138977,1.0449999570846558,1.027999997138977,1.0390000343322754,1.0390000343322754,163135500
2023-03-24,159928.SZ,1.0390000343322754,1.0470000505447388,1.034000039100647,1.0379999876022339,1.0379999876022339,144542100
2023-03-27,159928.SZ,1.0379999876022339,1.0399999618530273,1.0290000438690186,1.034999966621399,1.034999966621399,120629500
2023-03-28,159928.SZ,1.0369999408721924,1.0529999732971191,1.034000039100647,1.0490000247955322,1.0490000247955322,147510800
2023-03-29,159928.SZ,1.0520000457763672,1.055999994277954,1.0440000295639038,1.0509999990463257,1.0509999990463257,125466792
2023-03-30,159928.SZ,1.0499999523162842,1.065000057220459,1.0470000505447388,1.062000036239624,1.062000036239624,125122403
2023-03-31,159928.SZ,1.0679999589920044,1.0820000171661377,1.062999963760376,1.065999984741211,1.065999984741211,158772593
2023-04-03,159928.SZ,1.065999984741211,1.0720000267028809,1.059000015258789,1.0640000104904175,1.0640000104904175,135644757
2023-04-04,159928.SZ,1.0679999589920044,1.0759999752044678,1.0609999895095825,1.0740000009536743,1.0740000009536743,260616800
2023-04-06,159928.SZ,1.0670000314712524,1.0750000476837158,1.0540000200271606,1.0579999685287476,1.0579999685287476,140859298
2023-04-07,159928.SZ,1.0579999685287476,1.062999963760376,1.0479999780654907,1.0520000457763672,1.0520000457763672,271335501
2023-04-10,159928.SZ,1.0509999990463257,1.0509999990463257,1.027999997138977,1.0410000085830688,1.0410000085830688,176655500
2023-04-11,159928.SZ,1.0399999618530273,1.0420000553131104,1.0260000228881836,1.0290000438690186,1.0290000438690186,129062900
2023-04-12,159928.SZ,1.0290000438690186,1.0329999923706055,1.003999948501587,1.0099999904632568,1.0099999904632568,228530000
2023-04-13,159928.SZ,1.00600004196167,1.0149999856948853,1.0,1.0110000371932983,1.0110000371932983,138917400
2023-04-14,159928.SZ,1.0119999647140503,1.0149999856948853,1.0010000467300415,1.003000020980835,1.003000020980835,127517600
2023-04-17,159928.SZ,1.003999948501587,1.0169999599456787,1.003999948501587,1.0119999647140503,1.0119999647140503,139031500
2023-04-18,159928.SZ,1.0140000581741333,1.0219999551773071,1.0119999647140503,1.0190000534057617,1.0190000534057617,195817311
2023-04-19,159928.SZ,1.024999976158142,1.024999976158142,1.0069999694824219,1.0099999904632568,1.0099999904632568,183213100
2023-04-20,159928.SZ,1.0099999904632568,1.0110000371932983,0.9959999918937683,0.9990000128746033,0.9990000128746033,183220100
2023-04-21,159928.SZ,0.996999979019165,1.0069999694824219,0.9919999837875366,0.9940000176429749,0.9940000176429749,135141500
2023-04-24,159928.SZ,0.9919999837875366,0.9929999709129333,0.9710000157356262,0.9760000109672546,0.9760000109672546,170351234
2023-04-25,159928.SZ,0.9750000238418579,0.9869999885559082,0.972000002861023,0.9869999885559082,0.9869999885559082,170253311
2023-04-26,159928.SZ,0.9860000014305115,0.9879999756813049,0.9750000238418579,0.984000027179718,0.984000027179718,178728300
2023-04-27,159928.SZ,0.984000027179718,0.9959999918937683,0.9779999852180481,0.9909999966621399,0.9909999966621399,123478500
2023-04-28,159928.SZ,0.9940000176429749,1.0069999694824219,0.9940000176429749,1.0019999742507935,1.0019999742507935,495160300
2023-05-04,159928.SZ,1.0019999742507935,1.0099999904632568,0.9890000224113464,0.9890000224113464,0.9890000224113464,156980100
2023-05-05,159928.SZ,0.9919999837875366,0.9959999918937683,0.984000027179718,0.9950000047683716,0.9950000047683716,135436900
2023-05-08,159928.SZ,0.9950000047683716,1.0,0.984000027179718,0.9869999885559082,0.9869999885559082,148515100
2023-05-09,159928.SZ,0.9829999804496765,0.996999979019165,0.9769999980926514,0.9869999885559082,0.9869999885559082,155864543
2023-05-10,159928.SZ,0.984000027179718,0.9860000014305115,0.9769999980926514,0.9810000061988831,0.9810000061988831,198975500
2023-05-11,159928.SZ,0.9810000061988831,0.9890000224113464,0.9760000109672546,0.9779999852180481,0.9779999852180481,81630100
2023-05-12,159928.SZ,0.9769999980926514,0.9860000014305115,0.9710000157356262,0.9710000157356262,0.9710000157356262,110398300
2023-05-15,159928.SZ,0.9700000286102295,0.9769999980926514,0.9639999866485596,0.9769999980926514,0.9769999980926514,109616200
2023-05-16,159928.SZ,0.9800000190734863,0.9800000190734863,0.9670000076293945,0.9710000157356262,0.9710000157356262,103406343
2023-05-17,159928.SZ,0.968999981880188,0.9700000286102295,0.9580000042915344,0.9610000252723694,0.9610000252723694,135328543
2023-05-18,159928.SZ,0.9599999785423279,0.9649999737739563,0.9480000138282776,0.9509999752044678,0.9509999752044678,163563700
2023-05-19,159928.SZ,0.9490000009536743,0.9610000252723694,0.9399999976158142,0.9599999785423279,0.9599999785423279,129676643
2023-05-22,159928.SZ,0.9589999914169312,0.9819999933242798,0.949999988079071,0.9779999852180481,0.9779999852180481,232172600
2023-05-23,159928.SZ,0.9769999980926514,0.9810000061988831,0.9670000076293945,0.9670000076293945,0.9670000076293945,129742300
2023-05-24,159928.SZ,0.9660000205039978,0.9660000205039978,0.9539999961853027,0.9539999961853027,0.9539999961853027,113294500
2023-05-25,159928.SZ,0.9520000219345093,0.9520000219345093,0.9399999976158142,0.9459999799728394,0.9459999799728394,128985300
2023-05-26,159928.SZ,0.9459999799728394,0.953000009059906,0.9380000233650208,0.9449999928474426,0.9449999928474426,176280000
2023-05-29,159928.SZ,0.9449999928474426,0.949999988079071,0.9300000071525574,0.9380000233650208,0.9380000233650208,199187100
2023-05-30,159928.SZ,0.9359999895095825,0.9380000233650208,0.9179999828338623,0.9279999732971191,0.9279999732971191,162207500
2023-05-31,159928.SZ,0.925000011920929,0.9259999990463257,0.906000018119812,0.9120000004768372,0.9120000004768372,165903900
2023-06-01,159928.SZ,0.9089999794960022,0.9309999942779541,0.906000018119812,0.9169999957084656,0.9169999957084656,173123000
2023-06-02,159928.SZ,0.9190000295639038,0.9350000023841858,0.9139999747276306,0.9330000281333923,0.9330000281333923,182413300
2023-06-05,159928.SZ,0.9309999942779541,0.9330000281333923,0.9150000214576721,0.9210000038146973,0.9210000038146973,189057900
2023-06-06,159928.SZ,0.9179999828338623,0.9290000200271606,0.9129999876022339,0.9179999828338623,0.9179999828338623,106557700
2023-06-07,159928.SZ,0.9190000295639038,0.9229999780654907,0.906000018119812,0.9100000262260437,0.9100000262260437,133661700
2023-06-08,159928.SZ,0.906000018119812,0.9229999780654907,0.906000018119812,0.9190000295639038,0.9190000295639038,151923600
2023-06-09,159928.SZ,0.9190000295639038,0.921999990940094,0.9139999747276306,0.9169999957084656,0.9169999957084656,127756000
2023-06-12,159928.SZ,0.9139999747276306,0.9430000185966492,0.9129999876022339,0.9369999766349792,0.9369999766349792,155537200
2023-06-13,159928.SZ,0.9390000104904175,0.9480000138282776,0.9330000281333923,0.9409999847412109,0.9409999847412109,335141300
2023-06-14,159928.SZ,0.9440000057220459,0.9610000252723694,0.9419999718666077,0.9549999833106995,0.9549999833106995,214378044
2023-06-15,159928.SZ,0.9589999914169312,0.9700000286102295,0.9539999961853027,0.9700000286102295,0.9700000286102295,177048600
2023-06-16,159928.SZ,0.9750000238418579,0.9810000061988831,0.9670000076293945,0.9739999771118164,0.9739999771118164,377770011
2023-06-19,159928.SZ,0.9739999771118164,0.9789999723434448,0.9559999704360962,0.9620000123977661,0.9620000123977661,247539900
2023-06-20,159928.SZ,0.9580000042915344,0.9639999866485596,0.9509999752044678,0.9520000219345093,0.9520000219345093,183665661
2023-06-21,159928.SZ,0.953000009059906,0.9549999833106995,0.9409999847412109,0.9409999847412109,0.9409999847412109,402789537
2023-06-26,159928.SZ,0.9380000233650208,0.9380000233650208,0.9200000166893005,0.9269999861717224,0.9269999861717224,171171598
2023-06-27,159928.SZ,0.9279999732971191,0.9359999895095825,0.9210000038146973,0.9319999814033508,0.9319999814033508,182107300
2023-06-28,159928.SZ,0.9300000071525574,0.9390000104904175,0.9259999990463257,0.9350000023841858,0.9350000023841858,164320000
2023-06-29,159928.SZ,0.9340000152587891,0.9359999895095825,0.9229999780654907,0.925000011920929,0.925000011920929,168286200
2023-06-30,159928.SZ,0.9259999990463257,0.9319999814033508,0.9210000038146973,0.9259999990463257,0.9259999990463257,196223800
2023-07-03,159928.SZ,0.9259999990463257,0.9440000057220459,0.9210000038146973,0.9440000057220459,0.9440000057220459,259141400
2023-07-04,159928.SZ,0.9430000185966492,0.9480000138282776,0.9340000152587891,0.9480000138282776,0.9480000138282776,111711200
2023-07-05,159928.SZ,0.9480000138282776,0.9480000138282776,0.9279999732971191,0.9300000071525574,0.9300000071525574,161754700
2023-07-06,159928.SZ,0.9290000200271606,0.9359999895095825,0.9210000038146973,0.9240000247955322,0.9240000247955322,111229500
2023-07-07,159928.SZ,0.921999990940094,0.9290000200271606,0.9169999957084656,0.9259999990463257,0.9259999990463257,139235700
2023-07-10,159928.SZ,0.9300000071525574,0.9359999895095825,0.9240000247955322,0.9290000200271606,0.9290000200271606,114143550
2023-07-11,159928.SZ,0.9330000281333923,0.9330000281333923,0.921999990940094,0.9269999861717224,0.9269999861717224,122616000
2023-07-12,159928.SZ,0.9279999732971191,0.9340000152587891,0.925000011920929,0.9290000200271606,0.9290000200271606,111975700
2023-07-13,159928.SZ,0.9340000152587891,0.9539999961853027,0.9330000281333923,0.9520000219345093,0.9520000219345093,187752000
2023-07-14,159928.SZ,0.9549999833106995,0.9559999704360962,0.9430000185966492,0.9459999799728394,0.9459999799728394,111046600
2023-07-17,159928.SZ,0.9459999799728394,0.9459999799728394,0.9350000023841858,0.9430000185966492,0.9430000185966492,118999700
2023-07-18,159928.SZ,0.9399999976158142,0.9419999718666077,0.9350000023841858,0.9350000023841858,0.9350000023841858,162681600
2023-07-19,159928.SZ,0.9340000152587891,0.9390000104904175,0.9300000071525574,0.9340000152587891,0.9340000152587891,174152000
2023-07-20,159928.SZ,0.9369999766349792,0.9470000267028809,0.9319999814033508,0.9340000152587891,0.9340000152587891,208269200
2023-07-21,159928.SZ,0.9359999895095825,0.9570000171661377,0.9340000152587891,0.9520000219345093,0.9520000219345093,302290837
2023-07-24,159928.SZ,0.9490000009536743,0.9490000009536743,0.9350000023841858,0.9380000233650208,0.9380000233650208,224561963
2023-07-25,159928.SZ,0.9539999961853027,0.9700000286102295,0.9539999961853027,0.968999981880188,0.968999981880188,403599352
2023-07-26,159928.SZ,0.9660000205039978,0.9710000157356262,0.9620000123977661,0.9679999947547913,0.9679999947547913,248992248
2023-07-27,159928.SZ,0.9700000286102295,0.9829999804496765,0.9649999737739563,0.9739999771118164,0.9739999771118164,275706820
2023-07-28,159928.SZ,0.9729999899864197,0.9959999918937683,0.968999981880188,0.9929999709129333,0.9929999709129333,322907500
2023-07-31,159928.SZ,1.0010000467300415,1.0219999551773071,0.9940000176429749,1.0,1.0,381951012
2023-08-01,159928.SZ,1.0,1.003999948501587,0.9829999804496765,0.9869999885559082,0.9869999885559082,471496190
2023-08-02,159928.SZ,0.9850000143051147,0.9919999837875366,0.9760000109672546,0.9819999933242798,0.9819999933242798,238484600
2023-08-03,159928.SZ,0.9800000190734863,0.9890000224113464,0.9739999771118164,0.9879999756813049,0.9879999756813049,186429900
2023-08-04,159928.SZ,0.9990000128746033,1.00600004196167,0.9850000143051147,0.9869999885559082,0.9869999885559082,233195495
2023-08-07,159928.SZ,0.9860000014305115,0.9869999885559082,0.9739999771118164,0.9789999723434448,0.9789999723434448,185594400
2023-08-08,159928.SZ,0.9779999852180481,0.9819999933242798,0.968999981880188,0.9789999723434448,0.9789999723434448,213838352
2023-08-09,159928.SZ,0.9760000109672546,0.9800000190734863,0.9729999899864197,0.9769999980926514,0.9769999980926514,174461540
2023-08-10,159928.SZ,0.9779999852180481,0.9789999723434448,0.968999981880188,0.9760000109672546,0.9760000109672546,151150080
2023-08-11,159928.SZ,0.9779999852180481,0.9789999723434448,0.9559999704360962,0.9570000171661377,0.9570000171661377,206746352
2023-08-14,159928.SZ,0.949999988079071,0.9520000219345093,0.9330000281333923,0.9459999799728394,0.9459999799728394,198493335
2023-08-15,159928.SZ,0.9440000057220459,0.9470000267028809,0.9350000023841858,0.9419999718666077,0.9419999718666077,135654700
2023-08-16,159928.SZ,0.9380000233650208,0.9459999799728394,0.9359999895095825,0.9380000233650208,0.9380000233650208,137785000
2023-08-17,159928.SZ,0.9359999895095825,0.9549999833106995,0.9309999942779541,0.9539999961853027,0.9539999961853027,183989792
2023-08-18,159928.SZ,0.9509999752044678,0.953000009059906,0.9340000152587891,0.9340000152587891,0.9340000152587891,138389092
2023-08-21,159928.SZ,0.9309999942779541,0.9399999976158142,0.925000011920929,0.9269999861717224,0.9269999861717224,163351600
2023-08-22,159928.SZ,0.9300000071525574,0.9340000152587891,0.9139999747276306,0.925000011920929,0.925000011920929,144766585
2023-08-23,159928.SZ,0.9229999780654907,0.9269999861717224,0.9120000004768372,0.9120000004768372,0.9120000004768372,131343300
2023-08-24,159928.SZ,0.9139999747276306,0.9330000281333923,0.9100000262260437,0.9290000200271606,0.9290000200271606,151315015
2023-08-25,159928.SZ,0.925000011920929,0.9340000152587891,0.925000011920929,0.9290000200271606,0.9290000200271606,162499615
2023-08-28,159928.SZ,0.9700000286102295,0.9750000238418579,0.9240000247955322,0.9290000200271606,0.9290000200271606,226619863
2023-08-29,159928.SZ,0.9279999732971191,0.9440000057220459,0.9200000166893005,0.9409999847412109,0.9409999847412109,192048990
2023-08-30,159928.SZ,0.9390000104904175,0.9459999799728394,0.9350000023841858,0.9380000233650208,0.9380000233650208,172313886
2023-08-31,159928.SZ,0.9350000023841858,0.9359999895095825,0.9290000200271606,0.9330000281333923,0.9330000281333923,147956567
2023-09-01,159928.SZ,0.9380000233650208,0.9470000267028809,0.9369999766349792,0.9440000057220459,0.9440000057220459,252434100
2023-09-04,159928.SZ,0.9490000009536743,0.9639999866485596,0.9470000267028809,0.9620000123977661,0.9620000123977661,242332762
2023-09-05,159928.SZ,0.9629999995231628,0.9629999995231628,0.949999988079071,0.953000009059906,0.953000009059906,147626000
2023-09-06,159928.SZ,0.9520000219345093,0.953000009059906,0.9449999928474426,0.949999988079071,0.949999988079071,125020500
2023-09-07,159928.SZ,0.9490000009536743,0.9490000009536743,0.9350000023841858,0.9390000104904175,0.9390000104904175,187402300
2023-09-08,159928.SZ,0.9359999895095825,0.9390000104904175,0.9269999861717224,0.9319999814033508,0.9319999814033508,167726600
2023-09-11,159928.SZ,0.9319999814033508,0.9449999928474426,0.9290000200271606,0.9409999847412109,0.9409999847412109,122618800
2023-09-12,159928.SZ,0.9409999847412109,0.9459999799728394,0.9369999766349792,0.9419999718666077,0.9419999718666077,138620755
2023-09-13,159928.SZ,0.9419999718666077,0.949999988079071,0.9350000023841858,0.9390000104904175,0.9390000104904175,194446185
2023-09-14,159928.SZ,0.9409999847412109,0.9440000057220459,0.9309999942779541,0.9369999766349792,0.9369999766349792,101598300
2023-09-15,159928.SZ,0.9380000233650208,0.9419999718666077,0.9259999990463257,0.9290000200271606,0.9290000200271606,206854200
2023-09-18,159928.SZ,0.9269999861717224,0.9369999766349792,0.9210000038146973,0.9350000023841858,0.9350000023841858,153055700
2023-09-19,159928.SZ,0.9350000023841858,0.9359999895095825,0.9259999990463257,0.9330000281333923,0.9330000281333923,92988100
2023-09-20,159928.SZ,0.9319999814033508,0.9359999895095825,0.9279999732971191,0.9309999942779541,0.9309999942779541,91790367
2023-09-21,159928.SZ,0.9290000200271606,0.9300000071525574,0.9139999747276306,0.9139999747276306,0.9139999747276306,176329200
2023-09-22,159928.SZ,0.9139999747276306,0.9330000281333923,0.9120000004768372,0.9319999814033508,0.9319999814033508,158843716
2023-09-25,159928.SZ,0.9330000281333923,0.9330000281333923,0.925000011920929,0.9269999861717224,0.9269999861717224,144215200
2023-09-26,159928.SZ,0.9279999732971191,0.9309999942779541,0.9200000166893005,0.9210000038146973,0.9210000038146973,128078600
2023-09-27,159928.SZ,0.9190000295639038,0.9309999942779541,0.9190000295639038,0.9240000247955322,0.9240000247955322,156000774
2023-09-28,159928.SZ,0.925000011920929,0.9269999861717224,0.9089999794960022,0.9110000133514404,0.9110000133514404,163896476
2023-10-09,159928.SZ,0.9100000262260437,0.9100000262260437,0.8930000066757202,0.9039999842643738,0.9039999842643738,126678400
2023-10-10,159928.SZ,0.9039999842643738,0.9150000214576721,0.8980000019073486,0.8999999761581421,0.8999999761581421,118540167
2023-10-11,159928.SZ,0.9039999842643738,0.9079999923706055,0.8989999890327454,0.9010000228881836,0.9010000228881836,163351000
2023-10-12,159928.SZ,0.9049999713897705,0.9100000262260437,0.8999999761581421,0.9049999713897705,0.9049999713897705,124164704
2023-10-13,159928.SZ,0.9010000228881836,0.9010000228881836,0.8849999904632568,0.8880000114440918,0.8880000114440918,180079508
2023-10-16,159928.SZ,0.8880000114440918,0.8889999985694885,0.8740000128746033,0.875,0.875,147046700
2023-10-17,159928.SZ,0.8759999871253967,0.8809999823570251,0.8700000047683716,0.8799999952316284,0.8799999952316284,106945439
2023-10-18,159928.SZ,0.878000020980835,0.8870000243186951,0.875,0.8769999742507935,0.8769999742507935,133066445
2023-10-19,159928.SZ,0.875,0.875,0.8479999899864197,0.8500000238418579,0.8500000238418579,216899700
2023-10-20,159928.SZ,0.847000002861023,0.8550000190734863,0.8410000205039978,0.843999981880188,0.843999981880188,136340767
2023-10-23,159928.SZ,0.8429999947547913,0.8550000190734863,0.8360000252723694,0.8420000076293945,0.8420000076293945,182664000
2023-10-24,159928.SZ,0.843999981880188,0.8510000109672546,0.8360000252723694,0.847000002861023,0.847000002861023,132644221
2023-10-25,159928.SZ,0.8579999804496765,0.871999979019165,0.8579999804496765,0.8640000224113464,0.8640000224113464,161822351
2023-10-26,159928.SZ,0.8619999885559082,0.8730000257492065,0.8600000143051147,0.871999979019165,0.871999979019165,145319919
2023-10-27,159928.SZ,0.8709999918937683,0.8939999938011169,0.8679999709129333,0.8899999856948853,0.8899999856948853,142036802
2023-10-30,159928.SZ,0.890999972820282,0.9049999713897705,0.8889999985694885,0.9010000228881836,0.9010000228881836,335875912
2023-10-31,159928.SZ,0.9020000100135803,0.906000018119812,0.8970000147819519,0.9049999713897705,0.9049999713897705,173634569
2023-11-01,159928.SZ,0.9290000200271606,0.9350000023841858,0.9120000004768372,0.9139999747276306,0.9139999747276306,297923729
2023-11-02,159928.SZ,0.9110000133514404,0.9179999828338623,0.9039999842643738,0.9049999713897705,0.9049999713897705,133175630
2023-11-03,159928.SZ,0.902999997138977,0.9150000214576721,0.8999999761581421,0.9129999876022339,0.9129999876022339,215346829
2023-11-06,159928.SZ,0.9169999957084656,0.9190000295639038,0.9049999713897705,0.9120000004768372,0.9120000004768372,201261800
2023-11-07,159928.SZ,0.9100000262260437,0.9120000004768372,0.902999997138977,0.9079999923706055,0.9079999923706055,113349876
2023-11-08,159928.SZ,0.9070000052452087,0.9110000133514404,0.8999999761581421,0.906000018119812,0.906000018119812,115695700
2023-11-09,159928.SZ,0.9049999713897705,0.9100000262260437,0.9020000100135803,0.906000018119812,0.906000018119812,102053924
2023-11-10,159928.SZ,0.9049999713897705,0.9049999713897705,0.8960000276565552,0.8989999890327454,0.8989999890327454,110251165
2023-11-13,159928.SZ,0.8999999761581421,0.9020000100135803,0.8880000114440918,0.8949999809265137,0.8949999809265137,162933500
2023-11-14,159928.SZ,0.8939999938011169,0.9020000100135803,0.890999972820282,0.8960000276565552,0.8960000276565552,95750100
2023-11-15,159928.SZ,0.8999999761581421,0.902999997138977,0.8970000147819519,0.9010000228881836,0.9010000228881836,114902600
2023-11-16,159928.SZ,0.8999999761581421,0.9020000100135803,0.8899999856948853,0.890999972820282,0.890999972820282,81963500
2023-11-17,159928.SZ,0.8899999856948853,0.8920000195503235,0.8820000290870667,0.8880000114440918,0.8880000114440918,90864699
2023-11-20,159928.SZ,0.8880000114440918,0.8970000147819519,0.8820000290870667,0.8930000066757202,0.8930000066757202,120296600
2023-11-21,159928.SZ,0.8949999809265137,0.9079999923706055,0.8920000195503235,0.9039999842643738,0.9039999842643738,141368100
2023-11-22,159928.SZ,0.9020000100135803,0.9039999842643738,0.8970000147819519,0.8980000019073486,0.8980000019073486,125493600
2023-11-23,159928.SZ,0.8970000147819519,0.8989999890327454,0.890999972820282,0.8980000019073486,0.8980000019073486,96786300
2023-11-24,159928.SZ,0.8980000019073486,0.9010000228881836,0.8949999809265137,0.8989999890327454,0.8989999890327454,110687293
2023-11-27,159928.SZ,0.8989999890327454,0.8989999890327454,0.8849999904632568,0.8920000195503235,0.8920000195503235,183791600
2023-11-28,159928.SZ,0.8899999856948853,0.8939999938011169,0.8859999775886536,0.8889999985694885,0.8889999985694885,78482700
2023-11-29,159928.SZ,0.8889999985694885,0.8899999856948853,0.8809999823570251,0.8870000243186951,0.8870000243186951,105375900
2023-11-30,159928.SZ,0.8870000243186951,0.8939999938011169,0.8840000033378601,0.8920000195503235,0.8920000195503235,113952500
2023-12-01,159928.SZ,0.8920000195503235,0.8930000066757202,0.875,0.8790000081062317,0.8790000081062317,112046800
2023-12-04,159928.SZ,0.8790000081062317,0.8790000081062317,0.8709999918937683,0.8740000128746033,0.8740000128746033,83988500
2023-12-05,159928.SZ,0.871999979019165,0.8730000257492065,0.8569999933242798,0.8569999933242798,0.8569999933242798,135151500
2023-12-06,159928.SZ,0.8560000061988831,0.8690000176429749,0.8529999852180481,0.8650000095367432,0.8650000095367432,106985000
2023-12-07,159928.SZ,0.8650000095367432,0.8650000095367432,0.8539999723434448,0.8600000143051147,0.8600000143051147,117386800
2023-12-08,159928.SZ,0.8610000014305115,0.8659999966621399,0.8579999804496765,0.8610000014305115,0.8610000014305115,116183900
2023-12-11,159928.SZ,0.8560000061988831,0.8579999804496765,0.8370000123977661,0.8560000061988831,0.8560000061988831,183622480
2023-12-12,159928.SZ,0.8550000190734863,0.859000027179718,0.8500000238418579,0.859000027179718,0.859000027179718,80652100
2023-12-13,159928.SZ,0.8600000143051147,0.8600000143051147,0.8330000042915344,0.8339999914169312,0.8339999914169312,145592200
2023-12-14,159928.SZ,0.8349999785423279,0.8399999737739563,0.8220000267028809,0.8230000138282776,0.8230000138282776,131693600
2023-12-15,159928.SZ,0.8240000009536743,0.8370000123977661,0.8220000267028809,0.8259999752044678,0.8259999752044678,179777583
2023-12-18,159928.SZ,0.8240000009536743,0.8270000219345093,0.8159999847412109,0.8230000138282776,0.8230000138282776,119677200
2023-12-19,159928.SZ,0.8230000138282776,0.824999988079071,0.8159999847412109,0.8209999799728394,0.8209999799728394,93926000
2023-12-20,159928.SZ,0.8230000138282776,0.8240000009536743,0.8109999895095825,0.8109999895095825,0.8109999895095825,102280900
2023-12-21,159928.SZ,0.8109999895095825,0.8240000009536743,0.8080000281333923,0.8220000267028809,0.8220000267028809,123203600
2023-12-22,159928.SZ,0.8220000267028809,0.8289999961853027,0.8159999847412109,0.8240000009536743,0.8240000009536743,118730100
2023-12-25,159928.SZ,0.824999988079071,0.8299999833106995,0.8220000267028809,0.8299999833106995,0.8299999833106995,81566200
2023-12-26,159928.SZ,0.8299999833106995,0.8309999704360962,0.8199999928474426,0.824999988079071,0.824999988079071,140880200
2023-12-27,159928.SZ,0.824999988079071,0.8330000042915344,0.8209999799728394,0.8299999833106995,0.8299999833106995,108969300
2023-12-28,159928.SZ,0.8309999704360962,0.859000027179718,0.8299999833106995,0.8550000190734863,0.8550000190734863,160212935
2023-12-29,159928.SZ,0.8550000190734863,0.8600000143051147,0.8479999899864197,0.8529999852180481,0.8529999852180481,131379300
2024-01-02,159928.SZ,0.8500000238418579,0.8529999852180481,0.8379999995231628,0.8389999866485596,0.8389999866485596,93408628
2024-01-03,159928.SZ,0.8370000123977661,0.843999981880188,0.8289999961853027,0.8339999914169312,0.8339999914169312,112353300
2024-01-04,159928.SZ,0.8339999914169312,0.8339999914169312,0.8159999847412109,0.8190000057220459,0.8190000057220459,154851600
2024-01-05,159928.SZ,0.8190000057220459,0.824999988079071,0.8109999895095825,0.8140000104904175,0.8140000104904175,104143700
2024-01-08,159928.SZ,0.8140000104904175,0.8159999847412109,0.800000011920929,0.800000011920929,0.800000011920929,137987800
2024-01-09,159928.SZ,0.8019999861717224,0.8059999942779541,0.7950000166893005,0.8019999861717224,0.8019999861717224,123692971
2024-01-10,159928.SZ,0.8009999990463257,0.8119999766349792,0.7950000166893005,0.8050000071525574,0.8050000071525574,133294100
2024-01-11,159928.SZ,0.8029999732971191,0.8140000104904175,0.800000011920929,0.8100000023841858,0.8100000023841858,100806200
2024-01-12,159928.SZ,0.8090000152587891,0.8149999976158142,0.8029999732971191,0.8059999942779541,0.8059999942779541,109788600
2024-01-15,159928.SZ,0.8069999814033508,0.8109999895095825,0.800000011920929,0.8019999861717224,0.8019999861717224,80092500
2024-01-16,159928.SZ,0.800000011920929,0.8069999814033508,0.796999990940094,0.8050000071525574,0.8050000071525574,108606400
2024-01-17,159928.SZ,0.8029999732971191,0.8040000200271606,0.7839999794960022,0.7839999794960022,0.7839999794960022,132756100
2024-01-18,159928.SZ,0.7829999923706055,0.7950000166893005,0.7699999809265137,0.7950000166893005,0.7950000166893005,178963900
2024-01-19,159928.SZ,0.7940000295639038,0.800000011920929,0.7879999876022339,0.7950000166893005,0.7950000166893005,100679400
2024-01-22,159928.SZ,0.796999990940094,0.796999990940094,0.7730000019073486,0.7770000100135803,0.7770000100135803,142165600
2024-01-23,159928.SZ,0.7770000100135803,0.7850000262260437,0.7699999809265137,0.777999997138977,0.777999997138977,154442000
2024-01-24,159928.SZ,0.7789999842643738,0.7850000262260437,0.7639999985694885,0.7839999794960022,0.7839999794960022,129919500
2024-01-25,159928.SZ,0.7850000262260437,0.7960000038146973,0.777999997138977,0.7950000166893005,0.7950000166893005,136882600
2024-01-26,159928.SZ,0.800000011920929,0.800000011920929,0.7879999876022339,0.7929999828338623,0.7929999828338623,100666100
2024-01-29,159928.SZ,0.7929999828338623,0.8090000152587891,0.7919999957084656,0.7979999780654907,0.7979999780654907,115505600
2024-01-30,159928.SZ,0.7950000166893005,0.7950000166893005,0.7770000100135803,0.777999997138977,0.777999997138977,101365700
2024-01-31,159928.SZ,0.7770000100135803,0.7799999713897705,0.765999972820282,0.7710000276565552,0.7710000276565552,109362108
2024-02-01,159928.SZ,0.7699999809265137,0.777999997138977,0.7639999985694885,0.7739999890327454,0.7739999890327454,89141500
2024-02-02,159928.SZ,0.7720000147819519,0.7879999876022339,0.7519999742507935,0.7739999890327454,0.7739999890327454,192500037
2024-02-05,159928.SZ,0.7720000147819519,0.7870000004768372,0.7540000081062317,0.7789999842643738,0.7789999842643738,249346100
2024-02-06,159928.SZ,0.777999997138977,0.8109999895095825,0.7739999890327454,0.8100000023841858,0.8100000023841858,166109400
2024-02-07,159928.SZ,0.8109999895095825,0.828000009059906,0.8029999732971191,0.828000009059906,0.828000009059906,192840861
2024-02-08,159928.SZ,0.8289999961853027,0.8370000123977661,0.8159999847412109,0.824999988079071,0.824999988079071,140994700
2024-02-19,159928.SZ,0.8330000042915344,0.8360000252723694,0.8169999718666077,0.8270000219345093,0.8270000219345093,127439604
2024-02-20,159928.SZ,0.8220000267028809,0.8259999752044678,0.8159999847412109,0.8209999799728394,0.8209999799728394,68531400
2024-02-21,159928.SZ,0.8199999928474426,0.8550000190734863,0.8159999847412109,0.8460000157356262,0.8460000157356262,165142900
2024-02-22,159928.SZ,0.8450000286102295,0.8500000238418579,0.8389999866485596,0.8479999899864197,0.8479999899864197,96081700
2024-02-23,159928.SZ,0.8489999771118164,0.8569999933242798,0.8429999947547913,0.8489999771118164,0.8489999771118164,101118094
2024-02-26,159928.SZ,0.8510000109672546,0.8529999852180481,0.8379999995231628,0.8399999737739563,0.8399999737739563,86461449
2024-02-27,159928.SZ,0.8379999995231628,0.8429999947547913,0.8349999785423279,0.8420000076293945,0.8420000076293945,77305800
2024-02-28,159928.SZ,0.8429999947547913,0.8500000238418579,0.8339999914169312,0.8339999914169312,0.8339999914169312,139197400
2024-02-29,159928.SZ,0.8349999785423279,0.8489999771118164,0.8320000171661377,0.8479999899864197,0.8479999899864197,121291757
2024-03-01,159928.SZ,0.8489999771118164,0.8510000109672546,0.8389999866485596,0.8460000157356262,0.8460000157356262,121254300
2024-03-04,159928.SZ,0.8460000157356262,0.8460000157356262,0.8360000252723694,0.8410000205039978,0.8410000205039978,108773113
2024-03-05,159928.SZ,0.8389999866485596,0.8550000190734863,0.8370000123977661,0.8539999723434448,0.8539999723434448,116327700
2024-03-06,159928.SZ,0.8510000109672546,0.8519999980926514,0.8399999737739563,0.8429999947547913,0.8429999947547913,119906404
2024-03-07,159928.SZ,0.8429999947547913,0.8489999771118164,0.8389999866485596,0.8399999737739563,0.8399999737739563,88422500
2024-03-08,159928.SZ,0.8379999995231628,0.8429999947547913,0.8299999833106995,0.8339999914169312,0.8339999914169312,99988600
2024-03-11,159928.SZ,0.8360000252723694,0.8519999980926514,0.8339999914169312,0.8519999980926514,0.8519999980926514,117815300
2024-03-12,159928.SZ,0.8519999980926514,0.878000020980835,0.8500000238418579,0.875,0.875,154321300
2024-03-13,159928.SZ,0.878000020980835,0.878000020980835,0.8619999885559082,0.8669999837875366,0.8669999837875366,76167700
2024-03-14,159928.SZ,0.8619999885559082,0.8740000128746033,0.8600000143051147,0.8640000224113464,0.8640000224113464,86357046
2024-03-15,159928.SZ,0.8629999756813049,0.8709999918937683,0.8600000143051147,0.8669999837875366,0.8669999837875366,69967100
2024-03-18,159928.SZ,0.8659999966621399,0.8700000047683716,0.859000027179718,0.8700000047683716,0.8700000047683716,78399500
2024-03-19,159928.SZ,0.8690000176429749,0.8859999775886536,0.8669999837875366,0.8799999952316284,0.8799999952316284,132707806
2024-03-20,159928.SZ,0.878000020980835,0.8820000290870667,0.8730000257492065,0.878000020980835,0.878000020980835,85139600
2024-03-21,159928.SZ,0.8799999952316284,0.8889999985694885,0.878000020980835,0.8849999904632568,0.8849999904632568,114737914
2024-03-22,159928.SZ,0.8849999904632568,0.8859999775886536,0.8610000014305115,0.8659999966621399,0.8659999966621399,148040500
2024-03-25,159928.SZ,0.8659999966621399,0.8679999709129333,0.8569999933242798,0.8619999885559082,0.8619999885559082,74578900
2024-03-26,159928.SZ,0.8600000143051147,0.8730000257492065,0.8600000143051147,0.8709999918937683,0.8709999918937683,93467100
2024-03-27,159928.SZ,0.8709999918937683,0.871999979019165,0.8600000143051147,0.8600000143051147,0.8600000143051147,102247100
2024-03-28,159928.SZ,0.8600000143051147,0.8700000047683716,0.8539999723434448,0.8600000143051147,0.8600000143051147,85785100
2024-03-29,159928.SZ,0.8600000143051147,0.8640000224113464,0.8569999933242798,0.8650000095367432,0.8650000095367432,23467000
2024-04-01,159928.SZ,0.8669999837875366,0.8880000114440918,0.8659999966621399,0.8820000290870667,0.8820000290870667,174971400
2024-04-02,159928.SZ,0.8820000290870667,0.8830000162124634,0.8730000257492065,0.8759999871253967,0.8759999871253967,76234274
2024-04-03,159928.SZ,0.8759999871253967,0.8830000162124634,0.8730000257492065,0.8799999952316284,0.8799999952316284,114989644
2024-04-08,159928.SZ,0.878000020980835,0.878000020980835,0.8550000190734863,0.8550000190734863,0.8550000190734863,142702799
2024-04-09,159928.SZ,0.8519999980926514,0.8579999804496765,0.8479999899864197,0.8550000190734863,0.8550000190734863,70493517
2024-04-10,159928.SZ,0.8550000190734863,0.8550000190734863,0.8389999866485596,0.8429999947547913,0.8429999947547913,95278900
2024-04-11,159928.SZ,0.8399999737739563,0.8429999947547913,0.8360000252723694,0.8389999866485596,0.8389999866485596,79713762
2024-04-12,159928.SZ,0.8399999737739563,0.8460000157356262,0.824999988079071,0.824999988079071,0.824999988079071,85864500
2024-04-15,159928.SZ,0.8230000138282776,0.8489999771118164,0.8230000138282776,0.8479999899864197,0.8479999899864197,116878300
2024-04-16,159928.SZ,0.8479999899864197,0.8489999771118164,0.8379999995231628,0.8399999737739563,0.8399999737739563,99836600
2024-04-17,159928.SZ,0.8389999866485596,0.8450000286102295,0.8360000252723694,0.8450000286102295,0.8450000286102295,81312800
2024-04-18,159928.SZ,0.8420000076293945,0.8579999804496765,0.8370000123977661,0.8500000238418579,0.8500000238418579,203949000
2024-04-19,159928.SZ,0.8500000238418579,0.8500000238418579,0.8360000252723694,0.8420000076293945,0.8420000076293945,67861000
2024-04-22,159928.SZ,0.8429999947547913,0.8650000095367432,0.8429999947547913,0.859000027179718,0.859000027179718,89941300
2024-04-23,159928.SZ,0.859000027179718,0.8659999966621399,0.8539999723434448,0.8650000095367432,0.8650000095367432,242903000
2024-04-24,159928.SZ,0.8629999756813049,0.8679999709129333,0.8539999723434448,0.8629999756813049,0.8629999756813049,97200200
2024-04-25,159928.SZ,0.8619999885559082,0.8640000224113464,0.8550000190734863,0.8610000014305115,0.8610000014305115,91061500
2024-04-26,159928.SZ,0.8619999885559082,0.8769999742507935,0.8610000014305115,0.8730000257492065,0.8730000257492065,112854500
2024-04-29,159928.SZ,0.8799999952316284,0.8880000114440918,0.8679999709129333,0.8790000081062317,0.8790000081062317,103369500
2024-04-30,159928.SZ,0.8830000162124634,0.8899999856948853,0.878000020980835,0.8799999952316284,0.8799999952316284,140981700
2024-05-06,159928.SZ,0.8889999985694885,0.9049999713897705,0.8889999985694885,0.8980000019073486,0.8980000019073486,105212800
2024-05-07,159928.SZ,0.9049999713897705,0.9049999713897705,0.8899999856948853,0.8989999890327454,0.8989999890327454,86751293
2024-05-08,159928.SZ,0.8989999890327454,0.9020000100135803,0.8939999938011169,0.8999999761581421,0.8999999761581421,88373000
2024-05-09,159928.SZ,0.8980000019073486,0.9039999842643738,0.8960000276565552,0.902999997138977,0.902999997138977,85252700
2024-05-10,159928.SZ,0.9039999842643738,0.9100000262260437,0.8949999809265137,0.8999999761581421,0.8999999761581421,76263500
2024-05-13,159928.SZ,0.8939999938011169,0.8949999809265137,0.8870000243186951,0.8930000066757202,0.8930000066757202,80145073
2024-05-14,159928.SZ,0.8920000195503235,0.8989999890327454,0.8889999985694885,0.8939999938011169,0.8939999938011169,195866200
2024-05-15,159928.SZ,0.8939999938011169,0.8970000147819519,0.8849999904632568,0.8849999904632568,0.8849999904632568,187298400
2024-05-16,159928.SZ,0.8849999904632568,0.8949999809265137,0.8809999823570251,0.8899999856948853,0.8899999856948853,293696700
2024-05-17,159928.SZ,0.8889999985694885,0.902999997138977,0.8880000114440918,0.902999997138977,0.902999997138977,127129435
2024-05-20,159928.SZ,0.9039999842643738,0.9200000166893005,0.902999997138977,0.9120000004768372,0.9120000004768372,106766812
2024-05-21,159928.SZ,0.9120000004768372,0.9160000085830688,0.9039999842643738,0.9100000262260437,0.9100000262260437,60725784
2024-05-22,159928.SZ,0.9110000133514404,0.9120000004768372,0.8989999890327454,0.902999997138977,0.902999997138977,69859800
2024-05-23,159928.SZ,0.9020000100135803,0.906000018119812,0.8899999856948853,0.8930000066757202,0.8930000066757202,57262100
2024-05-24,159928.SZ,0.8920000195503235,0.8949999809265137,0.8820000290870667,0.8830000162124634,0.8830000162124634,93179300
2024-05-27,159928.SZ,0.8830000162124634,0.8880000114440918,0.8799999952316284,0.8880000114440918,0.8880000114440918,68985400
2024-05-28,159928.SZ,0.8880000114440918,0.8880000114440918,0.8759999871253967,0.8759999871253967,0.8759999871253967,67259300
2024-05-29,159928.SZ,0.8759999871253967,0.8830000162124634,0.8740000128746033,0.8759999871253967,0.8759999871253967,48653700
2024-05-30,159928.SZ,0.8769999742507935,0.8769999742507935,0.8640000224113464,0.8659999966621399,0.8659999966621399,57590100
2024-05-31,159928.SZ,0.8659999966621399,0.8709999918937683,0.8629999756813049,0.8659999966621399,0.8659999966621399,54142100
2024-06-03,159928.SZ,0.8650000095367432,0.8709999918937683,0.8610000014305115,0.8669999837875366,0.8669999837875366,61159300
2024-06-04,159928.SZ,0.8669999837875366,0.8759999871253967,0.8619999885559082,0.8740000128746033,0.8740000128746033,78324600
2024-06-05,159928.SZ,0.8730000257492065,0.8759999871253967,0.8640000224113464,0.8659999966621399,0.8659999966621399,66544500
2024-06-06,159928.SZ,0.8659999966621399,0.8669999837875366,0.8550000190734863,0.859000027179718,0.859000027179718,92870800
2024-06-07,159928.SZ,0.859000027179718,0.8679999709129333,0.8479999899864197,0.8510000109672546,0.8510000109672546,69590400
2024-06-11,159928.SZ,0.8489999771118164,0.8489999771118164,0.8339999914169312,0.8370000123977661,0.8370000123977661,70165100
2024-06-12,159928.SZ,0.8399999737739563,0.8429999947547913,0.8360000252723694,0.8370000123977661,0.8370000123977661,48049300
2024-06-13,159928.SZ,0.8389999866485596,0.8389999866485596,0.8199999928474426,0.8230000138282776,0.8230000138282776,65125100
2024-06-14,159928.SZ,0.8230000138282776,0.8309999704360962,0.8119999766349792,0.8309999704360962,0.8309999704360962,113511600
2024-06-17,159928.SZ,0.824999988079071,0.8259999752044678,0.8130000233650208,0.8240000009536743,0.8240000009536743,76127900
2024-06-18,159928.SZ,0.8240000009536743,0.8270000219345093,0.8119999766349792,0.8140000104904175,0.8140000104904175,83285200
2024-06-19,159928.SZ,0.8140000104904175,0.8159999847412109,0.8080000281333923,0.8080000281333923,0.8080000281333923,57516496
2024-06-20,159928.SZ,0.8059999942779541,0.8130000233650208,0.800000011920929,0.800000011920929,0.800000011920929,115219200
2024-06-21,159928.SZ,0.7979999780654907,0.8019999861717224,0.7900000214576721,0.7960000038146973,0.7960000038146973,71098000
2024-06-24,159928.SZ,0.7879999876022339,0.8019999861717224,0.7799999713897705,0.7950000166893005,0.7950000166893005,83860200
2024-06-25,159928.SZ,0.7950000166893005,0.800000011920929,0.7879999876022339,0.7910000085830688,0.7910000085830688,65405100
2024-06-26,159928.SZ,0.7900000214576721,0.796999990940094,0.7879999876022339,0.7940000295639038,0.7940000295639038,71706300
2024-06-27,159928.SZ,0.7950000166893005,0.7950000166893005,0.7839999794960022,0.7860000133514404,0.7860000133514404,65617800
2024-06-28,159928.SZ,0.7850000262260437,0.7910000085830688,0.777999997138977,0.7799999713897705,0.7799999713897705,85652900
2024-07-01,159928.SZ,0.7799999713897705,0.7839999794960022,0.7710000276565552,0.7820000052452087,0.7820000052452087,75273900
2024-07-02,159928.SZ,0.781000018119812,0.7910000085830688,0.777999997138977,0.7850000262260437,0.7850000262260437,71933600
2024-07-03,159928.SZ,0.7879999876022339,0.7879999876022339,0.777999997138977,0.781000018119812,0.781000018119812,74112700
2024-07-04,159928.SZ,0.7829999923706055,0.7850000262260437,0.7699999809265137,0.7720000147819519,0.7720000147819519,112457857
2024-07-05,159928.SZ,0.7699999809265137,0.7760000228881836,0.7599999904632568,0.7680000066757202,0.7680000066757202,59236600
2024-07-08,159928.SZ,0.7680000066757202,0.7689999938011169,0.7549999952316284,0.7559999823570251,0.7559999823570251,82725100
2024-07-09,159928.SZ,0.7559999823570251,0.7609999775886536,0.7459999918937683,0.7559999823570251,0.7559999823570251,104998500
2024-07-10,159928.SZ,0.7559999823570251,0.7649999856948853,0.75,0.7580000162124634,0.7580000162124634,112049104
2024-07-11,159928.SZ,0.7639999985694885,0.777999997138977,0.7620000243186951,0.7749999761581421,0.7749999761581421,105978200
2024-07-12,159928.SZ,0.777999997138977,0.7789999842643738,0.7680000066757202,0.7749999761581421,0.7749999761581421,64537500
2024-07-15,159928.SZ,0.7789999842643738,0.781000018119812,0.7730000019073486,0.7799999713897705,0.7799999713897705,70262700
2024-07-16,159928.SZ,0.777999997138977,0.7839999794960022,0.7739999890327454,0.7799999713897705,0.7799999713897705,60736984
2024-07-17,159928.SZ,0.777999997138977,0.7950000166893005,0.7739999890327454,0.7950000166893005,0.7950000166893005,96992300
2024-07-18,159928.SZ,0.7919999957084656,0.7990000247955322,0.7900000214576721,0.7979999780654907,0.7979999780654907,101790800
2024-07-19,159928.SZ,0.7940000295639038,0.8080000281333923,0.7889999747276306,0.8069999814033508,0.8069999814033508,111859700
2024-07-22,159928.SZ,0.8059999942779541,0.8059999942779541,0.7900000214576721,0.7929999828338623,0.7929999828338623,91847600
2024-07-23,159928.SZ,0.7919999957084656,0.7940000295639038,0.7649999856948853,0.7649999856948853,0.7649999856948853,91104500
2024-07-24,159928.SZ,0.7649999856948853,0.7680000066757202,0.7540000081062317,0.7559999823570251,0.7559999823570251,82534800
2024-07-25,159928.SZ,0.753000020980835,0.7609999775886536,0.7519999742507935,0.7580000162124634,0.7580000162124634,56151326
2024-07-26,159928.SZ,0.7580000162124634,0.7649999856948853,0.7519999742507935,0.7580000162124634,0.7580000162124634,86536500
2024-07-29,159928.SZ,0.7580000162124634,0.7580000162124634,0.7429999709129333,0.7440000176429749,0.7440000176429749,86569100
2024-07-30,159928.SZ,0.7419999837875366,0.7440000176429749,0.7319999933242798,0.7440000176429749,0.7440000176429749,92092400
2024-07-31,159928.SZ,0.7419999837875366,0.7699999809265137,0.7400000095367432,0.7680000066757202,0.7680000066757202,229618084
2024-08-01,159928.SZ,0.7670000195503235,0.7680000066757202,0.7509999871253967,0.7519999742507935,0.7519999742507935,87545800
2024-08-02,159928.SZ,0.7490000128746033,0.7590000033378601,0.746999979019165,0.7519999742507935,0.7519999742507935,69882200
2024-08-05,159928.SZ,0.7519999742507935,0.7699999809265137,0.7519999742507935,0.7599999904632568,0.7599999904632568,149040700
2024-08-06,159928.SZ,0.7649999856948853,0.765999972820282,0.7549999952316284,0.7649999856948853,0.7649999856948853,95740300
2024-08-07,159928.SZ,0.7630000114440918,0.7630000114440918,0.7540000081062317,0.7590000033378601,0.7590000033378601,72725000
2024-08-08,159928.SZ,0.7580000162124634,0.777999997138977,0.7549999952316284,0.7720000147819519,0.7720000147819519,143798000
2024-08-09,159928.SZ,0.7749999761581421,0.777999997138977,0.7649999856948853,0.765999972820282,0.765999972820282,99932000
2024-08-12,159928.SZ,0.7609999775886536,0.7710000276565552,0.7599999904632568,0.7670000195503235,0.7670000195503235,80011000
2024-08-13,159928.SZ,0.7670000195503235,0.7670000195503235,0.7559999823570251,0.7620000243186951,0.7620000243186951,84571000
2024-08-14,159928.SZ,0.7620000243186951,0.7630000114440918,0.7480000257492065,0.7490000128746033,0.7490000128746033,74880200
2024-08-15,159928.SZ,0.75,0.7609999775886536,0.7480000257492065,0.7549999952316284,0.7549999952316284,93806900
2024-08-16,159928.SZ,0.7540000081062317,0.7540000081062317,0.7450000047683716,0.7480000257492065,0.7480000257492065,94002200
2024-08-19,159928.SZ,0.7480000257492065,0.7570000290870667,0.7409999966621399,0.7419999837875366,0.7419999837875366,85288500
2024-08-20,159928.SZ,0.7419999837875366,0.7429999709129333,0.7279999852180481,0.7300000190734863,0.7300000190734863,151369000
2024-08-21,159928.SZ,0.7289999723434448,0.7310000061988831,0.7229999899864197,0.7229999899864197,0.7229999899864197,99046931
2024-08-22,159928.SZ,0.7250000238418579,0.7250000238418579,0.7099999785423279,0.7139999866485596,0.7139999866485596,94899680
2024-08-23,159928.SZ,0.7129999995231628,0.7210000157356262,0.7120000123977661,0.7149999737739563,0.7149999737739563,61279900
2024-08-26,159928.SZ,0.7170000076293945,0.7179999947547913,0.7080000042915344,0.7110000252723694,0.7110000252723694,55946008
2024-08-27,159928.SZ,0.7099999785423279,0.7099999785423279,0.7020000219345093,0.703000009059906,0.703000009059906,79145400
2024-08-28,159928.SZ,0.703000009059906,0.703000009059906,0.6869999766349792,0.6959999799728394,0.6959999799728394,145681040
2024-08-29,159928.SZ,0.6940000057220459,0.7080000042915344,0.6919999718666077,0.7049999833106995,0.7049999833106995,126396100
2024-08-30,159928.SZ,0.699999988079071,0.7319999933242798,0.6959999799728394,0.722000002861023,0.722000002861023,199370500
2024-09-02,159928.SZ,0.7170000076293945,0.7179999947547913,0.7009999752044678,0.7009999752044678,0.7009999752044678,133330773
2024-09-03,159928.SZ,0.699999988079071,0.7149999737739563,0.699999988079071,0.7089999914169312,0.7089999914169312,91639400
2024-09-04,159928.SZ,0.7089999914169312,0.7139999866485596,0.7009999752044678,0.703000009059906,0.703000009059906,88081100
2024-09-05,159928.SZ,0.7039999961853027,0.7080000042915344,0.7020000219345093,0.7080000042915344,0.7080000042915344,85974200
2024-09-06,159928.SZ,0.7059999704360962,0.7070000171661377,0.6970000267028809,0.6990000009536743,0.6990000009536743,67631400
2024-09-09,159928.SZ,0.6959999799728394,0.6970000267028809,0.6880000233650208,0.6909999847412109,0.6909999847412109,72538000
2024-09-10,159928.SZ,0.6909999847412109,0.6980000138282776,0.6859999895095825,0.6909999847412109,0.6909999847412109,90629700
2024-09-11,159928.SZ,0.6899999976158142,0.6949999928474426,0.6819999814033508,0.6899999976158142,0.6899999976158142,53621400
2024-09-12,159928.SZ,0.6909999847412109,0.6930000185966492,0.6759999990463257,0.6769999861717224,0.6769999861717224,112050000
2024-09-13,159928.SZ,0.6769999861717224,0.6769999861717224,0.6660000085830688,0.6669999957084656,0.6669999957084656,84308400
2024-09-18,159928.SZ,0.6669999957084656,0.6669999957084656,0.6539999842643738,0.6579999923706055,0.6579999923706055,132789400
2024-09-19,159928.SZ,0.6589999794960022,0.6830000281333923,0.6549999713897705,0.6729999780654907,0.6729999780654907,237639200
2024-09-20,159928.SZ,0.6700000166893005,0.671999990940094,0.6629999876022339,0.6700000166893005,0.6700000166893005,124733300
2024-09-23,159928.SZ,0.6710000038146973,0.6809999942779541,0.6669999957084656,0.6690000295639038,0.6690000295639038,85290400
2024-09-24,159928.SZ,0.6800000071525574,0.7120000123977661,0.6729999780654907,0.7120000123977661,0.7120000123977661,329583273
2024-09-25,159928.SZ,0.7260000109672546,0.7379999756813049,0.7129999995231628,0.7139999866485596,0.7139999866485596,239041920
2024-09-26,159928.SZ,0.7120000123977661,0.7850000262260437,0.7120000123977661,0.7850000262260437,0.7850000262260437,690652899
2024-09-27,159928.SZ,0.8199999928474426,0.8550000190734863,0.7960000038146973,0.8489999771118164,0.8489999771118164,1167968400
2024-09-30,159928.SZ,0.9100000262260437,0.9340000152587891,0.8500000238418579,0.9340000152587891,0.9340000152587891,1711351596
2024-10-08,159928.SZ,1.0269999504089355,1.0269999504089355,0.8859999775886536,0.9259999990463257,0.9259999990463257,3235944360
2024-10-09,159928.SZ,0.8880000114440918,0.8970000147819519,0.8339999914169312,0.8339999914169312,0.8339999914169312,1381060407
2024-10-10,159928.SZ,0.8500000238418579,0.8809999823570251,0.8399999737739563,0.859000027179718,0.859000027179718,886337157
2024-10-11,159928.SZ,0.859000027179718,0.859000027179718,0.8259999752044678,0.8360000252723694,0.8360000252723694,646699500
2024-10-14,159928.SZ,0.8360000252723694,0.8479999899864197,0.8190000057220459,0.8420000076293945,0.8420000076293945,541150700
2024-10-15,159928.SZ,0.8399999737739563,0.8420000076293945,0.8140000104904175,0.8140000104904175,0.8140000104904175,444731100
2024-10-16,159928.SZ,0.8029999732971191,0.8169999718666077,0.800000011920929,0.8040000200271606,0.8040000200271606,292470600
2024-10-17,159928.SZ,0.8059999942779541,0.8100000023841858,0.7879999876022339,0.7889999747276306,0.7889999747276306,336737400
2024-10-18,159928.SZ,0.7860000133514404,0.828000009059906,0.781000018119812,0.8119999766349792,0.8119999766349792,728234400
2024-10-21,159928.SZ,0.8140000104904175,0.8220000267028809,0.8029999732971191,0.8180000185966492,0.8180000185966492,594784500
2024-10-22,159928.SZ,0.8180000185966492,0.8289999961853027,0.8109999895095825,0.828000009059906,0.828000009059906,436709300
2024-10-23,159928.SZ,0.8339999914169312,0.843999981880188,0.8230000138282776,0.8360000252723694,0.8360000252723694,561959892
2024-10-24,159928.SZ,0.8320000171661377,0.8360000252723694,0.8209999799728394,0.8230000138282776,0.8230000138282776,357607492
2024-10-25,159928.SZ,0.8209999799728394,0.8370000123977661,0.8199999928474426,0.8299999833106995,0.8299999833106995,399156600
2024-10-28,159928.SZ,0.8349999785423279,0.8500000238418579,0.8240000009536743,0.8500000238418579,0.8500000238418579,716241492
2024-10-29,159928.SZ,0.8500000238418579,0.8539999723434448,0.828000009059906,0.8299999833106995,0.8299999833106995,768167800
2024-10-30,159928.SZ,0.8289999961853027,0.8320000171661377,0.8149999976158142,0.824999988079071,0.824999988079071,401671600
2024-10-31,159928.SZ,0.8209999799728394,0.8299999833106995,0.8169999718666077,0.8230000138282776,0.8230000138282776,331344577
2024-11-01,159928.SZ,0.8209999799728394,0.8370000123977661,0.8180000185966492,0.8299999833106995,0.8299999833106995,448463022
2024-11-04,159928.SZ,0.8370000123977661,0.8410000205039978,0.8270000219345093,0.8410000205039978,0.8410000205039978,393359124
2024-11-05,159928.SZ,0.8389999866485596,0.8569999933242798,0.8320000171661377,0.8569999933242798,0.8569999933242798,741387961
2024-11-06,159928.SZ,0.8579999804496765,0.8600000143051147,0.8450000286102295,0.8539999723434448,0.8539999723434448,741573400
2024-11-07,159928.SZ,0.8519999980926514,0.9089999794960022,0.8489999771118164,0.9070000052452087,0.9070000052452087,1661938630
2024-11-08,159928.SZ,0.9350000023841858,0.9350000023841858,0.8799999952316284,0.8859999775886536,0.8859999775886536,1824255600
2024-11-11,159928.SZ,0.8669999837875366,0.8790000081062317,0.859000027179718,0.8790000081062317,0.8790000081062317,1205641900
2024-11-12,159928.SZ,0.8809999823570251,0.8939999938011169,0.8659999966621399,0.8730000257492065,0.8730000257492065,1149869300
2024-11-13,159928.SZ,0.8700000047683716,0.8730000257492065,0.8629999756813049,0.871999979019165,0.871999979019165,620664000
2024-11-14,159928.SZ,0.8679999709129333,0.8730000257492065,0.8560000061988831,0.8579999804496765,0.8579999804496765,687879500
2024-11-15,159928.SZ,0.8539999723434448,0.8650000095367432,0.8479999899864197,0.8479999899864197,0.8479999899864197,664780900
2024-11-18,159928.SZ,0.8489999771118164,0.8560000061988831,0.8349999785423279,0.8389999866485596,0.8389999866485596,371160000
2024-11-19,159928.SZ,0.8389999866485596,0.8460000157356262,0.8230000138282776,0.8399999737739563,0.8399999737739563,401324300
2024-11-20,159928.SZ,0.8379999995231628,0.8450000286102295,0.8320000171661377,0.8420000076293945,0.8420000076293945,330414000
2024-11-21,159928.SZ,0.8410000205039978,0.8460000157356262,0.8360000252723694,0.8410000205039978,0.8410000205039978,254504869
2024-11-22,159928.SZ,0.8420000076293945,0.8429999947547913,0.8130000233650208,0.8130000233650208,0.8130000233650208,419480116
2024-11-25,159928.SZ,0.8130000233650208,0.8230000138282776,0.8050000071525574,0.8119999766349792,0.8119999766349792,319174900
2024-11-26,159928.SZ,0.8080000281333923,0.8240000009536743,0.8069999814033508,0.8159999847412109,0.8159999847412109,247767600
2024-11-27,159928.SZ,0.8149999976158142,0.828000009059906,0.8090000152587891,0.8270000219345093,0.8270000219345093,356930200
2024-11-28,159928.SZ,0.8259999752044678,0.8259999752044678,0.8149999976158142,0.8169999718666077,0.8169999718666077,347346600
2024-11-29,159928.SZ,0.8169999718666077,0.8399999737739563,0.8169999718666077,0.828000009059906,0.828000009059906,466165500
2024-12-02,159928.SZ,0.8299999833106995,0.8389999866485596,0.8230000138282776,0.8370000123977661,0.8370000123977661,643051835
2024-12-03,159928.SZ,0.8370000123977661,0.8399999737739563,0.8299999833106995,0.8360000252723694,0.8360000252723694,574854935
2024-12-04,159928.SZ,0.8360000252723694,0.8360000252723694,0.824999988079071,0.8289999961853027,0.8289999961853027,269669500
2024-12-05,159928.SZ,0.8270000219345093,0.8270000219345093,0.8209999799728394,0.824999988079071,0.824999988079071,257054874
2024-12-06,159928.SZ,0.8259999752044678,0.8379999995231628,0.8230000138282776,0.8330000042915344,0.8330000042915344,498489737
2024-12-09,159928.SZ,0.8320000171661377,0.8339999914169312,0.8230000138282776,0.828000009059906,0.828000009059906,357767752
2024-12-10,159928.SZ,0.8700000047683716,0.8709999918937683,0.8399999737739563,0.8399999737739563,0.8399999737739563,1580418786
2024-12-11,159928.SZ,0.8370000123977661,0.8560000061988831,0.8370000123977661,0.8529999852180481,0.8529999852180481,776897164
2024-12-12,159928.SZ,0.8529999852180481,0.8700000047683716,0.847000002861023,0.8700000047683716,0.8700000047683716,1046396300
2024-12-13,159928.SZ,0.8629999756813049,0.8629999756813049,0.8450000286102295,0.8460000157356262,0.8460000157356262,904229600
2024-12-16,159928.SZ,0.8460000157356262,0.8489999771118164,0.8309999704360962,0.8339999914169312,0.8339999914169312,729835086
2024-12-17,159928.SZ,0.8330000042915344,0.8420000076293945,0.8289999961853027,0.8360000252723694,0.8360000252723694,383247000
2024-12-18,159928.SZ,0.8370000123977661,0.8410000205039978,0.8330000042915344,0.8349999785423279,0.8349999785423279,321314010
2024-12-19,159928.SZ,0.828000009059906,0.8299999833106995,0.8209999799728394,0.828000009059906,0.828000009059906,490596959
2024-12-20,159928.SZ,0.824999988079071,0.8320000171661377,0.8240000009536743,0.8259999752044678,0.8259999752044678,337938636
2024-12-23,159928.SZ,0.8259999752044678,0.8289999961853027,0.8190000057220459,0.8209999799728394,0.8209999799728394,546634296
2024-12-24,159928.SZ,0.8199999928474426,0.8289999961853027,0.8190000057220459,0.8289999961853027,0.8289999961853027,392309500
2024-12-25,159928.SZ,0.8289999961853027,0.8289999961853027,0.8209999799728394,0.8240000009536743,0.8240000009536743,226222514
2024-12-26,159928.SZ,0.8230000138282776,0.8270000219345093,0.8199999928474426,0.8230000138282776,0.8230000138282776,301481079
2024-12-27,159928.SZ,0.8230000138282776,0.8289999961853027,0.8180000185966492,0.8259999752044678,0.8259999752044678,428396073
2024-12-30,159928.SZ,0.824999988079071,0.8299999833106995,0.8199999928474426,0.8220000267028809,0.8220000267028809,327495800
2024-12-31,159928.SZ,0.8209999799728394,0.8309999704360962,0.8159999847412109,0.8169999718666077,0.8169999718666077,546028808
2025-01-02,159928.SZ,0.8169999718666077,0.8180000185966492,0.7950000166893005,0.7990000247955322,0.7990000247955322,605684321
2025-01-03,159928.SZ,0.800000011920929,0.8040000200271606,0.7879999876022339,0.7910000085830688,0.7910000085830688,305608300
2025-01-06,159928.SZ,0.7860000133514404,0.7919999957084656,0.7760000228881836,0.781000018119812,0.781000018119812,369982500
2025-01-07,159928.SZ,0.7799999713897705,0.7850000262260437,0.7760000228881836,0.7829999923706055,0.7829999923706055,281974800
2025-01-08,159928.SZ,0.781000018119812,0.7860000133514404,0.7689999938011169,0.781000018119812,0.781000018119812,275535419
2025-01-09,159928.SZ,0.7799999713897705,0.7879999876022339,0.7749999761581421,0.777999997138977,0.777999997138977,199753900
2025-01-10,159928.SZ,0.7770000100135803,0.7799999713897705,0.7670000195503235,0.7680000066757202,0.7680000066757202,333035500
2025-01-13,159928.SZ,0.7630000114440918,0.7730000019073486,0.7609999775886536,0.7699999809265137,0.7699999809265137,260347280
2025-01-14,159928.SZ,0.7710000276565552,0.7879999876022339,0.7699999809265137,0.7879999876022339,0.7879999876022339,295439278
2025-01-15,159928.SZ,0.7860000133514404,0.7860000133514404,0.777999997138977,0.7799999713897705,0.7799999713897705,152529932
2025-01-16,159928.SZ,0.7820000052452087,0.7820000052452087,0.7710000276565552,0.7749999761581421,0.7749999761581421,243965300
2025-01-17,159928.SZ,0.7730000019073486,0.7860000133514404,0.7720000147819519,0.7829999923706055,0.7829999923706055,280201565
2025-01-20,159928.SZ,0.7860000133514404,0.7929999828338623,0.7820000052452087,0.7850000262260437,0.7850000262260437,239628529
2025-01-21,159928.SZ,0.7889999747276306,0.7889999747276306,0.7760000228881836,0.781000018119812,0.781000018119812,213020200
2025-01-22,159928.SZ,0.7799999713897705,0.7799999713897705,0.765999972820282,0.7689999938011169,0.7689999938011169,255678368
2025-01-23,159928.SZ,0.7749999761581421,0.781000018119812,0.7699999809265137,0.7699999809265137,0.7699999809265137,274962000
2025-01-24,159928.SZ,0.7699999809265137,0.7749999761581421,0.7670000195503235,0.7730000019073486,0.7730000019073486,205257800
2025-01-27,159928.SZ,0.7739999890327454,0.7789999842643738,0.7720000147819519,0.7730000019073486,0.7730000019073486,228832800
2025-02-05,159928.SZ,0.7730000019073486,0.7760000228881836,0.7590000033378601,0.7609999775886536,0.7609999775886536,313062200
2025-02-06,159928.SZ,0.7599999904632568,0.765999972820282,0.7570000290870667,0.7649999856948853,0.7649999856948853,347204600
2025-02-07,159928.SZ,0.7639999985694885,0.7760000228881836,0.7570000290870667,0.7720000147819519,0.7720000147819519,565991900
2025-02-10,159928.SZ,0.7720000147819519,0.7720000147819519,0.7630000114440918,0.7699999809265137,0.7699999809265137,378233418
2025-02-11,159928.SZ,0.7720000147819519,0.7739999890327454,0.7609999775886536,0.7630000114440918,0.7630000114440918,390326422
2025-02-12,159928.SZ,0.7620000243186951,0.7699999809265137,0.7599999904632568,0.7699999809265137,0.7699999809265137,336370600
2025-02-13,159928.SZ,0.7699999809265137,0.7940000295639038,0.7680000066757202,0.7870000004768372,0.7870000004768372,918209020
2025-02-14,159928.SZ,0.7870000004768372,0.7889999747276306,0.7820000052452087,0.7870000004768372,0.7870000004768372,463402000
2025-02-17,159928.SZ,0.7879999876022339,0.7900000214576721,0.7829999923706055,0.7879999876022339,0.7879999876022339,521260043
2025-02-18,159928.SZ,0.7879999876022339,0.7919999957084656,0.7770000100135803,0.7799999713897705,0.7799999713897705,488321800
2025-02-19,159928.SZ,0.7770000100135803,0.7870000004768372,0.7749999761581421,0.7870000004768372,0.7870000004768372,325332400
2025-02-20,159928.SZ,0.7870000004768372,0.7900000214576721,0.781000018119812,0.7839999794960022,0.7839999794960022,321425000
2025-02-21,159928.SZ,0.7870000004768372,0.7950000166893005,0.7820000052452087,0.7860000133514404,0.7860000133514404,539583856
2025-02-24,159928.SZ,0.7879999876022339,0.7979999780654907,0.7870000004768372,0.7919999957084656,0.7919999957084656,562183456
2025-02-25,159928.SZ,0.7889999747276306,0.7889999747276306,0.7749999761581421,0.777999997138977,0.777999997138977,488019300
2025-02-26,159928.SZ,0.777999997138977,0.7839999794960022,0.7730000019073486,0.7839999794960022,0.7839999794960022,428556600
2025-02-27,159928.SZ,0.7829999923706055,0.7979999780654907,0.781000018119812,0.7979999780654907,0.7979999780654907,724544500
2025-02-28,159928.SZ,0.7990000247955322,0.8130000233650208,0.7950000166893005,0.796999990940094,0.796999990940094,1203353500
2025-03-03,159928.SZ,0.7990000247955322,0.8090000152587891,0.7900000214576721,0.7950000166893005,0.7950000166893005,564185500
2025-03-04,159928.SZ,0.7900000214576721,0.7919999957084656,0.7839999794960022,0.7910000085830688,0.7910000085830688,370370400
2025-03-05,159928.SZ,0.7910000085830688,0.7940000295639038,0.7839999794960022,0.7889999747276306,0.7889999747276306,319120500
2025-03-06,159928.SZ,0.7919999957084656,0.8009999990463257,0.7860000133514404,0.7990000247955322,0.7990000247955322,592863800
2025-03-07,159928.SZ,0.796999990940094,0.8080000281333923,0.7929999828338623,0.8050000071525574,0.8050000071525574,573791600
2025-03-10,159928.SZ,0.8050000071525574,0.8059999942779541,0.7979999780654907,0.8040000200271606,0.8040000200271606,448032900
2025-03-11,159928.SZ,0.800000011920929,0.8199999928474426,0.7950000166893005,0.8199999928474426,0.8199999928474426,692643000
2025-03-12,159928.SZ,0.8220000267028809,0.824999988079071,0.8119999766349792,0.8130000233650208,0.8130000233650208,422658600
2025-03-13,159928.SZ,0.8130000233650208,0.8209999799728394,0.8100000023841858,0.8119999766349792,0.8119999766349792,326013290
2025-03-14,159928.SZ,0.8159999847412109,0.847000002861023,0.8159999847412109,0.8450000286102295,0.8450000286102295,1202625076
2025-03-17,159928.SZ,0.8569999933242798,0.8579999804496765,0.8399999737739563,0.8460000157356262,0.8460000157356262,1382160357
2025-03-18,159928.SZ,0.847000002861023,0.847000002861023,0.8349999785423279,0.8389999866485596,0.8389999866485596,960282500
2025-03-19,159928.SZ,0.8379999995231628,0.8420000076293945,0.8309999704360962,0.8339999914169312,0.8339999914169312,684703900
2025-03-20,159928.SZ,0.8339999914169312,0.8360000252723694,0.8220000267028809,0.8240000009536743,0.8240000009536743,541528000
2025-03-21,159928.SZ,0.8209999799728394,0.8299999833106995,0.8119999766349792,0.8149999976158142,0.8149999976158142,600762710
2025-03-24,159928.SZ,0.8149999976158142,0.8180000185966492,0.8100000023841858,0.8180000185966492,0.8180000185966492,735515004
2025-03-25,159928.SZ,0.8180000185966492,0.8190000057220459,0.8090000152587891,0.8169999718666077,0.8169999718666077,433613200
2025-03-26,159928.SZ,0.8169999718666077,0.8230000138282776,0.8140000104904175,0.8209999799728394,0.8209999799728394,434064700
2025-03-27,159928.SZ,0.8199999928474426,0.828000009059906,0.8169999718666077,0.8270000219345093,0.8270000219345093,402392900
2025-03-28,159928.SZ,0.8270000219345093,0.8270000219345093,0.8180000185966492,0.8209999799728394,0.8209999799728394,423178600
2025-03-31,159928.SZ,0.8180000185966492,0.8240000009536743,0.8100000023841858,0.8119999766349792,0.8119999766349792,401413300
2025-04-01,159928.SZ,0.8119999766349792,0.8230000138282776,0.8119999766349792,0.8180000185966492,0.8180000185966492,327728200
2025-04-02,159928.SZ,0.8159999847412109,0.8230000138282776,0.8140000104904175,0.8149999976158142,0.8149999976158142,216096400
2025-04-03,159928.SZ,0.8100000023841858,0.828000009059906,0.8069999814033508,0.8259999752044678,0.8259999752044678,684014709
2025-04-07,159928.SZ,0.8100000023841858,0.8209999799728394,0.7739999890327454,0.800000011920929,0.800000011920929,1250045563
2025-04-08,159928.SZ,0.800000011920929,0.8299999833106995,0.7929999828338623,0.8299999833106995,0.8299999833106995,1029601700
2025-04-09,159928.SZ,0.8220000267028809,0.8450000286102295,0.8169999718666077,0.8420000076293945,0.8420000076293945,1862178453
2025-04-10,159928.SZ,0.8399999737739563,0.8450000286102295,0.828000009059906,0.8429999947547913,0.8429999947547913,1305152300
2025-04-11,159928.SZ,0.8399999737739563,0.8420000076293945,0.824999988079071,0.8339999914169312,0.8339999914169312,1029842886
2025-04-14,159928.SZ,0.8309999704360962,0.8370000123977661,0.8270000219345093,0.8299999833106995,0.8299999833106995,788595300
2025-04-15,159928.SZ,0.8289999961853027,0.8339999914169312,0.8240000009536743,0.8309999704360962,0.8309999704360962,667975000
2025-04-16,159928.SZ,0.8289999961853027,0.8360000252723694,0.8220000267028809,0.8339999914169312,0.8339999914169312,707570049
2025-04-17,159928.SZ,0.8309999704360962,0.8410000205039978,0.8259999752044678,0.8379999995231628,0.8379999995231628,658042600
2025-04-18,159928.SZ,0.8370000123977661,0.8370000123977661,0.8270000219345093,0.8320000171661377,0.8320000171661377,476545100
2025-04-21,159928.SZ,0.8309999704360962,0.8309999704360962,0.824999988079071,0.8270000219345093,0.8270000219345093,456575100
2025-04-22,159928.SZ,0.824999988079071,0.8309999704360962,0.8230000138282776,0.8289999961853027,0.8289999961853027,772678200
2025-04-23,159928.SZ,0.8270000219345093,0.8299999833106995,0.8209999799728394,0.8230000138282776,0.8230000138282776,536312400
2025-04-24,159928.SZ,0.8220000267028809,0.8270000219345093,0.8209999799728394,0.8220000267028809,0.8220000267028809,352033704
2025-04-25,159928.SZ,0.8240000009536743,0.828000009059906,0.8180000185966492,0.8199999928474426,0.8199999928474426,427072000
2025-04-28,159928.SZ,0.8199999928474426,0.8230000138282776,0.8169999718666077,0.8169999718666077,0.8169999718666077,365145000
2025-04-29,159928.SZ,0.8169999718666077,0.8169999718666077,0.8109999895095825,0.8149999976158142,0.8149999976158142,389633000
2025-04-30,159928.SZ,0.8149999976158142,0.8240000009536743,0.8149999976158142,0.8169999718666077,0.8169999718666077,352624600
2025-05-06,159928.SZ,0.8199999928474426,0.8209999799728394,0.8140000104904175,0.8190000057220459,0.8190000057220459,436428900
2025-05-07,159928.SZ,0.824999988079071,0.8289999961853027,0.8180000185966492,0.8199999928474426,0.8199999928474426,607270200
2025-05-08,159928.SZ,0.8199999928474426,0.8259999752044678,0.8159999847412109,0.8220000267028809,0.8220000267028809,316780511
2025-05-09,159928.SZ,0.8220000267028809,0.8259999752044678,0.8199999928474426,0.8230000138282776,0.8230000138282776,329078470
2025-05-12,159928.SZ,0.824999988079071,0.8270000219345093,0.8190000057220459,0.8230000138282776,0.8230000138282776,367339530
2025-05-13,159928.SZ,0.8259999752044678,0.8259999752044678,0.8199999928474426,0.8230000138282776,0.8230000138282776,292255500
2025-05-14,159928.SZ,0.8220000267028809,0.8379999995231628,0.8190000057220459,0.8330000042915344,0.8330000042915344,620726362
2025-05-15,159928.SZ,0.8330000042915344,0.8360000252723694,0.8289999961853027,0.8309999704360962,0.8309999704360962,326402162
2025-05-16,159928.SZ,0.8309999704360962,0.8309999704360962,0.8199999928474426,0.8230000138282776,0.8230000138282776,238086800
2025-05-19,159928.SZ,0.8159999847412109,0.8199999928474426,0.8140000104904175,0.8180000185966492,0.8180000185966492,261207596
2025-05-20,159928.SZ,0.8169999718666077,0.8289999961853027,0.8169999718666077,0.8240000009536743,0.8240000009536743,395950217
2025-05-21,159928.SZ,0.8230000138282776,0.828000009059906,0.8230000138282776,0.8259999752044678,0.8259999752044678,336359800
2025-05-22,159928.SZ,0.824999988079071,0.8270000219345093,0.8209999799728394,0.8220000267028809,0.8220000267028809,276989700
2025-05-23,159928.SZ,0.824999988079071,0.8270000219345093,0.8180000185966492,0.8180000185966492,0.8180000185966492,373626991
2025-05-26,159928.SZ,0.8180000185966492,0.8220000267028809,0.8119999766349792,0.8159999847412109,0.8159999847412109,340076000
2025-05-27,159928.SZ,0.8149999976158142,0.8209999799728394,0.8140000104904175,0.8159999847412109,0.8159999847412109,326098800
2025-05-28,159928.SZ,0.8149999976158142,0.8230000138282776,0.8119999766349792,0.8199999928474426,0.8199999928474426,269169299
2025-05-29,159928.SZ,0.8199999928474426,0.8220000267028809,0.8140000104904175,0.8199999928474426,0.8199999928474426,264740900
2025-05-30,159928.SZ,0.8180000185966492,0.8259999752044678,0.8169999718666077,0.8199999928474426,0.8199999928474426,279079000
2025-06-03,159928.SZ,0.8149999976158142,0.8240000009536743,0.8140000104904175,0.8230000138282776,0.8230000138282776,211099300
2025-06-04,159928.SZ,0.8240000009536743,0.824999988079071,0.8199999928474426,0.8240000009536743,0.8240000009536743,206319600
2025-06-05,159928.SZ,0.824999988079071,0.8270000219345093,0.8180000185966492,0.8199999928474426,0.8199999928474426,263850200
2025-06-06,159928.SZ,0.8199999928474426,0.8230000138282776,0.8159999847412109,0.8190000057220459,0.8190000057220459,344618800
2025-06-09,159928.SZ,0.8190000057220459,0.824999988079071,0.8180000185966492,0.8230000138282776,0.8230000138282776,352098527
2025-06-10,159928.SZ,0.8220000267028809,0.8230000138282776,0.8130000233650208,0.8159999847412109,0.8159999847412109,688283500
2025-06-11,159928.SZ,0.8180000185966492,0.824999988079071,0.8159999847412109,0.8230000138282776,0.8230000138282776,327324800
2025-06-12,159928.SZ,0.8230000138282776,0.8230000138282776,0.8130000233650208,0.8140000104904175,0.8140000104904175,283804800
2025-06-13,159928.SZ,0.8130000233650208,0.8130000233650208,0.7960000038146973,0.7979999780654907,0.7979999780654907,417563461
2025-06-16,159928.SZ,0.7960000038146973,0.796999990940094,0.7900000214576721,0.7950000166893005,0.7950000166893005,278411584
2025-06-17,159928.SZ,0.7950000166893005,0.800000011920929,0.7919999957084656,0.7929999828338623,0.7929999828338623,204004800
2025-06-18,159928.SZ,0.7950000166893005,0.8029999732971191,0.7940000295639038,0.7950000166893005,0.7950000166893005,286224900
2025-06-19,159928.SZ,0.7929999828338623,0.7960000038146973,0.7860000133514404,0.7879999876022339,0.7879999876022339,253983300
2025-06-20,159928.SZ,0.7879999876022339,0.7990000247955322,0.7879999876022339,0.7940000295639038,0.7940000295639038,300232200
2025-06-23,159928.SZ,0.7919999957084656,0.7929999828338623,0.7839999794960022,0.7879999876022339,0.7879999876022339,366290900
2025-06-24,159928.SZ,0.7900000214576721,0.796999990940094,0.7870000004768372,0.7940000295639038,0.7940000295639038,257882600
2025-06-25,159928.SZ,0.7960000038146973,0.7979999780654907,0.7889999747276306,0.7979999780654907,0.7979999780654907,327045289
2025-06-26,159928.SZ,0.7979999780654907,0.7990000247955322,0.7940000295639038,0.7960000038146973,0.7960000038146973,199690400
2025-06-27,159928.SZ,0.796999990940094,0.796999990940094,0.7910000085830688,0.7919999957084656,0.7919999957084656,288563000
2025-06-30,159928.SZ,0.7919999957084656,0.7950000166893005,0.7889999747276306,0.7940000295639038,0.7940000295639038,194328100
2025-07-01,159928.SZ,0.7940000295639038,0.7950000166893005,0.7910000085830688,0.7940000295639038,0.7940000295639038,158828500
2025-07-02,159928.SZ,0.7950000166893005,0.7979999780654907,0.7929999828338623,0.7950000166893005,0.7950000166893005,192568100
2025-07-03,159928.SZ,0.7940000295639038,0.7990000247955322,0.7940000295639038,0.796999990940094,0.796999990940094,251969400
2025-07-04,159928.SZ,0.796999990940094,0.8009999990463257,0.7940000295639038,0.7979999780654907,0.7979999780654907,383055000
2025-07-07,159928.SZ,0.796999990940094,0.7979999780654907,0.7940000295639038,0.7940000295639038,0.7940000295639038,122731458
2025-07-08,159928.SZ,0.7950000166893005,0.7990000247955322,0.7919999957084656,0.7979999780654907,0.7979999780654907,300512400
2025-07-09,159928.SZ,0.7979999780654907,0.8090000152587891,0.796999990940094,0.8029999732971191,0.8029999732971191,379245542
2025-07-10,159928.SZ,0.8029999732971191,0.8059999942779541,0.7979999780654907,0.8040000200271606,0.8040000200271606,278802200
2025-07-11,159928.SZ,0.8019999861717224,0.8130000233650208,0.8019999861717224,0.8080000281333923,0.8080000281333923,389220600
2025-07-14,159928.SZ,0.8069999814033508,0.8100000023841858,0.8019999861717224,0.8090000152587891,0.8090000152587891,170954900
2025-07-15,159928.SZ,0.8069999814033508,0.8080000281333923,0.796999990940094,0.8009999990463257,0.8009999990463257,294648800
2025-07-16,159928.SZ,0.7990000247955322,0.8040000200271606,0.7990000247955322,0.8029999732971191,0.8029999732971191,197487800
2025-07-17,159928.SZ,0.8040000200271606,0.8090000152587891,0.8029999732971191,0.8080000281333923,0.8080000281333923,297840000
2025-07-18,159928.SZ,0.8080000281333923,0.8169999718666077,0.8069999814033508,0.8159999847412109,0.8159999847412109,324162373
2025-07-21,159928.SZ,0.8159999847412109,0.8199999928474426,0.8130000233650208,0.8199999928474426,0.8199999928474426,234314900
2025-07-22,159928.SZ,0.8199999928474426,0.8370000123977661,0.8180000185966492,0.8360000252723694,0.8360000252723694,608927800
2025-07-23,159928.SZ,0.8370000123977661,0.8420000076293945,0.8330000042915344,0.8339999914169312,0.8339999914169312,522875100
2025-07-24,159928.SZ,0.8330000042915344,0.8370000123977661,0.8299999833106995,0.8360000252723694,0.8360000252723694,497552999
2025-07-25,159928.SZ,0.8360000252723694,0.8370000123977661,0.8259999752044678,0.828000009059906,0.828000009059906,384577043
2025-07-28,159928.SZ,0.828000009059906,0.828000009059906,0.8190000057220459,0.8230000138282776,0.8230000138282776,480457100
2025-07-29,159928.SZ,0.8240000009536743,0.8240000009536743,0.8130000233650208,0.8180000185966492,0.8180000185966492,557744398
2025-07-30,159928.SZ,0.8190000057220459,0.8299999833106995,0.8159999847412109,0.8240000009536743,0.8240000009536743,535170312
2025-07-31,159928.SZ,0.8240000009536743,0.8240000009536743,0.8040000200271606,0.8050000071525574,0.8050000071525574,936136018
2025-08-01,159928.SZ,0.8050000071525574,0.8090000152587891,0.8029999732971191,0.8059999942779541,0.8059999942779541,519334200
2025-08-04,159928.SZ,0.8040000200271606,0.8080000281333923,0.8029999732971191,0.8080000281333923,0.8080000281333923,235406899
2025-08-05,159928.SZ,0.8090000152587891,0.8159999847412109,0.8080000281333923,0.8159999847412109,0.8159999847412109,577009300
2025-08-06,159928.SZ,0.8159999847412109,0.8169999718666077,0.8119999766349792,0.8169999718666077,0.8169999718666077,203204300
2025-08-07,159928.SZ,0.8180000185966492,0.8180000185966492,0.8140000104904175,0.8159999847412109,0.8159999847412109,220247300
2025-08-08,159928.SZ,0.8159999847412109,0.8180000185966492,0.8119999766349792,0.8140000104904175,0.8140000104904175,570436300
2025-08-11,159928.SZ,0.8149999976158142,0.8240000009536743,0.8119999766349792,0.8220000267028809,0.8220000267028809,393220800
2025-08-12,159928.SZ,0.8220000267028809,0.8299999833106995,0.8199999928474426,0.8209999799728394,0.8209999799728394,382702100
2025-08-13,159928.SZ,0.824999988079071,0.824999988079071,0.8169999718666077,0.8220000267028809,0.8220000267028809,588191885
2025-08-14,159928.SZ,0.8230000138282776,0.8299999833106995,0.8180000185966492,0.8209999799728394,0.8209999799728394,533395900
2025-08-15,159928.SZ,0.8190000057220459,0.8230000138282776,0.8140000104904175,0.8220000267028809,0.8220000267028809,536419000
2025-08-18,159928.SZ,0.824999988079071,0.8299999833106995,0.8220000267028809,0.828000009059906,0.828000009059906,802466456
2025-08-19,159928.SZ,0.8270000219345093,0.8370000123977661,0.8259999752044678,0.8330000042915344,0.8330000042915344,880761000
2025-08-20,159928.SZ,0.8309999704360962,0.8429999947547913,0.8259999752044678,0.8429999947547913,0.8429999947547913,902833685
2025-08-21,159928.SZ,0.8450000286102295,0.8539999723434448,0.8420000076293945,0.8479999899864197,0.8479999899864197,940464200
2025-08-22,159928.SZ,0.847000002861023,0.8519999980926514,0.843999981880188,0.8519999980926514,0.8519999980926514,812561900
2025-08-25,159928.SZ,0.8579999804496765,0.875,0.8529999852180481,0.875,0.875,1537844692
2025-08-26,159928.SZ,0.8740000128746033,0.890999972820282,0.8659999966621399,0.8820000290870667,0.8820000290870667,1680045637
2025-08-27,159928.SZ,0.8799999952316284,0.8809999823570251,0.8600000143051147,0.8610000014305115,0.8610000014305115,1532358800
2025-08-28,159928.SZ,0.859000027179718,0.8640000224113464,0.8429999947547913,0.8569999933242798,0.8569999933242798,1243834436
2025-08-29,159928.SZ,0.8610000014305115,0.8790000081062317,0.8610000014305115,0.8769999742507935,0.8769999742507935,1245643235
2025-09-01,159928.SZ,0.8790000081062317,0.8799999952316284,0.8679999709129333,0.875,0.875,1260519834
2025-09-02,159928.SZ,0.8740000128746033,0.8859999775886536,0.8679999709129333,0.8709999918937683,0.8709999918937683,1080297029
2025-09-03,159928.SZ,0.8730000257492065,0.8809999823570251,0.8539999723434448,0.8569999933242798,0.8569999933242798,818438897
2025-09-04,159928.SZ,0.8560000061988831,0.8579999804496765,0.8479999899864197,0.8579999804496765,0.8579999804496765,913245052
2025-09-05,159928.SZ,0.8600000143051147,0.8650000095367432,0.8489999771118164,0.8650000095367432,0.8650000095367432,1038629500
2025-09-08,159928.SZ,0.8640000224113464,0.8809999823570251,0.8629999756813049,0.8809999823570251,0.8809999823570251,1045599705
2025-09-09,159928.SZ,0.8809999823570251,0.8820000290870667,0.8709999918937683,0.8799999952316284,0.8799999952316284,740338115
2025-09-10,159928.SZ,0.8790000081062317,0.8809999823570251,0.8730000257492065,0.878000020980835,0.878000020980835,702024059
2025-09-11,159928.SZ,0.875,0.8899999856948853,0.8740000128746033,0.8899999856948853,0.8899999856948853,1347055554
2025-09-12,159928.SZ,0.8899999856948853,0.8949999809265137,0.8799999952316284,0.8799999952316284,0.8799999952316284,850388060
2025-09-15,159928.SZ,0.878000020980835,0.8880000114440918,0.8769999742507935,0.8840000033378601,0.8840000033378601,619209108
2025-09-16,159928.SZ,0.8849999904632568,0.8849999904632568,0.8700000047683716,0.878000020980835,0.878000020980835,1133142943
2025-09-17,159928.SZ,0.8799999952316284,0.8799999952316284,0.8669999837875366,0.871999979019165,0.871999979019165,1061708256
2025-09-18,159928.SZ,0.8730000257492065,0.8730000257492065,0.8519999980926514,0.8579999804496765,0.8579999804496765,1141761000
2025-09-19,159928.SZ,0.8560000061988831,0.8610000014305115,0.8519999980926514,0.8600000143051147,0.8600000143051147,723051400
2025-09-22,159928.SZ,0.859000027179718,0.859000027179718,0.8460000157356262,0.8489999771118164,0.8489999771118164,618742900
2025-09-23,159928.SZ,0.8479999899864197,0.8529999852180481,0.8379999995231628,0.8429999947547913,0.8429999947547913,769620800
2025-09-24,159928.SZ,0.8410000205039978,0.8489999771118164,0.8399999737739563,0.847000002861023,0.847000002861023,497738556
2025-09-25,159928.SZ,0.8460000157356262,0.8479999899864197,0.8389999866485596,0.8399999737739563,0.8399999737739563,619563588
2025-09-26,159928.SZ,0.8379999995231628,0.843999981880188,0.8349999785423279,0.8389999866485596,0.8389999866485596,493023400
2025-09-29,159928.SZ,0.8429999947547913,0.8489999771118164,0.8330000042915344,0.8479999899864197,0.8479999899864197,795624565
2025-09-30,159928.SZ,0.847000002861023,0.847000002861023,0.8389999866485596,0.8460000157356262,0.8460000157356262,722392300
2025-10-09,159928.SZ,0.8410000205039978,0.843999981880188,0.8289999961853027,0.843999981880188,0.843999981880188,895891800
2025-10-10,159928.SZ,0.8410000205039978,0.8519999980926514,0.8389999866485596,0.8460000157356262,0.8460000157356262,891915960
2025-10-13,159928.SZ,0.8370000123977661,0.8410000205039978,0.8330000042915344,0.8379999995231628,0.8379999995231628,1115145624
2025-10-14,159928.SZ,0.8389999866485596,0.8519999980926514,0.8379999995231628,0.8479999899864197,0.8479999899864197,1119173054
2025-10-15,159928.SZ,0.847000002861023,0.8519999980926514,0.8420000076293945,0.8519999980926514,0.8519999980926514,990891175
2025-10-16,159928.SZ,0.8510000109672546,0.8579999804496765,0.8489999771118164,0.8529999852180481,0.8529999852180481,819653800
2025-10-17,159928.SZ,0.8529999852180481,0.8569999933242798,0.8420000076293945,0.8429999947547913,0.8429999947547913,860538813
2025-10-20,159928.SZ,0.8450000286102295,0.847000002861023,0.8339999914169312,0.8370000123977661,0.8370000123977661,894567400
2025-10-21,159928.SZ,0.8360000252723694,0.8410000205039978,0.8349999785423279,0.8389999866485596,0.8389999866485596,612544830
2025-10-22,159928.SZ,0.8379999995231628,0.8410000205039978,0.8309999704360962,0.8330000042915344,0.8330000042915344,584121575
2025-10-23,159928.SZ,0.8320000171661377,0.8349999785423279,0.8259999752044678,0.8339999914169312,0.8339999914169312,881836735
2025-10-27,159928.SZ,0.8270000219345093,0.8299999833106995,0.8230000138282776,0.8289999961853027,0.8289999961853027,1115344100
2025-10-28,159928.SZ,0.8299999833106995,0.8320000171661377,0.824999988079071,0.824999988079071,0.824999988079071,700311700
2025-10-29,159928.SZ,0.824999988079071,0.8259999752044678,0.8220000267028809,0.8259999752044678,0.8259999752044678,632468100
2025-10-30,159928.SZ,0.824999988079071,0.8299999833106995,0.8209999799728394,0.8240000009536743,0.8240000009536743,783644853
2025-10-31,159928.SZ,0.8220000267028809,0.8339999914169312,0.8209999799728394,0.8309999704360962,0.8309999704360962,811424214
2025-11-03,159928.SZ,0.8299999833106995,0.8339999914169312,0.8259999752044678,0.8330000042915344,0.8330000042915344,505031897
2025-11-04,159928.SZ,0.8309999704360962,0.8320000171661377,0.8180000185966492,0.8220000267028809,0.8220000267028809,666259252
2025-11-05,159928.SZ,0.8180000185966492,0.8240000009536743,0.8149999976158142,0.8199999928474426,0.8199999928474426,571259660
2025-11-06,159928.SZ,0.8199999928474426,0.824999988079071,0.8190000057220459,0.8209999799728394,0.8209999799728394,356241264
2025-11-07,159928.SZ,0.8209999799728394,0.8259999752044678,0.8199999928474426,0.8220000267028809,0.8220000267028809,434437900
2025-11-10,159928.SZ,0.8230000138282776,0.8500000238418579,0.8199999928474426,0.8479999899864197,0.8479999899864197,2452554870
2025-11-11,159928.SZ,0.8479999899864197,0.8489999771118164,0.8399999737739563,0.8479999899864197,0.8479999899864197,1105283068
2025-11-12,159928.SZ,0.8460000157356262,0.8550000190734863,0.8460000157356262,0.8489999771118164,0.8489999771118164,838025609
2025-11-13,159928.SZ,0.847000002861023,0.8529999852180481,0.8420000076293945,0.8529999852180481,0.8529999852180481,857285592
2025-11-14,159928.SZ,0.8500000238418579,0.8579999804496765,0.8420000076293945,0.8420000076293945,0.8420000076293945,814735600
2025-11-17,159928.SZ,0.8420000076293945,0.8429999947547913,0.8299999833106995,0.8370000123977661,0.8370000123977661,781034900
2025-11-18,159928.SZ,0.8360000252723694,0.8450000286102295,0.8349999785423279,0.8389999866485596,0.8389999866485596,684835716
2025-11-19,159928.SZ,0.8379999995231628,0.8399999737739563,0.8330000042915344,0.8360000252723694,0.8360000252723694,517365314
2025-11-20,159928.SZ,0.8360000252723694,0.8399999737739563,0.8309999704360962,0.8309999704360962,0.8309999704360962,511079200
2025-11-21,159928.SZ,0.828000009059906,0.8360000252723694,0.8220000267028809,0.824999988079071,0.824999988079071,711051806
2025-11-24,159928.SZ,0.8259999752044678,0.8339999914169312,0.8230000138282776,0.824999988079071,0.824999988079071,532276141
2025-11-25,159928.SZ,0.8259999752044678,0.828000009059906,0.8209999799728394,0.8270000219345093,0.8270000219345093,625889702
2025-11-26,159928.SZ,0.8259999752044678,0.8299999833106995,0.8230000138282776,0.824999988079071,0.824999988079071,485943315
2025-11-27,159928.SZ,0.8270000219345093,0.8289999961853027,0.8220000267028809,0.824999988079071,0.824999988079071,570955760
2025-11-28,159928.SZ,0.8240000009536743,0.8299999833106995,0.8220000267028809,0.8289999961853027,0.8289999961853027,443777000
2025-12-01,159928.SZ,0.8299999833106995,0.8330000042915344,0.824999988079071,0.8270000219345093,0.8270000219345093,423885400
2025-12-02,159928.SZ,0.8270000219345093,0.828000009059906,0.8199999928474426,0.8209999799728394,0.8209999799728394,400731300
2025-12-03,159928.SZ,0.8220000267028809,0.8220000267028809,0.8130000233650208,0.8140000104904175,0.8140000104904175,522575732
2025-12-04,159928.SZ,0.8140000104904175,0.8159999847412109,0.8050000071525574,0.8069999814033508,0.8069999814033508,625007500
2025-12-05,159928.SZ,0.8059999942779541,0.8100000023841858,0.8040000200271606,0.8090000152587891,0.8090000152587891,350185942
2025-12-08,159928.SZ,0.8090000152587891,0.8090000152587891,0.8009999990463257,0.8019999861717224,0.8019999861717224,474429259
2025-12-09,159928.SZ,0.8029999732971191,0.8040000200271606,0.7900000214576721,0.7929999828338623,0.7929999828338623,767091271
2025-12-10,159928.SZ,0.7900000214576721,0.796999990940094,0.7870000004768372,0.7950000166893005,0.7950000166893005,502968225
2025-12-11,159928.SZ,0.7960000038146973,0.7960000038146973,0.7900000214576721,0.7910000085830688,0.7910000085830688,344612875
2025-12-12,159928.SZ,0.7929999828338623,0.796999990940094,0.7900000214576721,0.7960000038146973,0.7960000038146973,586042379
2025-12-15,159928.SZ,0.8009999990463257,0.8080000281333923,0.7990000247955322,0.8009999990463257,0.8009999990463257,533086384
2025-12-16,159928.SZ,0.8029999732971191,0.8040000200271606,0.7960000038146973,0.7990000247955322,0.7990000247955322,567585100
2025-12-17,159928.SZ,0.8009999990463257,0.8059999942779541,0.7950000166893005,0.8050000071525574,0.8050000071525574,520842265
2025-12-18,159928.SZ,0.8029999732971191,0.8050000071525574,0.800000011920929,0.8009999990463257,0.8009999990463257,298635505
2025-12-19,159928.SZ,0.8029999732971191,0.8109999895095825,0.800000011920929,0.8109999895095825,0.8109999895095825,517647351
2025-12-22,159928.SZ,0.8100000023841858,0.8109999895095825,0.8059999942779541,0.8090000152587891,0.8090000152587891,703369031
2025-12-23,159928.SZ,0.8090000152587891,0.8100000023841858,0.8019999861717224,0.8019999861717224,0.8019999861717224,893575017
2025-12-24,159928.SZ,0.8019999861717224,0.8029999732971191,0.7960000038146973,0.7990000247955322,0.7990000247955322,582860705
2025-12-25,159928.SZ,0.7979999780654907,0.8050000071525574,0.796999990940094,0.8040000200271606,0.8040000200271606,584677615
2025-12-26,159928.SZ,0.8029999732971191,0.8040000200271606,0.796999990940094,0.800000011920929,0.800000011920929,378883002
2025-12-29,159928.SZ,0.800000011920929,0.8029999732971191,0.7960000038146973,0.7979999780654907,0.7979999780654907,739902614
2025-12-30,159928.SZ,0.7960000038146973,0.800000011920929,0.7950000166893005,0.7979999780654907,0.7979999780654907,446088200
2025-12-31,159928.SZ,0.7979999780654907,0.7979999780654907,0.7900000214576721,0.7929999828338623,0.7929999828338623,414119000
2026-01-05,159928.SZ,0.7929999828338623,0.8029999732971191,0.7919999957084656,0.8019999861717224,0.8019999861717224,997427799
2026-01-06,159928.SZ,0.8009999990463257,0.8090000152587891,0.7979999780654907,0.8090000152587891,0.8090000152587891,1367096781
2026-01-07,159928.SZ,0.8090000152587891,0.8100000023841858,0.8019999861717224,0.8040000200271606,0.8040000200271606,862573927
2026-01-08,159928.SZ,0.8019999861717224,0.8019999861717224,0.7960000038146973,0.7979999780654907,0.7979999780654907,710485127
2026-01-09,159928.SZ,0.796999990940094,0.8029999732971191,0.796999990940094,0.8009999990463257,0.8009999990463257,654642427
2026-01-12,159928.SZ,0.8009999990463257,0.8059999942779541,0.7990000247955322,0.8059999942779541,0.8059999942779541,876357303
2026-01-13,159928.SZ,0.8059999942779541,0.8069999814033508,0.7950000166893005,0.7979999780654907,0.7979999780654907,1322931300
2026-01-14,159928.SZ,0.796999990940094,0.8009999990463257,0.7889999747276306,0.7940000295639038,0.7940000295639038,1247712239
2026-01-15,159928.SZ,0.7910000085830688,0.796999990940094,0.7889999747276306,0.7900000214576721,0.7900000214576721,594805879
2026-01-16,159928.SZ,0.7910000085830688,0.7929999828338623,0.7789999842643738,0.7789999842643738,0.7789999842643738,993434700
2026-01-19,159928.SZ,0.7789999842643738,0.7850000262260437,0.777999997138977,0.7820000052452087,0.7820000052452087,462704733
2026-01-20,159928.SZ,0.7820000052452087,0.7860000133514404,0.7799999713897705,0.7839999794960022,0.7839999794960022,933257577
2026-01-21,159928.SZ,0.7829999923706055,0.7839999794960022,0.7730000019073486,0.7749999761581421,0.7749999761581421,1208664100
2026-01-22,159928.SZ,0.7749999761581421,0.777999997138977,0.7710000276565552,0.7720000147819519,0.7720000147819519,675780952
2026-01-23,159928.SZ,0.7720000147819519,0.7749999761581421,0.7699999809265137,0.7710000276565552,0.7710000276565552,487757581
2026-01-26,159928.SZ,0.7699999809265137,0.7739999890327454,0.7590000033378601,0.7710000276565552,0.7710000276565552,992215619
2026-01-27,159928.SZ,0.7699999809265137,0.7699999809265137,0.7570000290870667,0.7580000162124634,0.7580000162124634,816467922
2026-01-28,159928.SZ,0.7580000162124634,0.7609999775886536,0.753000020980835,0.7559999823570251,0.7559999823570251,829058152
2026-01-29,159928.SZ,0.7559999823570251,0.800000011920929,0.7559999823570251,0.800000011920929,0.800000011920929,2221699757
2026-01-30,159928.SZ,0.7950000166893005,0.7950000166893005,0.777999997138977,0.777999997138977,0.777999997138977,1093810473
2026-02-02,159928.SZ,0.7770000100135803,0.7950000166893005,0.7749999761581421,0.7770000100135803,0.7770000100135803,846719045
2026-02-03,159928.SZ,0.7770000100135803,0.7870000004768372,0.7739999890327454,0.7829999923706055,0.7829999923706055,568405640
2026-02-04,159928.SZ,0.7820000052452087,0.8009999990463257,0.781000018119812,0.800000011920929,0.800000011920929,943075610
2026-02-05,159928.SZ,0.7979999780654907,0.8119999766349792,0.796999990940094,0.8080000281333923,0.8080000281333923,1507368856
2026-02-06,159928.SZ,0.8050000071525574,0.8080000281333923,0.7950000166893005,0.7979999780654907,0.7979999780654907,644269990
2026-02-09,159928.SZ,0.796999990940094,0.8019999861717224,0.7940000295639038,0.7990000247955322,0.7990000247955322,720268464
2026-02-10,159928.SZ,0.7979999780654907,0.7979999780654907,0.7870000004768372,0.7889999747276306,0.7889999747276306,624221000
2026-02-11,159928.SZ,0.7889999747276306,0.7910000085830688,0.7860000133514404,0.7889999747276306,0.7889999747276306,423006400
2026-02-12,159928.SZ,0.7889999747276306,0.7889999747276306,0.777999997138977,0.7799999713897705,0.7799999713897705,495302100
2026-02-13,159928.SZ,0.7799999713897705,0.7850000262260437,0.7760000228881836,0.7770000100135803,0.7770000100135803,532907000
2026-02-24,159928.SZ,0.7799999713897705,0.7860000133514404,0.7699999809265137,0.7710000276565552,0.7710000276565552,510442600
2026-02-25,159928.SZ,0.7710000276565552,0.781000018119812,0.7710000276565552,0.7749999761581421,0.7749999761581421,815835700
2026-02-26,159928.SZ,0.7760000228881836,0.7789999842643738,0.7689999938011169,0.7710000276565552,0.7710000276565552,456700400
2026-02-27,159928.SZ,0.7699999809265137,0.7760000228881836,0.7699999809265137,0.7749999761581421,0.7749999761581421,400393578
2026-03-02,159928.SZ,0.7699999809265137,0.7770000100135803,0.7639999985694885,0.7680000066757202,0.7680000066757202,502682376
2026-03-03,159928.SZ,0.7670000195503235,0.7770000100135803,0.7630000114440918,0.7649999856948853,0.7649999856948853,570197060
2026-03-04,159928.SZ,0.7630000114440918,0.7630000114440918,0.7540000081062317,0.7590000033378601,0.7590000033378601,644863605
2026-03-05,159928.SZ,0.7609999775886536,0.7620000243186951,0.753000020980835,0.7559999823570251,0.7559999823570251,455489400
2026-03-06,159928.SZ,0.7540000081062317,0.7760000228881836,0.753000020980835,0.7730000019073486,0.7730000019073486,969551400
2026-03-09,159928.SZ,0.7689999938011169,0.7770000100135803,0.7680000066757202,0.7710000276565552,0.7710000276565552,563491410
2026-03-10,159928.SZ,0.7710000276565552,0.7749999761581421,0.7699999809265137,0.7720000147819519,0.7720000147819519,350368085
2026-03-11,159928.SZ,0.7720000147819519,0.7770000100135803,0.7670000195503235,0.7760000228881836,0.7760000228881836,385782700
2026-03-12,159928.SZ,0.7749999761581421,0.781000018119812,0.7710000276565552,0.7789999842643738,0.7789999842643738,519662700
2026-03-13,159928.SZ,0.7829999923706055,0.7860000133514404,0.777999997138977,0.781000018119812,0.781000018119812,466348639
2026-03-16,159928.SZ,0.7799999713897705,0.7929999828338623,0.7799999713897705,0.7900000214576721,0.7900000214576721,749484346
2026-03-17,159928.SZ,0.7879999876022339,0.8009999990463257,0.7860000133514404,0.7879999876022339,0.7879999876022339,1090762351
2026-03-18,159928.SZ,0.7889999747276306,0.7910000085830688,0.777999997138977,0.7820000052452087,0.7820000052452087,595800779
2026-03-19,159928.SZ,0.7789999842643738,0.7799999713897705,0.7689999938011169,0.7699999809265137,0.7699999809265137,563070199
2026-03-20,159928.SZ,0.7699999809265137,0.7770000100135803,0.7639999985694885,0.7639999985694885,0.7639999985694885,418937200
2026-03-23,159928.SZ,0.7599999904632568,0.7609999775886536,0.7329999804496765,0.7360000014305115,0.7360000014305115,849182350
2026-03-24,159928.SZ,0.7390000224113464,0.7429999709129333,0.7319999933242798,0.7419999837875366,0.7419999837875366,464258014
2026-03-25,159928.SZ,0.7409999966621399,0.746999979019165,0.7369999885559082,0.746999979019165,0.746999979019165,389998400
2026-03-26,159928.SZ,0.7459999918937683,0.7490000128746033,0.7379999756813049,0.7390000224113464,0.7390000224113464,609852200
2026-03-27,159928.SZ,0.7360000014305115,0.753000020980835,0.7350000143051147,0.7519999742507935,0.7519999742507935,544527800
2026-03-30,159928.SZ,0.7450000047683716,0.7570000290870667,0.7450000047683716,0.753000020980835,0.753000020980835,397289300
2026-03-31,159928.SZ,0.7570000290870667,0.7620000243186951,0.7419999837875366,0.7419999837875366,0.7419999837875366,793725800
2026-04-01,159928.SZ,0.746999979019165,0.7540000081062317,0.7440000176429749,0.7509999871253967,0.7509999871253967,363400900
2026-04-02,159928.SZ,0.75,0.7609999775886536,0.7480000257492065,0.7559999823570251,0.7559999823570251,404434300
2026-04-03,159928.SZ,0.7559999823570251,0.7570000290870667,0.7450000047683716,0.746999979019165,0.746999979019165,297284100
2026-04-07,159928.SZ,0.746999979019165,0.7519999742507935,0.7429999709129333,0.7450000047683716,0.7450000047683716,311342830
2026-04-08,159928.SZ,0.753000020980835,0.7570000290870667,0.7480000257492065,0.7570000290870667,0.7570000290870667,580371900
2026-04-09,159928.SZ,0.753000020980835,0.7540000081062317,0.7440000176429749,0.746999979019165,0.746999979019165,360912978
2026-04-10,159928.SZ,0.746999979019165,0.7490000128746033,0.7409999966621399,0.7429999709129333,0.7429999709129333,1241728807
2026-04-13,159928.SZ,0.7409999966621399,0.7450000047683716,0.7379999756813049,0.7440000176429749,0.7440000176429749,638273000
2026-04-14,159928.SZ,0.7450000047683716,0.7509999871253967,0.7419999837875366,0.7509999871253967,0.7509999871253967,531414192
2026-04-15,159928.SZ,0.75,0.7540000081062317,0.746999979019165,0.7519999742507935,0.7519999742507935,643132460
2026-04-16,159928.SZ,0.7519999742507935,0.753000020980835,0.7490000128746033,0.753000020980835,0.753000020980835,339457600
2026-04-17,159928.SZ,0.746999979019165,0.746999979019165,0.7400000095367432,0.7419999837875366,0.7419999837875366,705804568
2026-04-20,159928.SZ,0.7419999837875366,0.7440000176429749,0.7390000224113464,0.7419999837875366,0.7419999837875366,523053581
2026-04-21,159928.SZ,0.7419999837875366,0.746999979019165,0.7400000095367432,0.7419999837875366,0.7419999837875366,484674000
2026-04-22,159928.SZ,0.7400000095367432,0.7440000176429749,0.7350000143051147,0.7369999885559082,0.7369999885559082,343986938
2026-04-23,159928.SZ,0.7369999885559082,0.7419999837875366,0.7329999804496765,0.7369999885559082,0.7369999885559082,515469692
2026-04-24,159928.SZ,0.7360000014305115,0.7400000095367432,0.7319999933242798,0.7369999885559082,0.7369999885559082,337351400
2026-04-27,159928.SZ,0.734000027179718,0.7350000143051147,0.7289999723434448,0.7310000061988831,0.7310000061988831,312398490
2026-04-28,159928.SZ,0.7300000190734863,0.7329999804496765,0.7279999852180481,0.7319999933242798,0.7319999933242798,359415300
2026-04-29,159928.SZ,0.7319999933242798,0.7480000257492065,0.7310000061988831,0.7450000047683716,0.7450000047683716,545294700
2026-04-30,159928.SZ,0.7450000047683716,0.753000020980835,0.7429999709129333,0.746999979019165,0.746999979019165,489528226
2026-05-06,159928.SZ,0.7400000095367432,0.7419999837875366,0.7350000143051147,0.7419999837875366,0.7419999837875366,482936167
2026-05-07,159928.SZ,0.7409999966621399,0.7459999918937683,0.7369999885559082,0.7390000224113464,0.7390000224113464,364824035
2026-05-08,159928.SZ,0.7379999756813049,0.7409999966621399,0.7319999933242798,0.734000027179718,0.734000027179718,468687437
2026-05-11,159928.SZ,0.7319999933242798,0.7369999885559082,0.7279999852180481,0.7360000014305115,0.7360000014305115,499001200
2026-05-12,159928.SZ,0.7350000143051147,0.7360000014305115,0.7229999899864197,0.7250000238418579,0.7250000238418579,541849847
2026-05-13,159928.SZ,0.7229999899864197,0.7260000109672546,0.7160000205039978,0.718999981880188,0.718999981880188,373381800
2026-05-14,159928.SZ,0.7200000286102295,0.7319999933242798,0.7160000205039978,0.7200000286102295,0.7200000286102295,606831940
2026-05-15,159928.SZ,0.718999981880188,0.7200000286102295,0.7059999704360962,0.7080000042915344,0.7080000042915344,491782500
2026-05-18,159928.SZ,0.7089999914169312,0.7099999785423279,0.6980000138282776,0.699999988079071,0.699999988079071,380865970
2026-05-19,159928.SZ,0.699999988079071,0.7070000171661377,0.6959999799728394,0.699999988079071,0.699999988079071,294699300
2026-05-20,159928.SZ,0.6990000009536743,0.7049999833106995,0.6959999799728394,0.6990000009536743,0.6990000009536743,299955624
2026-05-21,159928.SZ,0.6980000138282776,0.7049999833106995,0.6899999976158142,0.6899999976158142,0.6899999976158142,423870900
2026-05-22,159928.SZ,0.6919999718666077,0.6930000185966492,0.6800000071525574,0.6819999814033508,0.6819999814033508,385191700
2026-05-25,159928.SZ,0.6819999814033508,0.6859999895095825,0.6740000247955322,0.6809999942779541,0.6809999942779541,551613900
2026-05-26,159928.SZ,0.6800000071525574,0.6840000152587891,0.6759999990463257,0.6800000071525574,0.6800000071525574,300734100
2026-05-27,159928.SZ,0.6790000200271606,0.6899999976158142,0.6679999828338623,0.6819999814033508,0.6819999814033508,1398090221
2026-05-28,159928.SZ,0.6790000200271606,0.6790000200271606,0.6679999828338623,0.6700000166893005,0.6700000166893005,587069656
2026-05-29,159928.SZ,0.6690000295639038,0.6919999718666077,0.6669999957084656,0.6890000104904175,0.6890000104904175,842727200
2026-06-01,159928.SZ,0.6869999766349792,0.6909999847412109,0.6790000200271606,0.6909999847412109,0.6909999847412109,383394600
2026-06-02,159928.SZ,0.6890000104904175,0.6899999976158142,0.6779999732971191,0.6800000071525574,0.6800000071525574,497239200
2026-06-03,159928.SZ,0.6779999732971191,0.6779999732971191,0.6639999747276306,0.6700000166893005,0.6700000166893005,640924400
2026-06-04,159928.SZ,0.6679999828338623,0.6729999780654907,0.6579999923706055,0.6589999794960022,0.6589999794960022,434861506
2026-06-05,159928.SZ,0.6589999794960022,0.6679999828338623,0.656000018119812,0.6579999923706055,0.6579999923706055,482984104
2026-06-08,159928.SZ,0.656000018119812,0.6589999794960022,0.6420000195503235,0.6460000276565552,0.6460000276565552,537882407
2026-06-09,159928.SZ,0.6449999809265137,0.6489999890327454,0.640999972820282,0.6439999938011169,0.6439999938011169,357482909
2026-06-10,159928.SZ,0.6430000066757202,0.652999997138977,0.640999972820282,0.6499999761581421,0.6499999761581421,402384584
2026-06-11,159928.SZ,0.6499999761581421,0.6510000228881836,0.6430000066757202,0.6499999761581421,0.6499999761581421,330883400
2026-06-12,159928.SZ,0.6499999761581421,0.6600000262260437,0.6449999809265137,0.6570000052452087,0.6570000052452087,340395500
2026-06-15,159928.SZ,0.656000018119812,0.6600000262260437,0.6489999890327454,0.6539999842643738,0.6539999842643738,414160800
2026-06-16,159928.SZ,0.6520000100135803,0.6520000100135803,0.6399999856948853,0.640999972820282,0.640999972820282,529206421
2026-06-17,159928.SZ,0.6399999856948853,0.6420000195503235,0.6309999823570251,0.6349999904632568,0.6349999904632568,444542212
2026-06-18,159928.SZ,0.6340000033378601,0.6340000033378601,0.6209999918937683,0.6230000257492065,0.6230000257492065,511738596
2026-06-22,159928.SZ,0.6209999918937683,0.6309999823570251,0.6110000014305115,0.6269999742507935,0.6269999742507935,593625100
2026-06-23,159928.SZ,0.6259999871253967,0.6370000243186951,0.6150000095367432,0.6169999837875366,0.6169999837875366,444697738
2026-06-24,159928.SZ,0.6169999837875366,0.6230000257492065,0.6069999933242798,0.6079999804496765,0.6079999804496765,489582800
2026-06-25,159928.SZ,0.6060000061988831,0.6159999966621399,0.5989999771118164,0.6100000143051147,0.6100000143051147,604402306
2026-06-26,159928.SZ,0.6110000014305115,0.6159999966621399,0.6019999980926514,0.6029999852180481,0.6029999852180481,446033919
2026-06-29,159928.SZ,0.6019999980926514,0.6259999871253967,0.5929999947547913,0.621999979019165,0.621999979019165,679633164
2026-06-30,159928.SZ,0.6169999837875366,0.6200000047683716,0.6079999804496765,0.6150000095367432,0.6150000095367432,455094000
2026-07-01,159928.SZ,0.6140000224113464,0.6340000033378601,0.6110000014305115,0.6299999952316284,0.6299999952316284,557508029
2026-07-02,159928.SZ,0.6299999952316284,0.6359999775886536,0.621999979019165,0.628000020980835,0.628000020980835,488339200
2026-07-03,159928.SZ,0.628000020980835,0.6349999904632568,0.6230000257492065,0.628000020980835,0.628000020980835,404848300
2026-07-06,159928.SZ,0.628000020980835,0.6430000066757202,0.625,,,569586000
