date,ticker,open,high,low,close,adj_close,volume
,,2822.HK,2822.HK,2822.HK,2822.HK,2822.HK,2822.HK
2015-01-02,2822.HK,14.020000457763672,14.539999961853027,13.979999542236328,14.520000457763672,11.104812622070312,146666063
2015-01-05,2822.HK,14.279999732971191,14.779999732971191,14.140000343322754,14.4399995803833,11.04362678527832,335221033
2015-01-06,2822.HK,14.260000228881836,14.760000228881836,14.180000305175781,14.460000038146973,11.058924674987793,327396751
2015-01-07,2822.HK,14.319999694824219,14.5600004196167,14.279999732971191,14.520000457763672,11.104812622070312,204256400
2015-01-08,2822.HK,14.680000305175781,14.680000305175781,13.960000038146973,13.979999542236328,10.691821098327637,326278640
2015-01-09,2822.HK,14.020000457763672,14.739999771118164,13.880000114440918,13.920000076293945,10.645936012268066,486751842
2015-01-12,2822.HK,14.0,14.199999809265137,13.65999984741211,13.9399995803833,10.66123104095459,272631000
2015-01-13,2822.HK,13.899999618530273,14.039999961853027,13.760000228881836,13.84000015258789,10.584752082824707,168725786
2015-01-14,2822.HK,13.800000190734863,14.119999885559082,13.760000228881836,13.859999656677246,10.600048065185547,187391972
2015-01-15,2822.HK,13.859999656677246,14.539999961853027,13.84000015258789,14.5,11.089516639709473,268426430
2015-01-16,2822.HK,14.479999542236328,14.600000381469727,14.34000015258789,14.399999618530273,11.013035774230957,233700740
2015-01-19,2822.HK,13.819999694824219,13.819999694824219,12.539999961853027,12.979999542236328,9.92702865600586,632689487
2015-01-20,2822.HK,13.15999984741211,13.460000038146973,12.9399995803833,13.199999809265137,10.095283508300781,416212930
2015-01-21,2822.HK,13.260000228881836,13.9399995803833,13.239999771118164,13.800000190734863,10.554160118103027,369857425
2015-01-22,2822.HK,13.899999618530273,13.9399995803833,13.619999885559082,13.739999771118164,10.508273124694824,208147122
2015-01-23,2822.HK,13.899999618530273,14.100000381469727,13.819999694824219,13.899999618530273,10.630640983581543,231420210
2015-01-26,2822.HK,13.899999618530273,13.920000076293945,13.640000343322754,13.819999694824219,10.569456100463867,137637400
2015-01-27,2822.HK,13.880000114440918,13.899999618530273,13.319999694824219,13.5600004196167,10.370610237121582,232971338
2015-01-28,2822.HK,13.539999961853027,13.680000305175781,13.380000114440918,13.4399995803833,10.278834342956543,191200016
2015-01-29,2822.HK,13.15999984741211,13.319999694824219,13.079999923706055,13.260000228881836,10.1411714553833,214945900
2015-01-30,2822.HK,13.359999656677246,13.460000038146973,13.0,13.079999923706055,10.003509521484375,207499150
2015-02-02,2822.HK,12.800000190734863,12.920000076293945,12.680000305175781,12.84000015258789,9.81995677947998,214542573
2015-02-03,2822.HK,12.899999618530273,13.180000305175781,12.699999809265137,13.180000305175781,10.079988479614258,229907210
2015-02-04,2822.HK,13.279999732971191,13.319999694824219,12.84000015258789,12.960000038146973,9.911733627319336,212233356
2015-02-05,2822.HK,13.539999961853027,13.5600004196167,12.739999771118164,12.819999694824219,9.804661750793457,328254284
2015-02-06,2822.HK,12.819999694824219,12.920000076293945,12.600000381469727,12.699999809265137,9.712886810302734,186438216
2015-02-09,2822.HK,12.600000381469727,13.020000457763672,12.539999961853027,12.880000114440918,9.850550651550293,155258319
2015-02-10,2822.HK,12.899999618530273,13.119999885559082,12.819999694824219,13.0600004196167,9.988212585449219,145716267
2015-02-11,2822.HK,13.100000381469727,13.15999984741211,13.0,13.020000457763672,9.957621574401855,101291820
2015-02-12,2822.HK,13.0600004196167,13.180000305175781,12.9399995803833,13.140000343322754,10.049396514892578,109409710
2015-02-13,2822.HK,13.100000381469727,13.399999618530273,13.100000381469727,13.220000267028809,10.110579490661621,152039644
2015-02-16,2822.HK,13.260000228881836,13.260000228881836,13.100000381469727,13.260000228881836,10.1411714553833,84223039
2015-02-17,2822.HK,13.279999732971191,13.380000114440918,13.199999809265137,13.239999771118164,10.125875473022461,92999350
2015-02-18,2822.HK,13.239999771118164,13.319999694824219,13.239999771118164,13.300000190734863,10.17176342010498,15567720
2015-02-23,2822.HK,13.300000190734863,13.359999656677246,13.199999809265137,13.279999732971191,10.156466484069824,28377792
2015-02-24,2822.HK,13.300000190734863,13.399999618530273,13.239999771118164,13.399999618530273,10.248242378234863,45554500
2015-02-25,2822.HK,13.399999618530273,13.399999618530273,12.979999542236328,13.0600004196167,9.988212585449219,178182438
2015-02-26,2822.HK,13.0600004196167,13.460000038146973,12.899999618530273,13.420000076293945,10.26353931427002,199625940
2015-02-27,2822.HK,13.420000076293945,13.479999542236328,13.279999732971191,13.319999694824219,10.18705940246582,135011800
2015-03-02,2822.HK,13.5,13.520000457763672,13.220000267028809,13.319999694824219,10.18705940246582,164276956
2015-03-03,2822.HK,13.300000190734863,13.300000190734863,12.880000114440918,12.920000076293945,9.88114070892334,170372018
2015-03-04,2822.HK,12.920000076293945,12.960000038146973,12.779999732971191,12.819999694824219,9.804661750793457,146765849
2015-03-05,2822.HK,12.84000015258789,12.84000015258789,12.520000457763672,12.65999984741211,9.682294845581055,172359706
2015-03-06,2822.HK,12.640000343322754,12.779999732971191,12.600000381469727,12.600000381469727,9.636407852172852,110813784
2015-03-09,2822.HK,12.5,13.020000457763672,12.380000114440918,12.880000114440918,9.850550651550293,180424730
2015-03-10,2822.HK,12.899999618530273,12.899999618530273,12.65999984741211,12.699999809265137,9.712886810302734,94987651
2015-03-11,2822.HK,12.640000343322754,13.020000457763672,12.640000343322754,12.800000190734863,9.789366722106934,141326365
2015-03-12,2822.HK,12.899999618530273,13.34000015258789,12.899999618530273,13.199999809265137,10.095283508300781,240270934
2015-03-13,2822.HK,13.300000190734863,13.5,13.220000267028809,13.279999732971191,10.156466484069824,157054976
2015-03-16,2822.HK,13.260000228881836,13.640000343322754,13.220000267028809,13.600000381469727,10.401201248168945,186595247
2015-03-17,2822.HK,13.699999809265137,13.819999694824219,13.600000381469727,13.779999732971191,10.538864135742188,242073292
2015-03-18,2822.HK,13.819999694824219,14.180000305175781,13.800000190734863,14.140000343322754,10.814190864562988,284914057
2015-03-19,2822.HK,14.199999809265137,14.279999732971191,14.079999923706055,14.119999885559082,10.798893928527832,241601153
2015-03-20,2822.HK,14.180000305175781,14.5600004196167,14.119999885559082,14.460000038146973,11.058924674987793,228490168
2015-03-23,2822.HK,14.479999542236328,14.619999885559082,14.4399995803833,14.579999923706055,11.1506986618042,182306915
2015-03-24,2822.HK,14.539999961853027,14.600000381469727,14.239999771118164,14.300000190734863,10.93655776977539,219662120
2015-03-25,2822.HK,14.359999656677246,14.479999542236328,14.100000381469727,14.239999771118164,10.890669822692871,182237755
2015-03-26,2822.HK,14.15999984741211,14.479999542236328,14.0,14.319999694824219,10.951852798461914,237151884
2015-03-27,2822.HK,14.300000190734863,14.479999542236328,14.279999732971191,14.420000076293945,11.02833366394043,151876000
2015-03-30,2822.HK,14.4399995803833,14.960000038146973,14.4399995803833,14.920000076293945,11.41072940826416,316304704
2015-03-31,2822.HK,15.0,15.319999694824219,14.579999923706055,14.65999984741211,11.211880683898926,281058213
2015-04-01,2822.HK,14.800000190734863,15.039999961853027,14.699999809265137,14.979999542236328,11.456615447998047,264201247
2015-04-02,2822.HK,15.0,15.100000381469727,14.65999984741211,14.84000015258789,11.349546432495117,205373446
2015-04-08,2822.HK,15.319999694824219,15.619999885559082,15.180000305175781,15.579999923706055,11.91549301147461,479502080
2015-04-09,2822.HK,15.5600004196167,15.800000190734863,15.399999618530273,15.5,11.854310035705566,446176288
2015-04-10,2822.HK,15.5,15.960000038146973,15.399999618530273,15.880000114440918,12.144932746887207,301403717
2015-04-13,2822.HK,16.0,16.280000686645508,15.899999618530273,16.100000381469727,12.313186645507812,178865385
2015-04-14,2822.HK,16.100000381469727,16.420000076293945,16.0,16.239999771118164,12.420258522033691,236844674
2015-04-15,2822.HK,16.200000762939453,16.940000534057617,16.200000762939453,16.5,12.619105339050293,309800150
2015-04-16,2822.HK,16.559999465942383,17.399999618530273,16.440000534057617,17.3799991607666,13.292122840881348,181029852
2015-04-17,2822.HK,17.559999465942383,17.760000228881836,17.360000610351562,17.399999618530273,13.307417869567871,191581738
2015-04-20,2822.HK,17.5,17.6200008392334,16.760000228881836,16.920000076293945,12.94031810760498,270405959
2015-04-21,2822.HK,17.15999984741211,17.34000015258789,16.81999969482422,17.31999969482422,13.246236801147461,161786451
2015-04-22,2822.HK,17.3799991607666,17.719999313354492,17.200000762939453,17.68000030517578,13.521562576293945,118764391
2015-04-23,2822.HK,17.760000228881836,17.799999237060547,17.1200008392334,17.239999771118164,13.185052871704102,201659150
2015-04-24,2822.HK,17.299999237060547,17.31999969482422,16.760000228881836,17.280000686645508,13.215643882751465,145277549
2015-04-27,2822.HK,17.280000686645508,17.760000228881836,17.280000686645508,17.68000030517578,13.521562576293945,141522876
2015-04-28,2822.HK,17.65999984741211,18.079999923706055,17.520000457763672,17.799999237060547,13.613335609436035,184382021
2015-04-29,2822.HK,17.760000228881836,17.860000610351562,17.559999465942383,17.760000228881836,13.582746505737305,143898226
2015-04-30,2822.HK,17.639999389648438,17.81999969482422,17.5,17.559999465942383,13.429784774780273,123698230
2015-05-04,2822.HK,17.65999984741211,17.739999771118164,17.299999237060547,17.68000030517578,13.521562576293945,79310303
2015-05-05,2822.HK,17.799999237060547,17.799999237060547,16.899999618530273,17.18000030517578,13.139164924621582,133593944
2015-05-06,2822.HK,17.100000381469727,17.479999542236328,16.799999237060547,16.979999542236328,12.986205101013184,154666622
2015-05-07,2822.HK,16.959999084472656,16.959999084472656,16.520000457763672,16.559999465942383,12.664992332458496,154378530
2015-05-08,2822.HK,16.65999984741211,16.860000610351562,16.399999618530273,16.760000228881836,12.817950248718262,116301098
2015-05-11,2822.HK,17.0,17.020000457763672,16.600000381469727,16.959999084472656,12.970908164978027,96333865
2015-05-12,2822.HK,16.979999542236328,17.079999923706055,16.81999969482422,16.959999084472656,12.970908164978027,101504552
2015-05-13,2822.HK,17.0,17.059999465942383,16.68000030517578,16.780000686645508,12.833248138427734,84803068
2015-05-14,2822.HK,16.799999237060547,16.899999618530273,16.68000030517578,16.760000228881836,12.817950248718262,64205450
2015-05-15,2822.HK,16.739999771118164,16.780000686645508,16.299999237060547,16.600000381469727,12.69558334350586,112702672
2015-05-18,2822.HK,16.65999984741211,16.65999984741211,16.1200008392334,16.18000030517578,12.374370574951172,90288250
2015-05-19,2822.HK,16.200000762939453,16.920000076293945,16.18000030517578,16.899999618530273,12.92502212524414,131322415
2015-05-20,2822.HK,16.979999542236328,17.18000030517578,16.700000762939453,16.84000015258789,12.879134178161621,135882914
2015-05-21,2822.HK,16.84000015258789,17.059999465942383,16.760000228881836,17.020000457763672,13.016797065734863,98335314
2015-05-22,2822.HK,17.059999465942383,17.600000381469727,17.059999465942383,17.559999465942383,13.429784774780273,126019100
2015-05-26,2822.HK,18.079999923706055,18.299999237060547,17.920000076293945,18.15999984741211,13.888663291931152,175199420
2015-05-27,2822.HK,18.239999771118164,18.31999969482422,17.860000610351562,17.920000076293945,13.70511245727539,173722800
2015-05-28,2822.HK,17.979999542236328,18.040000915527344,16.65999984741211,17.0,13.00150203704834,275724390
2015-05-29,2822.HK,17.040000915527344,17.040000915527344,16.440000534057617,16.780000686645508,12.833248138427734,334744180
2015-06-01,2822.HK,16.639999389648438,17.600000381469727,16.5,17.540000915527344,13.414490699768066,150637055
2015-06-02,2822.HK,17.540000915527344,17.540000915527344,17.100000381469727,17.440000534057617,13.338010787963867,95475360
2015-06-03,2822.HK,17.440000534057617,17.540000915527344,17.18000030517578,17.399999618530273,13.307417869567871,119821000
2015-06-04,2822.HK,17.479999542236328,17.920000076293945,16.700000762939453,17.700000762939453,13.536857604980469,347782541
2015-06-05,2822.HK,17.600000381469727,17.979999542236328,17.260000228881836,17.559999465942383,13.429784774780273,233538260
2015-06-08,2822.HK,17.559999465942383,18.639999389648438,17.559999465942383,18.540000915527344,14.179285049438477,303546091
2015-06-09,2822.HK,18.559999465942383,18.65999984741211,18.020000457763672,18.200000762939453,13.919255256652832,244084554
2015-06-10,2822.HK,18.079999923706055,18.280000686645508,17.920000076293945,17.940000534057617,13.720409393310547,154835765
2015-06-11,2822.HK,18.1200008392334,18.15999984741211,17.799999237060547,17.959999084472656,13.735703468322754,112283958
2015-06-12,2822.HK,18.0,18.18000030517578,17.81999969482422,18.18000030517578,13.903961181640625,92615100
2015-06-15,2822.HK,18.079999923706055,18.100000381469727,17.420000076293945,17.5,13.383899688720703,139738200
2015-06-16,2822.HK,17.559999465942383,17.559999465942383,16.959999084472656,17.079999923706055,13.0626859664917,139037125
2015-06-17,2822.HK,17.15999984741211,17.31999969482422,16.899999618530273,17.18000030517578,13.139164924621582,130431569
2015-06-18,2822.HK,17.219999313354492,17.219999313354492,16.579999923706055,16.739999771118164,12.802656173706055,129664352
2015-06-19,2822.HK,16.799999237060547,16.799999237060547,15.880000114440918,16.15999984741211,12.359074592590332,221262787
2015-06-22,2822.HK,16.059999465942383,16.420000076293945,15.960000038146973,16.31999969482422,12.481441497802734,62989806
2015-06-23,2822.HK,16.260000228881836,16.440000534057617,15.680000305175781,16.420000076293945,12.55792236328125,448614320
2015-06-24,2822.HK,16.420000076293945,16.639999389648438,16.200000762939453,16.540000915527344,12.649696350097656,194403410
2015-06-25,2822.HK,16.739999771118164,16.760000228881836,16.059999465942383,16.15999984741211,12.359074592590332,175491840
2015-06-26,2822.HK,16.079999923706055,16.18000030517578,15.039999961853027,15.619999885559082,11.946087837219238,449557850
2015-06-29,2822.HK,15.699999809265137,15.699999809265137,14.15999984741211,14.960000038146973,11.441322326660156,742706061
2015-06-30,2822.HK,15.119999885559082,15.920000076293945,14.760000228881836,15.880000114440918,12.144932746887207,505931700
2015-07-02,2822.HK,15.680000305175781,15.680000305175781,14.739999771118164,15.199999809265137,11.624872207641602,596461345
2015-07-03,2822.HK,15.260000228881836,15.300000190734863,14.380000114440918,14.520000457763672,11.104812622070312,667041436
2015-07-06,2822.HK,15.300000190734863,15.5,14.579999923706055,15.100000381469727,11.548392295837402,538063195
2015-07-07,2822.HK,15.199999809265137,15.4399995803833,14.680000305175781,15.020000457763672,11.487211227416992,375628716
2015-07-08,2822.HK,14.399999618530273,14.680000305175781,12.760000228881836,13.0600004196167,9.988212585449219,583276124
2015-07-09,2822.HK,13.300000190734863,15.199999809265137,13.300000190734863,15.039999961853027,11.502504348754883,524606139
2015-07-10,2822.HK,15.180000305175781,16.399999618530273,14.920000076293945,15.800000190734863,12.083748817443848,512004178
2015-07-13,2822.HK,15.720000267028809,15.979999542236328,15.420000076293945,15.699999809265137,12.007268905639648,299388140
2015-07-14,2822.HK,15.699999809265137,15.699999809265137,14.9399995803833,15.260000228881836,11.670759201049805,269292423
2015-07-15,2822.HK,15.199999809265137,15.279999732971191,14.800000190734863,15.119999885559082,11.563689231872559,201801971
2015-07-16,2822.HK,15.0,15.359999656677246,14.84000015258789,15.260000228881836,11.670759201049805,202890098
2015-07-17,2822.HK,15.300000190734863,15.65999984741211,15.119999885559082,15.5,11.854310035705566,173231045
2015-07-20,2822.HK,15.520000457763672,15.520000457763672,15.100000381469727,15.239999771118164,11.655463218688965,180590279
2015-07-21,2822.HK,15.199999809265137,15.359999656677246,15.020000457763672,15.260000228881836,11.670759201049805,147867361
2015-07-22,2822.HK,15.100000381469727,15.220000267028809,14.9399995803833,15.100000381469727,11.548392295837402,86921254
2015-07-23,2822.HK,15.0600004196167,15.5,15.0600004196167,15.420000076293945,11.793126106262207,124141386
2015-07-24,2822.HK,15.359999656677246,15.460000038146973,15.039999961853027,15.119999885559082,11.563689231872559,94251533
2015-07-27,2822.HK,15.0,15.0,14.079999923706055,14.199999809265137,10.860077857971191,153593731
2015-07-28,2822.HK,14.0,14.220000267028809,13.65999984741211,13.899999618530273,10.630640983581543,318548270
2015-07-29,2822.HK,14.039999961853027,14.180000305175781,13.760000228881836,14.119999885559082,10.798893928527832,159006546
2015-07-30,2822.HK,14.15999984741211,14.15999984741211,13.640000343322754,13.739999771118164,10.508273124694824,169969200
2015-07-31,2822.HK,13.819999694824219,13.960000038146973,13.5600004196167,13.680000305175781,10.462387084960938,122048861
2015-08-03,2822.HK,13.619999885559082,13.779999732971191,13.460000038146973,13.699999809265137,10.477681159973145,86452358
2015-08-04,2822.HK,13.65999984741211,14.0600004196167,13.65999984741211,13.9399995803833,10.66123104095459,120311717
2015-08-05,2822.HK,13.899999618530273,14.039999961853027,13.800000190734863,13.819999694824219,10.569456100463867,75830651
2015-08-06,2822.HK,13.800000190734863,13.960000038146973,13.680000305175781,13.819999694824219,10.569456100463867,90961800
2015-08-07,2822.HK,13.779999732971191,14.119999885559082,13.779999732971191,13.979999542236328,10.691821098327637,106437985
2015-08-10,2822.HK,13.979999542236328,14.5600004196167,13.899999618530273,14.420000076293945,11.02833366394043,108428342
2015-08-11,2822.HK,14.5,14.539999961853027,14.079999923706055,14.15999984741211,10.829484939575195,136581591
2015-08-12,2822.HK,13.760000228881836,13.9399995803833,13.460000038146973,13.579999923706055,10.385906219482422,190308163
2015-08-13,2822.HK,13.680000305175781,13.859999656677246,13.619999885559082,13.779999732971191,10.538864135742188,101148700
2015-08-14,2822.HK,13.800000190734863,13.899999618530273,13.699999809265137,13.760000228881836,10.523568153381348,56910452
2015-08-17,2822.HK,13.699999809265137,13.699999809265137,13.460000038146973,13.579999923706055,10.385906219482422,79771300
2015-08-18,2822.HK,13.600000381469727,13.720000267028809,12.779999732971191,13.020000457763672,9.957621574401855,169960484
2015-08-19,2822.HK,13.0,13.140000343322754,12.619999885559082,12.9399995803833,9.89643669128418,138504714
2015-08-20,2822.HK,12.819999694824219,12.9399995803833,12.619999885559082,12.699999809265137,9.712886810302734,111806274
2015-08-21,2822.HK,12.520000457763672,12.640000343322754,12.180000305175781,12.359999656677246,9.45285701751709,173020700
2015-08-24,2822.HK,11.84000015258789,11.920000076293945,10.680000305175781,10.819999694824219,8.275074005126953,349644754
2015-08-25,2822.HK,10.699999809265137,11.140000343322754,10.140000343322754,10.34000015258789,7.907973766326904,275837418
2015-08-26,2822.HK,10.399999618530273,10.979999542236328,10.140000343322754,10.279999732971191,7.86208438873291,208945827
2015-08-27,2822.HK,10.760000228881836,11.680000305175781,10.619999885559082,11.300000190734863,8.64217472076416,238423193
2015-08-28,2822.HK,11.5,11.699999809265137,11.319999694824219,11.380000114440918,8.703357696533203,205706800
2015-08-31,2822.HK,11.380000114440918,11.619999885559082,11.100000381469727,11.479999542236328,8.779836654663086,144109939
2015-09-01,2822.HK,11.479999542236328,11.720000267028809,11.239999771118164,11.65999984741211,8.917500495910645,191755230
2015-09-02,2822.HK,11.420000076293945,11.920000076293945,11.399999618530273,11.600000381469727,8.871613502502441,183372651
2015-09-04,2822.HK,11.640000343322754,11.779999732971191,11.380000114440918,11.600000381469727,8.871613502502441,23686334
2015-09-07,2822.HK,11.619999885559082,12.239999771118164,11.5,11.5600004196167,8.841021537780762,144986536
2015-09-08,2822.HK,11.600000381469727,12.100000381469727,11.420000076293945,12.079999923706055,9.238714218139648,129387356
2015-09-09,2822.HK,12.180000305175781,12.180000305175781,11.84000015258789,12.079999923706055,9.238714218139648,161124808
2015-09-10,2822.HK,11.859999656677246,12.039999961853027,11.800000190734863,12.0,9.177530288696289,73503057
2015-09-11,2822.HK,12.079999923706055,12.119999885559082,11.819999694824219,11.899999618530273,9.101049423217773,87996219
2015-09-14,2822.HK,12.020000457763672,12.0600004196167,11.579999923706055,11.779999732971191,9.009276390075684,115375195
2015-09-15,2822.HK,11.760000228881836,11.899999618530273,11.699999809265137,11.760000228881836,8.993979454040527,100576812
2015-09-16,2822.HK,11.84000015258789,12.279999732971191,11.619999885559082,12.140000343322754,9.284603118896484,146973757
2015-09-17,2822.HK,12.180000305175781,12.239999771118164,11.920000076293945,11.960000038146973,9.146939277648926,103298998
2015-09-18,2822.HK,11.9399995803833,12.0600004196167,11.779999732971191,11.819999694824219,9.039867401123047,133782214
2015-09-21,2822.HK,11.720000267028809,11.920000076293945,11.680000305175781,11.859999656677246,9.070459365844727,70779056
2015-09-22,2822.HK,11.899999618530273,12.100000381469727,11.84000015258789,11.979999542236328,9.162232398986816,93206643
2015-09-23,2822.HK,11.84000015258789,11.859999656677246,11.640000343322754,11.680000305175781,8.9327974319458,121827425
2015-09-24,2822.HK,11.720000267028809,11.739999771118164,11.579999923706055,11.640000343322754,8.902204513549805,82641900
2015-09-25,2822.HK,11.65999984741211,11.699999809265137,11.479999542236328,11.600000381469727,8.871613502502441,92233780
2015-09-29,2822.HK,11.479999542236328,11.479999542236328,11.260000228881836,11.34000015258789,8.67276668548584,83234500
2015-09-30,2822.HK,11.460000038146973,11.640000343322754,11.380000114440918,11.399999618530273,8.718653678894043,63827566
2015-10-02,2822.HK,11.539999961853027,11.65999984741211,11.5,11.5600004196167,8.841021537780762,38774005
2015-10-05,2822.HK,11.680000305175781,11.920000076293945,11.680000305175781,11.899999618530273,9.101049423217773,44452813
2015-10-06,2822.HK,12.0,12.100000381469727,11.880000114440918,12.0,9.177530288696289,46431455
2015-10-07,2822.HK,12.0600004196167,12.319999694824219,11.9399995803833,12.300000190734863,9.40696907043457,79785779
2015-10-08,2822.HK,12.260000228881836,12.260000228881836,11.760000228881836,11.880000114440918,9.085756301879883,152807174
2015-10-09,2822.HK,11.9399995803833,12.0,11.819999694824219,11.84000015258789,9.05516242980957,77849448
2015-10-12,2822.HK,11.9399995803833,12.460000038146973,11.9399995803833,12.359999656677246,9.45285701751709,110959896
2015-10-13,2822.HK,12.34000015258789,12.34000015258789,12.119999885559082,12.140000343322754,9.284603118896484,77310755
2015-10-14,2822.HK,12.119999885559082,12.260000228881836,12.0,12.020000457763672,9.192827224731445,64610562
2015-10-15,2822.HK,12.119999885559082,12.399999618530273,12.119999885559082,12.34000015258789,9.437560081481934,83301971
2015-10-16,2822.HK,12.460000038146973,12.520000457763672,12.359999656677246,12.479999542236328,9.544631004333496,77975827
2015-10-19,2822.HK,12.479999542236328,12.5600004196167,12.300000190734863,12.4399995803833,9.514039993286133,63717880
2015-10-20,2822.HK,12.4399995803833,12.5,12.279999732971191,12.460000038146973,9.529335975646973,48648660
2015-10-22,2822.HK,12.239999771118164,12.460000038146973,12.239999771118164,12.420000076293945,9.49874496459961,50489022
2015-10-23,2822.HK,12.539999961853027,12.600000381469727,12.420000076293945,12.579999923706055,9.621110916137695,88814478
2015-10-26,2822.HK,12.65999984741211,12.699999809265137,12.420000076293945,12.460000038146973,9.529335975646973,73412814
2015-10-27,2822.HK,12.479999542236328,12.539999961853027,12.279999732971191,12.479999542236328,9.544631004333496,55707038
2015-10-28,2822.HK,12.420000076293945,12.479999542236328,12.279999732971191,12.300000190734863,9.40696907043457,52124317
2015-10-29,2822.HK,12.34000015258789,12.4399995803833,12.279999732971191,12.380000114440918,9.468153953552246,91769300
2015-10-30,2822.HK,12.34000015258789,12.5600004196167,12.319999694824219,12.420000076293945,9.49874496459961,56047246
2015-11-02,2822.HK,12.300000190734863,12.4399995803833,12.15999984741211,12.199999809265137,9.330490112304688,65860387
2015-11-03,2822.HK,12.319999694824219,12.380000114440918,12.180000305175781,12.180000305175781,9.315192222595215,41548480
2015-11-04,2822.HK,12.260000228881836,12.800000190734863,12.260000228881836,12.760000228881836,9.758773803710938,125007639
2015-11-05,2822.HK,12.699999809265137,13.319999694824219,12.65999984741211,13.100000381469727,10.018803596496582,206262468
2015-11-06,2822.HK,13.100000381469727,13.319999694824219,12.979999542236328,13.260000228881836,10.1411714553833,113484888
2015-11-09,2822.HK,13.260000228881836,13.739999771118164,13.199999809265137,13.399999618530273,10.248242378234863,197955040
2015-11-10,2822.HK,13.319999694824219,13.539999961853027,13.279999732971191,13.300000190734863,10.17176342010498,93908198
2015-11-11,2822.HK,13.34000015258789,13.380000114440918,13.140000343322754,13.300000190734863,10.17176342010498,95860356
2015-11-12,2822.HK,13.380000114440918,13.380000114440918,13.100000381469727,13.220000267028809,10.110579490661621,85866800
2015-11-13,2822.HK,13.140000343322754,13.140000343322754,12.899999618530273,12.960000038146973,9.911733627319336,88290902
2015-11-16,2822.HK,12.739999771118164,13.039999961853027,12.739999771118164,13.0,9.942323684692383,194269670
2015-11-17,2822.HK,13.140000343322754,13.380000114440918,13.0,13.020000457763672,9.957621574401855,135286664
2015-11-18,2822.HK,13.0600004196167,13.15999984741211,12.979999542236328,13.0,9.942323684692383,88701465
2015-11-19,2822.HK,13.0600004196167,13.15999984741211,13.0,13.140000343322754,10.049396514892578,91795250
2015-11-20,2822.HK,13.15999984741211,13.199999809265137,13.100000381469727,13.180000305175781,10.079988479614258,33309740
2015-11-23,2822.HK,13.180000305175781,13.199999809265137,13.020000457763672,13.0600004196167,9.988212585449219,55116139
2015-11-24,2822.HK,13.039999961853027,13.0600004196167,12.880000114440918,13.0,9.942323684692383,76475400
2015-11-25,2822.HK,13.0,13.079999923706055,12.920000076293945,13.0600004196167,9.988212585449219,66361044
2015-11-26,2822.HK,13.100000381469727,13.199999809265137,12.979999542236328,13.0,9.942323684692383,90417774
2015-11-27,2822.HK,13.0,13.0,12.380000114440918,12.420000076293945,9.49874496459961,202401400
2015-11-30,2822.HK,12.4399995803833,12.520000457763672,12.220000267028809,12.359999656677246,9.45285701751709,87724000
2015-12-01,2822.HK,12.420000076293945,12.640000343322754,12.34000015258789,12.479999542236328,9.544631004333496,64585940
2015-12-02,2822.HK,12.479999542236328,13.119999885559082,12.460000038146973,13.079999923706055,10.003509521484375,200182208
2015-12-03,2822.HK,12.979999542236328,13.220000267028809,12.9399995803833,13.180000305175781,10.079988479614258,161595225
2015-12-04,2822.HK,13.079999923706055,13.100000381469727,12.880000114440918,12.920000076293945,9.88114070892334,77964905
2015-12-07,2822.HK,12.960000038146973,13.0,12.699999809265137,12.760000228881836,9.758773803710938,97617679
2015-12-08,2822.HK,12.640000343322754,12.699999809265137,12.539999961853027,12.600000381469727,9.636407852172852,57071010
2015-12-09,2822.HK,12.600000381469727,12.699999809265137,12.539999961853027,12.619999885559082,9.651702880859375,53124835
2015-12-10,2822.HK,12.600000381469727,12.819999694824219,12.460000038146973,12.5,9.559926986694336,80156557
2015-12-11,2822.HK,12.520000457763672,12.5600004196167,12.359999656677246,12.479999542236328,9.544631004333496,76782899
2015-12-14,2822.HK,12.279999732971191,12.760000228881836,12.239999771118164,12.699999809265137,9.712886810302734,89455010
2015-12-15,2822.HK,12.699999809265137,12.739999771118164,12.5600004196167,12.5600004196167,9.605816841125488,54684060
2015-12-16,2822.HK,12.640000343322754,12.739999771118164,12.600000381469727,12.65999984741211,9.682294845581055,35925119
2015-12-17,2822.HK,12.699999809265137,12.920000076293945,12.680000305175781,12.859999656677246,9.835251808166504,65364756
2015-12-18,2822.HK,12.520000457763672,12.739999771118164,12.5,12.619999885559082,9.878890037536621,76599298
2015-12-21,2822.HK,12.600000381469727,13.020000457763672,12.579999923706055,12.960000038146973,10.145040512084961,56746000
2015-12-22,2822.HK,12.960000038146973,13.100000381469727,12.859999656677246,13.0,10.176351547241211,45430294
2015-12-23,2822.HK,13.0,13.239999771118164,12.979999542236328,13.0,10.176351547241211,66855223
2015-12-24,2822.HK,13.0600004196167,13.100000381469727,12.920000076293945,12.960000038146973,10.145040512084961,21282270
2015-12-28,2822.HK,12.960000038146973,13.039999961853027,12.640000343322754,12.65999984741211,9.910201072692871,45108757
2015-12-29,2822.HK,12.65999984741211,12.760000228881836,12.579999923706055,12.720000267028809,9.957170486450195,77160256
2015-12-30,2822.HK,12.720000267028809,12.720000267028809,12.479999542236328,12.520000457763672,9.800609588623047,102846810
2015-12-31,2822.HK,12.5600004196167,12.619999885559082,12.399999618530273,12.420000076293945,9.722331047058105,69028280
2016-01-04,2822.HK,12.399999618530273,12.4399995803833,11.680000305175781,11.739999771118164,9.19002914428711,173007330
2016-01-05,2822.HK,11.65999984741211,12.0,11.619999885559082,11.880000114440918,9.29962158203125,116952443
2016-01-06,2822.HK,11.880000114440918,11.899999618530273,11.680000305175781,11.779999732971191,9.22134017944336,85796182
2016-01-07,2822.HK,11.699999809265137,11.699999809265137,10.84000015258789,11.0600004196167,8.65772819519043,146082438
2016-01-08,2822.HK,11.399999618530273,11.579999923706055,11.100000381469727,11.460000038146973,8.970845222473145,129014402
2016-01-11,2822.HK,11.239999771118164,11.300000190734863,11.0,11.0600004196167,8.65772819519043,73922174
2016-01-12,2822.HK,11.15999984741211,11.300000190734863,11.0600004196167,11.100000381469727,8.689038276672363,81579249
2016-01-13,2822.HK,11.220000267028809,11.359999656677246,10.960000038146973,11.020000457763672,8.626415252685547,59891662
2016-01-14,2822.HK,10.800000190734863,11.140000343322754,10.800000190734863,11.119999885559082,8.704694747924805,81839368
2016-01-15,2822.HK,11.140000343322754,11.140000343322754,10.720000267028809,10.800000190734863,8.454201698303223,80446578
2016-01-18,2822.HK,10.699999809265137,10.979999542236328,10.699999809265137,10.800000190734863,8.454201698303223,103236738
2016-01-19,2822.HK,10.899999618530273,11.220000267028809,10.779999732971191,11.220000267028809,8.782977104187012,73892000
2016-01-20,2822.HK,11.140000343322754,11.140000343322754,10.800000190734863,10.859999656677246,8.501167297363281,60711600
2016-01-21,2822.HK,10.920000076293945,11.039999961853027,10.619999885559082,10.640000343322754,8.32895278930664,97873909
2016-01-22,2822.HK,10.84000015258789,10.880000114440918,10.600000381469727,10.819999694824219,8.469857215881348,111579722
2016-01-25,2822.HK,10.899999618530273,10.899999618530273,10.65999984741211,10.739999771118164,8.407232284545898,74021682
2016-01-26,2822.HK,10.680000305175781,10.680000305175781,10.180000305175781,10.199999809265137,7.984522342681885,111749400
2016-01-27,2822.HK,10.380000114440918,10.380000114440918,10.0600004196167,10.260000228881836,8.03149127960205,109226400
2016-01-28,2822.HK,10.220000267028809,10.300000190734863,10.020000457763672,10.119999885559082,7.921900272369385,108872311
2016-01-29,2822.HK,10.119999885559082,10.359999656677246,10.079999923706055,10.319999694824219,8.078458786010742,128824851
2016-02-01,2822.HK,10.300000190734863,10.380000114440918,10.0,10.020000457763672,7.8436198234558105,115339599
2016-02-02,2822.HK,10.0600004196167,10.279999732971191,10.039999961853027,10.220000267028809,8.000179290771484,75624690
2016-02-03,2822.HK,10.15999984741211,10.15999984741211,10.020000457763672,10.079999923706055,7.890588283538818,50575693
2016-02-04,2822.HK,10.140000343322754,10.319999694824219,10.140000343322754,10.199999809265137,7.984522342681885,49902100
2016-02-05,2822.HK,10.279999732971191,10.319999694824219,10.199999809265137,10.220000267028809,8.000179290771484,73421526
2016-02-11,2822.HK,10.0,10.0,9.890000343322754,9.9399995803833,7.780994892120361,41854326
2016-02-12,2822.HK,9.920000076293945,9.920000076293945,9.84000015258789,9.880000114440918,7.73402738571167,36053649
2016-02-15,2822.HK,10.100000381469727,10.319999694824219,10.079999923706055,10.239999771118164,8.015833854675293,91874918
2016-02-16,2822.HK,10.319999694824219,10.5600004196167,10.319999694824219,10.479999542236328,8.203705787658691,100055913
2016-02-17,2822.HK,10.479999542236328,10.600000381469727,10.420000076293945,10.4399995803833,8.172393798828125,59152586
2016-02-18,2822.HK,10.579999923706055,10.699999809265137,10.520000457763672,10.579999923706055,8.28198528289795,73320472
2016-02-19,2822.HK,10.520000457763672,10.5600004196167,10.4399995803833,10.5,8.219361305236816,66829340
2016-02-22,2822.HK,10.579999923706055,10.760000228881836,10.539999961853027,10.739999771118164,8.407232284545898,78131313
2016-02-23,2822.HK,10.699999809265137,10.720000267028809,10.5,10.579999923706055,8.28198528289795,71631082
2016-02-24,2822.HK,10.539999961853027,10.65999984741211,10.5,10.65999984741211,8.344609260559082,77740711
2016-02-25,2822.HK,10.640000343322754,10.640000343322754,10.15999984741211,10.199999809265137,7.984522342681885,112830365
2016-02-26,2822.HK,10.279999732971191,10.420000076293945,10.199999809265137,10.399999618530273,8.141081809997559,132059957
2016-02-29,2822.HK,10.359999656677246,10.359999656677246,9.960000038146973,10.180000305175781,7.968868732452393,101114411
2016-03-01,2822.HK,10.239999771118164,10.420000076293945,10.180000305175781,10.359999656677246,8.109769821166992,73908373
2016-03-02,2822.HK,10.5,10.699999809265137,10.420000076293945,10.640000343322754,8.32895278930664,109194629
2016-03-03,2822.HK,10.680000305175781,10.779999732971191,10.600000381469727,10.720000267028809,8.39157772064209,102306011
2016-03-04,2822.HK,10.720000267028809,11.0600004196167,10.65999984741211,11.0,8.610760688781738,155683342
2016-03-07,2822.HK,11.100000381469727,11.15999984741211,10.9399995803833,10.9399995803833,8.563791275024414,75871331
2016-03-08,2822.HK,10.960000038146973,11.020000457763672,10.65999984741211,10.960000038146973,8.579448699951172,125803574
2016-03-09,2822.HK,10.880000114440918,10.920000076293945,10.739999771118164,10.899999618530273,8.532480239868164,68805473
2016-03-10,2822.HK,10.899999618530273,10.960000038146973,10.680000305175781,10.739999771118164,8.407232284545898,58196322
2016-03-11,2822.HK,10.699999809265137,10.899999618530273,10.699999809265137,10.880000114440918,8.516823768615723,83662302
2016-03-14,2822.HK,10.960000038146973,11.15999984741211,10.899999618530273,10.9399995803833,8.563791275024414,106556828
2016-03-15,2822.HK,10.9399995803833,10.960000038146973,10.800000190734863,10.880000114440918,8.516823768615723,66472180
2016-03-16,2822.HK,10.960000038146973,11.0600004196167,10.880000114440918,11.0,8.610760688781738,100350227
2016-03-17,2822.HK,11.119999885559082,11.260000228881836,11.039999961853027,11.180000305175781,8.751663208007812,87112145
2016-03-18,2822.HK,11.199999809265137,11.399999618530273,11.119999885559082,11.319999694824219,8.861255645751953,81667377
2016-03-21,2822.HK,11.359999656677246,11.579999923706055,11.34000015258789,11.479999542236328,8.986503601074219,90670915
2016-03-22,2822.HK,11.520000457763672,11.520000457763672,11.359999656677246,11.359999656677246,8.892565727233887,76968640
2016-03-23,2822.HK,11.380000114440918,11.460000038146973,11.300000190734863,11.319999694824219,8.861255645751953,75841200
2016-03-24,2822.HK,11.300000190734863,11.300000190734863,11.100000381469727,11.15999984741211,8.736007690429688,69072939
2016-03-29,2822.HK,11.140000343322754,11.220000267028809,11.039999961853027,11.100000381469727,8.689038276672363,111086264
2016-03-30,2822.HK,11.180000305175781,11.479999542236328,11.180000305175781,11.4399995803833,8.955190658569336,141673126
2016-03-31,2822.HK,11.460000038146973,11.479999542236328,11.300000190734863,11.359999656677246,8.892565727233887,90294405
2016-04-01,2822.HK,11.380000114440918,11.420000076293945,11.15999984741211,11.319999694824219,8.861255645751953,85858557
2016-04-05,2822.HK,11.300000190734863,11.460000038146973,11.260000228881836,11.359999656677246,8.892565727233887,56541497
2016-04-06,2822.HK,11.319999694824219,11.380000114440918,11.300000190734863,11.319999694824219,8.861255645751953,34018071
2016-04-07,2822.HK,11.399999618530273,11.420000076293945,11.15999984741211,11.15999984741211,8.736007690429688,71069310
2016-04-08,2822.HK,11.140000343322754,11.199999809265137,11.079999923706055,11.199999809265137,8.767318725585938,99657465
2016-04-11,2822.HK,11.239999771118164,11.399999618530273,11.199999809265137,11.300000190734863,8.845599174499512,56232926
2016-04-12,2822.HK,11.279999732971191,11.319999694824219,11.220000267028809,11.300000190734863,8.845599174499512,53125710
2016-04-13,2822.HK,11.359999656677246,11.579999923706055,11.34000015258789,11.5,9.002159118652344,149619740
2016-04-14,2822.HK,11.5600004196167,11.5600004196167,11.380000114440918,11.4399995803833,8.955190658569336,67664731
2016-04-15,2822.HK,11.460000038146973,11.5,11.380000114440918,11.4399995803833,8.955190658569336,52593637
2016-04-18,2822.HK,11.420000076293945,11.4399995803833,11.300000190734863,11.34000015258789,8.876911163330078,62632978
2016-04-19,2822.HK,11.4399995803833,11.460000038146973,11.319999694824219,11.380000114440918,8.908222198486328,49470808
2016-04-20,2822.HK,11.399999618530273,11.4399995803833,11.0,11.239999771118164,8.798630714416504,146646700
2016-04-21,2822.HK,11.180000305175781,11.420000076293945,11.15999984741211,11.239999771118164,8.798630714416504,74092226
2016-04-22,2822.HK,11.220000267028809,11.34000015258789,11.180000305175781,11.319999694824219,8.861255645751953,89196648
2016-04-25,2822.HK,11.260000228881836,11.279999732971191,11.140000343322754,11.199999809265137,8.767318725585938,42172000
2016-04-26,2822.HK,11.220000267028809,11.34000015258789,11.199999809265137,11.279999732971191,8.829941749572754,59040268
2016-04-27,2822.HK,11.300000190734863,11.319999694824219,11.199999809265137,11.239999771118164,8.798630714416504,54498913
2016-04-28,2822.HK,11.239999771118164,11.279999732971191,11.15999984741211,11.220000267028809,8.782977104187012,42350200
2016-04-29,2822.HK,11.199999809265137,11.279999732971191,11.180000305175781,11.180000305175781,8.751663208007812,56586016
2016-05-03,2822.HK,11.180000305175781,11.399999618530273,11.180000305175781,11.260000228881836,8.814287185668945,47403955
2016-05-04,2822.HK,11.220000267028809,11.279999732971191,11.199999809265137,11.260000228881836,8.814287185668945,38452952
2016-05-05,2822.HK,11.220000267028809,11.239999771118164,11.140000343322754,11.199999809265137,8.767318725585938,41442421
2016-05-06,2822.HK,11.199999809265137,11.220000267028809,10.880000114440918,10.899999618530273,8.532480239868164,95304000
2016-05-09,2822.HK,10.9399995803833,10.979999542236328,10.739999771118164,10.779999732971191,8.438546180725098,70423470
2016-05-10,2822.HK,10.720000267028809,10.84000015258789,10.680000305175781,10.800000190734863,8.454201698303223,50640198
2016-05-11,2822.HK,10.84000015258789,10.859999656677246,10.739999771118164,10.760000228881836,8.42288875579834,46384040
2016-05-12,2822.HK,10.779999732971191,10.859999656677246,10.699999809265137,10.819999694824219,8.469857215881348,64815423
2016-05-13,2822.HK,10.760000228881836,10.84000015258789,10.760000228881836,10.800000190734863,8.454201698303223,59962959
2016-05-16,2822.HK,10.739999771118164,10.859999656677246,10.739999771118164,10.800000190734863,8.454201698303223,41730151
2016-05-17,2822.HK,10.800000190734863,10.859999656677246,10.720000267028809,10.819999694824219,8.469857215881348,52229750
2016-05-18,2822.HK,10.760000228881836,10.800000190734863,10.640000343322754,10.760000228881836,8.42288875579834,73474084
2016-05-19,2822.HK,10.720000267028809,10.779999732971191,10.699999809265137,10.760000228881836,8.42288875579834,62175600
2016-05-20,2822.HK,10.720000267028809,10.84000015258789,10.720000267028809,10.819999694824219,8.469857215881348,60901800
2016-05-23,2822.HK,10.800000190734863,10.859999656677246,10.760000228881836,10.779999732971191,8.438546180725098,60616918
2016-05-24,2822.HK,10.760000228881836,10.779999732971191,10.680000305175781,10.760000228881836,8.42288875579834,75965700
2016-05-25,2822.HK,10.859999656677246,10.880000114440918,10.720000267028809,10.760000228881836,8.42288875579834,67312211
2016-05-26,2822.HK,10.800000190734863,10.859999656677246,10.680000305175781,10.800000190734863,8.454201698303223,46208810
2016-05-27,2822.HK,10.819999694824219,10.859999656677246,10.720000267028809,10.859999656677246,8.501167297363281,70751282
2016-05-30,2822.HK,10.880000114440918,10.880000114440918,10.699999809265137,10.819999694824219,8.469857215881348,73895800
2016-05-31,2822.HK,10.819999694824219,11.199999809265137,10.819999694824219,11.180000305175781,8.751663208007812,210296102
2016-06-01,2822.HK,11.140000343322754,11.180000305175781,11.020000457763672,11.039999961853027,8.642072677612305,116067477
2016-06-02,2822.HK,11.079999923706055,11.100000381469727,11.0,11.079999923706055,8.673383712768555,54154710
2016-06-03,2822.HK,11.100000381469727,11.119999885559082,11.0,11.100000381469727,8.689038276672363,50973477
2016-06-06,2822.HK,11.119999885559082,11.180000305175781,11.0,11.0600004196167,8.65772819519043,45988371
2016-06-07,2822.HK,11.079999923706055,11.100000381469727,11.020000457763672,11.079999923706055,8.673383712768555,45137373
2016-06-08,2822.HK,11.100000381469727,11.100000381469727,10.960000038146973,11.0,8.610760688781738,58972630
2016-06-10,2822.HK,11.0,11.0,10.859999656677246,10.880000114440918,8.516823768615723,30495530
2016-06-13,2822.HK,10.800000190734863,10.880000114440918,10.640000343322754,10.65999984741211,8.344609260559082,114737163
2016-06-14,2822.HK,10.640000343322754,10.800000190734863,10.640000343322754,10.739999771118164,8.407232284545898,53200640
2016-06-15,2822.HK,10.539999961853027,10.84000015258789,10.539999961853027,10.739999771118164,8.407232284545898,99315139
2016-06-16,2822.HK,10.699999809265137,10.779999732971191,10.699999809265137,10.739999771118164,8.407232284545898,76126960
2016-06-17,2822.HK,10.760000228881836,10.880000114440918,10.739999771118164,10.800000190734863,8.454201698303223,67172294
2016-06-20,2822.HK,10.859999656677246,10.899999618530273,10.760000228881836,10.84000015258789,8.485513687133789,42326800
2016-06-21,2822.HK,10.84000015258789,10.979999542236328,10.800000190734863,10.859999656677246,8.501167297363281,67255000
2016-06-22,2822.HK,10.84000015258789,10.920000076293945,10.800000190734863,10.899999618530273,8.532480239868164,52110800
2016-06-23,2822.HK,10.920000076293945,10.920000076293945,10.819999694824219,10.84000015258789,8.485513687133789,60833532
2016-06-24,2822.HK,10.779999732971191,10.920000076293945,10.479999542236328,10.699999809265137,8.375920295715332,126963211
2016-06-27,2822.HK,10.600000381469727,10.760000228881836,10.600000381469727,10.720000267028809,8.39157772064209,40849538
2016-06-28,2822.HK,10.680000305175781,10.720000267028809,10.600000381469727,10.720000267028809,8.39157772064209,46075324
2016-06-29,2822.HK,10.720000267028809,10.859999656677246,10.720000267028809,10.800000190734863,8.454201698303223,54409386
2016-06-30,2822.HK,10.880000114440918,10.899999618530273,10.819999694824219,10.819999694824219,8.469857215881348,41415400
2016-07-04,2822.HK,10.84000015258789,11.100000381469727,10.800000190734863,11.0600004196167,8.65772819519043,81185500
2016-07-05,2822.HK,11.020000457763672,11.079999923706055,11.0,11.039999961853027,8.642072677612305,89851558
2016-07-06,2822.HK,11.020000457763672,11.0600004196167,10.960000038146973,11.039999961853027,8.642072677612305,96020851
2016-07-07,2822.HK,11.079999923706055,11.100000381469727,11.0,11.0600004196167,8.65772819519043,42555810
2016-07-08,2822.HK,11.020000457763672,11.039999961853027,10.979999542236328,11.020000457763672,8.626415252685547,27265588
2016-07-11,2822.HK,11.0600004196167,11.140000343322754,11.020000457763672,11.039999961853027,8.642072677612305,49955427
2016-07-12,2822.HK,11.100000381469727,11.34000015258789,11.0600004196167,11.300000190734863,8.845599174499512,77383388
2016-07-13,2822.HK,11.300000190734863,11.4399995803833,11.279999732971191,11.279999732971191,8.829941749572754,45930312
2016-07-14,2822.HK,11.279999732971191,11.319999694824219,11.180000305175781,11.279999732971191,8.829941749572754,49608400
2016-07-15,2822.HK,11.300000190734863,11.380000114440918,11.260000228881836,11.34000015258789,8.876911163330078,50533242
2016-07-18,2822.HK,11.319999694824219,11.380000114440918,11.279999732971191,11.300000190734863,8.845599174499512,32055441
2016-07-19,2822.HK,11.279999732971191,11.319999694824219,11.140000343322754,11.180000305175781,8.751663208007812,51337785
2016-07-20,2822.HK,11.180000305175781,11.239999771118164,11.15999984741211,11.180000305175781,8.751663208007812,29606410
2016-07-21,2822.HK,11.220000267028809,11.319999694824219,11.180000305175781,11.239999771118164,8.798630714416504,83397411
2016-07-22,2822.HK,11.239999771118164,11.279999732971191,11.15999984741211,11.180000305175781,8.751663208007812,25572096
2016-07-25,2822.HK,11.180000305175781,11.199999809265137,11.140000343322754,11.15999984741211,8.736007690429688,20436640
2016-07-26,2822.HK,11.15999984741211,11.300000190734863,11.140000343322754,11.260000228881836,8.814287185668945,35679680
2016-07-27,2822.HK,11.300000190734863,11.319999694824219,11.020000457763672,11.199999809265137,8.767318725585938,77547339
2016-07-28,2822.HK,11.15999984741211,11.239999771118164,11.15999984741211,11.220000267028809,8.782977104187012,81757307
2016-07-29,2822.HK,11.199999809265137,11.239999771118164,11.180000305175781,11.180000305175781,8.751663208007812,65872263
2016-08-01,2822.HK,11.220000267028809,11.279999732971191,11.180000305175781,11.220000267028809,8.782977104187012,48164207
2016-08-02,2822.HK,11.220000267028809,11.220000267028809,11.220000267028809,11.220000267028809,8.782977104187012,0
2016-08-03,2822.HK,11.180000305175781,11.239999771118164,11.140000343322754,11.180000305175781,8.751663208007812,35358469
2016-08-04,2822.HK,11.199999809265137,11.220000267028809,11.119999885559082,11.180000305175781,8.751663208007812,26942664
2016-08-05,2822.HK,11.180000305175781,11.260000228881836,11.140000343322754,11.220000267028809,8.782977104187012,31649238
2016-08-08,2822.HK,11.220000267028809,11.260000228881836,11.100000381469727,11.260000228881836,8.814287185668945,47149262
2016-08-09,2822.HK,11.260000228881836,11.34000015258789,11.220000267028809,11.319999694824219,8.861255645751953,27067953
2016-08-10,2822.HK,11.34000015258789,11.359999656677246,11.300000190734863,11.319999694824219,8.861255645751953,27378985
2016-08-11,2822.HK,11.319999694824219,11.539999961853027,11.319999694824219,11.399999618530273,8.92387866973877,72606582
2016-08-12,2822.HK,11.460000038146973,11.680000305175781,11.399999618530273,11.640000343322754,9.111748695373535,84404413
2016-08-15,2822.HK,11.619999885559082,12.079999923706055,11.619999885559082,12.0,9.393555641174316,129335933
2016-08-16,2822.HK,12.100000381469727,12.100000381469727,11.819999694824219,11.859999656677246,9.283964157104492,161082901
2016-08-17,2822.HK,11.899999618530273,11.9399995803833,11.779999732971191,11.819999694824219,9.252652168273926,46836358
2016-08-18,2822.HK,11.819999694824219,11.9399995803833,11.720000267028809,11.760000228881836,9.205684661865234,66699935
2016-08-19,2822.HK,11.800000190734863,11.800000190734863,11.680000305175781,11.739999771118164,9.19002914428711,53626248
2016-08-22,2822.HK,11.779999732971191,11.779999732971191,11.640000343322754,11.699999809265137,9.15871810913086,49942460
2016-08-23,2822.HK,11.720000267028809,11.800000190734863,11.680000305175781,11.739999771118164,9.19002914428711,86639677
2016-08-24,2822.HK,11.739999771118164,11.739999771118164,11.619999885559082,11.65999984741211,9.127408027648926,62401697
2016-08-25,2822.HK,11.600000381469727,11.640000343322754,11.520000457763672,11.600000381469727,9.080436706542969,54330600
2016-08-26,2822.HK,11.619999885559082,11.65999984741211,11.5600004196167,11.579999923706055,9.06478214263916,83763500
2016-08-29,2822.HK,11.5600004196167,11.5600004196167,11.4399995803833,11.539999961853027,9.033470153808594,57705135
2016-08-30,2822.HK,11.539999961853027,11.619999885559082,11.539999961853027,11.5600004196167,9.049126625061035,69802078
2016-08-31,2822.HK,11.579999923706055,11.65999984741211,11.5600004196167,11.619999885559082,9.09609317779541,59469851
2016-09-01,2822.HK,11.619999885559082,11.680000305175781,11.5600004196167,11.5600004196167,9.049126625061035,63170270
2016-09-02,2822.HK,11.5600004196167,11.65999984741211,11.5600004196167,11.600000381469727,9.080436706542969,36038414
2016-09-05,2822.HK,11.65999984741211,11.739999771118164,11.640000343322754,11.65999984741211,9.127408027648926,58903688
2016-09-06,2822.HK,11.680000305175781,11.720000267028809,11.579999923706055,11.680000305175781,9.143061637878418,47490969
2016-09-07,2822.HK,11.699999809265137,11.739999771118164,11.65999984741211,11.680000305175781,9.143061637878418,41574395
2016-09-08,2822.HK,11.699999809265137,11.720000267028809,11.65999984741211,11.699999809265137,9.15871810913086,43692285
2016-09-09,2822.HK,11.699999809265137,11.720000267028809,11.579999923706055,11.579999923706055,9.06478214263916,52541452
2016-09-12,2822.HK,11.479999542236328,11.479999542236328,11.34000015258789,11.359999656677246,8.892565727233887,85813204
2016-09-13,2822.HK,11.4399995803833,11.460000038146973,11.34000015258789,11.359999656677246,8.892565727233887,38010712
2016-09-14,2822.HK,11.359999656677246,11.380000114440918,11.279999732971191,11.279999732971191,8.829941749572754,24014485
2016-09-15,2822.HK,11.300000190734863,11.359999656677246,11.260000228881836,11.319999694824219,8.861255645751953,30967200
2016-09-19,2822.HK,11.34000015258789,11.4399995803833,11.34000015258789,11.399999618530273,8.92387866973877,25709060
2016-09-20,2822.HK,11.399999618530273,11.4399995803833,11.34000015258789,11.420000076293945,8.939535140991211,32007920
2016-09-21,2822.HK,11.399999618530273,11.420000076293945,11.34000015258789,11.380000114440918,8.908222198486328,43469000
2016-09-22,2822.HK,11.420000076293945,11.520000457763672,11.420000076293945,11.4399995803833,8.955190658569336,43270945
2016-09-23,2822.HK,11.420000076293945,11.479999542236328,11.380000114440918,11.399999618530273,8.92387866973877,32591645
2016-09-26,2822.HK,11.380000114440918,11.399999618530273,11.220000267028809,11.239999771118164,8.798630714416504,48479675
2016-09-27,2822.HK,11.239999771118164,11.359999656677246,11.239999771118164,11.319999694824219,8.861255645751953,37493832
2016-09-28,2822.HK,11.319999694824219,11.34000015258789,11.260000228881836,11.300000190734863,8.845599174499512,30819400
2016-09-29,2822.HK,11.319999694824219,11.399999618530273,11.319999694824219,11.34000015258789,8.876911163330078,37091941
2016-09-30,2822.HK,11.34000015258789,11.380000114440918,11.279999732971191,11.300000190734863,8.845599174499512,46313410
2016-10-03,2822.HK,11.359999656677246,11.380000114440918,11.34000015258789,11.34000015258789,8.876911163330078,11869400
2016-10-04,2822.HK,11.359999656677246,11.380000114440918,11.319999694824219,11.359999656677246,8.892565727233887,11942004
2016-10-05,2822.HK,11.359999656677246,11.380000114440918,11.319999694824219,11.380000114440918,8.908222198486328,16629026
2016-10-06,2822.HK,11.399999618530273,11.460000038146973,11.359999656677246,11.4399995803833,8.955190658569336,23294894
2016-10-07,2822.HK,11.4399995803833,11.460000038146973,11.359999656677246,11.460000038146973,8.970845222473145,21645496
2016-10-11,2822.HK,11.539999961853027,11.539999961853027,11.420000076293945,11.460000038146973,8.970845222473145,40672846
2016-10-12,2822.HK,11.399999618530273,11.420000076293945,11.34000015258789,11.380000114440918,8.908222198486328,17818935
2016-10-13,2822.HK,11.420000076293945,11.399999618530273,11.300000190734863,11.319999694824219,8.861255645751953,40272054
2016-10-14,2822.HK,11.34000015258789,11.4399995803833,11.300000190734863,11.420000076293945,8.939535140991211,31437840
2016-10-17,2822.HK,11.399999618530273,11.399999618530273,11.260000228881836,11.300000190734863,8.845599174499512,31856971
2016-10-18,2822.HK,11.279999732971191,11.479999542236328,11.279999732971191,11.460000038146973,8.970845222473145,49065768
2016-10-19,2822.HK,11.479999542236328,11.5,11.399999618530273,11.420000076293945,8.939535140991211,21396452
2016-10-20,2822.HK,11.4399995803833,11.5,11.420000076293945,11.4399995803833,8.955190658569336,15740496
2016-10-21,2822.HK,11.4399995803833,11.4399995803833,11.4399995803833,11.4399995803833,8.955190658569336,0
2016-10-24,2822.HK,11.460000038146973,11.65999984741211,11.4399995803833,11.619999885559082,9.09609317779541,60467943
2016-10-25,2822.HK,11.619999885559082,11.619999885559082,11.539999961853027,11.5600004196167,9.049126625061035,37640437
2016-10-26,2822.HK,11.5600004196167,11.579999923706055,11.460000038146973,11.479999542236328,8.986503601074219,19480494
2016-10-27,2822.HK,11.479999542236328,11.479999542236328,11.420000076293945,11.460000038146973,8.970845222473145,43743402
2016-10-28,2822.HK,11.460000038146973,11.5600004196167,11.460000038146973,11.520000457763672,9.017813682556152,56138256
2016-10-31,2822.HK,11.5,11.520000457763672,11.399999618530273,11.460000038146973,8.970845222473145,47138000
2016-11-01,2822.HK,11.460000038146973,11.5600004196167,11.460000038146973,11.539999961853027,9.033470153808594,29603460
2016-11-02,2822.HK,11.539999961853027,11.539999961853027,11.4399995803833,11.460000038146973,8.970845222473145,27184200
2016-11-03,2822.HK,11.460000038146973,11.619999885559082,11.4399995803833,11.5600004196167,9.049126625061035,62812102
2016-11-04,2822.HK,11.539999961853027,11.640000343322754,11.539999961853027,11.539999961853027,9.033470153808594,45986232
2016-11-07,2822.HK,11.520000457763672,11.579999923706055,11.5,11.539999961853027,9.033470153808594,24346136
2016-11-08,2822.HK,11.5600004196167,11.680000305175781,11.5600004196167,11.579999923706055,9.06478214263916,58883364
2016-11-09,2822.HK,11.600000381469727,11.600000381469727,11.319999694824219,11.5,9.002159118652344,111361056
2016-11-10,2822.HK,11.539999961853027,11.65999984741211,11.539999961853027,11.600000381469727,9.080436706542969,23623334
2016-11-11,2822.HK,11.5600004196167,11.680000305175781,11.5,11.65999984741211,9.127408027648926,49803598
2016-11-14,2822.HK,11.680000305175781,11.760000228881836,11.600000381469727,11.619999885559082,9.09609317779541,42029837
2016-11-15,2822.HK,11.640000343322754,11.640000343322754,11.5600004196167,11.5600004196167,9.049126625061035,32299679
2016-11-16,2822.HK,11.600000381469727,11.640000343322754,11.520000457763672,11.539999961853027,9.033470153808594,22140852
2016-11-17,2822.HK,11.5600004196167,11.5600004196167,11.479999542236328,11.539999961853027,9.033470153808594,25054600
2016-11-18,2822.HK,11.539999961853027,11.539999961853027,11.479999542236328,11.520000457763672,9.017813682556152,29782283
2016-11-21,2822.HK,11.520000457763672,11.699999809265137,11.479999542236328,11.619999885559082,9.09609317779541,41345400
2016-11-22,2822.HK,11.640000343322754,11.739999771118164,11.640000343322754,11.739999771118164,9.19002914428711,37989955
2016-11-23,2822.HK,11.739999771118164,11.859999656677246,11.699999809265137,11.779999732971191,9.22134017944336,37201831
2016-11-24,2822.HK,11.779999732971191,11.84000015258789,11.680000305175781,11.760000228881836,9.205684661865234,28285480
2016-11-25,2822.HK,11.779999732971191,11.960000038146973,11.739999771118164,11.899999618530273,9.315276145935059,37966513
2016-11-28,2822.HK,11.9399995803833,12.079999923706055,11.9399995803833,12.0,9.393555641174316,77612424
2016-11-29,2822.HK,12.0,12.239999771118164,11.960000038146973,12.180000305175781,9.534459114074707,128631206
2016-11-30,2822.HK,12.279999732971191,12.279999732971191,12.020000457763672,12.039999961853027,9.424867630004883,86866540
2016-12-01,2822.HK,12.0600004196167,12.199999809265137,12.0600004196167,12.100000381469727,9.471837043762207,54847083
2016-12-02,2822.HK,12.119999885559082,12.140000343322754,11.979999542236328,12.0600004196167,9.44052505493164,66281951
2016-12-05,2822.HK,11.979999542236328,12.0,11.819999694824219,11.899999618530273,9.315276145935059,52865912
2016-12-06,2822.HK,11.9399995803833,11.960000038146973,11.880000114440918,11.899999618530273,9.315276145935059,34499849
2016-12-07,2822.HK,11.920000076293945,11.920000076293945,11.819999694824219,11.880000114440918,9.29962158203125,35555679
2016-12-08,2822.HK,11.920000076293945,11.960000038146973,11.880000114440918,11.920000076293945,9.330933570861816,32012032
2016-12-09,2822.HK,11.899999618530273,12.119999885559082,11.84000015258789,12.020000457763672,9.409213066101074,61828915
2016-12-12,2822.HK,12.0,12.079999923706055,11.800000190734863,11.859999656677246,9.283964157104492,54142695
2016-12-13,2822.HK,11.859999656677246,11.880000114440918,11.739999771118164,11.800000190734863,9.2369966506958,26888937
2016-12-14,2822.HK,11.84000015258789,11.880000114440918,11.739999771118164,11.760000228881836,9.205684661865234,27469133
2016-12-15,2822.HK,11.720000267028809,11.720000267028809,11.460000038146973,11.520000457763672,9.017813682556152,78191575
2016-12-16,2822.HK,11.260000228881836,11.260000228881836,11.15999984741211,11.180000305175781,8.986733436584473,47735336
2016-12-19,2822.HK,11.180000305175781,11.180000305175781,11.0600004196167,11.079999923706055,8.906350135803223,41374097
2016-12-20,2822.HK,11.100000381469727,11.100000381469727,10.9399995803833,11.0,8.842044830322266,39320800
2016-12-21,2822.HK,11.0,11.140000343322754,11.0,11.100000381469727,8.922426223754883,32329848
2016-12-22,2822.HK,11.100000381469727,11.100000381469727,11.020000457763672,11.039999961853027,8.874197959899902,23184300
2016-12-23,2822.HK,11.020000457763672,11.039999961853027,10.9399995803833,10.960000038146973,8.809891700744629,16991200
2016-12-28,2822.HK,11.0,11.039999961853027,10.920000076293945,10.979999542236328,8.825968742370605,28793558
2016-12-29,2822.HK,10.9399995803833,10.960000038146973,10.880000114440918,10.880000114440918,8.745586395263672,51208770
2016-12-30,2822.HK,10.9399995803833,10.979999542236328,10.899999618530273,10.920000076293945,8.777739524841309,38993000
2017-01-03,2822.HK,10.920000076293945,11.119999885559082,10.920000076293945,11.0600004196167,8.890275001525879,42647200
2017-01-04,2822.HK,11.0600004196167,11.199999809265137,11.0600004196167,11.199999809265137,9.00281047821045,59082738
2017-01-05,2822.HK,11.300000190734863,11.4399995803833,11.239999771118164,11.380000114440918,9.14749813079834,78117448
2017-01-06,2822.HK,11.380000114440918,11.399999618530273,11.300000190734863,11.319999694824219,9.09926986694336,40028611
2017-01-09,2822.HK,11.300000190734863,11.34000015258789,11.260000228881836,11.319999694824219,9.09926986694336,24046075
2017-01-10,2822.HK,11.300000190734863,11.34000015258789,11.239999771118164,11.300000190734863,9.0831937789917,31121508
2017-01-11,2822.HK,11.279999732971191,11.319999694824219,11.220000267028809,11.319999694824219,9.09926986694336,39591807
2017-01-12,2822.HK,11.279999732971191,11.34000015258789,11.239999771118164,11.260000228881836,9.051039695739746,31475120
2017-01-13,2822.HK,11.300000190734863,11.380000114440918,11.260000228881836,11.359999656677246,9.131421089172363,47448583
2017-01-16,2822.HK,11.279999732971191,11.420000076293945,11.239999771118164,11.359999656677246,9.131421089172363,55170575
2017-01-17,2822.HK,11.359999656677246,11.460000038146973,11.34000015258789,11.420000076293945,9.179651260375977,34963160
2017-01-18,2822.HK,11.460000038146973,11.579999923706055,11.460000038146973,11.5600004196167,9.29218578338623,31700438
2017-01-19,2822.HK,11.520000457763672,11.5600004196167,11.479999542236328,11.5,9.243956565856934,24147400
2017-01-20,2822.HK,11.5,11.600000381469727,11.5,11.5600004196167,9.29218578338623,32868863
2017-01-23,2822.HK,11.579999923706055,11.680000305175781,11.5600004196167,11.579999923706055,9.30826187133789,25249583
2017-01-24,2822.HK,11.600000381469727,11.640000343322754,11.579999923706055,11.600000381469727,9.3243408203125,22395160
2017-01-25,2822.HK,11.619999885559082,11.640000343322754,11.579999923706055,11.640000343322754,9.356492042541504,27259550
2017-01-26,2822.HK,11.65999984741211,11.739999771118164,11.65999984741211,11.720000267028809,9.420797348022461,28552470
2017-01-27,2822.HK,11.699999809265137,11.720000267028809,11.680000305175781,11.699999809265137,9.4047212600708,17221400
2017-02-01,2822.HK,11.720000267028809,11.739999771118164,11.680000305175781,11.720000267028809,9.420797348022461,14980800
2017-02-02,2822.HK,11.720000267028809,11.760000228881836,11.720000267028809,11.739999771118164,9.436873435974121,12337732
2017-02-03,2822.HK,11.760000228881836,11.760000228881836,11.600000381469727,11.65999984741211,9.37256908416748,39634948
2017-02-06,2822.HK,11.680000305175781,11.699999809265137,11.640000343322754,11.680000305175781,9.388644218444824,36073771
2017-02-07,2822.HK,11.65999984741211,11.680000305175781,11.5600004196167,11.579999923706055,9.30826187133789,31795596
2017-02-08,2822.HK,11.579999923706055,11.619999885559082,11.479999542236328,11.579999923706055,9.30826187133789,36878828
2017-02-09,2822.HK,11.600000381469727,11.699999809265137,11.5600004196167,11.600000381469727,9.3243408203125,26426820
2017-02-10,2822.HK,11.619999885559082,11.720000267028809,11.619999885559082,11.680000305175781,9.388644218444824,42465630
2017-02-13,2822.HK,11.699999809265137,11.760000228881836,11.680000305175781,11.739999771118164,9.436873435974121,29778661
2017-02-14,2822.HK,11.760000228881836,11.760000228881836,11.680000305175781,11.720000267028809,9.420797348022461,23016312
2017-02-15,2822.HK,11.760000228881836,11.800000190734863,11.720000267028809,11.739999771118164,9.436873435974121,34111111
2017-02-16,2822.HK,11.760000228881836,11.819999694824219,11.739999771118164,11.779999732971191,9.469027519226074,33136146
2017-02-17,2822.HK,11.800000190734863,11.84000015258789,11.699999809265137,11.720000267028809,9.420797348022461,52223168
2017-02-20,2822.HK,11.720000267028809,11.9399995803833,11.699999809265137,11.920000076293945,9.581562995910645,50030179
2017-02-21,2822.HK,11.9399995803833,11.960000038146973,11.84000015258789,11.880000114440918,9.549408912658691,47638576
2017-02-22,2822.HK,11.899999618530273,11.899999618530273,11.84000015258789,11.880000114440918,9.549408912658691,27766256
2017-02-23,2822.HK,11.859999656677246,11.899999618530273,11.779999732971191,11.819999694824219,9.501178741455078,22603200
2017-02-24,2822.HK,11.819999694824219,11.859999656677246,11.760000228881836,11.819999694824219,9.501178741455078,34421090
2017-02-27,2822.HK,11.779999732971191,11.800000190734863,11.680000305175781,11.720000267028809,9.420797348022461,42412000
2017-02-28,2822.HK,11.699999809265137,11.760000228881836,11.680000305175781,11.680000305175781,9.388644218444824,21884137
2017-03-01,2822.HK,11.699999809265137,11.760000228881836,11.65999984741211,11.680000305175781,9.388644218444824,26130040
2017-03-02,2822.HK,11.720000267028809,11.720000267028809,11.539999961853027,11.5600004196167,9.29218578338623,39210420
2017-03-03,2822.HK,11.5600004196167,11.5600004196167,11.479999542236328,11.479999542236328,9.22788143157959,45265585
2017-03-06,2822.HK,11.5,11.579999923706055,11.5,11.539999961853027,9.27610969543457,43075115
2017-03-07,2822.HK,11.539999961853027,11.600000381469727,11.520000457763672,11.579999923706055,9.30826187133789,42414125
2017-03-08,2822.HK,11.579999923706055,11.600000381469727,11.520000457763672,11.539999961853027,9.27610969543457,34772428
2017-03-09,2822.HK,11.520000457763672,11.520000457763672,11.380000114440918,11.460000038146973,9.211803436279297,42863258
2017-03-10,2822.HK,11.460000038146973,11.479999542236328,11.4399995803833,11.4399995803833,9.195727348327637,21508086
2017-03-13,2822.HK,11.4399995803833,11.600000381469727,11.4399995803833,11.579999923706055,9.30826187133789,55919118
2017-03-14,2822.HK,11.579999923706055,11.579999923706055,11.520000457763672,11.539999961853027,9.27610969543457,13499650
2017-03-15,2822.HK,11.539999961853027,11.579999923706055,11.520000457763672,11.5600004196167,9.29218578338623,42032500
2017-03-16,2822.HK,11.640000343322754,11.760000228881836,11.640000343322754,11.699999809265137,9.4047212600708,48954625
2017-03-17,2822.HK,11.699999809265137,11.720000267028809,11.520000457763672,11.5600004196167,9.29218578338623,25778722
2017-03-20,2822.HK,11.600000381469727,11.600000381469727,11.520000457763672,11.5600004196167,9.29218578338623,36405073
2017-03-21,2822.HK,11.5600004196167,11.619999885559082,11.539999961853027,11.600000381469727,9.3243408203125,15121673
2017-03-22,2822.HK,11.520000457763672,11.600000381469727,11.479999542236328,11.539999961853027,9.27610969543457,29044850
2017-03-23,2822.HK,11.579999923706055,11.619999885559082,11.5,11.5600004196167,9.29218578338623,22535506
2017-03-24,2822.HK,11.5600004196167,11.720000267028809,11.5600004196167,11.680000305175781,9.388644218444824,25869477
2017-03-27,2822.HK,11.65999984741211,11.779999732971191,11.65999984741211,11.680000305175781,9.388644218444824,26584506
2017-03-28,2822.HK,11.699999809265137,11.720000267028809,11.619999885559082,11.640000343322754,9.356492042541504,17722258
2017-03-29,2822.HK,11.640000343322754,11.680000305175781,11.600000381469727,11.65999984741211,9.37256908416748,22169349
2017-03-30,2822.HK,11.65999984741211,11.65999984741211,11.520000457763672,11.579999923706055,9.30826187133789,20175000
2017-03-31,2822.HK,11.600000381469727,11.65999984741211,11.5600004196167,11.640000343322754,9.356492042541504,27284313
2017-04-03,2822.HK,11.65999984741211,11.720000267028809,11.65999984741211,11.680000305175781,9.388644218444824,22930253
2017-04-05,2822.HK,11.699999809265137,11.760000228881836,11.680000305175781,11.739999771118164,9.436873435974121,26508834
2017-04-06,2822.HK,11.720000267028809,11.760000228881836,11.680000305175781,11.720000267028809,9.420797348022461,27164210
2017-04-07,2822.HK,11.699999809265137,11.739999771118164,11.65999984741211,11.699999809265137,9.4047212600708,19944832
2017-04-10,2822.HK,11.699999809265137,11.699999809265137,11.600000381469727,11.619999885559082,9.340415000915527,33465806
2017-04-11,2822.HK,11.640000343322754,11.65999984741211,11.5,11.619999885559082,9.340415000915527,43079987
2017-04-12,2822.HK,11.619999885559082,11.65999984741211,11.579999923706055,11.640000343322754,9.356492042541504,20794769
2017-04-13,2822.HK,11.619999885559082,11.699999809265137,11.619999885559082,11.640000343322754,9.356492042541504,23689200
2017-04-18,2822.HK,11.520000457763672,11.579999923706055,11.5,11.539999961853027,9.27610969543457,37764315
2017-04-19,2822.HK,11.5,11.520000457763672,11.380000114440918,11.420000076293945,9.179651260375977,49896369
2017-04-20,2822.HK,11.420000076293945,11.5600004196167,11.420000076293945,11.539999961853027,9.27610969543457,32357254
2017-04-21,2822.HK,11.520000457763672,11.579999923706055,11.520000457763672,11.5600004196167,9.29218578338623,19741276
2017-04-24,2822.HK,11.5600004196167,11.5600004196167,11.460000038146973,11.520000457763672,9.26003360748291,27971097
2017-04-25,2822.HK,11.5600004196167,11.600000381469727,11.520000457763672,11.5600004196167,9.29218578338623,37205541
2017-04-26,2822.HK,11.579999923706055,11.640000343322754,11.5600004196167,11.5600004196167,9.29218578338623,27632685
2017-04-27,2822.HK,11.5600004196167,11.579999923706055,11.479999542236328,11.5600004196167,9.29218578338623,41696990
2017-04-28,2822.HK,11.539999961853027,11.5600004196167,11.479999542236328,11.539999961853027,9.27610969543457,25921688
2017-05-02,2822.HK,11.5600004196167,11.579999923706055,11.460000038146973,11.479999542236328,9.22788143157959,11228111
2017-05-04,2822.HK,11.460000038146973,11.5,11.420000076293945,11.4399995803833,9.195727348327637,15615612
2017-05-05,2822.HK,11.420000076293945,11.4399995803833,11.319999694824219,11.399999618530273,9.16357421875,20367187
2017-05-08,2822.HK,11.399999618530273,11.399999618530273,11.319999694824219,11.380000114440918,9.14749813079834,19991400
2017-05-09,2822.HK,11.380000114440918,11.420000076293945,11.34000015258789,11.420000076293945,9.179651260375977,30158021
2017-05-10,2822.HK,11.399999618530273,11.520000457763672,11.399999618530273,11.4399995803833,9.195727348327637,29686729
2017-05-11,2822.HK,11.460000038146973,11.5600004196167,11.4399995803833,11.539999961853027,9.27610969543457,29032664
2017-05-12,2822.HK,11.539999961853027,11.739999771118164,11.539999961853027,11.739999771118164,9.436873435974121,35403910
2017-05-15,2822.HK,11.779999732971191,11.859999656677246,11.779999732971191,11.779999732971191,9.469027519226074,34321837
2017-05-16,2822.HK,11.800000190734863,11.819999694824219,11.720000267028809,11.819999694824219,9.501178741455078,18682302
2017-05-17,2822.HK,11.819999694824219,11.819999694824219,11.720000267028809,11.739999771118164,9.436873435974121,19679196
2017-05-18,2822.HK,11.65999984741211,11.739999771118164,11.65999984741211,11.680000305175781,9.388644218444824,16978487
2017-05-19,2822.HK,11.699999809265137,11.739999771118164,11.680000305175781,11.699999809265137,9.4047212600708,10600187
2017-05-22,2822.HK,11.739999771118164,11.859999656677246,11.720000267028809,11.819999694824219,9.501178741455078,23525122
2017-05-23,2822.HK,11.819999694824219,12.0,11.819999694824219,11.960000038146973,9.613715171813965,45363131
2017-05-24,2822.HK,11.9399995803833,11.979999542236328,11.84000015258789,11.9399995803833,9.597639083862305,24011006
2017-05-25,2822.HK,11.9399995803833,12.359999656677246,11.9399995803833,12.34000015258789,9.919166564941406,62257878
2017-05-26,2822.HK,12.34000015258789,12.460000038146973,12.300000190734863,12.319999694824219,9.903090476989746,38420025
2017-05-29,2822.HK,12.380000114440918,12.4399995803833,12.380000114440918,12.380000114440918,9.95132064819336,17250693
2017-05-31,2822.HK,12.399999618530273,12.539999961853027,12.359999656677246,12.460000038146973,10.015625953674316,47924930
2017-06-01,2822.HK,12.5,12.640000343322754,12.460000038146973,12.619999885559082,10.144238471984863,50981126
2017-06-02,2822.HK,12.619999885559082,12.65999984741211,12.5,12.520000457763672,10.063854217529297,37528973
2017-06-05,2822.HK,12.5600004196167,12.579999923706055,12.380000114440918,12.420000076293945,9.983474731445312,33905533
2017-06-06,2822.HK,12.420000076293945,12.539999961853027,12.399999618530273,12.539999961853027,10.07993221282959,25776750
2017-06-07,2822.HK,12.579999923706055,12.699999809265137,12.539999961853027,12.619999885559082,10.144238471984863,31053018
2017-06-08,2822.HK,12.619999885559082,12.779999732971191,12.600000381469727,12.779999732971191,10.272848129272461,50498377
2017-06-09,2822.HK,12.779999732971191,12.920000076293945,12.739999771118164,12.84000015258789,10.321078300476074,47192106
2017-06-12,2822.HK,12.84000015258789,12.979999542236328,12.779999732971191,12.779999732971191,10.272848129272461,42532312
2017-06-13,2822.HK,12.779999732971191,12.84000015258789,12.720000267028809,12.800000190734863,10.288925170898438,23463345
2017-06-14,2822.HK,12.800000190734863,12.800000190734863,12.600000381469727,12.640000343322754,10.160313606262207,33862032
2017-06-15,2822.HK,12.640000343322754,12.65999984741211,12.5,12.5,10.047779083251953,27674821
2017-06-16,2822.HK,12.5,12.600000381469727,12.399999618530273,12.399999618530273,9.96739673614502,53505055
2017-06-19,2822.HK,12.420000076293945,12.600000381469727,12.420000076293945,12.5600004196167,10.096009254455566,35288668
2017-06-20,2822.HK,12.600000381469727,12.600000381469727,12.460000038146973,12.5,10.047779083251953,34863416
2017-06-21,2822.HK,12.680000305175781,12.680000305175781,12.479999542236328,12.619999885559082,10.144238471984863,72018076
2017-06-22,2822.HK,12.619999885559082,12.9399995803833,12.600000381469727,12.720000267028809,10.224620819091797,58434443
2017-06-23,2822.HK,12.779999732971191,12.880000114440918,12.65999984741211,12.84000015258789,10.321078300476074,43501822
2017-06-26,2822.HK,12.84000015258789,13.020000457763672,12.84000015258789,12.960000038146973,10.417536735534668,60973246
2017-06-27,2822.HK,12.979999542236328,13.0,12.859999656677246,12.979999542236328,10.433612823486328,56614896
2017-06-28,2822.HK,12.960000038146973,13.0600004196167,12.920000076293945,12.9399995803833,10.401459693908691,60030145
2017-06-29,2822.HK,13.020000457763672,13.100000381469727,13.0,13.079999923706055,10.513996124267578,63456937
2017-06-30,2822.HK,13.0,13.100000381469727,13.0,13.0600004196167,10.497920036315918,57390125
2017-07-03,2822.HK,13.0600004196167,13.079999923706055,12.920000076293945,12.9399995803833,10.401459693908691,32025871
2017-07-04,2822.HK,12.9399995803833,12.960000038146973,12.739999771118164,12.779999732971191,10.272848129272461,46585724
2017-07-05,2822.HK,12.760000228881836,13.020000457763672,12.760000228881836,13.020000457763672,10.465766906738281,28229220
2017-07-06,2822.HK,13.020000457763672,13.0600004196167,12.880000114440918,13.020000457763672,10.465766906738281,27897077
2017-07-07,2822.HK,13.0,13.0,12.899999618530273,12.9399995803833,10.401459693908691,18129459
2017-07-10,2822.HK,12.9399995803833,13.039999961853027,12.920000076293945,13.0,10.449689865112305,20505256
2017-07-11,2822.HK,13.0,13.279999732971191,13.0,13.15999984741211,10.578300476074219,48785960
2017-07-12,2822.HK,13.239999771118164,13.359999656677246,13.079999923706055,13.140000343322754,10.562225341796875,65281484
2017-07-13,2822.HK,13.199999809265137,13.399999618530273,13.199999809265137,13.399999618530273,10.771218299865723,36881086
2017-07-14,2822.HK,13.399999618530273,13.479999542236328,13.319999694824219,13.4399995803833,10.803370475769043,65915430
2017-07-17,2822.HK,13.5,13.65999984741211,13.380000114440918,13.5,10.851601600646973,67546144
2017-07-18,2822.HK,13.5,13.5600004196167,13.380000114440918,13.5,10.851601600646973,54978955
2017-07-19,2822.HK,13.539999961853027,13.720000267028809,13.5,13.699999809265137,11.012365341186523,48154519
2017-07-20,2822.HK,13.739999771118164,13.760000228881836,13.619999885559082,13.739999771118164,11.044519424438477,69286521
2017-07-21,2822.HK,13.739999771118164,13.760000228881836,13.619999885559082,13.640000343322754,10.964136123657227,70989462
2017-07-24,2822.HK,13.640000343322754,13.760000228881836,13.619999885559082,13.720000267028809,11.028443336486816,40203473
2017-07-25,2822.HK,13.739999771118164,13.800000190734863,13.699999809265137,13.720000267028809,11.028443336486816,55785020
2017-07-26,2822.HK,13.739999771118164,13.800000190734863,13.579999923706055,13.640000343322754,10.964136123657227,46567628
2017-07-27,2822.HK,13.680000305175781,13.720000267028809,13.600000381469727,13.680000305175781,10.996291160583496,29023892
2017-07-28,2822.HK,13.600000381469727,13.699999809265137,13.600000381469727,13.680000305175781,10.996291160583496,30267895
2017-07-31,2822.HK,13.680000305175781,13.739999771118164,13.640000343322754,13.720000267028809,11.028443336486816,43471830
2017-08-01,2822.HK,13.720000267028809,13.920000076293945,13.720000267028809,13.899999618530273,11.17313003540039,72894950
2017-08-02,2822.HK,13.9399995803833,13.979999542236328,13.899999618530273,13.920000076293945,11.189208030700684,47907386
2017-08-03,2822.HK,13.920000076293945,13.9399995803833,13.720000267028809,13.739999771118164,11.044519424438477,38302811
2017-08-04,2822.HK,13.760000228881836,13.800000190734863,13.640000343322754,13.699999809265137,11.012365341186523,23562800
2017-08-07,2822.HK,13.699999809265137,13.739999771118164,13.600000381469727,13.720000267028809,11.028443336486816,96589817
2017-08-08,2822.HK,13.720000267028809,13.760000228881836,13.65999984741211,13.720000267028809,11.028443336486816,39981327
2017-08-09,2822.HK,13.699999809265137,13.720000267028809,13.640000343322754,13.640000343322754,10.964136123657227,47236425
2017-08-10,2822.HK,13.680000305175781,13.760000228881836,13.5,13.5600004196167,10.899829864501953,100112664
2017-08-11,2822.HK,13.5,13.539999961853027,13.279999732971191,13.279999732971191,10.674759864807129,104564305
2017-08-14,2822.HK,13.380000114440918,13.520000457763672,13.34000015258789,13.460000038146973,10.819448471069336,45263679
2017-08-15,2822.HK,13.5,13.680000305175781,13.479999542236328,13.5600004196167,10.899829864501953,70762699
2017-08-16,2822.HK,13.5600004196167,13.579999923706055,13.5,13.579999923706055,10.915907859802246,64192996
2017-08-17,2822.HK,13.640000343322754,13.65999984741211,13.5600004196167,13.640000343322754,10.964136123657227,35783256
2017-08-18,2822.HK,13.579999923706055,13.739999771118164,13.5600004196167,13.65999984741211,10.980213165283203,22616884
2017-08-21,2822.HK,13.680000305175781,13.779999732971191,13.65999984741211,13.699999809265137,11.012365341186523,17854800
2017-08-22,2822.HK,13.720000267028809,13.880000114440918,13.720000267028809,13.859999656677246,11.140978813171387,48817951
2017-08-23,2822.HK,13.859999656677246,13.859999656677246,13.859999656677246,13.859999656677246,11.140978813171387,0
2017-08-24,2822.HK,13.960000038146973,14.0600004196167,13.920000076293945,13.9399995803833,11.205282211303711,64689294
2017-08-25,2822.HK,13.9399995803833,14.279999732971191,13.920000076293945,14.279999732971191,11.478582382202148,81096305
2017-08-28,2822.HK,14.300000190734863,14.5600004196167,14.300000190734863,14.420000076293945,11.591117858886719,108072780
2017-08-29,2822.HK,14.399999618530273,14.539999961853027,14.399999618530273,14.5,11.655423164367676,46957684
2017-08-30,2822.HK,14.5,14.65999984741211,14.479999542236328,14.520000457763672,11.671500205993652,68608921
2017-08-31,2822.HK,14.5,14.520000457763672,14.319999694824219,14.359999656677246,11.542888641357422,71018297
2017-09-01,2822.HK,14.380000114440918,14.520000457763672,14.319999694824219,14.399999618530273,11.575040817260742,42675577
2017-09-04,2822.HK,14.399999618530273,14.520000457763672,14.359999656677246,14.520000457763672,11.671500205993652,72762633
2017-09-05,2822.HK,14.520000457763672,14.640000343322754,14.5,14.579999923706055,11.719728469848633,71090709
2017-09-06,2822.HK,14.520000457763672,14.579999923706055,14.460000038146973,14.539999961853027,11.68757438659668,37609830
2017-09-07,2822.HK,14.539999961853027,14.5600004196167,14.420000076293945,14.460000038146973,11.623270034790039,36414351
2017-09-08,2822.HK,14.5,14.619999885559082,14.479999542236328,14.539999961853027,11.68757438659668,31238750
2017-09-11,2822.HK,14.539999961853027,14.600000381469727,14.380000114440918,14.420000076293945,11.591117858886719,119398685
2017-09-12,2822.HK,14.4399995803833,14.479999542236328,14.319999694824219,14.479999542236328,11.639345169067383,60180643
2017-09-13,2822.HK,14.460000038146973,14.479999542236328,14.399999618530273,14.4399995803833,11.607192993164062,33233802
2017-09-14,2822.HK,14.4399995803833,14.4399995803833,14.220000267028809,14.239999771118164,11.446430206298828,58375918
2017-09-15,2822.HK,14.239999771118164,14.279999732971191,14.180000305175781,14.239999771118164,11.446430206298828,42700977
2017-09-18,2822.HK,14.260000228881836,14.399999618530273,14.260000228881836,14.300000190734863,11.494660377502441,28951800
2017-09-19,2822.HK,14.300000190734863,14.300000190734863,14.119999885559082,14.140000343322754,11.366049766540527,32452558
2017-09-20,2822.HK,14.15999984741211,14.279999732971191,14.15999984741211,14.239999771118164,11.446430206298828,23040069
2017-09-21,2822.HK,14.199999809265137,14.319999694824219,14.140000343322754,14.239999771118164,11.446430206298828,35956662
2017-09-22,2822.HK,14.199999809265137,14.319999694824219,14.180000305175781,14.239999771118164,11.446430206298828,40223100
2017-09-25,2822.HK,14.239999771118164,14.239999771118164,14.119999885559082,14.119999885559082,11.349971771240234,40680688
2017-09-26,2822.HK,14.100000381469727,14.220000267028809,14.100000381469727,14.15999984741211,11.382122993469238,26350902
2017-09-27,2822.HK,14.140000343322754,14.140000343322754,14.039999961853027,14.0600004196167,11.301742553710938,28789373
2017-09-28,2822.HK,14.039999961853027,14.0600004196167,13.9399995803833,13.979999542236328,11.237436294555664,51968776
2017-09-29,2822.HK,14.079999923706055,14.100000381469727,14.0,14.079999923706055,11.317818641662598,20394723
2017-10-03,2822.HK,14.180000305175781,14.399999618530273,14.119999885559082,14.380000114440918,11.558964729309082,62313473
2017-10-04,2822.HK,14.4399995803833,14.5600004196167,14.4399995803833,14.539999961853027,11.68757438659668,47400332
2017-10-06,2822.HK,14.600000381469727,14.600000381469727,14.479999542236328,14.539999961853027,11.68757438659668,59729867
2017-10-09,2822.HK,14.5600004196167,14.5600004196167,14.34000015258789,14.399999618530273,11.575040817260742,72879385
2017-10-10,2822.HK,14.399999618530273,14.5600004196167,14.34000015258789,14.460000038146973,11.623270034790039,52305409
2017-10-11,2822.HK,14.539999961853027,14.579999923706055,14.5,14.520000457763672,11.671500205993652,55312988
2017-10-12,2822.HK,14.539999961853027,14.640000343322754,14.5,14.600000381469727,11.73580551147461,55035963
2017-10-13,2822.HK,14.600000381469727,14.65999984741211,14.600000381469727,14.619999885559082,11.75188159942627,36726563
2017-10-16,2822.HK,14.65999984741211,14.800000190734863,14.640000343322754,14.640000343322754,11.767959594726562,92281635
2017-10-17,2822.HK,14.640000343322754,14.65999984741211,14.5600004196167,14.579999923706055,11.719728469848633,29249933
2017-10-18,2822.HK,14.579999923706055,14.720000267028809,14.579999923706055,14.720000267028809,11.832262992858887,43328932
2017-10-19,2822.HK,14.699999809265137,14.720000267028809,14.5600004196167,14.5600004196167,11.703653335571289,50358900
2017-10-20,2822.HK,14.640000343322754,14.65999984741211,14.600000381469727,14.619999885559082,11.75188159942627,40830199
2017-10-23,2822.HK,14.619999885559082,14.619999885559082,14.539999961853027,14.5600004196167,11.703653335571289,23348315
2017-10-24,2822.HK,14.539999961853027,14.699999809265137,14.539999961853027,14.640000343322754,11.767959594726562,44461157
2017-10-25,2822.HK,14.65999984741211,14.739999771118164,14.640000343322754,14.739999771118164,11.848340034484863,38892647
2017-10-26,2822.HK,14.739999771118164,14.899999618530273,14.720000267028809,14.84000015258789,11.92872428894043,61816566
2017-10-27,2822.HK,14.800000190734863,15.039999961853027,14.800000190734863,15.039999961853027,12.089487075805664,69068953
2017-10-30,2822.HK,15.079999923706055,15.140000343322754,14.9399995803833,15.0,12.057333946228027,72240155
2017-10-31,2822.HK,15.020000457763672,15.100000381469727,14.979999542236328,15.079999923706055,12.121641159057617,31966640
2017-11-01,2822.HK,15.079999923706055,15.220000267028809,15.0600004196167,15.100000381469727,12.137718200683594,70472195
2017-11-02,2822.HK,15.119999885559082,15.15999984741211,15.039999961853027,15.119999885559082,12.153793334960938,36847706
2017-11-03,2822.HK,15.119999885559082,15.119999885559082,14.979999542236328,15.0600004196167,12.105563163757324,33456425
2017-11-06,2822.HK,15.020000457763672,15.079999923706055,14.960000038146973,15.0600004196167,12.105563163757324,24201124
2017-11-07,2822.HK,15.100000381469727,15.300000190734863,15.100000381469727,15.300000190734863,12.298481941223145,66566610
2017-11-08,2822.HK,15.279999732971191,15.34000015258789,15.15999984741211,15.180000305175781,12.202022552490234,70351684
2017-11-09,2822.HK,15.199999809265137,15.319999694824219,15.15999984741211,15.300000190734863,12.298481941223145,45036002
2017-11-10,2822.HK,15.239999771118164,15.460000038146973,15.220000267028809,15.4399995803833,12.411017417907715,68655556
2017-11-13,2822.HK,15.4399995803833,15.520000457763672,15.399999618530273,15.4399995803833,12.411017417907715,49639859
2017-11-14,2822.HK,15.4399995803833,15.5,15.359999656677246,15.380000114440918,12.362787246704102,26624224
2017-11-15,2822.HK,15.380000114440918,15.4399995803833,15.300000190734863,15.300000190734863,12.298481941223145,76128950
2017-11-16,2822.HK,15.279999732971191,15.539999961853027,15.279999732971191,15.520000457763672,12.475321769714355,74063273
2017-11-17,2822.HK,15.579999923706055,15.779999732971191,15.539999961853027,15.739999771118164,12.652162551879883,70212488
2017-11-20,2822.HK,15.699999809265137,15.880000114440918,15.579999923706055,15.859999656677246,12.748621940612793,56796553
2017-11-21,2822.HK,15.859999656677246,16.299999237060547,15.800000190734863,16.219999313354492,13.037999153137207,110188118
2017-11-22,2822.HK,16.299999237060547,16.5,16.239999771118164,16.360000610351562,13.150532722473145,100672524
2017-11-23,2822.HK,16.360000610351562,16.459999084472656,15.819999694824219,15.880000114440918,12.76469898223877,82320823
2017-11-24,2822.HK,15.960000038146973,16.100000381469727,15.819999694824219,15.960000038146973,12.829004287719727,84946337
2017-11-27,2822.HK,15.960000038146973,15.960000038146973,15.600000381469727,15.699999809265137,12.620010375976562,94300309
2017-11-28,2822.HK,15.699999809265137,15.699999809265137,15.479999542236328,15.640000343322754,12.57178020477295,55904448
2017-11-29,2822.HK,15.680000305175781,15.739999771118164,15.460000038146973,15.640000343322754,12.57178020477295,59054971
2017-11-30,2822.HK,15.600000381469727,15.640000343322754,15.380000114440918,15.380000114440918,12.362787246704102,110679510
2017-12-01,2822.HK,15.460000038146973,15.520000457763672,15.279999732971191,15.279999732971191,12.282404899597168,60530380
2017-12-04,2822.HK,15.279999732971191,15.5,15.220000267028809,15.4399995803833,12.411017417907715,57661354
2017-12-05,2822.HK,15.34000015258789,15.720000267028809,15.34000015258789,15.65999984741211,12.587857246398926,50861234
2017-12-06,2822.HK,15.5600004196167,15.619999885559082,15.300000190734863,15.399999618530273,12.378863334655762,78292934
2017-12-07,2822.HK,15.479999542236328,15.5,15.199999809265137,15.220000267028809,12.234175682067871,47710717
2017-12-08,2822.HK,15.279999732971191,15.460000038146973,15.180000305175781,15.420000076293945,12.394939422607422,36693340
2017-12-11,2822.HK,15.5,15.680000305175781,15.399999618530273,15.65999984741211,12.587857246398926,64350216
2017-12-12,2822.HK,15.640000343322754,15.680000305175781,15.34000015258789,15.359999656677246,12.346709251403809,55023229
2017-12-13,2822.HK,15.420000076293945,15.600000381469727,15.319999694824219,15.579999923706055,12.523550987243652,57761884
2017-12-14,2822.HK,15.619999885559082,15.65999984741211,15.420000076293945,15.5,12.459245681762695,47686525
2017-12-15,2822.HK,15.5,15.5,15.239999771118164,15.279999732971191,12.282404899597168,57340792
2017-12-18,2822.HK,15.020000457763672,15.119999885559082,14.960000038146973,15.020000457763672,12.331099510192871,34038800
2017-12-19,2822.HK,15.020000457763672,15.319999694824219,15.020000457763672,15.319999694824219,12.577393531799316,56306141
2017-12-20,2822.HK,15.34000015258789,15.399999618530273,15.279999732971191,15.399999618530273,12.643070220947266,47573988
2017-12-21,2822.HK,15.420000076293945,15.680000305175781,15.380000114440918,15.600000381469727,12.807266235351562,106023041
2017-12-22,2822.HK,15.600000381469727,15.640000343322754,15.5,15.520000457763672,12.741589546203613,39959970
2017-12-27,2822.HK,15.600000381469727,15.640000343322754,15.199999809265137,15.220000267028809,12.495295524597168,86212272
2017-12-28,2822.HK,15.260000228881836,15.5,15.239999771118164,15.420000076293945,12.659491539001465,43270399
2017-12-29,2822.HK,15.460000038146973,15.5600004196167,15.4399995803833,15.460000038146973,12.692330360412598,29924656
2018-01-02,2822.HK,15.520000457763672,15.859999656677246,15.520000457763672,15.859999656677246,13.020720481872559,66798213
2018-01-03,2822.HK,15.880000114440918,16.020000457763672,15.819999694824219,15.859999656677246,13.020720481872559,98124172
2018-01-04,2822.HK,15.899999618530273,15.979999542236328,15.84000015258789,15.9399995803833,13.08639907836914,48609458
2018-01-05,2822.HK,15.979999542236328,16.100000381469727,15.9399995803833,16.040000915527344,13.168498039245605,51371267
2018-01-08,2822.HK,16.100000381469727,16.1200008392334,16.0,16.079999923706055,13.201337814331055,37937732
2018-01-09,2822.HK,16.020000457763672,16.260000228881836,16.020000457763672,16.200000762939453,13.299854278564453,40025299
2018-01-10,2822.HK,16.15999984741211,16.399999618530273,16.1200008392334,16.299999237060547,13.381952285766602,83817417
2018-01-11,2822.HK,16.34000015258789,16.440000534057617,16.280000686645508,16.3799991607666,13.44762897491455,38919898
2018-01-12,2822.HK,16.420000076293945,16.639999389648438,16.420000076293945,16.6200008392334,13.64466667175293,60171591
2018-01-15,2822.HK,16.65999984741211,17.020000457763672,16.65999984741211,16.81999969482422,13.808859825134277,158906386
2018-01-16,2822.HK,16.8799991607666,17.100000381469727,16.81999969482422,17.100000381469727,14.038736343383789,92923299
2018-01-17,2822.HK,17.040000915527344,17.31999969482422,16.959999084472656,17.020000457763672,13.973057746887207,66863560
2018-01-18,2822.HK,17.100000381469727,17.260000228881836,17.059999465942383,17.18000030517578,14.104412078857422,103032316
2018-01-19,2822.HK,17.200000762939453,17.440000534057617,17.200000762939453,17.299999237060547,14.202929496765137,97143596
2018-01-22,2822.HK,17.34000015258789,17.440000534057617,17.200000762939453,17.420000076293945,14.3014497756958,55738722
2018-01-23,2822.HK,17.520000457763672,17.760000228881836,17.5,17.739999771118164,14.56416130065918,76868652
2018-01-24,2822.HK,17.760000228881836,17.84000015258789,17.559999465942383,17.760000228881836,14.58057975769043,62617185
2018-01-25,2822.HK,17.84000015258789,17.860000610351562,17.520000457763672,17.639999389648438,14.482062339782715,70038456
2018-01-26,2822.HK,17.719999313354492,17.979999542236328,17.68000030517578,17.899999618530273,14.695517539978027,81642478
2018-01-29,2822.HK,17.920000076293945,17.959999084472656,17.360000610351562,17.3799991607666,14.268608093261719,99088690
2018-01-30,2822.HK,17.360000610351562,17.440000534057617,17.139999389648438,17.139999389648438,14.071574211120605,104088999
2018-01-31,2822.HK,17.100000381469727,17.559999465942383,17.100000381469727,17.5,14.36712646484375,84269343
2018-02-01,2822.HK,17.5,17.65999984741211,17.420000076293945,17.540000915527344,14.399965286254883,52956795
2018-02-02,2822.HK,17.540000915527344,17.700000762939453,17.34000015258789,17.639999389648438,14.482062339782715,61049895
2018-02-05,2822.HK,17.260000228881836,17.719999313354492,17.260000228881836,17.65999984741211,14.498483657836914,78660745
2018-02-06,2822.HK,17.299999237060547,17.440000534057617,17.1200008392334,17.1200008392334,14.055154800415039,136298421
2018-02-07,2822.HK,17.5,17.68000030517578,16.6200008392334,16.6200008392334,13.64466667175293,132658316
2018-02-08,2822.HK,16.700000762939453,16.760000228881836,16.100000381469727,16.219999313354492,13.316274642944336,171879519
2018-02-09,2822.HK,15.739999771118164,15.819999694824219,15.039999961853027,15.460000038146973,12.692330360412598,176899739
2018-02-12,2822.HK,15.579999923706055,15.819999694824219,15.520000457763672,15.65999984741211,12.856525421142578,109697875
2018-02-13,2822.HK,15.760000228881836,16.200000762939453,15.760000228881836,15.9399995803833,13.08639907836914,63623470
2018-02-14,2822.HK,15.9399995803833,16.15999984741211,15.880000114440918,16.1200008392334,13.234176635742188,52648042
2018-02-15,2822.HK,16.299999237060547,16.540000915527344,16.299999237060547,16.520000457763672,13.562567710876465,29497800
2018-02-20,2822.HK,16.540000915527344,16.579999923706055,16.299999237060547,16.31999969482422,13.398371696472168,39735422
2018-02-21,2822.HK,16.34000015258789,16.520000457763672,16.31999969482422,16.5,13.546148300170898,40683827
2018-02-22,2822.HK,16.399999618530273,16.440000534057617,16.239999771118164,16.399999618530273,13.464049339294434,47320200
2018-02-23,2822.HK,16.479999542236328,16.6200008392334,16.420000076293945,16.579999923706055,13.611824989318848,60874131
2018-02-26,2822.HK,16.760000228881836,16.799999237060547,16.459999084472656,16.780000686645508,13.776021957397461,78549892
2018-02-27,2822.HK,16.84000015258789,16.84000015258789,16.34000015258789,16.360000610351562,13.431212425231934,139910179
2018-02-28,2822.HK,16.260000228881836,16.260000228881836,15.979999542236328,16.079999923706055,13.201337814331055,48174215
2018-03-01,2822.HK,16.0,16.239999771118164,15.920000076293945,16.1200008392334,13.234176635742188,54484470
2018-03-02,2822.HK,15.920000076293945,16.079999923706055,15.899999618530273,15.960000038146973,13.10282039642334,52132199
2018-03-05,2822.HK,16.0,16.200000762939453,15.899999618530273,15.9399995803833,13.08639907836914,66006902
2018-03-06,2822.HK,16.1200008392334,16.219999313354492,15.880000114440918,16.18000030517578,13.283434867858887,46587839
2018-03-07,2822.HK,16.139999389648438,16.420000076293945,16.079999923706055,16.1200008392334,13.234176635742188,66311596
2018-03-08,2822.HK,16.18000030517578,16.360000610351562,16.100000381469727,16.360000610351562,13.431212425231934,30017544
2018-03-09,2822.HK,16.399999618530273,16.420000076293945,16.280000686645508,16.3799991607666,13.44762897491455,29757951
2018-03-12,2822.HK,16.520000457763672,16.559999465942383,16.360000610351562,16.479999542236328,13.529729843139648,32066025
2018-03-13,2822.HK,16.479999542236328,16.520000457763672,16.239999771118164,16.280000686645508,13.365533828735352,46408804
2018-03-14,2822.HK,16.260000228881836,16.299999237060547,16.18000030517578,16.260000228881836,13.349113464355469,28911200
2018-03-15,2822.HK,16.18000030517578,16.420000076293945,16.18000030517578,16.399999618530273,13.464049339294434,29011907
2018-03-16,2822.HK,16.3799991607666,16.399999618530273,16.139999389648438,16.18000030517578,13.283434867858887,30041486
2018-03-19,2822.HK,16.200000762939453,16.280000686645508,16.040000915527344,16.260000228881836,13.349113464355469,25450924
2018-03-20,2822.HK,16.200000762939453,16.299999237060547,16.139999389648438,16.239999771118164,13.332693099975586,32163703
2018-03-21,2822.HK,16.34000015258789,16.459999084472656,16.100000381469727,16.139999389648438,13.250596046447754,29937410
2018-03-22,2822.HK,16.299999237060547,16.34000015258789,15.979999542236328,16.020000457763672,13.152078628540039,27844000
2018-03-23,2822.HK,15.5600004196167,15.65999984741211,15.319999694824219,15.600000381469727,12.807266235351562,122182600
2018-03-26,2822.HK,15.5600004196167,15.640000343322754,15.239999771118164,15.479999542236328,12.708748817443848,49240064
2018-03-27,2822.HK,15.779999732971191,15.84000015258789,15.479999542236328,15.619999885559082,12.823687553405762,55529240
2018-03-28,2822.HK,15.4399995803833,15.539999961853027,15.079999923706055,15.119999885559082,12.41319751739502,60170354
2018-03-29,2822.HK,15.180000305175781,15.5600004196167,14.9399995803833,15.520000457763672,12.741589546203613,84688643
2018-04-03,2822.HK,15.260000228881836,15.319999694824219,15.140000343322754,15.239999771118164,12.51171588897705,60339712
2018-04-04,2822.HK,15.239999771118164,15.399999618530273,15.020000457763672,15.020000457763672,12.331099510192871,51010498
2018-04-06,2822.HK,15.100000381469727,15.239999771118164,15.079999923706055,15.15999984741211,12.446036338806152,27070957
2018-04-09,2822.HK,15.180000305175781,15.34000015258789,15.100000381469727,15.15999984741211,12.446036338806152,46600087
2018-04-10,2822.HK,15.199999809265137,15.65999984741211,15.180000305175781,15.640000343322754,12.840106964111328,54087502
2018-04-11,2822.HK,15.680000305175781,15.819999694824219,15.619999885559082,15.720000267028809,12.90578556060791,34892150
2018-04-12,2822.HK,15.800000190734863,15.800000190734863,15.5,15.539999961853027,12.758008003234863,39335534
2018-04-13,2822.HK,15.600000381469727,15.640000343322754,15.300000190734863,15.34000015258789,12.593811988830566,35046840
2018-04-16,2822.HK,15.359999656677246,15.380000114440918,14.9399995803833,14.979999542236328,12.298259735107422,43901483
2018-04-17,2822.HK,15.0,15.079999923706055,14.699999809265137,14.760000228881836,12.117646217346191,73395104
2018-04-18,2822.HK,15.0600004196167,15.0600004196167,14.680000305175781,14.880000114440918,12.21616268157959,60429267
2018-04-19,2822.HK,14.960000038146973,15.199999809265137,14.920000076293945,15.15999984741211,12.446036338806152,52030280
2018-04-20,2822.HK,15.079999923706055,15.119999885559082,14.819999694824219,14.859999656677246,12.199742317199707,46620600
2018-04-23,2822.HK,14.859999656677246,15.0600004196167,14.859999656677246,14.979999542236328,12.298259735107422,62211200
2018-04-24,2822.HK,14.979999542236328,15.359999656677246,14.960000038146973,15.319999694824219,12.577393531799316,70441232
2018-04-25,2822.HK,15.300000190734863,15.300000190734863,15.079999923706055,15.079999923706055,12.38035774230957,28152080
2018-04-26,2822.HK,15.15999984741211,15.180000305175781,14.720000267028809,14.779999732971191,12.134063720703125,50326660
2018-04-27,2822.HK,14.899999618530273,14.899999618530273,14.539999961853027,14.760000228881836,12.117646217346191,48654977
2018-04-30,2822.HK,14.819999694824219,14.960000038146973,14.819999694824219,14.9399995803833,12.265420913696289,26005000
2018-05-02,2822.HK,14.859999656677246,14.859999656677246,14.600000381469727,14.720000267028809,12.084806442260742,47411400
2018-05-03,2822.HK,14.65999984741211,14.819999694824219,14.479999542236328,14.779999732971191,12.134063720703125,68273225
2018-05-04,2822.HK,14.760000228881836,14.800000190734863,14.5600004196167,14.600000381469727,11.986289978027344,26972550
2018-05-07,2822.HK,14.720000267028809,14.899999618530273,14.619999885559082,14.859999656677246,12.199742317199707,36328998
2018-05-08,2822.HK,14.899999618530273,15.199999809265137,14.880000114440918,15.119999885559082,12.41319751739502,30043583
2018-05-09,2822.HK,15.140000343322754,15.140000343322754,14.979999542236328,15.079999923706055,12.38035774230957,20432749
2018-05-10,2822.HK,15.140000343322754,15.239999771118164,15.079999923706055,15.220000267028809,12.495295524597168,23088051
2018-05-11,2822.HK,15.34000015258789,15.34000015258789,15.180000305175781,15.239999771118164,12.51171588897705,25356171
2018-05-14,2822.HK,15.319999694824219,15.479999542236328,15.319999694824219,15.479999542236328,12.708748817443848,33511673
2018-05-15,2822.HK,15.5,15.5,15.279999732971191,15.380000114440918,12.626651763916016,24528023
2018-05-16,2822.HK,15.260000228881836,15.300000190734863,15.119999885559082,15.180000305175781,12.462456703186035,42478538
2018-05-17,2822.HK,15.279999732971191,15.279999732971191,15.020000457763672,15.020000457763672,12.331099510192871,27290023
2018-05-18,2822.HK,15.0600004196167,15.300000190734863,14.960000038146973,15.260000228881836,12.528136253356934,28135900
2018-05-21,2822.HK,15.399999618530273,15.420000076293945,15.199999809265137,15.220000267028809,12.495295524597168,36398960
2018-05-23,2822.HK,15.199999809265137,15.199999809265137,14.779999732971191,14.800000190734863,12.150484085083008,30402255
2018-05-24,2822.HK,14.920000076293945,14.920000076293945,14.739999771118164,14.800000190734863,12.150484085083008,31734441
2018-05-25,2822.HK,14.800000190734863,14.859999656677246,14.699999809265137,14.720000267028809,12.084806442260742,24665774
2018-05-28,2822.HK,14.760000228881836,14.899999618530273,14.720000267028809,14.859999656677246,12.199742317199707,26349312
2018-05-29,2822.HK,14.760000228881836,14.819999694824219,14.640000343322754,14.680000305175781,12.051968574523926,27161260
2018-05-30,2822.HK,14.520000457763672,14.539999961853027,14.359999656677246,14.399999618530273,11.82209300994873,41807338
2018-05-31,2822.HK,14.520000457763672,14.880000114440918,14.520000457763672,14.800000190734863,12.150484085083008,45791630
2018-06-01,2822.HK,14.760000228881836,14.800000190734863,14.640000343322754,14.720000267028809,12.084806442260742,34445180
2018-06-04,2822.HK,14.800000190734863,15.0600004196167,14.779999732971191,15.020000457763672,12.331099510192871,37786721
2018-06-05,2822.HK,15.039999961853027,15.140000343322754,14.960000038146973,15.100000381469727,12.39677906036377,27410375
2018-06-06,2822.HK,15.140000343322754,15.15999984741211,15.079999923706055,15.119999885559082,12.41319751739502,55259800
2018-06-07,2822.HK,15.180000305175781,15.260000228881836,15.100000381469727,15.119999885559082,12.41319751739502,38452427
2018-06-08,2822.HK,15.079999923706055,15.079999923706055,14.739999771118164,14.760000228881836,12.117646217346191,52451506
2018-06-11,2822.HK,14.84000015258789,14.979999542236328,14.760000228881836,14.9399995803833,12.265420913696289,49785786
2018-06-12,2822.HK,14.9399995803833,15.140000343322754,14.880000114440918,15.140000343322754,12.429616928100586,39971861
2018-06-13,2822.HK,15.020000457763672,15.079999923706055,14.9399995803833,14.960000038146973,12.281841278076172,20601938
2018-06-14,2822.HK,14.979999542236328,15.140000343322754,14.9399995803833,15.020000457763672,12.331099510192871,32324192
2018-06-15,2822.HK,14.979999542236328,15.0600004196167,14.899999618530273,14.920000076293945,12.249001502990723,23910484
2018-06-19,2822.HK,14.739999771118164,14.760000228881836,14.199999809265137,14.300000190734863,11.739995956420898,70295384
2018-06-20,2822.HK,14.399999618530273,14.5600004196167,14.300000190734863,14.5,11.904191970825195,37182806
2018-06-21,2822.HK,14.5,14.640000343322754,14.260000228881836,14.319999694824219,11.756413459777832,61572941
2018-06-22,2822.HK,14.300000190734863,14.359999656677246,14.199999809265137,14.300000190734863,11.739995956420898,50913297
2018-06-25,2822.HK,14.380000114440918,14.380000114440918,13.920000076293945,13.960000038146973,11.46086311340332,44680200
2018-06-26,2822.HK,13.960000038146973,13.960000038146973,13.600000381469727,13.720000267028809,11.263827323913574,64821656
2018-06-27,2822.HK,13.800000190734863,13.800000190734863,13.239999771118164,13.279999732971191,10.902596473693848,56809743
2018-06-28,2822.HK,13.34000015258789,13.420000076293945,13.140000343322754,13.260000228881836,10.886177062988281,31239816
2018-06-29,2822.HK,13.220000267028809,13.579999923706055,13.180000305175781,13.520000457763672,11.099632263183594,57934677
2018-07-03,2822.HK,12.920000076293945,12.920000076293945,12.460000038146973,12.899999618530273,10.590624809265137,109013014
2018-07-04,2822.HK,12.899999618530273,13.039999961853027,12.779999732971191,12.779999732971191,10.492107391357422,35170362
2018-07-05,2822.HK,12.779999732971191,12.979999542236328,12.680000305175781,12.819999694824219,10.524946212768555,31353133
2018-07-06,2822.HK,12.779999732971191,13.079999923706055,12.640000343322754,12.9399995803833,10.62346363067627,47017878
2018-07-09,2822.HK,13.079999923706055,13.4399995803833,13.020000457763672,13.399999618530273,11.001113891601562,32215558
2018-07-10,2822.HK,13.520000457763672,13.520000457763672,13.279999732971191,13.380000114440918,10.984695434570312,28486827
2018-07-11,2822.HK,12.960000038146973,13.15999984741211,12.920000076293945,13.0600004196167,10.7219820022583,31346161
2018-07-12,2822.HK,13.020000457763672,13.420000076293945,13.020000457763672,13.359999656677246,10.96827507019043,25895793
2018-07-13,2822.HK,13.460000038146973,13.460000038146973,13.319999694824219,13.34000015258789,10.951855659484863,35823775
2018-07-16,2822.HK,13.34000015258789,13.4399995803833,13.119999885559082,13.220000267028809,10.853337287902832,34458530
2018-07-17,2822.HK,13.180000305175781,13.199999809265137,12.979999542236328,13.100000381469727,10.754820823669434,38450890
2018-07-18,2822.HK,13.119999885559082,13.220000267028809,12.920000076293945,12.960000038146973,10.63988208770752,47871027
2018-07-19,2822.HK,13.0,13.119999885559082,12.859999656677246,12.899999618530273,10.590624809265137,36731715
2018-07-20,2822.HK,12.920000076293945,13.319999694824219,12.720000267028809,13.260000228881836,10.886177062988281,62782804
2018-07-23,2822.HK,13.300000190734863,13.420000076293945,13.180000305175781,13.319999694824219,10.935436248779297,40370463
2018-07-24,2822.HK,13.300000190734863,13.5600004196167,13.279999732971191,13.520000457763672,11.099632263183594,48330330
2018-07-25,2822.HK,13.600000381469727,13.640000343322754,13.479999542236328,13.5600004196167,11.13247013092041,21575400
2018-07-26,2822.HK,13.619999885559082,13.760000228881836,13.359999656677246,13.380000114440918,10.984695434570312,36804162
2018-07-27,2822.HK,13.359999656677246,13.4399995803833,13.260000228881836,13.359999656677246,10.96827507019043,17835428
2018-07-30,2822.HK,13.34000015258789,13.4399995803833,13.199999809265137,13.34000015258789,10.951855659484863,25912987
2018-07-31,2822.HK,13.319999694824219,13.420000076293945,13.260000228881836,13.359999656677246,10.96827507019043,25827884
2018-08-01,2822.HK,13.479999542236328,13.539999961853027,13.020000457763672,13.079999923706055,10.73840045928955,49051769
2018-08-02,2822.HK,13.079999923706055,13.079999923706055,12.640000343322754,12.699999809265137,10.426427841186523,30818017
2018-08-03,2822.HK,12.720000267028809,12.720000267028809,12.4399995803833,12.4399995803833,10.212973594665527,41678814
2018-08-06,2822.HK,12.579999923706055,12.779999732971191,12.4399995803833,12.520000457763672,10.278651237487793,49434664
2018-08-07,2822.HK,12.579999923706055,12.9399995803833,12.5,12.9399995803833,10.62346363067627,46216722
2018-08-08,2822.HK,13.0,13.0,12.720000267028809,12.760000228881836,10.475687980651855,30976105
2018-08-09,2822.HK,12.760000228881836,13.140000343322754,12.699999809265137,13.079999923706055,10.73840045928955,54541924
2018-08-10,2822.HK,13.0600004196167,13.15999984741211,12.920000076293945,13.0,10.672722816467285,39190495
2018-08-13,2822.HK,12.84000015258789,12.920000076293945,12.640000343322754,12.800000190734863,10.508527755737305,53073191
2018-08-14,2822.HK,12.800000190734863,12.84000015258789,12.680000305175781,12.760000228881836,10.475687980651855,51045860
2018-08-15,2822.HK,12.739999771118164,12.739999771118164,12.34000015258789,12.359999656677246,10.147295951843262,32096033
2018-08-16,2822.HK,12.279999732971191,12.600000381469727,12.15999984741211,12.4399995803833,10.212973594665527,54388418
2018-08-17,2822.HK,12.619999885559082,12.619999885559082,12.279999732971191,12.34000015258789,10.130876541137695,29759358
2018-08-20,2822.HK,12.539999961853027,12.619999885559082,12.359999656677246,12.619999885559082,10.360751152038574,62282744
2018-08-21,2822.HK,12.65999984741211,12.880000114440918,12.619999885559082,12.880000114440918,10.574206352233887,40399579
2018-08-22,2822.HK,12.880000114440918,12.880000114440918,12.739999771118164,12.800000190734863,10.508527755737305,38491930
2018-08-23,2822.HK,12.800000190734863,12.880000114440918,12.640000343322754,12.760000228881836,10.475687980651855,39702119
2018-08-24,2822.HK,12.680000305175781,12.9399995803833,12.619999885559082,12.800000190734863,10.508527755737305,32231950
2018-08-27,2822.HK,13.0,13.220000267028809,12.979999542236328,13.199999809265137,10.836917877197266,36904457
2018-08-28,2822.HK,13.239999771118164,13.319999694824219,13.140000343322754,13.15999984741211,10.804079055786133,17086698
2018-08-29,2822.HK,13.100000381469727,13.180000305175781,13.0600004196167,13.079999923706055,10.73840045928955,18229600
2018-08-30,2822.HK,13.100000381469727,13.180000305175781,12.899999618530273,12.899999618530273,10.590624809265137,23982030
2018-08-31,2822.HK,12.859999656677246,12.960000038146973,12.760000228881836,12.84000015258789,10.541366577148438,42647630
2018-09-03,2822.HK,12.859999656677246,12.880000114440918,12.739999771118164,12.84000015258789,10.541366577148438,18354017
2018-09-04,2822.HK,12.84000015258789,13.0600004196167,12.779999732971191,13.0,10.672722816467285,49493485
2018-09-05,2822.HK,12.899999618530273,12.960000038146973,12.600000381469727,12.619999885559082,10.360751152038574,36525028
2018-09-06,2822.HK,12.619999885559082,12.739999771118164,12.479999542236328,12.579999923706055,10.327910423278809,30256993
2018-09-07,2822.HK,12.619999885559082,12.779999732971191,12.460000038146973,12.619999885559082,10.360751152038574,28009088
2018-09-10,2822.HK,12.5600004196167,12.619999885559082,12.420000076293945,12.479999542236328,10.245813369750977,25423426
2018-09-11,2822.HK,12.460000038146973,12.520000457763672,12.300000190734863,12.300000190734863,10.098037719726562,23313681
2018-09-12,2822.HK,12.319999694824219,12.380000114440918,12.220000267028809,12.300000190734863,10.098037719726562,38222821
2018-09-13,2822.HK,12.539999961853027,12.600000381469727,12.359999656677246,12.600000381469727,10.344330787658691,41080029
2018-09-14,2822.HK,12.619999885559082,12.640000343322754,12.5,12.619999885559082,10.360751152038574,20910440
2018-09-17,2822.HK,12.5,12.520000457763672,12.420000076293945,12.4399995803833,10.212973594665527,19804042
2018-09-18,2822.HK,12.380000114440918,12.739999771118164,12.359999656677246,12.680000305175781,10.410009384155273,34987211
2018-09-19,2822.HK,12.699999809265137,13.020000457763672,12.680000305175781,12.899999618530273,10.590624809265137,47267159
2018-09-20,2822.HK,12.960000038146973,13.039999961853027,12.899999618530273,12.920000076293945,10.60704517364502,54560000
2018-09-21,2822.HK,13.020000457763672,13.460000038146973,12.899999618530273,13.420000076293945,11.017534255981445,76009313
2018-09-24,2822.HK,13.239999771118164,13.260000228881836,13.15999984741211,13.220000267028809,10.853337287902832,24509946
2018-09-26,2822.HK,13.199999809265137,13.479999542236328,13.180000305175781,13.279999732971191,10.902596473693848,51626980
2018-09-27,2822.HK,13.399999618530273,13.399999618530273,13.199999809265137,13.199999809265137,10.836917877197266,22870918
2018-09-28,2822.HK,13.239999771118164,13.479999542236328,13.239999771118164,13.34000015258789,10.951855659484863,52079108
2018-10-02,2822.HK,13.380000114440918,13.380000114440918,13.100000381469727,13.100000381469727,10.754820823669434,11687420
2018-10-03,2822.HK,13.15999984741211,13.239999771118164,13.100000381469727,13.15999984741211,10.804079055786133,12533922
2018-10-04,2822.HK,13.140000343322754,13.140000343322754,12.84000015258789,12.880000114440918,10.574206352233887,31220200
2018-10-05,2822.HK,12.84000015258789,12.899999618530273,12.779999732971191,12.880000114440918,10.574206352233887,36784862
2018-10-08,2822.HK,12.960000038146973,13.039999961853027,12.5600004196167,12.579999923706055,10.327910423278809,66444941
2018-10-09,2822.HK,12.5600004196167,12.779999732971191,12.5600004196167,12.640000343322754,10.37717056274414,34082785
2018-10-10,2822.HK,12.739999771118164,12.819999694824219,12.579999923706055,12.65999984741211,10.39358901977539,20850425
2018-10-11,2822.HK,12.399999618530273,12.4399995803833,12.039999961853027,12.119999885559082,9.950261116027832,37713781
2018-10-12,2822.HK,12.279999732971191,12.579999923706055,12.279999732971191,12.539999961853027,10.295072555541992,35107337
2018-10-15,2822.HK,12.479999542236328,12.539999961853027,12.319999694824219,12.380000114440918,10.163715362548828,17625717
2018-10-16,2822.HK,12.460000038146973,12.600000381469727,12.34000015258789,12.4399995803833,10.212973594665527,17236505
2018-10-18,2822.HK,12.479999542236328,12.479999542236328,12.119999885559082,12.220000267028809,10.032360076904297,48068316
2018-10-19,2822.HK,12.199999809265137,12.619999885559082,12.0600004196167,12.579999923706055,10.327910423278809,72802351
2018-10-22,2822.HK,12.65999984741211,13.239999771118164,12.640000343322754,13.100000381469727,10.754820823669434,106352689
2018-10-23,2822.HK,13.199999809265137,13.199999809265137,12.539999961853027,12.600000381469727,10.344330787658691,108546408
2018-10-24,2822.HK,12.680000305175781,12.960000038146973,12.619999885559082,12.65999984741211,10.39358901977539,83725400
2018-10-25,2822.HK,12.460000038146973,12.720000267028809,12.359999656677246,12.699999809265137,10.426427841186523,81749731
2018-10-26,2822.HK,12.739999771118164,12.760000228881836,12.479999542236328,12.5600004196167,10.311491966247559,68468155
2018-10-29,2822.HK,12.640000343322754,12.640000343322754,12.079999923706055,12.15999984741211,9.983100891113281,64899200
2018-10-30,2822.HK,12.15999984741211,12.399999618530273,12.0600004196167,12.220000267028809,10.032360076904297,51457451
2018-10-31,2822.HK,12.279999732971191,12.460000038146973,12.220000267028809,12.460000038146973,10.22939395904541,71283611
2018-11-01,2822.HK,12.5,12.65999984741211,12.460000038146973,12.5,10.262231826782227,62273787
2018-11-02,2822.HK,12.859999656677246,13.199999809265137,12.720000267028809,13.180000305175781,10.8204984664917,112023314
2018-11-05,2822.HK,12.960000038146973,12.960000038146973,12.739999771118164,12.779999732971191,10.492107391357422,65133789
2018-11-06,2822.HK,12.819999694824219,12.819999694824219,12.640000343322754,12.760000228881836,10.475687980651855,21109600
2018-11-07,2822.HK,12.819999694824219,12.899999618530273,12.619999885559082,12.65999984741211,10.39358901977539,43189159
2018-11-08,2822.HK,12.800000190734863,12.819999694824219,12.65999984741211,12.720000267028809,10.442848205566406,29285210
2018-11-09,2822.HK,12.539999961853027,12.579999923706055,12.300000190734863,12.359999656677246,10.147295951843262,48264897
2018-11-12,2822.HK,12.359999656677246,12.420000076293945,12.300000190734863,12.399999618530273,10.180134773254395,20877818
2018-11-13,2822.HK,12.220000267028809,12.619999885559082,12.220000267028809,12.579999923706055,10.327910423278809,36027994
2018-11-14,2822.HK,12.600000381469727,12.600000381469727,12.300000190734863,12.359999656677246,10.147295951843262,32119100
2018-11-15,2822.HK,12.399999618530273,12.600000381469727,12.359999656677246,12.5600004196167,10.311491966247559,27078988
2018-11-16,2822.HK,12.5600004196167,12.640000343322754,12.4399995803833,12.5600004196167,10.311491966247559,49774881
2018-11-19,2822.HK,12.640000343322754,12.699999809265137,12.5600004196167,12.680000305175781,10.410009384155273,30927862
2018-11-20,2822.HK,12.619999885559082,12.619999885559082,12.399999618530273,12.420000076293945,10.196555137634277,20281400
2018-11-21,2822.HK,12.34000015258789,12.479999542236328,12.319999694824219,12.479999542236328,10.245813369750977,31946200
2018-11-22,2822.HK,12.520000457763672,12.539999961853027,12.359999656677246,12.420000076293945,10.196555137634277,19834943
2018-11-23,2822.HK,12.399999618530273,12.420000076293945,12.15999984741211,12.220000267028809,10.032360076904297,29348400
2018-11-26,2822.HK,12.300000190734863,12.34000015258789,12.180000305175781,12.300000190734863,10.098037719726562,33486600
2018-11-27,2822.HK,12.239999771118164,12.279999732971191,12.119999885559082,12.15999984741211,9.983100891113281,33609940
2018-11-28,2822.HK,12.180000305175781,12.34000015258789,12.15999984741211,12.300000190734863,10.098037719726562,31316988
2018-11-29,2822.HK,12.399999618530273,12.4399995803833,12.220000267028809,12.260000228881836,10.065197944641113,33657800
2018-11-30,2822.HK,12.260000228881836,12.380000114440918,12.220000267028809,12.34000015258789,10.130876541137695,29943714
2018-12-03,2822.HK,12.720000267028809,12.800000190734863,12.5600004196167,12.779999732971191,10.492107391357422,90423549
2018-12-04,2822.HK,12.760000228881836,12.84000015258789,12.699999809265137,12.84000015258789,10.541366577148438,36408499
2018-12-05,2822.HK,12.600000381469727,12.720000267028809,12.600000381469727,12.640000343322754,10.37717056274414,54199819
2018-12-06,2822.HK,12.520000457763672,12.520000457763672,12.359999656677246,12.399999618530273,10.180134773254395,44962900
2018-12-07,2822.HK,12.479999542236328,12.479999542236328,12.319999694824219,12.319999694824219,10.114456176757812,33013203
2018-12-10,2822.HK,12.239999771118164,12.34000015258789,12.15999984741211,12.220000267028809,10.032360076904297,17765703
2018-12-11,2822.HK,12.199999809265137,12.279999732971191,12.199999809265137,12.260000228881836,10.065197944641113,28605404
2018-12-12,2822.HK,12.359999656677246,12.420000076293945,12.34000015258789,12.380000114440918,10.163715362548828,38582131
2018-12-13,2822.HK,12.460000038146973,12.65999984741211,12.420000076293945,12.640000343322754,10.37717056274414,39817690
2018-12-14,2822.HK,12.300000190734863,12.300000190734863,12.039999961853027,12.0600004196167,10.146183013916016,41837625
2018-12-17,2822.HK,12.0600004196167,12.140000343322754,12.0,12.020000457763672,10.112532615661621,29237300
2018-12-18,2822.HK,11.979999542236328,12.100000381469727,11.899999618530273,11.9399995803833,10.045225143432617,35517911
2018-12-19,2822.HK,12.0,12.0,11.779999732971191,11.84000015258789,9.961095809936523,25311458
2018-12-20,2822.HK,11.800000190734863,11.84000015258789,11.520000457763672,11.619999885559082,9.776008605957031,63301251
2018-12-21,2822.HK,11.5600004196167,11.619999885559082,11.359999656677246,11.460000038146973,9.641398429870605,60554600
2018-12-24,2822.HK,11.460000038146973,11.460000038146973,11.460000038146973,11.460000038146973,9.641398429870605,0
2018-12-27,2822.HK,11.420000076293945,11.479999542236328,11.300000190734863,11.319999694824219,9.523613929748535,22209739
2018-12-28,2822.HK,11.399999618530273,11.5,11.359999656677246,11.399999618530273,9.590920448303223,31710534
2018-12-31,2822.HK,11.5,11.520000457763672,11.420000076293945,11.460000038146973,9.641398429870605,10920640
2019-01-02,2822.HK,11.460000038146973,11.479999542236328,11.220000267028809,11.260000228881836,9.473135948181152,15803713
2019-01-03,2822.HK,11.260000228881836,11.380000114440918,11.220000267028809,11.260000228881836,9.473135948181152,26426881
2019-01-04,2822.HK,11.199999809265137,11.539999961853027,11.199999809265137,11.520000457763672,9.691877365112305,51715269
2019-01-07,2822.HK,11.640000343322754,11.65999984741211,11.539999961853027,11.5600004196167,9.725528717041016,28773861
2019-01-08,2822.HK,11.600000381469727,11.600000381469727,11.479999542236328,11.520000457763672,9.691877365112305,15059454
2019-01-09,2822.HK,11.579999923706055,11.859999656677246,11.579999923706055,11.739999771118164,9.876964569091797,30737160
2019-01-10,2822.HK,11.779999732971191,11.899999618530273,11.680000305175781,11.800000190734863,9.927443504333496,61926356
2019-01-11,2822.HK,11.899999618530273,12.0,11.84000015258789,11.960000038146973,10.062053680419922,82744681
2019-01-14,2822.HK,11.960000038146973,11.979999542236328,11.800000190734863,11.819999694824219,9.944269180297852,25837434
2019-01-15,2822.HK,11.880000114440918,12.119999885559082,11.880000114440918,12.119999885559082,10.196660995483398,50115986
2019-01-16,2822.HK,12.0600004196167,12.15999984741211,12.020000457763672,12.15999984741211,10.230313301086426,28726700
2019-01-17,2822.HK,12.199999809265137,12.199999809265137,12.039999961853027,12.039999961853027,10.12935733795166,35190732
2019-01-18,2822.HK,12.119999885559082,12.300000190734863,12.100000381469727,12.260000228881836,10.314444541931152,102558062
2019-01-21,2822.HK,12.279999732971191,12.399999618530273,12.239999771118164,12.34000015258789,10.381749153137207,31999542
2019-01-22,2822.HK,12.319999694824219,12.34000015258789,12.100000381469727,12.140000343322754,10.21348762512207,31289208
2019-01-23,2822.HK,12.140000343322754,12.239999771118164,12.140000343322754,12.15999984741211,10.230313301086426,24317432
2019-01-24,2822.HK,12.220000267028809,12.279999732971191,12.119999885559082,12.239999771118164,10.29762077331543,32596934
2019-01-25,2822.HK,12.300000190734863,12.520000457763672,12.300000190734863,12.479999542236328,10.499531745910645,49367387
2019-01-28,2822.HK,12.579999923706055,12.699999809265137,12.460000038146973,12.520000457763672,10.533185958862305,76162808
2019-01-29,2822.HK,12.4399995803833,12.640000343322754,12.420000076293945,12.600000381469727,10.60049057006836,54167122
2019-01-30,2822.HK,12.600000381469727,12.699999809265137,12.5600004196167,12.619999885559082,10.617316246032715,56125685
2019-01-31,2822.HK,12.680000305175781,12.920000076293945,12.65999984741211,12.859999656677246,10.819231033325195,79537467
2019-02-01,2822.HK,12.960000038146973,12.960000038146973,12.779999732971191,12.899999618530273,10.85288143157959,44107300
2019-02-04,2822.HK,12.960000038146973,12.960000038146973,12.800000190734863,12.819999694824219,10.785577774047852,13433744
2019-02-08,2822.HK,12.739999771118164,12.739999771118164,12.579999923706055,12.699999809265137,10.684619903564453,59966284
2019-02-11,2822.HK,12.779999732971191,13.0,12.739999771118164,12.960000038146973,10.903360366821289,56137796
2019-02-12,2822.HK,12.920000076293945,13.0,12.859999656677246,12.979999542236328,10.920186996459961,27949559
2019-02-13,2822.HK,13.0600004196167,13.279999732971191,13.0,13.220000267028809,11.122101783752441,95218357
2019-02-14,2822.HK,13.199999809265137,13.279999732971191,13.119999885559082,13.220000267028809,11.122101783752441,67262045
2019-02-15,2822.HK,13.100000381469727,13.180000305175781,12.819999694824219,12.859999656677246,10.819231033325195,68151046
2019-02-18,2822.HK,13.100000381469727,13.279999732971191,13.039999961853027,13.239999771118164,11.13892650604248,70781264
2019-02-19,2822.HK,13.260000228881836,13.399999618530273,13.15999984741211,13.180000305175781,11.088449478149414,78684653
2019-02-20,2822.HK,13.34000015258789,13.4399995803833,13.300000190734863,13.399999618530273,11.273537635803223,58549400
2019-02-21,2822.HK,13.420000076293945,13.5600004196167,13.300000190734863,13.359999656677246,11.239883422851562,68475896
2019-02-22,2822.HK,13.300000190734863,13.5600004196167,13.180000305175781,13.539999961853027,11.39132022857666,71895741
2019-02-25,2822.HK,13.699999809265137,14.420000076293945,13.699999809265137,14.399999618530273,12.114845275878906,183675525
2019-02-26,2822.HK,14.479999542236328,14.479999542236328,14.039999961853027,14.079999923706055,11.845625877380371,165313517
2019-02-27,2822.HK,14.180000305175781,14.399999618530273,14.039999961853027,14.15999984741211,11.912931442260742,128063488
2019-02-28,2822.HK,14.180000305175781,14.300000190734863,14.079999923706055,14.119999885559082,11.879279136657715,62659567
2019-03-01,2822.HK,14.260000228881836,14.579999923706055,14.180000305175781,14.539999961853027,12.23262882232666,131525961
2019-03-04,2822.HK,14.699999809265137,15.0600004196167,14.579999923706055,14.699999809265137,12.367237091064453,201433884
2019-03-05,2822.HK,14.65999984741211,14.699999809265137,14.5600004196167,14.680000305175781,12.350411415100098,136376083
2019-03-06,2822.HK,14.65999984741211,14.720000267028809,14.420000076293945,14.640000343322754,12.316760063171387,127183869
2019-03-07,2822.HK,14.5600004196167,14.600000381469727,14.239999771118164,14.279999732971191,12.013888359069824,95645981
2019-03-08,2822.HK,14.039999961853027,14.140000343322754,13.680000305175781,13.739999771118164,11.55958080291748,157079404
2019-03-11,2822.HK,13.680000305175781,13.960000038146973,13.680000305175781,13.9399995803833,11.727843284606934,114009462
2019-03-12,2822.HK,14.079999923706055,14.220000267028809,13.920000076293945,14.0600004196167,11.828801155090332,138991481
2019-03-13,2822.HK,14.100000381469727,14.15999984741211,13.899999618530273,14.020000457763672,11.795148849487305,83676685
2019-03-14,2822.HK,14.039999961853027,14.199999809265137,14.0,14.0600004196167,11.828801155090332,71781738
2019-03-15,2822.HK,14.079999923706055,14.359999656677246,14.079999923706055,14.220000267028809,11.963411331176758,58580875
2019-03-18,2822.HK,14.239999771118164,14.65999984741211,14.15999984741211,14.619999885559082,12.299934387207031,103437655
2019-03-19,2822.HK,14.619999885559082,14.680000305175781,14.4399995803833,14.520000457763672,12.215802192687988,50689376
2019-03-20,2822.HK,14.479999542236328,14.619999885559082,14.399999618530273,14.5,12.198976516723633,59033765
2019-03-21,2822.HK,14.619999885559082,14.640000343322754,14.460000038146973,14.479999542236328,12.182149887084961,51029823
2019-03-22,2822.HK,14.5,14.539999961853027,14.300000190734863,14.479999542236328,12.182149887084961,57537015
2019-03-25,2822.HK,14.119999885559082,14.260000228881836,13.960000038146973,14.020000457763672,11.795148849487305,78261623
2019-03-26,2822.HK,14.140000343322754,14.15999984741211,13.920000076293945,14.0,11.77832317352295,49981073
2019-03-27,2822.HK,14.039999961853027,14.239999771118164,14.039999961853027,14.119999885559082,11.879279136657715,56496399
2019-03-28,2822.HK,14.0600004196167,14.15999984741211,13.9399995803833,14.0600004196167,11.828801155090332,66066032
2019-03-29,2822.HK,14.15999984741211,14.699999809265137,14.15999984741211,14.65999984741211,12.333586692810059,119360849
2019-04-01,2822.HK,14.84000015258789,15.079999923706055,14.819999694824219,15.0,12.61963176727295,107137078
2019-04-02,2822.HK,15.0,15.0600004196167,14.880000114440918,14.960000038146973,12.585978507995605,51723231
2019-04-03,2822.HK,15.0,15.180000305175781,14.899999618530273,15.140000343322754,12.73741340637207,58632187
2019-04-04,2822.HK,15.15999984741211,15.34000015258789,15.119999885559082,15.260000228881836,12.838371276855469,76103905
2019-04-08,2822.HK,15.399999618530273,15.5600004196167,15.180000305175781,15.300000190734863,12.872023582458496,65314136
2019-04-09,2822.HK,15.34000015258789,15.460000038146973,15.319999694824219,15.420000076293945,12.972979545593262,60147370
2019-04-10,2822.HK,15.380000114440918,15.600000381469727,15.260000228881836,15.5,13.04028606414795,56879645
2019-04-11,2822.HK,15.479999542236328,15.600000381469727,15.119999885559082,15.15999984741211,12.754240989685059,86930666
2019-04-12,2822.HK,15.15999984741211,15.220000267028809,15.020000457763672,15.220000267028809,12.804719924926758,75374650
2019-04-15,2822.HK,15.399999618530273,15.619999885559082,15.15999984741211,15.220000267028809,12.804719924926758,111381537
2019-04-16,2822.HK,15.199999809265137,15.739999771118164,15.140000343322754,15.699999809265137,13.20854663848877,103590018
2019-04-17,2822.HK,15.720000267028809,15.819999694824219,15.5600004196167,15.800000190734863,13.292677879333496,104590518
2019-04-18,2822.HK,15.720000267028809,15.760000228881836,15.619999885559082,15.619999885559082,13.141242027282715,77545473
2019-04-23,2822.HK,15.4399995803833,15.619999885559082,15.380000114440918,15.4399995803833,12.98980712890625,56816018
2019-04-24,2822.HK,15.5,15.579999923706055,15.199999809265137,15.380000114440918,12.939329147338867,73096615
2019-04-25,2822.HK,15.359999656677246,15.399999618530273,15.0,15.039999961853027,12.653282165527344,90413495
2019-04-26,2822.HK,15.0,15.180000305175781,14.920000076293945,14.960000038146973,12.585978507995605,71949118
2019-04-29,2822.HK,15.039999961853027,15.420000076293945,14.979999542236328,15.239999771118164,12.821544647216797,72884644
2019-04-30,2822.HK,15.180000305175781,15.300000190734863,15.100000381469727,15.220000267028809,12.804719924926758,52558570
2019-05-02,2822.HK,15.220000267028809,15.319999694824219,15.180000305175781,15.260000228881836,12.838371276855469,28941738
2019-05-03,2822.HK,15.180000305175781,15.260000228881836,15.0600004196167,15.260000228881836,12.838371276855469,34260875
2019-05-06,2822.HK,14.420000076293945,14.65999984741211,14.199999809265137,14.399999618530273,12.114845275878906,199042544
2019-05-07,2822.HK,14.520000457763672,14.600000381469727,14.279999732971191,14.479999542236328,12.182149887084961,97773800
2019-05-08,2822.HK,14.140000343322754,14.420000076293945,14.140000343322754,14.220000267028809,11.963411331176758,60608760
2019-05-09,2822.HK,14.140000343322754,14.140000343322754,13.720000267028809,13.760000228881836,11.576409339904785,107162016
2019-05-10,2822.HK,13.960000038146973,14.34000015258789,13.739999771118164,14.199999809265137,11.94658374786377,126271317
2019-05-14,2822.HK,13.600000381469727,14.020000457763672,13.600000381469727,13.859999656677246,11.660537719726562,115601203
2019-05-15,2822.HK,13.9399995803833,14.300000190734863,13.9399995803833,14.100000381469727,11.86245346069336,96280425
2019-05-16,2822.HK,14.079999923706055,14.239999771118164,14.0600004196167,14.15999984741211,11.912931442260742,67484191
2019-05-17,2822.HK,14.199999809265137,14.220000267028809,13.880000114440918,13.899999618530273,11.694190979003906,84330400
2019-05-20,2822.HK,13.920000076293945,14.0,13.699999809265137,13.779999732971191,11.593234062194824,140694655
2019-05-21,2822.HK,13.779999732971191,14.079999923706055,13.779999732971191,13.819999694824219,11.626887321472168,73354000
2019-05-22,2822.HK,13.899999618530273,13.9399995803833,13.779999732971191,13.84000015258789,11.64371395111084,63927764
2019-05-23,2822.HK,13.779999732971191,13.800000190734863,13.5600004196167,13.680000305175781,11.509102821350098,78319089
2019-05-24,2822.HK,13.739999771118164,13.880000114440918,13.680000305175781,13.779999732971191,11.593234062194824,36963592
2019-05-27,2822.HK,13.800000190734863,13.960000038146973,13.600000381469727,13.880000114440918,11.677364349365234,44508308
2019-05-28,2822.HK,13.899999618530273,14.079999923706055,13.84000015258789,13.880000114440918,11.677364349365234,44103105
2019-05-29,2822.HK,13.859999656677246,14.140000343322754,13.84000015258789,13.9399995803833,11.727843284606934,46374458
2019-05-30,2822.HK,14.020000457763672,14.020000457763672,13.800000190734863,13.920000076293945,11.711016654968262,50216466
2019-05-31,2822.HK,13.920000076293945,14.039999961853027,13.800000190734863,13.819999694824219,11.626887321472168,38728800
2019-06-03,2822.HK,13.920000076293945,14.0600004196167,13.84000015258789,13.899999618530273,11.694190979003906,53180519
2019-06-04,2822.HK,13.979999542236328,14.0,13.779999732971191,13.859999656677246,11.660537719726562,29225091
2019-06-05,2822.HK,14.0,14.020000457763672,13.84000015258789,13.880000114440918,11.677364349365234,43899235
2019-06-06,2822.HK,13.880000114440918,13.899999618530273,13.760000228881836,13.819999694824219,11.626887321472168,29132802
2019-06-10,2822.HK,13.9399995803833,14.020000457763672,13.819999694824219,13.960000038146973,11.744668960571289,50378586
2019-06-11,2822.HK,14.039999961853027,14.380000114440918,14.039999961853027,14.319999694824219,12.047541618347168,66358094
2019-06-12,2822.HK,14.260000228881836,14.279999732971191,14.15999984741211,14.239999771118164,11.980236053466797,32125253
2019-06-13,2822.HK,14.220000267028809,14.260000228881836,14.020000457763672,14.239999771118164,11.980236053466797,76787412
2019-06-14,2822.HK,14.220000267028809,14.300000190734863,14.079999923706055,14.119999885559082,11.879279136657715,24358189
2019-06-17,2822.HK,14.100000381469727,14.279999732971191,14.100000381469727,14.140000343322754,11.89610481262207,38050000
2019-06-18,2822.HK,14.220000267028809,14.239999771118164,14.119999885559082,14.180000305175781,11.929758071899414,42679154
2019-06-19,2822.HK,14.579999923706055,14.720000267028809,14.5,14.5600004196167,12.249455451965332,57299188
2019-06-20,2822.HK,14.619999885559082,15.119999885559082,14.5600004196167,15.119999885559082,12.720586776733398,109224924
2019-06-21,2822.HK,15.079999923706055,15.140000343322754,14.899999618530273,14.899999618530273,12.53549861907959,65272745
2019-06-24,2822.HK,14.920000076293945,15.079999923706055,14.920000076293945,14.979999542236328,12.602804183959961,57248680
2019-06-25,2822.HK,15.020000457763672,15.020000457763672,14.579999923706055,14.819999694824219,12.468194961547852,69482283
2019-06-26,2822.HK,14.720000267028809,14.800000190734863,14.680000305175781,14.739999771118164,12.400890350341797,25730938
2019-06-27,2822.HK,14.84000015258789,15.039999961853027,14.800000190734863,14.960000038146973,12.585978507995605,30523848
2019-06-28,2822.HK,14.960000038146973,15.0,14.84000015258789,14.979999542236328,12.602804183959961,36717873
2019-07-02,2822.HK,15.399999618530273,15.420000076293945,15.300000190734863,15.319999694824219,12.888848304748535,58825803
2019-07-03,2822.HK,15.260000228881836,15.300000190734863,15.079999923706055,15.180000305175781,12.771066665649414,30196581
2019-07-04,2822.HK,15.199999809265137,15.260000228881836,15.0600004196167,15.119999885559082,12.720586776733398,26623281
2019-07-05,2822.HK,15.15999984741211,15.239999771118164,15.079999923706055,15.180000305175781,12.771066665649414,23785218
2019-07-08,2822.HK,15.079999923706055,15.100000381469727,14.739999771118164,14.899999618530273,12.53549861907959,49412545
2019-07-09,2822.HK,14.899999618530273,14.9399995803833,14.819999694824219,14.819999694824219,12.468194961547852,25775988
2019-07-10,2822.HK,14.9399995803833,14.960000038146973,14.800000190734863,14.880000114440918,12.518674850463867,21724141
2019-07-11,2822.HK,15.020000457763672,15.140000343322754,14.920000076293945,14.9399995803833,12.56915283203125,50659992
2019-07-12,2822.HK,14.9399995803833,15.140000343322754,14.9399995803833,15.0600004196167,12.670110702514648,60711537
2019-07-15,2822.HK,15.039999961853027,15.15999984741211,14.760000228881836,15.079999923706055,12.686935424804688,70297348
2019-07-16,2822.HK,15.0600004196167,15.079999923706055,14.920000076293945,14.960000038146973,12.585978507995605,61160170
2019-07-17,2822.HK,14.899999618530273,14.9399995803833,14.800000190734863,14.899999618530273,12.53549861907959,34002692
2019-07-18,2822.HK,14.84000015258789,14.880000114440918,14.800000190734863,14.84000015258789,12.485021591186523,25901472
2019-07-19,2822.HK,14.899999618530273,15.0600004196167,14.899999618530273,15.0,12.61963176727295,52311849
2019-07-22,2822.HK,14.979999542236328,15.039999961853027,14.880000114440918,14.9399995803833,12.56915283203125,47521102
2019-07-23,2822.HK,14.979999542236328,14.979999542236328,14.880000114440918,14.9399995803833,12.56915283203125,25042474
2019-07-24,2822.HK,15.0,15.140000343322754,14.979999542236328,15.020000457763672,12.636457443237305,38140135
2019-07-25,2822.HK,15.100000381469727,15.220000267028809,15.039999961853027,15.199999809265137,12.787893295288086,41310702
2019-07-26,2822.HK,15.15999984741211,15.239999771118164,15.140000343322754,15.220000267028809,12.804719924926758,19086693
2019-07-29,2822.HK,15.180000305175781,15.220000267028809,15.119999885559082,15.180000305175781,12.771066665649414,35972873
2019-07-30,2822.HK,15.199999809265137,15.359999656677246,15.199999809265137,15.260000228881836,12.838371276855469,25257109
2019-07-31,2822.HK,15.199999809265137,15.199999809265137,15.0600004196167,15.119999885559082,12.720586776733398,43702764
2019-08-01,2822.HK,14.979999542236328,15.039999961853027,14.84000015258789,14.880000114440918,12.518674850463867,35367000
2019-08-02,2822.HK,14.399999618530273,14.600000381469727,14.399999618530273,14.520000457763672,12.215802192687988,59059460
2019-08-05,2822.HK,14.359999656677246,14.359999656677246,14.0600004196167,14.100000381469727,11.86245346069336,81351687
2019-08-06,2822.HK,13.739999771118164,14.079999923706055,13.739999771118164,14.020000457763672,11.795148849487305,58937065
2019-08-07,2822.HK,14.0600004196167,14.079999923706055,13.920000076293945,13.979999542236328,11.761496543884277,49686659
2019-08-08,2822.HK,14.039999961853027,14.180000305175781,14.039999961853027,14.140000343322754,11.89610481262207,28579839
2019-08-09,2822.HK,14.199999809265137,14.220000267028809,14.020000457763672,14.039999961853027,11.811975479125977,18736949
2019-08-12,2822.HK,14.039999961853027,14.300000190734863,14.039999961853027,14.199999809265137,11.94658374786377,15113474
2019-08-13,2822.HK,14.140000343322754,14.260000228881836,14.079999923706055,14.119999885559082,11.879279136657715,25952875
2019-08-14,2822.HK,14.479999542236328,14.5,14.300000190734863,14.34000015258789,12.064367294311523,23373118
2019-08-15,2822.HK,14.180000305175781,14.359999656677246,14.079999923706055,14.319999694824219,12.047541618347168,26619486
2019-08-16,2822.HK,14.34000015258789,14.5,14.260000228881836,14.420000076293945,12.131671905517578,34546693
2019-08-19,2822.HK,14.520000457763672,14.65999984741211,14.4399995803833,14.65999984741211,12.333586692810059,53973772
2019-08-20,2822.HK,14.539999961853027,14.65999984741211,14.539999961853027,14.619999885559082,12.299934387207031,25684306
2019-08-21,2822.HK,14.600000381469727,14.680000305175781,14.600000381469727,14.680000305175781,12.350411415100098,22289059
2019-08-22,2822.HK,14.680000305175781,14.680000305175781,14.5600004196167,14.619999885559082,12.299934387207031,13617600
2019-08-23,2822.HK,14.600000381469727,14.800000190734863,14.5600004196167,14.779999732971191,12.43454360961914,33305924
2019-08-26,2822.HK,14.5,14.5,14.279999732971191,14.399999618530273,12.114845275878906,57329969
2019-08-27,2822.HK,14.460000038146973,14.600000381469727,14.399999618530273,14.4399995803833,12.148497581481934,33930168
2019-08-28,2822.HK,14.520000457763672,14.520000457763672,14.359999656677246,14.399999618530273,12.114845275878906,16148571
2019-08-29,2822.HK,14.399999618530273,14.479999542236328,14.260000228881836,14.4399995803833,12.148497581481934,26909750
2019-08-30,2822.HK,14.520000457763672,14.5600004196167,14.399999618530273,14.539999961853027,12.23262882232666,37506356
2019-09-02,2822.HK,14.460000038146973,14.619999885559082,14.4399995803833,14.600000381469727,12.283109664916992,38372310
2019-09-03,2822.HK,14.539999961853027,14.579999923706055,14.479999542236328,14.539999961853027,12.23262882232666,20734467
2019-09-04,2822.HK,14.539999961853027,14.779999732971191,14.539999961853027,14.760000228881836,12.417716026306152,39695455
2019-09-05,2822.HK,14.859999656677246,15.100000381469727,14.859999656677246,14.899999618530273,12.53549861907959,48861738
2019-09-06,2822.HK,14.979999542236328,15.079999923706055,14.880000114440918,15.079999923706055,12.686935424804688,53770641
2019-09-09,2822.HK,15.180000305175781,15.180000305175781,15.020000457763672,15.039999961853027,12.653282165527344,34508317
2019-09-10,2822.HK,15.079999923706055,15.140000343322754,14.9399995803833,14.960000038146973,12.585978507995605,26470627
2019-09-11,2822.HK,15.039999961853027,15.039999961853027,14.84000015258789,14.899999618530273,12.53549861907959,32862225
2019-09-12,2822.HK,15.039999961853027,15.140000343322754,14.979999542236328,15.100000381469727,12.70376205444336,39538575
2019-09-13,2822.HK,15.140000343322754,15.239999771118164,15.100000381469727,15.220000267028809,12.804719924926758,14797528
2019-09-16,2822.HK,15.220000267028809,15.220000267028809,15.0,15.100000381469727,12.70376205444336,48398977
2019-09-17,2822.HK,15.100000381469727,15.100000381469727,14.760000228881836,14.84000015258789,12.485021591186523,20685145
2019-09-18,2822.HK,14.899999618530273,15.020000457763672,14.880000114440918,14.9399995803833,12.56915283203125,14925273
2019-09-19,2822.HK,15.0,15.0,14.84000015258789,14.9399995803833,12.56915283203125,27237400
2019-09-20,2822.HK,15.0,15.0600004196167,14.9399995803833,14.979999542236328,12.602804183959961,17167779
2019-09-23,2822.HK,14.899999618530273,14.899999618530273,14.720000267028809,14.739999771118164,12.400890350341797,40381160
2019-09-24,2822.HK,14.779999732971191,14.899999618530273,14.760000228881836,14.819999694824219,12.468194961547852,16768536
2019-09-25,2822.HK,14.779999732971191,14.84000015258789,14.720000267028809,14.720000267028809,12.384064674377441,19410500
2019-09-26,2822.HK,14.779999732971191,14.859999656677246,14.739999771118164,14.760000228881836,12.417716026306152,25910849
2019-09-27,2822.HK,14.760000228881836,14.760000228881836,14.680000305175781,14.739999771118164,12.400890350341797,19197540
2019-09-30,2822.HK,14.640000343322754,14.739999771118164,14.539999961853027,14.600000381469727,12.283109664916992,46330114
2019-10-02,2822.HK,14.600000381469727,14.600000381469727,14.479999542236328,14.5,12.198976516723633,10137280
2019-10-03,2822.HK,14.460000038146973,14.479999542236328,14.380000114440918,14.460000038146973,12.165324211120605,14425217
2019-10-04,2822.HK,14.520000457763672,14.579999923706055,14.420000076293945,14.460000038146973,12.165324211120605,18399802
2019-10-08,2822.HK,14.520000457763672,14.819999694824219,14.520000457763672,14.699999809265137,12.367237091064453,34270080
2019-10-09,2822.HK,14.5600004196167,14.720000267028809,14.5600004196167,14.699999809265137,12.367237091064453,23786244
2019-10-10,2822.HK,14.65999984741211,14.819999694824219,14.65999984741211,14.779999732971191,12.43454360961914,25502721
2019-10-11,2822.HK,14.9399995803833,15.079999923706055,14.880000114440918,15.0600004196167,12.670110702514648,41507582
2019-10-14,2822.HK,15.119999885559082,15.399999618530273,15.119999885559082,15.239999771118164,12.821544647216797,41865154
2019-10-15,2822.HK,15.279999732971191,15.279999732971191,15.220000267028809,15.260000228881836,12.838371276855469,34895609
2019-10-16,2822.HK,15.180000305175781,15.34000015258789,15.119999885559082,15.140000343322754,12.73741340637207,30016132
2019-10-17,2822.HK,15.140000343322754,15.239999771118164,15.140000343322754,15.239999771118164,12.821544647216797,31122563
2019-10-18,2822.HK,15.260000228881836,15.34000015258789,14.960000038146973,14.979999542236328,12.602804183959961,37092697
2019-10-21,2822.HK,14.979999542236328,15.140000343322754,14.979999542236328,15.119999885559082,12.720586776733398,25540611
2019-10-22,2822.HK,15.15999984741211,15.180000305175781,15.020000457763672,15.100000381469727,12.70376205444336,22451902
2019-10-23,2822.HK,15.079999923706055,15.100000381469727,14.9399995803833,15.020000457763672,12.636457443237305,24288124
2019-10-24,2822.HK,15.0600004196167,15.15999984741211,15.0,15.0600004196167,12.670110702514648,13940000
2019-10-25,2822.HK,15.020000457763672,15.079999923706055,14.880000114440918,15.020000457763672,12.636457443237305,11352634
2019-10-28,2822.HK,15.100000381469727,15.199999809265137,15.0600004196167,15.140000343322754,12.73741340637207,26998133
2019-10-29,2822.HK,15.15999984741211,15.180000305175781,15.100000381469727,15.140000343322754,12.73741340637207,16373400
2019-10-30,2822.HK,15.100000381469727,15.140000343322754,14.979999542236328,15.0,12.61963176727295,28989536
2019-10-31,2822.HK,15.039999961853027,15.140000343322754,15.039999961853027,15.100000381469727,12.70376205444336,20529319
2019-11-01,2822.HK,15.039999961853027,15.380000114440918,15.020000457763672,15.359999656677246,12.922501564025879,23592513
2019-11-04,2822.HK,15.420000076293945,15.5600004196167,15.420000076293945,15.539999961853027,13.07393741607666,26714584
2019-11-05,2822.HK,15.520000457763672,15.739999771118164,15.460000038146973,15.65999984741211,13.174894332885742,45767045
2019-11-06,2822.HK,15.640000343322754,15.65999984741211,15.539999961853027,15.5600004196167,13.090764999389648,17777314
2019-11-07,2822.HK,15.539999961853027,15.720000267028809,15.460000038146973,15.640000343322754,13.158068656921387,23818823
2019-11-08,2822.HK,15.720000267028809,15.739999771118164,15.5,15.579999923706055,13.107589721679688,12543954
2019-11-11,2822.HK,15.5,15.5,15.199999809265137,15.239999771118164,12.821544647216797,36295189
2019-11-12,2822.HK,15.34000015258789,15.34000015258789,15.140000343322754,15.239999771118164,12.821544647216797,21616834
2019-11-13,2822.HK,15.199999809265137,15.199999809265137,15.100000381469727,15.180000305175781,12.771066665649414,16740640
2019-11-14,2822.HK,15.119999885559082,15.220000267028809,15.100000381469727,15.180000305175781,12.771066665649414,28802917
2019-11-15,2822.HK,15.300000190734863,15.300000190734863,15.140000343322754,15.15999984741211,12.754240989685059,10556060
2019-11-18,2822.HK,15.140000343322754,15.279999732971191,15.100000381469727,15.279999732971191,12.85519790649414,29107097
2019-11-19,2822.HK,15.199999809265137,15.34000015258789,15.180000305175781,15.34000015258789,12.905675888061523,14742126
2019-11-20,2822.HK,15.239999771118164,15.260000228881836,15.119999885559082,15.140000343322754,12.73741340637207,26129700
2019-11-21,2822.HK,15.100000381469727,15.100000381469727,14.9399995803833,15.0,12.61963176727295,23174440
2019-11-22,2822.HK,15.079999923706055,15.140000343322754,14.819999694824219,14.880000114440918,12.518674850463867,26514400
2019-11-25,2822.HK,14.9399995803833,15.039999961853027,14.920000076293945,15.039999961853027,12.653282165527344,51992070
2019-11-26,2822.HK,15.0600004196167,15.15999984741211,15.0,15.0,12.61963176727295,35587359
2019-11-27,2822.HK,15.0600004196167,15.100000381469727,15.0,15.079999923706055,12.686935424804688,25074236
2019-11-28,2822.HK,15.079999923706055,15.079999923706055,14.9399995803833,14.960000038146973,12.585978507995605,21303170
2019-11-29,2822.HK,14.960000038146973,14.960000038146973,14.680000305175781,14.739999771118164,12.400890350341797,33234800
2019-12-02,2822.HK,14.779999732971191,14.84000015258789,14.739999771118164,14.779999732971191,12.43454360961914,17777866
2019-12-03,2822.HK,14.760000228881836,14.84000015258789,14.680000305175781,14.819999694824219,12.468194961547852,10283668
2019-12-04,2822.HK,14.680000305175781,14.760000228881836,14.680000305175781,14.739999771118164,12.400890350341797,15217600
2019-12-05,2822.HK,14.819999694824219,14.920000076293945,14.800000190734863,14.899999618530273,12.53549861907959,25815898
2019-12-06,2822.HK,14.899999618530273,15.0600004196167,14.899999618530273,15.039999961853027,12.653282165527344,24359325
2019-12-09,2822.HK,15.0600004196167,15.0600004196167,14.960000038146973,15.0,12.61963176727295,24276591
2019-12-10,2822.HK,14.920000076293945,15.0,14.920000076293945,14.979999542236328,12.602804183959961,12153940
2019-12-11,2822.HK,15.0,15.0600004196167,14.9399995803833,15.039999961853027,12.653282165527344,14414057
2019-12-12,2822.HK,15.020000457763672,15.079999923706055,14.960000038146973,14.979999542236328,12.602804183959961,26335721
2019-12-13,2822.HK,15.319999694824219,15.460000038146973,15.279999732971191,15.420000076293945,12.972979545593262,67334441
2019-12-16,2822.HK,15.260000228881836,15.319999694824219,15.239999771118164,15.279999732971191,12.85519790649414,41262526
2019-12-17,2822.HK,15.380000114440918,15.600000381469727,15.279999732971191,15.460000038146973,13.006632804870605,50112400
2019-12-18,2822.HK,15.5,15.539999961853027,15.420000076293945,15.460000038146973,13.006632804870605,24084793
2019-12-19,2822.HK,15.479999542236328,15.520000457763672,15.420000076293945,15.420000076293945,12.972979545593262,28701513
2019-12-20,2822.HK,15.100000381469727,15.15999984741211,15.039999961853027,15.0600004196167,12.979654312133789,29871589
2019-12-23,2822.HK,15.079999923706055,15.119999885559082,14.880000114440918,14.899999618530273,12.841753005981445,21533052
2019-12-24,2822.HK,14.899999618530273,14.920000076293945,14.859999656677246,14.920000076293945,12.858991622924805,9316000
2019-12-27,2822.HK,15.039999961853027,15.180000305175781,15.020000457763672,15.0600004196167,12.979654312133789,25177243
2019-12-30,2822.HK,15.0600004196167,15.300000190734863,15.0,15.279999732971191,13.169262886047363,35757470
2019-12-31,2822.HK,15.279999732971191,15.279999732971191,15.279999732971191,15.279999732971191,13.169262886047363,0
2020-01-02,2822.HK,15.359999656677246,15.579999923706055,15.359999656677246,15.520000457763672,13.376110076904297,38196355
2020-01-03,2822.HK,15.600000381469727,15.600000381469727,15.34000015258789,15.359999656677246,13.238210678100586,38149116
2020-01-06,2822.HK,15.34000015258789,15.420000076293945,15.140000343322754,15.260000228881836,13.15202522277832,24017075
2020-01-07,2822.HK,15.319999694824219,15.420000076293945,15.300000190734863,15.399999618530273,13.272686004638672,24805100
2020-01-08,2822.HK,15.279999732971191,15.380000114440918,15.220000267028809,15.279999732971191,13.169262886047363,25521465
2020-01-09,2822.HK,15.420000076293945,15.520000457763672,15.420000076293945,15.5,13.358872413635254,27456919
2020-01-10,2822.HK,15.539999961853027,15.539999961853027,15.399999618530273,15.460000038146973,13.324398040771484,17063608
2020-01-13,2822.HK,15.5,15.680000305175781,15.5,15.65999984741211,13.496769905090332,42562426
2020-01-14,2822.HK,15.800000190734863,15.800000190734863,15.579999923706055,15.579999923706055,13.427821159362793,21757823
2020-01-15,2822.HK,15.699999809265137,15.699999809265137,15.460000038146973,15.479999542236328,13.341635704040527,25046226
2020-01-16,2822.HK,15.539999961853027,15.539999961853027,15.380000114440918,15.4399995803833,13.307161331176758,20323000
2020-01-17,2822.HK,15.479999542236328,15.579999923706055,15.420000076293945,15.539999961853027,13.393346786499023,22412735
2020-01-20,2822.HK,15.579999923706055,15.600000381469727,15.5,15.520000457763672,13.376110076904297,31976773
2020-01-21,2822.HK,15.420000076293945,15.420000076293945,15.0600004196167,15.0600004196167,12.979654312133789,71999880
2020-01-22,2822.HK,15.100000381469727,15.220000267028809,14.859999656677246,15.140000343322754,13.048602104187012,33851305
2020-01-23,2822.HK,15.0600004196167,15.0600004196167,14.539999961853027,14.65999984741211,12.634908676147461,95596700
2020-01-24,2822.HK,14.640000343322754,14.760000228881836,14.640000343322754,14.739999771118164,12.703856468200684,13748137
2020-01-29,2822.HK,13.979999542236328,14.140000343322754,13.960000038146973,14.039999961853027,12.100554466247559,98734794
2020-01-30,2822.HK,13.920000076293945,14.020000457763672,13.420000076293945,13.5,11.635146141052246,61200398
2020-01-31,2822.HK,13.779999732971191,13.779999732971191,13.5600004196167,13.579999923706055,11.704096794128418,53292472
2020-02-03,2822.HK,13.539999961853027,13.720000267028809,13.15999984741211,13.260000228881836,11.428300857543945,88029295
2020-02-04,2822.HK,13.359999656677246,13.880000114440918,13.359999656677246,13.84000015258789,11.928180694580078,75357143
2020-02-05,2822.HK,13.899999618530273,14.0600004196167,13.819999694824219,13.960000038146973,12.031603813171387,60612090
2020-02-06,2822.HK,14.279999732971191,14.359999656677246,14.039999961853027,14.239999771118164,12.27292537689209,77362832
2020-02-07,2822.HK,14.180000305175781,14.180000305175781,14.039999961853027,14.140000343322754,12.186738014221191,72726624
2020-02-10,2822.HK,13.979999542236328,14.180000305175781,13.960000038146973,14.119999885559082,12.169501304626465,80450604
2020-02-11,2822.HK,14.180000305175781,14.4399995803833,14.180000305175781,14.319999694824219,12.341875076293945,87262184
2020-02-12,2822.HK,14.399999618530273,14.460000038146973,14.319999694824219,14.399999618530273,12.410822868347168,58329949
2020-02-13,2822.HK,14.34000015258789,14.5,14.279999732971191,14.300000190734863,12.324636459350586,37977248
2020-02-14,2822.HK,14.279999732971191,14.4399995803833,14.279999732971191,14.399999618530273,12.410822868347168,30817882
2020-02-17,2822.HK,14.380000114440918,14.640000343322754,14.380000114440918,14.579999923706055,12.565958023071289,34458061
2020-02-18,2822.HK,14.520000457763672,14.5600004196167,14.380000114440918,14.399999618530273,12.410822868347168,36365000
2020-02-19,2822.HK,14.420000076293945,14.539999961853027,14.380000114440918,14.4399995803833,12.445298194885254,22996972
2020-02-20,2822.HK,14.5,14.739999771118164,14.420000076293945,14.680000305175781,12.652144432067871,59465245
2020-02-21,2822.HK,14.5600004196167,14.720000267028809,14.539999961853027,14.5600004196167,12.548721313476562,44574249
2020-02-24,2822.HK,14.5,14.539999961853027,14.34000015258789,14.399999618530273,12.410822868347168,48690360
2020-02-25,2822.HK,14.239999771118164,14.399999618530273,14.180000305175781,14.359999656677246,12.376348495483398,67103530
2020-02-26,2822.HK,14.180000305175781,14.460000038146973,14.15999984741211,14.359999656677246,12.376348495483398,90321027
2020-02-27,2822.HK,14.380000114440918,14.539999961853027,14.359999656677246,14.520000457763672,12.514246940612793,48251400
2020-02-28,2822.HK,14.34000015258789,14.34000015258789,13.979999542236328,13.979999542236328,12.04884147644043,63656082
2020-03-02,2822.HK,14.079999923706055,14.579999923706055,14.079999923706055,14.4399995803833,12.445298194885254,51186526
2020-03-03,2822.HK,14.600000381469727,14.720000267028809,14.5,14.520000457763672,12.514246940612793,46911669
2020-03-04,2822.HK,14.600000381469727,14.720000267028809,14.520000457763672,14.680000305175781,12.652144432067871,29756190
2020-03-05,2822.HK,14.779999732971191,15.140000343322754,14.739999771118164,15.079999923706055,12.9968900680542,53899606
2020-03-06,2822.HK,14.9399995803833,15.0,14.760000228881836,14.819999694824219,12.772806167602539,41677998
2020-03-09,2822.HK,14.779999732971191,14.779999732971191,14.779999732971191,14.779999732971191,12.73833179473877,0
2020-03-10,2822.HK,14.199999809265137,14.199999809265137,14.199999809265137,14.199999809265137,12.238450050354004,0
2020-03-11,2822.HK,14.619999885559082,14.619999885559082,14.619999885559082,14.619999885559082,12.600432395935059,0
2020-03-12,2822.HK,14.479999542236328,14.479999542236328,14.479999542236328,14.479999542236328,12.479772567749023,0
2020-03-13,2822.HK,14.279999732971191,14.279999732971191,14.279999732971191,14.279999732971191,12.307398796081543,0
2020-03-16,2822.HK,14.079999923706055,14.079999923706055,14.079999923706055,14.079999923706055,12.135026931762695,0
2020-03-17,2822.HK,13.279999732971191,13.279999732971191,13.279999732971191,13.279999732971191,11.445536613464355,0
2020-03-18,2822.HK,13.359999656677246,13.359999656677246,13.359999656677246,13.359999656677246,11.514485359191895,0
2020-03-19,2822.HK,12.699999809265137,12.800000190734863,12.119999885559082,12.5,10.773284912109375,61148711
2020-03-20,2822.HK,12.680000305175781,12.920000076293945,12.5600004196167,12.899999618530273,11.11802864074707,47067411
2020-03-23,2822.HK,12.359999656677246,12.5,12.260000228881836,12.319999694824219,10.618147850036621,38737118
2020-03-24,2822.HK,12.65999984741211,12.859999656677246,12.579999923706055,12.819999694824219,11.049079895019531,54615000
2020-03-25,2822.HK,13.140000343322754,13.300000190734863,13.0600004196167,13.119999885559082,11.307638168334961,60099658
2020-03-26,2822.HK,13.0600004196167,13.199999809265137,12.960000038146973,13.039999961853027,11.238690376281738,30117880
2020-03-27,2822.HK,13.300000190734863,13.380000114440918,13.180000305175781,13.220000267028809,11.39382553100586,46707066
2020-03-30,2822.HK,13.0600004196167,13.140000343322754,12.960000038146973,13.0600004196167,11.255927085876465,40560476
2020-03-31,2822.HK,13.279999732971191,13.279999732971191,13.020000457763672,13.100000381469727,11.290401458740234,42360460
2020-04-01,2822.HK,13.119999885559082,13.300000190734863,13.0,13.020000457763672,11.221453666687012,58541677
2020-04-02,2822.HK,12.899999618530273,13.199999809265137,12.880000114440918,13.199999809265137,11.376588821411133,25247800
2020-04-03,2822.HK,13.260000228881836,13.260000228881836,13.100000381469727,13.199999809265137,11.376588821411133,23832283
2020-04-06,2822.HK,13.260000228881836,13.479999542236328,13.199999809265137,13.420000076293945,11.566198348999023,18764984
2020-04-07,2822.HK,13.5,13.579999923706055,13.359999656677246,13.5600004196167,11.686859130859375,30039323
2020-04-08,2822.HK,13.420000076293945,13.4399995803833,13.319999694824219,13.359999656677246,11.514485359191895,14034949
2020-04-09,2822.HK,13.479999542236328,13.479999542236328,13.34000015258789,13.420000076293945,11.566198348999023,19963913
2020-04-14,2822.HK,13.420000076293945,13.579999923706055,13.420000076293945,13.539999961853027,11.669621467590332,19517491
2020-04-15,2822.HK,13.5600004196167,13.600000381469727,13.359999656677246,13.399999618530273,11.548959732055664,13269482
2020-04-16,2822.HK,13.300000190734863,13.460000038146973,13.300000190734863,13.399999618530273,11.548959732055664,17595143
2020-04-17,2822.HK,13.520000457763672,13.680000305175781,13.520000457763672,13.539999961853027,11.669621467590332,32862271
2020-04-20,2822.HK,13.600000381469727,13.640000343322754,13.520000457763672,13.600000381469727,11.721333503723145,30861353
2020-04-21,2822.HK,13.579999923706055,13.600000381469727,13.34000015258789,13.359999656677246,11.514485359191895,33887400
2020-04-22,2822.HK,13.300000190734863,13.5600004196167,13.300000190734863,13.539999961853027,11.669621467590332,30987540
2020-04-23,2822.HK,13.5600004196167,13.65999984741211,13.5,13.520000457763672,11.652383804321289,28910249
2020-04-24,2822.HK,13.479999542236328,13.520000457763672,13.4399995803833,13.479999542236328,11.61790943145752,22008700
2020-04-27,2822.HK,13.520000457763672,13.699999809265137,13.520000457763672,13.65999984741211,11.773045539855957,30351200
2020-04-28,2822.HK,13.65999984741211,13.779999732971191,13.5600004196167,13.779999732971191,11.87646770477295,18543408
2020-04-29,2822.HK,13.779999732971191,13.899999618530273,13.779999732971191,13.84000015258789,11.928180694580078,15841631
2020-05-04,2822.HK,13.399999618530273,13.399999618530273,13.279999732971191,13.279999732971191,11.445536613464355,19056400
2020-05-05,2822.HK,13.359999656677246,13.460000038146973,13.34000015258789,13.4399995803833,11.58343505859375,17812798
2020-05-06,2822.HK,13.460000038146973,13.859999656677246,13.460000038146973,13.779999732971191,11.87646770477295,24569255
2020-05-07,2822.HK,13.739999771118164,13.880000114440918,13.739999771118164,13.859999656677246,11.945416450500488,17849359
2020-05-08,2822.HK,13.9399995803833,14.0600004196167,13.899999618530273,14.020000457763672,12.0833158493042,19502612
2020-05-11,2822.HK,14.0600004196167,14.199999809265137,14.0,14.039999961853027,12.100554466247559,12272113
2020-05-12,2822.HK,13.960000038146973,14.039999961853027,13.9399995803833,14.0,12.066078186035156,13029394
2020-05-13,2822.HK,13.9399995803833,14.039999961853027,13.880000114440918,13.9399995803833,12.014366149902344,19663494
2020-05-14,2822.HK,13.9399995803833,13.9399995803833,13.819999694824219,13.84000015258789,11.928180694580078,10724271
2020-05-15,2822.HK,13.859999656677246,13.920000076293945,13.720000267028809,13.779999732971191,11.87646770477295,11359210
2020-05-18,2822.HK,13.760000228881836,13.880000114440918,13.720000267028809,13.84000015258789,11.928180694580078,11812875
2020-05-19,2822.HK,14.0,14.020000457763672,13.859999656677246,13.880000114440918,11.962654113769531,18647400
2020-05-20,2822.HK,13.899999618530273,13.960000038146973,13.880000114440918,13.880000114440918,11.962654113769531,11620416
2020-05-21,2822.HK,13.920000076293945,13.979999542236328,13.819999694824219,13.84000015258789,11.928180694580078,19325977
2020-05-22,2822.HK,13.779999732971191,13.779999732971191,13.420000076293945,13.460000038146973,11.600671768188477,44056991
2020-05-25,2822.HK,13.460000038146973,13.539999961853027,13.359999656677246,13.520000457763672,11.652383804321289,26396416
2020-05-26,2822.HK,13.65999984741211,13.699999809265137,13.600000381469727,13.699999809265137,11.807519912719727,19836720
2020-05-27,2822.HK,13.699999809265137,13.739999771118164,13.5600004196167,13.600000381469727,11.721333503723145,17995873
2020-05-28,2822.HK,13.579999923706055,13.760000228881836,13.5,13.600000381469727,11.721333503723145,47320218
2020-05-29,2822.HK,13.5,13.65999984741211,13.479999542236328,13.600000381469727,11.721333503723145,15703316
2020-06-01,2822.HK,13.670000076293945,14.0600004196167,13.670000076293945,13.970000267028809,12.040223121643066,25978876
2020-06-02,2822.HK,13.989999771118164,14.180000305175781,13.989999771118164,14.109999656677246,12.160882949829102,18339755
2020-06-03,2822.HK,14.239999771118164,14.380000114440918,14.170000076293945,14.210000038146973,12.247069358825684,20867344
2020-06-04,2822.HK,14.25,14.270000457763672,14.130000114440918,14.15999984741211,12.203975677490234,25380382
2020-06-05,2822.HK,14.210000038146973,14.34000015258789,14.130000114440918,14.34000015258789,12.359110832214355,16859984
2020-06-08,2822.HK,14.359999656677246,14.5,14.359999656677246,14.380000114440918,12.393587112426758,21655317
2020-06-09,2822.HK,14.420000076293945,14.529999732971191,14.399999618530273,14.40999984741211,12.419442176818848,18306204
2020-06-10,2822.HK,14.430000305175781,14.5,14.420000076293945,14.430000305175781,12.436680793762207,16090382
2020-06-11,2822.HK,14.430000305175781,14.4399995803833,14.1899995803833,14.210000038146973,12.247069358825684,31038016
2020-06-12,2822.HK,14.069999694824219,14.3100004196167,14.0600004196167,14.300000190734863,12.324636459350586,39611383
2020-06-15,2822.HK,14.199999809265137,14.210000038146973,13.960000038146973,14.020000457763672,12.0833158493042,26372485
2020-06-16,2822.HK,14.229999542236328,14.3100004196167,14.210000038146973,14.260000228881836,12.29016399383545,28714713
2020-06-17,2822.HK,14.25,14.25,14.149999618530273,14.229999542236328,12.26430606842041,21515338
2020-06-18,2822.HK,14.260000228881836,14.369999885559082,14.140000343322754,14.369999885559082,12.384966850280762,9685886
2020-06-19,2822.HK,14.369999885559082,14.579999923706055,14.319999694824219,14.460000038146973,12.462536811828613,28426974
2020-06-22,2822.HK,14.460000038146973,14.5600004196167,14.399999618530273,14.460000038146973,12.462536811828613,9462075
2020-06-23,2822.HK,14.4399995803833,14.539999961853027,14.270000457763672,14.539999961853027,12.53148365020752,22034740
2020-06-24,2822.HK,14.579999923706055,14.65999984741211,14.5600004196167,14.5600004196167,12.548721313476562,19184014
2020-06-26,2822.HK,14.479999542236328,14.529999732971191,14.470000267028809,14.479999542236328,12.479772567749023,13532410
2020-06-29,2822.HK,14.479999542236328,14.600000381469727,14.380000114440918,14.449999809265137,12.4539155960083,25089826
2020-06-30,2822.HK,14.510000228881836,14.619999885559082,14.479999542236328,14.550000190734863,12.5401029586792,36497277
2020-07-02,2822.HK,14.899999618530273,15.40999984741211,14.899999618530273,15.399999618530273,13.272686004638672,45378044
2020-07-03,2822.HK,15.420000076293945,15.6899995803833,15.40999984741211,15.640000343322754,13.479533195495605,41866462
2020-07-06,2822.HK,15.829999923706055,16.90999984741211,15.829999923706055,16.8700008392334,14.53962516784668,99324602
2020-07-07,2822.HK,17.270000457763672,17.31999969482422,16.809999465942383,16.81999969482422,14.49653148651123,136293950
2020-07-08,2822.HK,17.059999465942383,17.270000457763672,16.850000381469727,17.100000381469727,14.73785400390625,66633271
2020-07-09,2822.HK,17.229999542236328,17.270000457763672,17.010000228881836,17.209999084472656,14.832657814025879,44673615
2020-07-10,2822.HK,17.100000381469727,17.110000610351562,16.690000534057617,16.81999969482422,14.49653148651123,38510798
2020-07-13,2822.HK,16.899999618530273,17.25,16.760000228881836,17.020000457763672,14.668904304504395,54930666
2020-07-14,2822.HK,16.989999771118164,17.06999969482422,16.6200008392334,16.760000228881836,14.444820404052734,31979045
2020-07-15,2822.HK,16.969999313354492,17.020000457763672,16.670000076293945,16.729999542236328,14.418963432312012,23559456
2020-07-16,2822.HK,16.799999237060547,16.84000015258789,15.9399995803833,15.970000267028809,13.763948440551758,45942164
2020-07-17,2822.HK,16.09000015258789,16.34000015258789,15.970000267028809,16.1200008392334,13.893228530883789,55430837
2020-07-20,2822.HK,16.200000762939453,16.610000610351562,16.079999923706055,16.510000228881836,14.229353904724121,27867985
2020-07-21,2822.HK,16.700000762939453,16.700000762939453,16.459999084472656,16.59000015258789,14.298303604125977,20237263
2020-07-22,2822.HK,16.59000015258789,16.969999313354492,16.34000015258789,16.34000015258789,14.082839012145996,50998324
2020-07-23,2822.HK,16.450000762939453,16.6200008392334,16.209999084472656,16.520000457763672,14.237972259521484,21604413
2020-07-24,2822.HK,16.43000030517578,16.43000030517578,15.699999809265137,15.779999732971191,13.600193977355957,49739681
2020-07-27,2822.HK,15.899999618530273,16.040000915527344,15.760000228881836,15.819999694824219,13.634668350219727,26101336
2020-07-28,2822.HK,15.960000038146973,16.170000076293945,15.960000038146973,16.030000686645508,13.81566047668457,21003732
2020-07-29,2822.HK,16.0,16.309999465942383,15.979999542236328,16.309999465942383,14.056981086730957,45017667
2020-07-30,2822.HK,16.309999465942383,16.399999618530273,16.09000015258789,16.110000610351562,13.88460922241211,23790261
2020-07-31,2822.HK,16.200000762939453,16.530000686645508,16.049999237060547,16.25,14.005269050598145,30791380
2020-08-03,2822.HK,16.459999084472656,16.520000457763672,16.290000915527344,16.450000762939453,14.177641868591309,14940215
2020-08-04,2822.HK,16.520000457763672,16.670000076293945,16.40999984741211,16.549999237060547,14.26382827758789,20637663
2020-08-05,2822.HK,16.56999969482422,16.56999969482422,16.34000015258789,16.5,14.220734596252441,30901776
2020-08-06,2822.HK,16.559999465942383,16.65999984741211,16.260000228881836,16.459999084472656,14.186260223388672,25514475
2020-08-07,2822.HK,16.399999618530273,16.440000534057617,16.059999465942383,16.270000457763672,14.022506713867188,27992649
2020-08-10,2822.HK,16.209999084472656,16.479999542236328,16.079999923706055,16.34000015258789,14.082839012145996,20809971
2020-08-11,2822.HK,16.40999984741211,16.739999771118164,16.329999923706055,16.40999984741211,14.143166542053223,18534394
2020-08-12,2822.HK,16.3799991607666,16.43000030517578,16.139999389648438,16.3700008392334,14.108694076538086,17239155
2020-08-13,2822.HK,16.5,16.520000457763672,16.25,16.309999465942383,14.056981086730957,15464661
2020-08-14,2822.HK,16.290000915527344,16.59000015258789,16.25,16.489999771118164,14.212117195129395,21825235
2020-08-17,2822.HK,16.489999771118164,17.079999923706055,16.489999771118164,16.899999618530273,14.565481185913086,24851944
2020-08-18,2822.HK,16.899999618530273,17.010000228881836,16.850000381469727,16.920000076293945,14.58271598815918,8824518
2020-08-19,2822.HK,16.8799991607666,16.889999389648438,16.670000076293945,16.709999084472656,14.401725769042969,12486623
2020-08-20,2822.HK,16.649999618530273,16.649999618530273,16.420000076293945,16.549999237060547,14.26382827758789,32873500
2020-08-21,2822.HK,16.670000076293945,16.780000686645508,16.579999923706055,16.639999389648438,14.341394424438477,15355890
2020-08-24,2822.HK,16.700000762939453,16.850000381469727,16.690000534057617,16.700000762939453,14.393109321594238,11185505
2020-08-25,2822.HK,16.739999771118164,16.940000534057617,16.739999771118164,16.860000610351562,14.531005859375,21340800
2020-08-26,2822.HK,16.8700008392334,16.959999084472656,16.649999618530273,16.719999313354492,14.410343170166016,22492990
2020-08-27,2822.HK,16.760000228881836,16.799999237060547,16.600000381469727,16.780000686645508,14.462055206298828,17217957
2020-08-28,2822.HK,16.760000228881836,17.25,16.75,17.149999618530273,14.78094482421875,33686048
2020-08-31,2822.HK,17.280000686645508,17.479999542236328,16.959999084472656,16.959999084472656,14.617192268371582,41772176
2020-09-01,2822.HK,17.06999969482422,17.260000228881836,17.049999237060547,17.219999313354492,14.84127426147461,23084151
2020-09-02,2822.HK,17.280000686645508,17.299999237060547,17.030000686645508,17.219999313354492,14.84127426147461,20888601
2020-09-03,2822.HK,17.200000762939453,17.360000610351562,17.06999969482422,17.1299991607666,14.763707160949707,27306411
2020-09-04,2822.HK,16.979999542236328,17.010000228881836,16.799999237060547,16.93000030517578,14.591336250305176,28101576
2020-09-07,2822.HK,16.93000030517578,17.06999969482422,16.639999389648438,16.68000030517578,14.375872611999512,44393251
2020-09-08,2822.HK,16.700000762939453,16.90999984741211,16.68000030517578,16.829999923706055,14.505149841308594,12551321
2020-09-09,2822.HK,16.610000610351562,16.709999084472656,16.43000030517578,16.600000381469727,14.30692195892334,24794902
2020-09-10,2822.HK,16.639999389648438,16.790000915527344,16.6200008392334,16.6299991607666,14.33277702331543,11287626
2020-09-11,2822.HK,16.65999984741211,16.799999237060547,16.59000015258789,16.760000228881836,14.444820404052734,15128830
2020-09-14,2822.HK,16.8799991607666,16.920000076293945,16.829999923706055,16.8799991607666,14.54824161529541,11145935
2020-09-15,2822.HK,16.889999389648438,17.15999984741211,16.889999389648438,17.15999984741211,14.78956413269043,26339596
2020-09-16,2822.HK,17.15999984741211,17.15999984741211,16.989999771118164,17.06999969482422,14.711997985839844,22017475
2020-09-17,2822.HK,17.040000915527344,17.059999465942383,16.790000915527344,16.8799991607666,14.54824161529541,13654238
2020-09-18,2822.HK,16.959999084472656,17.350000381469727,16.93000030517578,17.309999465942383,14.918844223022461,30430128
2020-09-21,2822.HK,17.309999465942383,17.40999984741211,17.049999237060547,17.06999969482422,14.711997985839844,12134784
2020-09-22,2822.HK,17.0,17.1299991607666,16.790000915527344,16.8799991607666,14.54824161529541,33518344
2020-09-23,2822.HK,16.8700008392334,16.959999084472656,16.770000457763672,16.93000030517578,14.591336250305176,31909000
2020-09-24,2822.HK,16.770000457763672,16.770000457763672,16.489999771118164,16.540000915527344,14.255210876464844,43698132
2020-09-25,2822.HK,16.5,16.670000076293945,16.479999542236328,16.520000457763672,14.237972259521484,28060576
2020-09-28,2822.HK,16.520000457763672,16.780000686645508,16.520000457763672,16.670000076293945,14.3672513961792,17410764
2020-09-29,2822.HK,16.75,16.790000915527344,16.6200008392334,16.6299991607666,14.33277702331543,21330760
2020-09-30,2822.HK,16.700000762939453,16.889999389648438,16.579999923706055,16.639999389648438,14.341394424438477,18778818
2020-10-05,2822.HK,16.799999237060547,17.020000457763672,16.799999237060547,16.829999923706055,14.505149841308594,14420704
2020-10-06,2822.HK,17.1200008392334,17.1200008392334,17.020000457763672,17.079999923706055,14.720616340637207,14649427
2020-10-07,2822.HK,17.049999237060547,17.190000534057617,16.989999771118164,17.149999618530273,14.78094482421875,13166497
2020-10-08,2822.HK,17.15999984741211,17.18000030517578,17.09000015258789,17.18000030517578,14.806801795959473,9401997
2020-10-09,2822.HK,17.200000762939453,17.309999465942383,17.149999618530273,17.200000762939453,14.824039459228516,28104927
2020-10-12,2822.HK,17.260000228881836,17.739999771118164,17.239999771118164,17.68000030517578,15.237733840942383,26369760
2020-10-14,2822.HK,17.68000030517578,17.68000030517578,17.56999969482422,17.639999389648438,15.20325756072998,11102419
2020-10-15,2822.HK,17.6200008392334,17.84000015258789,17.600000381469727,17.600000381469727,15.168784141540527,13436292
2020-10-16,2822.HK,17.719999313354492,17.889999389648438,17.649999618530273,17.81999969482422,15.358393669128418,14837000
2020-10-19,2822.HK,17.889999389648438,18.15999984741211,17.690000534057617,17.719999313354492,15.272207260131836,16979945
2020-10-20,2822.HK,17.770000457763672,17.8799991607666,17.75,17.8799991607666,15.410104751586914,10892474
2020-10-21,2822.HK,17.889999389648438,18.079999923706055,17.84000015258789,18.040000915527344,15.548002243041992,15164220
2020-10-22,2822.HK,18.040000915527344,18.09000015258789,17.760000228881836,18.030000686645508,15.539385795593262,9516621
2020-10-23,2822.HK,17.950000762939453,18.149999618530273,17.8799991607666,18.0,15.513528823852539,24516676
2020-10-27,2822.HK,17.649999618530273,17.649999618530273,17.489999771118164,17.540000915527344,15.117072105407715,22552281
2020-10-28,2822.HK,17.510000228881836,17.690000534057617,17.479999542236328,17.56999969482422,15.142927169799805,15396181
2020-10-29,2822.HK,17.459999084472656,17.90999984741211,17.420000076293945,17.729999542236328,15.280824661254883,26638198
2020-10-30,2822.HK,17.729999542236328,17.799999237060547,17.440000534057617,17.510000228881836,15.091217041015625,26985200
2020-11-02,2822.HK,17.579999923706055,17.729999542236328,17.540000915527344,17.600000381469727,15.168784141540527,9894328
2020-11-03,2822.HK,17.700000762939453,17.90999984741211,17.700000762939453,17.770000457763672,15.315300941467285,13119466
2020-11-04,2822.HK,17.75,17.979999542236328,17.600000381469727,17.799999237060547,15.341156005859375,40807575
2020-11-05,2822.HK,18.3799991607666,18.459999084472656,18.200000762939453,18.399999618530273,15.858274459838867,19782225
2020-11-06,2822.HK,18.510000228881836,18.540000915527344,18.239999771118164,18.389999389648438,15.849656105041504,24118090
2020-11-09,2822.HK,18.6299991607666,18.90999984741211,18.6299991607666,18.809999465942383,16.211637496948242,21159593
2020-11-10,2822.HK,18.760000228881836,18.81999969482422,18.56999969482422,18.639999389648438,16.065120697021484,18864203
2020-11-11,2822.HK,18.6200008392334,18.790000915527344,18.520000457763672,18.549999237060547,15.987553596496582,12405770
2020-11-12,2822.HK,18.600000381469727,18.649999618530273,18.40999984741211,18.479999542236328,15.927220344543457,12948778
2020-11-13,2822.HK,18.3799991607666,18.399999618530273,18.059999465942383,18.200000762939453,15.68590259552002,15624630
2020-11-16,2822.HK,18.209999084472656,18.579999923706055,18.209999084472656,18.56999969482422,16.004791259765625,15064315
2020-11-17,2822.HK,18.6200008392334,18.6299991607666,18.479999542236328,18.59000015258789,16.022029876708984,7162955
2020-11-18,2822.HK,18.59000015258789,18.770000457763672,18.579999923706055,18.700000762939453,16.11683464050293,19047515
2020-11-19,2822.HK,18.530000686645508,18.850000381469727,18.530000686645508,18.780000686645508,16.185781478881836,10900084
2020-11-20,2822.HK,18.739999771118164,18.81999969482422,18.709999084472656,18.790000915527344,16.19440269470215,10120582
2020-11-23,2822.HK,18.8799991607666,19.18000030517578,18.8799991607666,19.100000381469727,16.461578369140625,16190660
2020-11-24,2822.HK,19.100000381469727,19.100000381469727,18.850000381469727,18.90999984741211,16.297822952270508,11284610
2020-11-25,2822.HK,19.0,19.049999237060547,18.690000534057617,18.719999313354492,16.134069442749023,16824200
2020-11-26,2822.HK,18.799999237060547,18.920000076293945,18.739999771118164,18.920000076293945,16.306442260742188,13405176
2020-11-27,2822.HK,18.920000076293945,19.209999084472656,18.90999984741211,19.170000076293945,16.521907806396484,13440193
2020-11-30,2822.HK,19.200000762939453,19.56999969482422,18.959999084472656,18.959999084472656,16.34091567993164,16259569
2020-12-01,2822.HK,19.059999465942383,19.479999542236328,19.010000228881836,19.399999618530273,16.720136642456055,18125495
2020-12-02,2822.HK,19.399999618530273,19.59000015258789,19.360000610351562,19.459999084472656,16.771846771240234,11399444
2020-12-03,2822.HK,19.479999542236328,19.510000228881836,19.34000015258789,19.43000030517578,16.745994567871094,11571082
2020-12-04,2822.HK,19.43000030517578,19.600000381469727,19.31999969482422,19.559999465942383,16.858036041259766,19836940
2020-12-07,2822.HK,19.559999465942383,19.56999969482422,19.299999237060547,19.360000610351562,16.6856632232666,14956122
2020-12-08,2822.HK,19.43000030517578,19.489999771118164,19.299999237060547,19.350000381469727,16.677043914794922,13552299
2020-12-09,2822.HK,19.43000030517578,19.459999084472656,19.200000762939453,19.200000762939453,16.547765731811523,20196490
2020-12-10,2822.HK,19.100000381469727,19.200000762939453,18.989999771118164,19.040000915527344,16.409866333007812,16760103
2020-12-11,2822.HK,19.040000915527344,19.190000534057617,18.829999923706055,18.920000076293945,16.306442260742188,11226765
2020-12-14,2822.HK,18.979999542236328,19.219999313354492,18.979999542236328,19.219999313354492,16.565000534057617,14323482
2020-12-15,2822.HK,19.190000534057617,19.190000534057617,18.90999984741211,19.1299991607666,16.48743438720703,16084741
2020-12-16,2822.HK,19.190000534057617,19.299999237060547,19.18000030517578,19.299999237060547,16.633949279785156,5697887
2020-12-17,2822.HK,19.360000610351562,19.600000381469727,19.280000686645508,19.600000381469727,16.89250946044922,10973491
2020-12-18,2822.HK,19.280000686645508,19.280000686645508,18.850000381469727,18.920000076293945,16.64995765686035,15780400
2020-12-21,2822.HK,18.90999984741211,19.079999923706055,18.760000228881836,19.0,16.720359802246094,9996546
2020-12-22,2822.HK,19.040000915527344,19.110000610351562,18.799999237060547,18.90999984741211,16.641157150268555,11438996
2020-12-23,2822.HK,18.90999984741211,19.110000610351562,18.829999923706055,18.950000762939453,16.676359176635742,8634800
2020-12-24,2822.HK,18.989999771118164,18.989999771118164,18.989999771118164,18.989999771118164,16.711559295654297,0
2020-12-28,2822.HK,19.079999923706055,19.329999923706055,19.049999237060547,19.239999771118164,16.931564331054688,15844305
2020-12-29,2822.HK,19.299999237060547,19.329999923706055,19.15999984741211,19.200000762939453,16.896364212036133,12844063
2020-12-30,2822.HK,19.200000762939453,19.520000457763672,19.200000762939453,19.469999313354492,17.13396644592285,10462910
2020-12-31,2822.HK,19.719999313354492,19.719999313354492,19.719999313354492,19.719999313354492,17.353973388671875,0
2021-01-04,2822.HK,19.8700008392334,20.219999313354492,19.75,20.18000030517578,17.7587833404541,20980459
2021-01-05,2822.HK,20.040000915527344,20.520000457763672,20.0,20.420000076293945,17.969985961914062,11512368
2021-01-06,2822.HK,20.579999923706055,20.860000610351562,20.459999084472656,20.81999969482422,18.321992874145508,20477184
2021-01-07,2822.HK,20.8799991607666,21.299999237060547,20.81999969482422,21.200000762939453,18.656404495239258,21413280
2021-01-08,2822.HK,21.260000228881836,21.34000015258789,20.81999969482422,20.940000534057617,18.427597045898438,19890061
2021-01-11,2822.HK,20.959999084472656,21.100000381469727,20.65999984741211,20.739999771118164,18.251590728759766,26964947
2021-01-12,2822.HK,20.799999237060547,21.479999542236328,20.68000030517578,21.459999084472656,18.885204315185547,24973960
2021-01-13,2822.HK,21.5,21.639999389648438,21.200000762939453,21.360000610351562,18.797203063964844,26690203
2021-01-14,2822.HK,21.260000228881836,21.260000228881836,20.84000015258789,20.899999618530273,18.39239501953125,17664957
2021-01-15,2822.HK,20.899999618530273,21.1200008392334,20.700000762939453,20.899999618530273,18.39239501953125,13346716
2021-01-18,2822.HK,20.8799991607666,21.059999465942383,20.700000762939453,20.959999084472656,18.445194244384766,16136537
2021-01-19,2822.HK,20.979999542236328,21.040000915527344,20.579999923706055,20.68000030517578,18.19879150390625,12529038
2021-01-20,2822.HK,20.68000030517578,20.920000076293945,20.65999984741211,20.780000686645508,18.286792755126953,11783942
2021-01-21,2822.HK,20.8799991607666,21.260000228881836,20.84000015258789,21.15999984741211,18.621200561523438,9623896
2021-01-22,2822.HK,21.15999984741211,21.15999984741211,20.860000610351562,20.920000076293945,18.40999412536621,9961618
2021-01-25,2822.HK,20.899999618530273,21.420000076293945,20.8799991607666,21.3799991607666,18.814804077148438,12563363
2021-01-26,2822.HK,21.260000228881836,21.260000228881836,20.8799991607666,20.8799991607666,18.374792098999023,10621834
2021-01-27,2822.HK,21.040000915527344,21.079999923706055,20.760000228881836,20.899999618530273,18.39239501953125,15308171
2021-01-28,2822.HK,20.68000030517578,20.68000030517578,20.34000015258789,20.399999618530273,17.95238494873047,18688958
2021-01-29,2822.HK,20.600000381469727,20.739999771118164,20.260000228881836,20.420000076293945,17.969985961914062,17079596
2021-02-01,2822.HK,20.5,20.780000686645508,20.5,20.760000228881836,18.269193649291992,11303660
2021-02-02,2822.HK,20.799999237060547,21.059999465942383,20.739999771118164,21.059999465942383,18.5331974029541,10012469
2021-02-03,2822.HK,21.020000457763672,21.219999313354492,20.920000076293945,21.219999313354492,18.673999786376953,9867525
2021-02-04,2822.HK,21.139999389648438,21.5,21.020000457763672,21.299999237060547,18.744401931762695,8927645
2021-02-05,2822.HK,21.299999237060547,21.739999771118164,21.299999237060547,21.540000915527344,18.955608367919922,9358895
2021-02-08,2822.HK,21.65999984741211,21.899999618530273,21.559999465942383,21.739999771118164,19.13161277770996,10037928
2021-02-09,2822.HK,21.8799991607666,22.18000030517578,21.739999771118164,22.18000030517578,19.51881980895996,17497652
2021-02-10,2822.HK,22.31999969482422,22.920000076293945,22.31999969482422,22.780000686645508,20.046831130981445,21673753
2021-02-11,2822.HK,22.780000686645508,22.780000686645508,22.780000686645508,22.780000686645508,20.046831130981445,0
2021-02-16,2822.HK,23.079999923706055,23.299999237060547,23.079999923706055,23.260000228881836,20.46923828125,6976299
2021-02-17,2822.HK,23.200000762939453,23.219999313354492,23.059999465942383,23.219999313354492,20.434036254882812,6734951
2021-02-18,2822.HK,23.360000610351562,23.360000610351562,22.399999618530273,22.440000534057617,19.74762535095215,16441734
2021-02-19,2822.HK,22.440000534057617,22.600000381469727,22.200000762939453,22.600000381469727,19.888427734375,14487410
2021-02-22,2822.HK,22.6200008392334,22.6200008392334,21.520000457763672,21.579999923706055,18.990806579589844,18720322
2021-02-23,2822.HK,21.579999923706055,21.84000015258789,21.5,21.639999389648438,19.043607711791992,16817463
2021-02-24,2822.HK,21.65999984741211,21.739999771118164,20.739999771118164,21.0,18.480396270751953,25013973
2021-02-25,2822.HK,21.31999969482422,21.459999084472656,21.0,21.200000762939453,18.656404495239258,15756488
2021-02-26,2822.HK,20.65999984741211,20.959999084472656,20.479999542236328,20.5,18.040388107299805,19957941
2021-03-01,2822.HK,20.600000381469727,20.84000015258789,20.579999923706055,20.739999771118164,18.251590728759766,10320227
2021-03-02,2822.HK,20.920000076293945,20.920000076293945,20.15999984741211,20.360000610351562,17.917186737060547,12166773
2021-03-03,2822.HK,20.399999618530273,21.020000457763672,20.299999237060547,20.979999542236328,18.46279525756836,9939877
2021-03-04,2822.HK,20.639999389648438,20.719999313354492,20.18000030517578,20.34000015258789,17.89958381652832,18386918
2021-03-05,2822.HK,19.989999771118164,20.34000015258789,19.790000915527344,20.100000381469727,17.688379287719727,23086276
2021-03-08,2822.HK,20.139999389648438,20.260000228881836,19.100000381469727,19.100000381469727,16.808361053466797,33589392
2021-03-09,2822.HK,19.170000076293945,19.3799991607666,18.780000686645508,18.950000762939453,16.676359176635742,32090010
2021-03-10,2822.HK,19.280000686645508,19.3799991607666,19.09000015258789,19.229999542236328,16.922765731811523,16498271
2021-03-11,2822.HK,19.31999969482422,19.81999969482422,19.31999969482422,19.809999465942383,17.43317222595215,14169677
2021-03-12,2822.HK,19.920000076293945,19.959999084472656,19.639999389648438,19.639999389648438,17.283573150634766,8922359
2021-03-15,2822.HK,19.799999237060547,19.860000610351562,19.219999313354492,19.469999313354492,17.13396644592285,11100680
2021-03-16,2822.HK,19.520000457763672,19.729999542236328,19.479999542236328,19.68000030517578,17.318771362304688,6002904
2021-03-17,2822.HK,19.719999313354492,19.860000610351562,19.40999984741211,19.670000076293945,17.30997085571289,11277805
2021-03-18,2822.HK,19.829999923706055,19.989999771118164,19.700000762939453,19.780000686645508,17.406776428222656,15001000
2021-03-19,2822.HK,19.6299991607666,19.6299991607666,18.989999771118164,19.209999084472656,16.905162811279297,17088954
2021-03-22,2822.HK,19.15999984741211,19.440000534057617,19.110000610351562,19.280000686645508,16.966764450073242,9404941
2021-03-23,2822.HK,19.34000015258789,19.389999389648438,18.969999313354492,19.229999542236328,16.922765731811523,16569645
2021-03-24,2822.HK,19.149999618530273,19.290000915527344,18.809999465942383,18.8799991607666,16.61475372314453,14132600
2021-03-25,2822.HK,18.829999923706055,18.899999618530273,18.639999389648438,18.760000228881836,16.5091552734375,6234015
2021-03-26,2822.HK,18.739999771118164,19.25,18.739999771118164,19.1200008392334,16.82596206665039,10650689
2021-03-29,2822.HK,19.200000762939453,19.420000076293945,19.06999969482422,19.209999084472656,16.905162811279297,13925674
2021-03-30,2822.HK,19.15999984741211,19.43000030517578,19.100000381469727,19.350000381469727,17.028366088867188,11873700
2021-03-31,2822.HK,19.350000381469727,19.350000381469727,18.989999771118164,19.15999984741211,16.861162185668945,10825544
2021-04-01,2822.HK,19.229999542236328,19.469999313354492,19.209999084472656,19.43000030517578,17.09876823425293,11931297
2021-04-07,2822.HK,19.600000381469727,19.610000610351562,19.139999389648438,19.290000915527344,16.975566864013672,10324727
2021-04-08,2822.HK,19.170000076293945,19.450000762939453,19.079999923706055,19.399999618530273,17.072364807128906,6631413
2021-04-09,2822.HK,19.309999465942383,19.309999465942383,18.90999984741211,18.959999084472656,16.685157775878906,7106600
2021-04-12,2822.HK,19.0,19.030000686645508,18.700000762939453,18.81999969482422,16.561954498291016,4636319
2021-04-13,2822.HK,18.84000015258789,19.0,18.68000030517578,18.709999084472656,16.46515464782715,5052612
2021-04-14,2822.HK,18.8700008392334,18.950000762939453,18.729999542236328,18.850000381469727,16.58835792541504,7574311
2021-04-15,2822.HK,18.809999465942383,18.809999465942383,18.389999389648438,18.68000030517578,16.438751220703125,9516043
2021-04-16,2822.HK,18.780000686645508,18.8799991607666,18.549999237060547,18.84000015258789,16.57955551147461,6246210
2021-04-19,2822.HK,18.84000015258789,19.270000457763672,18.610000610351562,19.25,16.940364837646484,8849672
2021-04-20,2822.HK,19.1200008392334,19.489999771118164,19.1200008392334,19.299999237060547,16.984365463256836,7886225
2021-04-21,2822.HK,19.299999237060547,19.420000076293945,19.149999618530273,19.40999984741211,17.081165313720703,11922215
2021-04-22,2822.HK,19.450000762939453,19.5,19.209999084472656,19.31999969482422,17.001962661743164,7645005
2021-04-23,2822.HK,19.31999969482422,19.6299991607666,19.309999465942383,19.610000610351562,17.257169723510742,13377006
2021-04-26,2822.HK,19.6200008392334,19.770000457763672,19.219999313354492,19.25,16.940364837646484,7572538
2021-04-27,2822.HK,19.280000686645508,19.450000762939453,19.190000534057617,19.399999618530273,17.072364807128906,6711486
2021-04-28,2822.HK,19.399999618530273,19.510000228881836,19.209999084472656,19.469999313354492,17.13396644592285,6910810
2021-04-29,2822.HK,19.510000228881836,19.770000457763672,19.510000228881836,19.760000228881836,17.389171600341797,12684116
2021-04-30,2822.HK,19.75,19.75,19.40999984741211,19.479999542236328,17.14276885986328,6104810
2021-05-03,2822.HK,19.549999237060547,19.549999237060547,19.200000762939453,19.229999542236328,16.922765731811523,3279458
2021-05-04,2822.HK,19.290000915527344,19.350000381469727,19.25,19.31999969482422,17.001962661743164,2040787
2021-05-05,2822.HK,19.260000228881836,19.469999313354492,19.229999542236328,19.290000915527344,16.975566864013672,3372508
2021-05-06,2822.HK,19.31999969482422,19.65999984741211,19.18000030517578,19.299999237060547,16.984365463256836,7478533
2021-05-07,2822.HK,19.34000015258789,19.459999084472656,19.06999969482422,19.09000015258789,16.799560546875,12163400
2021-05-10,2822.HK,19.270000457763672,19.290000915527344,18.950000762939453,19.18000030517578,16.87876319885254,5967005
2021-05-11,2822.HK,19.059999465942383,19.3799991607666,18.959999084472656,19.239999771118164,16.931564331054688,9620795
2021-05-12,2822.HK,19.239999771118164,19.43000030517578,19.200000762939453,19.40999984741211,17.081165313720703,6318944
2021-05-13,2822.HK,19.209999084472656,19.239999771118164,18.979999542236328,19.049999237060547,16.764358520507812,7208874
2021-05-14,2822.HK,19.190000534057617,19.65999984741211,19.06999969482422,19.600000381469727,17.248371124267578,10990260
2021-05-17,2822.HK,19.6200008392334,20.020000457763672,19.610000610351562,19.860000610351562,17.477174758911133,8097806
2021-05-18,2822.HK,19.940000534057617,20.079999923706055,19.8700008392334,20.020000457763672,17.617979049682617,6808683
2021-05-20,2822.HK,19.940000534057617,20.020000457763672,19.799999237060547,20.0,17.600378036499023,6805362
2021-05-21,2822.HK,20.059999465942383,20.1200008392334,19.649999618530273,19.770000457763672,17.397974014282227,6710320
2021-05-24,2822.HK,19.81999969482422,19.899999618530273,19.56999969482422,19.889999389648438,17.50357437133789,5684349
2021-05-25,2822.HK,19.940000534057617,20.8799991607666,19.940000534057617,20.8799991607666,18.374792098999023,22343335
2021-05-26,2822.HK,20.940000534057617,20.979999542236328,20.81999969482422,20.899999618530273,18.39239501953125,13419661
2021-05-27,2822.HK,20.940000534057617,21.260000228881836,20.739999771118164,20.979999542236328,18.46279525756836,12468388
2021-05-28,2822.HK,21.059999465942383,21.15999984741211,20.799999237060547,21.059999465942383,18.5331974029541,14131676
2021-05-31,2822.HK,21.059999465942383,21.059999465942383,20.68000030517578,21.0,18.480396270751953,8727187
2021-06-01,2822.HK,20.920000076293945,20.920000076293945,20.639999389648438,20.899999618530273,18.39239501953125,6078498
2021-06-02,2822.HK,20.920000076293945,20.920000076293945,20.579999923706055,20.739999771118164,18.251590728759766,7357573
2021-06-03,2822.HK,20.799999237060547,20.84000015258789,20.540000915527344,20.540000915527344,18.07558822631836,6652712
2021-06-04,2822.HK,20.5,20.959999084472656,20.459999084472656,20.68000030517578,18.19879150390625,16730191
2021-06-07,2822.HK,20.739999771118164,20.739999771118164,20.479999542236328,20.65999984741211,18.181190490722656,9031447
2021-06-08,2822.HK,20.65999984741211,20.8799991607666,20.280000686645508,20.440000534057617,17.987585067749023,8158514
2021-06-09,2822.HK,20.440000534057617,20.559999465942383,20.3799991607666,20.440000534057617,17.987585067749023,9741309
2021-06-10,2822.HK,20.479999542236328,20.84000015258789,20.479999542236328,20.639999389648438,18.163589477539062,7295075
2021-06-11,2822.HK,20.68000030517578,20.700000762939453,20.399999618530273,20.440000534057617,17.987585067749023,6488031
2021-06-15,2822.HK,20.440000534057617,20.440000534057617,19.950000762939453,20.100000381469727,17.688379287719727,7341080
2021-06-16,2822.HK,20.100000381469727,20.1200008392334,19.81999969482422,19.84000015258789,17.459575653076172,8436749
2021-06-17,2822.HK,19.739999771118164,19.93000030517578,19.719999313354492,19.760000228881836,17.389171600341797,14279165
2021-06-18,2822.HK,19.770000457763672,19.770000457763672,19.389999389648438,19.520000457763672,17.177968978881836,12424482
2021-06-21,2822.HK,19.450000762939453,19.579999923706055,19.209999084472656,19.350000381469727,17.028366088867188,6096262
2021-06-22,2822.HK,19.399999618530273,19.540000915527344,19.31999969482422,19.450000762939453,17.11636734008789,10322642
2021-06-23,2822.HK,19.489999771118164,19.6200008392334,19.40999984741211,19.5,17.160367965698242,8920991
2021-06-24,2822.HK,19.5,19.6299991607666,19.43000030517578,19.6299991607666,17.274768829345703,10657367
2021-06-25,2822.HK,19.68000030517578,20.079999923706055,19.6299991607666,20.020000457763672,17.617979049682617,10914332
2021-06-28,2822.HK,19.940000534057617,19.979999542236328,19.8799991607666,19.950000762939453,17.55637550354004,11365821
2021-06-29,2822.HK,19.969999313354492,19.969999313354492,19.65999984741211,19.719999313354492,17.353973388671875,13937912
2021-06-30,2822.HK,19.75,19.860000610351562,19.700000762939453,19.75,17.380373001098633,7870486
2021-07-02,2822.HK,19.719999313354492,19.719999313354492,19.110000610351562,19.170000076293945,16.86996078491211,11577057
2021-07-05,2822.HK,19.200000762939453,19.25,19.079999923706055,19.200000762939453,16.896364212036133,7119392
2021-07-06,2822.HK,19.229999542236328,19.309999465942383,19.049999237060547,19.290000915527344,16.975566864013672,6747288
2021-07-07,2822.HK,19.200000762939453,19.420000076293945,19.15999984741211,19.40999984741211,17.081165313720703,4625618
2021-07-08,2822.HK,19.420000076293945,19.420000076293945,18.8799991607666,18.899999618530273,16.632356643676758,7770895
2021-07-09,2822.HK,18.8799991607666,18.950000762939453,18.65999984741211,18.760000228881836,16.5091552734375,10514494
2021-07-12,2822.HK,18.989999771118164,19.219999313354492,18.8700008392334,19.079999923706055,16.790760040283203,8972442
2021-07-13,2822.HK,19.110000610351562,19.280000686645508,19.06999969482422,19.110000610351562,16.817161560058594,3804283
2021-07-14,2822.HK,19.110000610351562,19.110000610351562,18.739999771118164,18.829999923706055,16.570755004882812,4539329
2021-07-15,2822.HK,18.84000015258789,19.329999923706055,18.829999923706055,19.270000457763672,16.957963943481445,11077900
2021-07-16,2822.HK,19.25,19.25,18.940000534057617,18.940000534057617,16.667560577392578,9702468
2021-07-19,2822.HK,18.84000015258789,19.040000915527344,18.649999618530273,18.940000534057617,16.667560577392578,11669074
2021-07-20,2822.HK,18.700000762939453,19.0,18.700000762939453,18.920000076293945,16.64995765686035,3207527
2021-07-21,2822.HK,18.940000534057617,19.1299991607666,18.8799991607666,18.93000030517578,16.65875816345215,4408281
2021-07-22,2822.HK,19.010000228881836,19.1299991607666,18.979999542236328,19.020000457763672,16.737960815429688,4834692
2021-07-23,2822.HK,18.989999771118164,18.989999771118164,18.65999984741211,18.65999984741211,16.421152114868164,3966850
2021-07-26,2822.HK,18.649999618530273,18.649999618530273,17.639999389648438,17.700000762939453,15.576333999633789,16987616
2021-07-27,2822.HK,17.75,17.889999389648438,16.5,16.719999313354492,14.713913917541504,34452171
2021-07-28,2822.HK,16.899999618530273,17.399999618530273,16.850000381469727,17.280000686645508,15.206727027893066,20898736
2021-07-29,2822.HK,17.700000762939453,17.700000762939453,17.3700008392334,17.549999237060547,15.444330215454102,19220431
2021-07-30,2822.HK,17.479999542236328,17.479999542236328,17.040000915527344,17.149999618530273,15.092323303222656,19011497
2021-08-02,2822.HK,17.299999237060547,17.709999084472656,16.84000015258789,17.709999084472656,15.58513355255127,15908019
2021-08-03,2822.HK,17.709999084472656,17.790000915527344,17.479999542236328,17.770000457763672,15.637934684753418,12830889
2021-08-04,2822.HK,17.610000610351562,17.809999465942383,17.59000015258789,17.690000534057617,15.567535400390625,13284532
2021-08-05,2822.HK,17.690000534057617,17.8700008392334,17.489999771118164,17.600000381469727,15.488333702087402,24299729
2021-08-06,2822.HK,17.600000381469727,17.600000381469727,17.440000534057617,17.59000015258789,15.479533195495605,4129660
2021-08-09,2822.HK,17.600000381469727,18.030000686645508,17.440000534057617,17.860000610351562,15.717137336730957,10581207
2021-08-10,2822.HK,17.799999237060547,18.270000457763672,17.610000610351562,18.209999084472656,16.025144577026367,10727116
2021-08-11,2822.HK,18.1299991607666,18.309999465942383,18.049999237060547,18.049999237060547,15.884339332580566,7944083
2021-08-12,2822.HK,18.049999237060547,18.110000610351562,17.850000381469727,17.8700008392334,15.725937843322754,5423836
2021-08-13,2822.HK,17.899999618530273,18.040000915527344,17.770000457763672,17.90999984741211,15.761137962341309,5301560
2021-08-16,2822.HK,17.950000762939453,18.079999923706055,17.850000381469727,17.940000534057617,15.787538528442383,5465669
2021-08-17,2822.HK,17.920000076293945,18.030000686645508,17.420000076293945,17.479999542236328,15.382728576660156,7400090
2021-08-18,2822.HK,17.5,17.8799991607666,17.399999618530273,17.709999084472656,15.58513355255127,10707326
2021-08-19,2822.HK,17.670000076293945,17.700000762939453,17.290000915527344,17.350000381469727,15.268327713012695,5901079
2021-08-20,2822.HK,17.350000381469727,17.350000381469727,16.739999771118164,16.8700008392334,14.845918655395508,12490989
2021-08-23,2822.HK,16.989999771118164,17.200000762939453,16.959999084472656,17.09000015258789,15.039522171020508,7233608
2021-08-24,2822.HK,17.200000762939453,17.450000762939453,17.200000762939453,17.43000030517578,15.338728904724121,7663721
2021-08-25,2822.HK,17.459999084472656,17.530000686645508,17.309999465942383,17.40999984741211,15.321126937866211,4555479
2021-08-26,2822.HK,17.40999984741211,17.40999984741211,16.940000534057617,17.0,14.960320472717285,5831395
2021-08-27,2822.HK,17.0,17.280000686645508,16.979999542236328,17.110000610351562,15.057123184204102,10383054
2021-08-30,2822.HK,17.149999618530273,17.15999984741211,16.809999465942383,16.950000762939453,14.916321754455566,9995028
2021-08-31,2822.HK,16.959999084472656,17.06999969482422,16.610000610351562,16.899999618530273,14.872320175170898,12045850
2021-09-01,2822.HK,16.889999389648438,17.450000762939453,16.719999313354492,17.280000686645508,15.206727027893066,15150039
2021-09-02,2822.HK,17.399999618530273,17.459999084472656,17.200000762939453,17.290000915527344,15.21552848815918,19223031
2021-09-03,2822.HK,17.40999984741211,17.469999313354492,17.079999923706055,17.350000381469727,15.268327713012695,6603918
2021-09-06,2822.HK,17.360000610351562,17.739999771118164,17.31999969482422,17.649999618530273,15.532333374023438,34626887
2021-09-07,2822.HK,17.6200008392334,17.889999389648438,17.5,17.829999923706055,15.690736770629883,17021241
2021-09-08,2822.HK,17.799999237060547,17.84000015258789,17.549999237060547,17.59000015258789,15.479533195495605,8206849
2021-09-09,2822.HK,17.579999923706055,17.6299991607666,17.450000762939453,17.5,15.40032958984375,10098194
2021-09-10,2822.HK,17.549999237060547,18.020000457763672,17.549999237060547,17.979999542236328,15.822738647460938,11417829
2021-09-13,2822.HK,17.969999313354492,18.0,17.700000762939453,17.8700008392334,15.725937843322754,10839917
2021-09-14,2822.HK,17.8799991607666,17.989999771118164,17.559999465942383,17.600000381469727,15.488333702087402,9330967
2021-09-15,2822.HK,17.579999923706055,17.579999923706055,17.229999542236328,17.360000610351562,15.277129173278809,9087450
2021-09-16,2822.HK,17.360000610351562,17.450000762939453,17.170000076293945,17.329999923706055,15.250726699829102,4804636
2021-09-17,2822.HK,17.229999542236328,17.5,17.149999618530273,17.450000762939453,15.356329917907715,6872811
2021-09-20,2822.HK,17.299999237060547,17.299999237060547,16.690000534057617,16.8700008392334,14.845918655395508,14062488
2021-09-21,2822.HK,16.8799991607666,17.020000457763672,16.809999465942383,16.950000762939453,14.916321754455566,7372078
2021-09-23,2822.HK,17.209999084472656,17.360000610351562,17.100000381469727,17.15999984741211,15.101123809814453,15667906
2021-09-24,2822.HK,17.200000762939453,17.479999542236328,17.200000762939453,17.299999237060547,15.224327087402344,23219459
2021-09-27,2822.HK,17.299999237060547,17.84000015258789,17.299999237060547,17.670000076293945,15.549934387207031,12953144
2021-09-28,2822.HK,17.68000030517578,17.860000610351562,17.559999465942383,17.68000030517578,15.558733940124512,11684440
2021-09-29,2822.HK,17.559999465942383,17.81999969482422,17.40999984741211,17.719999313354492,15.59393310546875,15227870
2021-09-30,2822.HK,17.68000030517578,17.809999465942383,17.639999389648438,17.709999084472656,15.58513355255127,15682391
2021-10-04,2822.HK,17.479999542236328,17.479999542236328,17.25,17.350000381469727,15.268327713012695,15547302
2021-10-05,2822.HK,17.200000762939453,17.260000228881836,17.049999237060547,17.229999542236328,15.162724494934082,14893284
2021-10-06,2822.HK,17.219999313354492,17.239999771118164,17.040000915527344,17.15999984741211,15.101123809814453,6944297
2021-10-07,2822.HK,17.399999618530273,17.6299991607666,17.399999618530273,17.6299991607666,15.514732360839844,7182574
2021-10-08,2822.HK,17.729999542236328,18.170000076293945,17.729999542236328,18.1299991607666,15.954742431640625,19882590
2021-10-11,2822.HK,18.18000030517578,18.540000915527344,18.18000030517578,18.239999771118164,16.051544189453125,8484350
2021-10-12,2822.HK,18.1299991607666,18.280000686645508,17.989999771118164,18.06999969482422,15.901939392089844,9945356
2021-10-15,2822.HK,18.200000762939453,18.440000534057617,18.170000076293945,18.420000076293945,16.209949493408203,8499707
2021-10-18,2822.HK,18.420000076293945,18.420000076293945,17.84000015258789,18.010000228881836,15.849141120910645,11958042
2021-10-19,2822.HK,18.020000457763672,18.299999237060547,18.020000457763672,18.260000228881836,16.069143295288086,10325101
2021-10-20,2822.HK,18.360000610351562,18.5,18.229999542236328,18.309999465942383,16.113147735595703,6006496
2021-10-21,2822.HK,18.329999923706055,18.579999923706055,18.31999969482422,18.459999084472656,16.245149612426758,13022219
2021-10-22,2822.HK,18.520000457763672,18.809999465942383,18.489999771118164,18.690000534057617,16.447553634643555,15721306
2021-10-25,2822.HK,18.75,18.75,18.549999237060547,18.68000030517578,16.438751220703125,8575682
2021-10-26,2822.HK,18.690000534057617,18.829999923706055,18.549999237060547,18.600000381469727,16.36835289001465,5862827
2021-10-27,2822.HK,18.5,18.5,18.260000228881836,18.34000015258789,16.139543533325195,9242348
2021-10-28,2822.HK,18.329999923706055,18.329999923706055,18.15999984741211,18.280000686645508,16.086746215820312,8790621
2021-10-29,2822.HK,18.299999237060547,18.34000015258789,18.219999313354492,18.290000915527344,16.09554672241211,10000441
2021-11-01,2822.HK,18.190000534057617,18.229999542236328,17.940000534057617,18.15999984741211,15.9811429977417,6599412
2021-11-02,2822.HK,18.209999084472656,18.260000228881836,17.760000228881836,17.90999984741211,15.761137962341309,18203496
2021-11-03,2822.HK,17.90999984741211,17.950000762939453,17.709999084472656,17.829999923706055,15.690736770629883,4930615
2021-11-04,2822.HK,17.889999389648438,18.049999237060547,17.860000610351562,18.0,15.840340614318848,5821734
2021-11-05,2822.HK,17.969999313354492,18.1299991607666,17.8799991607666,17.899999618530273,15.752337455749512,3713230
2021-11-08,2822.HK,17.940000534057617,18.059999465942383,17.8700008392334,17.940000534057617,15.787538528442383,5385120
2021-11-09,2822.HK,18.049999237060547,18.110000610351562,17.860000610351562,17.899999618530273,15.752337455749512,4712456
2021-11-10,2822.HK,17.829999923706055,17.84000015258789,17.479999542236328,17.81999969482422,15.681937217712402,13147226
2021-11-11,2822.HK,17.81999969482422,18.1299991607666,17.690000534057617,18.1200008392334,15.945941925048828,7685137
2021-11-12,2822.HK,18.200000762939453,18.219999313354492,17.979999542236328,18.06999969482422,15.901939392089844,7495068
2021-11-15,2822.HK,18.100000381469727,18.15999984741211,17.969999313354492,18.030000686645508,15.866741180419922,5193835
2021-11-16,2822.HK,18.030000686645508,18.239999771118164,18.030000686645508,18.1299991607666,15.954742431640625,10505714
2021-11-17,2822.HK,18.059999465942383,18.1299991607666,17.979999542236328,18.010000228881836,15.849141120910645,3490821
2021-11-18,2822.HK,18.010000228881836,18.010000228881836,17.799999237060547,17.84000015258789,15.69953727722168,12198160
2021-11-19,2822.HK,17.790000915527344,18.149999618530273,17.790000915527344,18.06999969482422,15.901939392089844,8178384
2021-11-22,2822.HK,18.059999465942383,18.200000762939453,18.059999465942383,18.1299991607666,15.954742431640625,5511217
2021-11-23,2822.HK,18.09000015258789,18.239999771118164,18.049999237060547,18.1299991607666,15.954742431640625,7211968
2021-11-24,2822.HK,18.149999618530273,18.299999237060547,18.06999969482422,18.170000076293945,15.989944458007812,5088605
2021-11-25,2822.HK,18.200000762939453,18.229999542236328,18.040000915527344,18.079999923706055,15.910741806030273,2976026
2021-11-26,2822.HK,18.010000228881836,18.020000457763672,17.81999969482422,17.81999969482422,15.681937217712402,10660151
2021-11-29,2822.HK,17.81999969482422,17.940000534057617,17.780000686645508,17.93000030517578,15.778738021850586,5143249
2021-11-30,2822.HK,18.0,18.0,17.709999084472656,17.829999923706055,15.690736770629883,4523041
2021-12-01,2822.HK,17.829999923706055,17.90999984741211,17.809999465942383,17.809999465942383,15.673136711120605,4311569
2021-12-02,2822.HK,17.809999465942383,17.969999313354492,17.75,17.8700008392334,15.725937843322754,4474800
2021-12-03,2822.HK,17.90999984741211,18.100000381469727,17.8700008392334,18.079999923706055,15.910741806030273,3191583
2021-12-06,2822.HK,18.010000228881836,18.3700008392334,18.010000228881836,18.190000534057617,16.007543563842773,9086575
2021-12-07,2822.HK,18.31999969482422,18.420000076293945,18.260000228881836,18.3799991607666,16.174747467041016,7705002
2021-12-08,2822.HK,18.3799991607666,18.719999313354492,18.309999465942383,18.719999313354492,16.473953247070312,13806443
2021-12-09,2822.HK,18.760000228881836,19.280000686645508,18.75,19.06999969482422,16.781959533691406,34499137
2021-12-10,2822.HK,19.010000228881836,19.010000228881836,18.81999969482422,18.850000381469727,16.58835792541504,7431401
2021-12-13,2822.HK,18.899999618530273,19.440000534057617,18.899999618530273,19.0,16.720359802246094,19643511
2021-12-14,2822.HK,18.979999542236328,19.06999969482422,18.850000381469727,18.850000381469727,16.58835792541504,9361818
2021-12-15,2822.HK,18.850000381469727,18.940000534057617,18.700000762939453,18.709999084472656,16.46515464782715,8601114
2021-12-16,2822.HK,18.719999313354492,18.829999923706055,18.579999923706055,18.790000915527344,16.53555679321289,4855013
2021-12-17,2822.HK,18.709999084472656,18.739999771118164,18.3799991607666,18.389999389648438,16.18354606628418,8205213
2021-12-20,2822.HK,18.360000610351562,18.489999771118164,18.190000534057617,18.200000762939453,16.016342163085938,12110044
2021-12-21,2822.HK,17.940000534057617,18.030000686645508,17.84000015258789,17.889999389648438,16.05634880065918,7473671
2021-12-22,2822.HK,18.010000228881836,18.059999465942383,17.8799991607666,17.93000030517578,16.092248916625977,4606243
2021-12-23,2822.HK,18.0,18.1299991607666,17.8799991607666,18.100000381469727,16.24482536315918,7030938
2021-12-24,2822.HK,18.15999984741211,18.229999542236328,18.0,18.079999923706055,16.22687530517578,4169807
2021-12-28,2822.HK,18.059999465942383,18.170000076293945,18.030000686645508,18.139999389648438,16.280723571777344,12125740
2021-12-29,2822.HK,18.18000030517578,18.18000030517578,17.700000762939453,17.719999313354492,15.90377426147461,17113527
2021-12-30,2822.HK,17.729999542236328,17.940000534057617,17.719999313354492,17.809999465942383,15.984549522399902,15388018
2021-12-31,2822.HK,17.8799991607666,17.940000534057617,17.770000457763672,17.799999237060547,15.975571632385254,6735410
2022-01-03,2822.HK,17.989999771118164,17.989999771118164,17.75,17.920000076293945,16.08327293395996,8990499
2022-01-04,2822.HK,17.920000076293945,17.920000076293945,17.540000915527344,17.780000686645508,15.957624435424805,5365467
2022-01-05,2822.HK,17.739999771118164,17.93000030517578,17.670000076293945,17.739999771118164,15.921725273132324,5675238
2022-01-06,2822.HK,17.709999084472656,17.739999771118164,17.3700008392334,17.489999771118164,15.697347640991211,4566462
2022-01-07,2822.HK,17.489999771118164,17.579999923706055,17.43000030517578,17.469999313354492,15.679396629333496,6912822
2022-01-10,2822.HK,17.5,17.579999923706055,17.34000015258789,17.520000457763672,15.724272727966309,4180830
2022-01-11,2822.HK,17.530000686645508,17.600000381469727,17.40999984741211,17.440000534057617,15.652473449707031,7006904
2022-01-12,2822.HK,17.479999542236328,17.709999084472656,17.479999542236328,17.6299991607666,15.822997093200684,7936289
2022-01-13,2822.HK,17.739999771118164,17.739999771118164,17.299999237060547,17.360000610351562,15.580671310424805,8486018
2022-01-14,2822.HK,17.399999618530273,17.399999618530273,17.139999389648438,17.170000076293945,15.410144805908203,12673287
2022-01-17,2822.HK,17.15999984741211,17.299999237060547,17.1200008392334,17.239999771118164,15.472970008850098,7135892
2022-01-18,2822.HK,17.3799991607666,17.530000686645508,17.200000762939453,17.3799991607666,15.598621368408203,7023200
2022-01-19,2822.HK,17.399999618530273,17.530000686645508,17.270000457763672,17.309999465942383,15.535794258117676,10042207
2022-01-20,2822.HK,17.399999618530273,17.780000686645508,17.3799991607666,17.729999542236328,15.912747383117676,15058206
2022-01-21,2822.HK,17.729999542236328,17.729999542236328,17.549999237060547,17.649999618530273,15.840946197509766,8333761
2022-01-24,2822.HK,17.6299991607666,17.670000076293945,17.479999542236328,17.579999923706055,15.778122901916504,12306722
2022-01-25,2822.HK,17.540000915527344,17.540000915527344,17.149999618530273,17.229999542236328,15.463995933532715,19254605
2022-01-26,2822.HK,17.3700008392334,17.43000030517578,17.170000076293945,17.3700008392334,15.58964729309082,9092461
2022-01-27,2822.HK,17.3700008392334,17.3700008392334,17.100000381469727,17.139999389648438,15.383219718933105,25473453
2022-01-28,2822.HK,17.149999618530273,17.229999542236328,16.639999389648438,16.670000076293945,14.961395263671875,19641801
2022-01-31,2822.HK,16.799999237060547,16.799999237060547,16.799999237060547,16.799999237060547,15.078067779541016,0
2022-02-04,2822.HK,16.799999237060547,17.110000610351562,16.799999237060547,17.059999465942383,15.311420440673828,4669215
2022-02-07,2822.HK,17.059999465942383,17.229999542236328,16.979999542236328,17.079999923706055,15.329370498657227,6511023
2022-02-08,2822.HK,17.059999465942383,17.100000381469727,16.690000534057617,16.959999084472656,15.221670150756836,11768823
2022-02-09,2822.HK,17.020000457763672,17.239999771118164,17.010000228881836,17.239999771118164,15.472970008850098,7074784
2022-02-10,2822.HK,17.239999771118164,17.25,17.09000015258789,17.219999313354492,15.4550199508667,4665748
2022-02-11,2822.HK,17.18000030517578,17.399999618530273,17.100000381469727,17.219999313354492,15.4550199508667,5955546
2022-02-14,2822.HK,17.18000030517578,17.200000762939453,16.93000030517578,16.989999771118164,15.248594284057617,5905482
2022-02-15,2822.HK,16.989999771118164,17.1200008392334,16.959999084472656,17.09000015258789,15.338346481323242,6262709
2022-02-16,2822.HK,17.200000762939453,17.299999237060547,17.18000030517578,17.270000457763672,15.499897003173828,5777286
2022-02-17,2822.HK,17.270000457763672,17.389999389648438,17.25,17.280000686645508,15.508872985839844,5293544
2022-02-18,2822.HK,17.25,17.3700008392334,17.18000030517578,17.360000610351562,15.580671310424805,4469499
2022-02-21,2822.HK,17.31999969482422,17.31999969482422,17.15999984741211,17.260000228881836,15.490921020507812,2800659
2022-02-22,2822.HK,17.100000381469727,17.100000381469727,16.81999969482422,16.93000030517578,15.194745063781738,6670658
2022-02-23,2822.HK,17.0,17.079999923706055,16.93000030517578,17.079999923706055,15.329370498657227,4512244
2022-02-24,2822.HK,16.950000762939453,16.989999771118164,16.6200008392334,16.709999084472656,14.997292518615723,11978050
2022-02-25,2822.HK,16.75,17.010000228881836,16.75,16.850000381469727,15.122942924499512,3037811
2022-02-28,2822.HK,16.850000381469727,16.940000534057617,16.700000762939453,16.920000076293945,15.185770034790039,6471625
2022-03-01,2822.HK,17.040000915527344,17.170000076293945,16.979999542236328,17.09000015258789,15.338346481323242,5654974
2022-03-02,2822.HK,17.020000457763672,17.020000457763672,16.8799991607666,16.899999618530273,15.16781997680664,4995817
2022-03-03,2822.HK,16.979999542236328,17.0,16.780000686645508,16.790000915527344,15.06909465789795,2616766
2022-03-04,2822.HK,16.579999923706055,16.6299991607666,16.440000534057617,16.469999313354492,14.781892776489258,10058922
2022-03-07,2822.HK,16.399999618530273,16.399999618530273,15.8100004196167,15.829999923706055,14.207489967346191,15811144
2022-03-08,2822.HK,15.84000015258789,16.06999969482422,15.539999961853027,15.609999656677246,14.010039329528809,21425585
2022-03-09,2822.HK,15.680000305175781,15.850000381469727,14.960000038146973,15.569999694824219,13.974139213562012,17083428
2022-03-10,2822.HK,15.729999542236328,15.989999771118164,15.729999542236328,15.8100004196167,14.189541816711426,18022896
2022-03-11,2822.HK,15.699999809265137,15.890000343322754,15.329999923706055,15.850000381469727,14.22544002532959,18052843
2022-03-14,2822.HK,15.699999809265137,15.699999809265137,15.050000190734863,15.069999694824219,13.52538776397705,12507819
2022-03-15,2822.HK,15.0600004196167,15.0600004196167,14.130000114440918,14.15999984741211,12.708658218383789,22562963
2022-03-16,2822.HK,14.569999694824219,15.359999656677246,14.359999656677246,15.359999656677246,13.785663604736328,20598975
2022-03-17,2822.HK,15.739999771118164,15.829999923706055,15.449999809265137,15.569999694824219,13.974139213562012,14355655
2022-03-18,2822.HK,15.600000381469727,15.819999694824219,15.369999885559082,15.600000381469727,14.00106430053711,14021373
2022-03-21,2822.HK,15.779999732971191,15.779999732971191,15.5,15.609999656677246,14.010039329528809,7366219
2022-03-22,2822.HK,15.520000457763672,15.850000381469727,15.520000457763672,15.699999809265137,14.090815544128418,11925921
2022-03-23,2822.HK,15.729999542236328,15.779999732971191,15.59000015258789,15.699999809265137,14.090815544128418,4716421
2022-03-24,2822.HK,15.649999618530273,15.75,15.510000228881836,15.680000305175781,14.072864532470703,8322849
2022-03-25,2822.HK,15.680000305175781,15.729999542236328,15.350000381469727,15.399999618530273,13.821563720703125,19238400
2022-03-28,2822.HK,15.399999618530273,15.399999618530273,14.970000267028809,15.210000038146973,13.65103816986084,17823692
2022-03-29,2822.HK,15.279999732971191,15.399999618530273,15.210000038146973,15.260000228881836,13.695913314819336,16542073
2022-03-30,2822.HK,15.390000343322754,15.760000228881836,15.359999656677246,15.710000038146973,14.0997896194458,17950077
2022-03-31,2822.HK,15.729999542236328,15.75,15.609999656677246,15.710000038146973,14.0997896194458,6871703
2022-04-01,2822.HK,15.649999618530273,16.049999237060547,15.600000381469727,15.970000267028809,14.33314037322998,9187649
2022-04-04,2822.HK,15.960000038146973,16.030000686645508,15.90999984741211,15.949999809265137,14.315191268920898,5297116
2022-04-06,2822.HK,15.920000076293945,15.930000305175781,15.739999771118164,15.829999923706055,14.207489967346191,5057816
2022-04-07,2822.HK,15.789999961853027,15.979999542236328,15.739999771118164,15.770000457763672,14.153640747070312,3235820
2022-04-08,2822.HK,15.770000457763672,15.949999809265137,15.75,15.84000015258789,14.216465950012207,8432978
2022-04-11,2822.HK,15.84000015258789,15.84000015258789,15.359999656677246,15.430000305175781,13.848488807678223,5727069
2022-04-12,2822.HK,15.34000015258789,15.779999732971191,15.34000015258789,15.720000267028809,14.108765602111816,6865999
2022-04-13,2822.HK,15.680000305175781,15.9399995803833,15.65999984741211,15.760000228881836,14.144665718078613,3676630
2022-04-14,2822.HK,15.979999542236328,16.09000015258789,15.859999656677246,15.960000038146973,14.324166297912598,7189153
2022-04-19,2822.HK,15.800000190734863,15.859999656677246,15.520000457763672,15.5600004196167,13.965165138244629,7182622
2022-04-20,2822.HK,15.569999694824219,15.569999694824219,15.260000228881836,15.270000457763672,13.704888343811035,12122910
2022-04-21,2822.HK,15.270000457763672,15.380000114440918,14.949999809265137,15.0600004196167,13.516412734985352,16254033
2022-04-22,2822.HK,14.920000076293945,15.1899995803833,14.859999656677246,15.0600004196167,13.516412734985352,15979008
2022-04-25,2822.HK,15.0600004196167,15.0600004196167,14.170000076293945,14.170000076293945,12.717633247375488,17735886
2022-04-26,2822.HK,14.3100004196167,14.65999984741211,14.220000267028809,14.25,12.789433479309082,13977962
2022-04-27,2822.HK,14.319999694824219,14.579999923706055,14.300000190734863,14.550000190734863,13.058685302734375,23614636
2022-04-28,2822.HK,14.569999694824219,14.760000228881836,14.420000076293945,14.680000305175781,13.175360679626465,26024938
2022-04-29,2822.HK,14.680000305175781,14.90999984741211,14.359999656677246,14.84000015258789,13.318962097167969,28981023
2022-05-03,2822.HK,14.760000228881836,14.760000228881836,14.510000228881836,14.649999618530273,13.148435592651367,6479410
2022-05-04,2822.HK,14.65999984741211,14.729999542236328,14.59000015258789,14.609999656677246,13.11253547668457,9218562
2022-05-05,2822.HK,14.8100004196167,14.859999656677246,14.630000114440918,14.649999618530273,13.148435592651367,9208389
2022-05-06,2822.HK,14.470000267028809,14.470000267028809,14.029999732971191,14.079999923706055,12.636858940124512,11290667
2022-05-10,2822.HK,13.710000038146973,14.119999885559082,13.550000190734863,13.979999542236328,12.547107696533203,24286815
2022-05-11,2822.HK,14.0,14.369999885559082,13.979999542236328,14.149999618530273,12.69968318939209,8859323
2022-05-12,2822.HK,14.0,14.199999809265137,13.960000038146973,13.960000038146973,12.529157638549805,5276341
2022-05-13,2822.HK,14.039999961853027,14.329999923706055,14.039999961853027,14.149999618530273,12.69968318939209,13666994
2022-05-16,2822.HK,14.229999542236328,14.300000190734863,13.970000267028809,14.020000457763672,12.5830078125,6514733
2022-05-17,2822.HK,14.09000015258789,14.300000190734863,14.09000015258789,14.279999732971191,12.816359519958496,6237162
2022-05-18,2822.HK,14.329999923706055,14.329999923706055,14.09000015258789,14.210000038146973,12.753533363342285,6325805
2022-05-19,2822.HK,14.029999732971191,14.15999984741211,14.0,14.09000015258789,12.645833015441895,3893423
2022-05-20,2822.HK,14.229999542236328,14.729999542236328,14.229999542236328,14.649999618530273,13.148435592651367,10242508
2022-05-23,2822.HK,14.630000114440918,14.710000038146973,14.4399995803833,14.550000190734863,13.058685302734375,5563391
2022-05-24,2822.HK,14.579999923706055,14.59000015258789,14.25,14.350000381469727,12.87918472290039,7515299
2022-05-25,2822.HK,14.359999656677246,14.390000343322754,14.270000457763672,14.34000015258789,12.870209693908691,5152233
2022-05-26,2822.HK,14.300000190734863,14.329999923706055,14.069999694824219,14.199999809265137,12.744559288024902,5347288
2022-05-27,2822.HK,14.229999542236328,14.4399995803833,14.220000267028809,14.289999961853027,12.825333595275879,7828440
2022-05-30,2822.HK,14.34000015258789,14.640000343322754,14.34000015258789,14.579999923706055,13.085609436035156,9435802
2022-05-31,2822.HK,14.539999961853027,14.899999618530273,14.489999771118164,14.789999961853027,13.274086952209473,22943621
2022-06-01,2822.HK,14.829999923706055,14.829999923706055,14.609999656677246,14.6899995803833,13.184334754943848,6032519
2022-06-02,2822.HK,14.579999923706055,14.75,14.579999923706055,14.75,13.23818588256836,7697826
2022-06-06,2822.HK,14.789999961853027,15.029999732971191,14.600000381469727,14.989999771118164,13.45358657836914,14988674
2022-06-07,2822.HK,14.989999771118164,15.149999618530273,14.819999694824219,15.09000015258789,13.543336868286133,5413312
2022-06-08,2822.HK,15.109999656677246,15.260000228881836,15.010000228881836,15.1899995803833,13.633088111877441,9780015
2022-06-09,2822.HK,15.199999809265137,15.25,15.029999732971191,15.069999694824219,13.52538776397705,3337883
2022-06-10,2822.HK,15.0600004196167,15.359999656677246,14.930000305175781,15.289999961853027,13.722838401794434,6920605
2022-06-13,2822.HK,15.0600004196167,15.0600004196167,14.729999542236328,14.779999732971191,13.265111923217773,7348067
2022-06-14,2822.HK,14.699999809265137,15.069999694824219,14.640000343322754,14.960000038146973,13.42666244506836,7760522
2022-06-15,2822.HK,15.0,15.5600004196167,15.0,15.279999732971191,13.713862419128418,10538006
2022-06-16,2822.HK,15.380000114440918,15.489999771118164,15.100000381469727,15.130000114440918,13.579237937927246,5185554
2022-06-17,2822.HK,15.210000038146973,15.5600004196167,15.180000305175781,15.5,13.911314010620117,11363759
2022-06-20,2822.HK,15.510000228881836,15.779999732971191,15.430000305175781,15.649999618530273,14.045939445495605,5983414
2022-06-21,2822.HK,15.649999618530273,15.779999732971191,15.489999771118164,15.630000114440918,14.027990341186523,8642386
2022-06-22,2822.HK,15.5,15.619999885559082,15.350000381469727,15.359999656677246,13.785663604736328,10639197
2022-06-23,2822.HK,15.479999542236328,15.680000305175781,15.449999809265137,15.65999984741211,14.054914474487305,4339400
2022-06-24,2822.HK,15.699999809265137,16.010000228881836,15.520000457763672,16.0,14.360066413879395,13412030
2022-06-27,2822.HK,16.06999969482422,16.299999237060547,16.059999465942383,16.170000076293945,14.512641906738281,24509496
2022-06-28,2822.HK,16.100000381469727,16.350000381469727,16.030000686645508,16.280000686645508,14.611367225646973,11723998
2022-06-29,2822.HK,16.229999542236328,16.239999771118164,15.949999809265137,16.020000457763672,14.378016471862793,23298573
2022-06-30,2822.HK,16.020000457763672,16.43000030517578,16.020000457763672,16.299999237060547,14.629317283630371,29850497
2022-07-04,2822.HK,16.149999618530273,16.280000686645508,16.040000915527344,16.209999084472656,14.548542022705078,14407836
2022-07-05,2822.HK,16.209999084472656,16.479999542236328,16.139999389648438,16.229999542236328,14.566492080688477,8715336
2022-07-06,2822.HK,16.190000534057617,16.229999542236328,15.890000343322754,16.0,14.360066413879395,17303993
2022-07-07,2822.HK,16.0,16.1200008392334,15.890000343322754,16.079999923706055,14.431865692138672,3694457
2022-07-08,2822.HK,16.110000610351562,16.239999771118164,16.049999237060547,16.100000381469727,14.449817657470703,8801199
2022-07-11,2822.HK,16.040000915527344,16.040000915527344,15.699999809265137,15.739999771118164,14.126714706420898,9035656
2022-07-12,2822.HK,15.75,15.779999732971191,15.479999542236328,15.5600004196167,13.965165138244629,3594394
2022-07-13,2822.HK,15.640000343322754,15.699999809265137,15.520000457763672,15.640000343322754,14.036965370178223,5887999
2022-07-14,2822.HK,15.579999923706055,15.65999984741211,15.4399995803833,15.529999732971191,13.938239097595215,4687297
2022-07-15,2822.HK,15.449999809265137,15.720000267028809,15.220000267028809,15.220000267028809,13.660013198852539,9344911
2022-07-18,2822.HK,15.369999885559082,15.539999961853027,15.210000038146973,15.5,13.911314010620117,5549847
2022-07-19,2822.HK,15.4399995803833,15.4399995803833,15.239999771118164,15.390000343322754,13.812588691711426,4521400
2022-07-20,2822.HK,15.539999961853027,15.539999961853027,15.350000381469727,15.350000381469727,13.776689529418945,3683145
2022-07-21,2822.HK,15.319999694824219,15.369999885559082,15.130000114440918,15.170000076293945,13.615138053894043,8507542
2022-07-22,2822.HK,15.390000343322754,15.40999984741211,15.15999984741211,15.229999542236328,13.668988227844238,1973704
2022-07-25,2822.HK,15.239999771118164,15.279999732971191,15.170000076293945,15.239999771118164,13.677963256835938,5086012
2022-07-26,2822.HK,15.380000114440918,15.399999618530273,15.270000457763672,15.359999656677246,13.785663604736328,4930712
2022-07-27,2822.HK,15.300000190734863,15.300000190734863,15.130000114440918,15.15999984741211,13.606163024902344,8408559
2022-07-28,2822.HK,15.260000228881836,15.380000114440918,15.149999618530273,15.15999984741211,13.606163024902344,8584310
2022-07-29,2822.HK,15.1899995803833,15.270000457763672,14.930000305175781,15.0,13.462562561035156,13915149
2022-08-01,2822.HK,14.90999984741211,15.020000457763672,14.800000190734863,14.899999618530273,13.372811317443848,4366802
2022-08-02,2822.HK,14.800000190734863,14.800000190734863,14.529999732971191,14.680000305175781,13.175360679626465,11181815
2022-08-03,2822.HK,14.600000381469727,14.779999732971191,14.489999771118164,14.520000457763672,13.031760215759277,6175040
2022-08-04,2822.HK,14.640000343322754,14.710000038146973,14.569999694824219,14.6899995803833,13.184334754943848,7336217
2022-08-05,2822.HK,14.760000228881836,14.890000343322754,14.670000076293945,14.850000381469727,13.327936172485352,1770537
2022-08-08,2822.HK,14.800000190734863,14.829999923706055,14.680000305175781,14.760000228881836,13.247160911560059,2525012
2022-08-09,2822.HK,14.760000228881836,14.850000381469727,14.699999809265137,14.699999809265137,13.193310737609863,4153809
2022-08-10,2822.HK,14.760000228881836,14.770000457763672,14.489999771118164,14.5600004196167,13.06766128540039,3259084
2022-08-11,2822.HK,14.569999694824219,14.9399995803833,14.569999694824219,14.890000343322754,13.363837242126465,1747895
2022-08-12,2822.HK,14.859999656677246,15.0,14.819999694824219,14.979999542236328,13.444611549377441,1558420
2022-08-15,2822.HK,14.979999542236328,15.039999961853027,14.800000190734863,14.819999694824219,13.301011085510254,2809812
2022-08-16,2822.HK,14.800000190734863,14.880000114440918,14.699999809265137,14.739999771118164,13.229209899902344,3426077
2022-08-17,2822.HK,14.760000228881836,14.989999771118164,14.65999984741211,14.920000076293945,13.390761375427246,4339422
2022-08-18,2822.HK,14.890000343322754,14.920000076293945,14.680000305175781,14.75,13.23818588256836,2124200
2022-08-19,2822.HK,14.75,14.779999732971191,14.649999618530273,14.6899995803833,13.184334754943848,1093283
2022-08-22,2822.HK,14.619999885559082,14.779999732971191,14.5600004196167,14.619999885559082,13.12151050567627,6068267
2022-08-23,2822.HK,14.65999984741211,14.6899995803833,14.460000038146973,14.539999961853027,13.049710273742676,5288818
2022-08-24,2822.HK,14.5600004196167,14.600000381469727,14.3100004196167,14.3100004196167,12.843284606933594,7147215
2022-08-25,2822.HK,14.460000038146973,14.630000114440918,14.430000305175781,14.619999885559082,13.12151050567627,5204723
2022-08-26,2822.HK,14.640000343322754,14.670000076293945,14.569999694824219,14.609999656677246,13.11253547668457,8252840
2022-08-29,2822.HK,14.399999618530273,14.430000305175781,14.270000457763672,14.300000190734863,12.834308624267578,11545195
2022-08-30,2822.HK,14.34000015258789,14.34000015258789,14.119999885559082,14.270000457763672,12.807385444641113,7504025
2022-08-31,2822.HK,14.1899995803833,14.5600004196167,14.15999984741211,14.430000305175781,12.950984954833984,5606002
2022-09-01,2822.HK,14.399999618530273,14.399999618530273,14.25,14.270000457763672,12.807385444641113,2877636
2022-09-02,2822.HK,14.289999961853027,14.289999961853027,14.079999923706055,14.130000114440918,12.681734085083008,3569878
2022-09-05,2822.HK,14.0600004196167,14.0600004196167,13.890000343322754,14.0,12.565056800842285,7261070
2022-09-06,2822.HK,14.09000015258789,14.130000114440918,13.979999542236328,14.050000190734863,12.609933853149414,3120134
2022-09-07,2822.HK,14.050000190734863,14.050000190734863,13.899999618530273,13.979999542236328,12.547107696533203,5420897
2022-09-08,2822.HK,14.050000190734863,14.050000190734863,13.930000305175781,13.930000305175781,12.502232551574707,3740286
2022-09-09,2822.HK,14.039999961853027,14.3100004196167,14.039999961853027,14.289999961853027,12.825333595275879,3655100
2022-09-13,2822.HK,14.319999694824219,14.479999542236328,14.289999961853027,14.380000114440918,12.906109809875488,3402681
2022-09-14,2822.HK,14.149999618530273,14.229999542236328,14.079999923706055,14.119999885559082,12.672758102416992,2109372
2022-09-15,2822.HK,14.170000076293945,14.239999771118164,14.029999732971191,14.100000381469727,12.65480899810791,1875379
2022-09-16,2822.HK,14.0,14.0,13.680000305175781,13.720000267028809,12.313755989074707,5867216
2022-09-19,2822.HK,13.779999732971191,13.880000114440918,13.710000038146973,13.739999771118164,12.331707000732422,1603660
2022-09-20,2822.HK,13.75,13.869999885559082,13.739999771118164,13.779999732971191,12.367606163024902,3063802
2022-09-21,2822.HK,13.739999771118164,13.739999771118164,13.539999961853027,13.539999961853027,12.152206420898438,3220810
2022-09-22,2822.HK,13.399999618530273,13.4399995803833,13.300000190734863,13.359999656677246,11.990654945373535,15944843
2022-09-23,2822.HK,13.34000015258789,13.449999809265137,13.270000457763672,13.3100004196167,11.945780754089355,3843828
2022-09-26,2822.HK,13.350000381469727,13.430000305175781,13.199999809265137,13.289999961853027,11.92782974243164,5173238
2022-09-27,2822.HK,13.25,13.5,13.1899995803833,13.4399995803833,12.062455177307129,9433945
2022-09-28,2822.HK,13.3100004196167,13.350000381469727,13.199999809265137,13.220000267028809,11.865005493164062,15443810
2022-09-29,2822.HK,13.470000267028809,13.479999542236328,13.199999809265137,13.229999542236328,11.873979568481445,8717026
2022-09-30,2822.HK,13.399999618530273,13.529999732971191,13.350000381469727,13.420000076293945,12.04450511932373,5951291
2022-10-03,2822.HK,13.3100004196167,13.3100004196167,13.0600004196167,13.130000114440918,11.784229278564453,5990470
2022-10-05,2822.HK,13.5,14.130000114440918,13.5,14.039999961853027,12.600958824157715,18859224
2022-10-06,2822.HK,13.979999542236328,14.09000015258789,13.949999809265137,13.970000267028809,12.53813362121582,2250471
2022-10-07,2822.HK,13.880000114440918,13.880000114440918,13.65999984741211,13.6899995803833,12.286831855773926,10560401
2022-10-10,2822.HK,13.5,13.5,12.970000267028809,12.970000267028809,11.640628814697266,6510769
2022-10-11,2822.HK,12.979999542236328,13.0,12.869999885559082,12.90999984741211,11.58677864074707,7794782
2022-10-12,2822.HK,12.90999984741211,13.069999694824219,12.65999984741211,12.9399995803833,11.613703727722168,7588889
2022-10-13,2822.HK,12.9399995803833,12.9399995803833,12.760000228881836,12.760000228881836,11.452152252197266,7417890
2022-10-14,2822.HK,12.9399995803833,13.239999771118164,12.930000305175781,13.079999923706055,11.739354133605957,7714284
2022-10-17,2822.HK,13.0600004196167,13.0600004196167,12.930000305175781,13.039999961853027,11.70345401763916,7088006
2022-10-18,2822.HK,13.119999885559082,13.149999618530273,12.970000267028809,13.0600004196167,11.721404075622559,4393883
2022-10-19,2822.HK,12.9399995803833,13.020000457763672,12.670000076293945,12.670000076293945,11.371377944946289,3855800
2022-10-20,2822.HK,12.600000381469727,12.75,12.470000267028809,12.550000190734863,11.263676643371582,7289425
2022-10-21,2822.HK,12.550000190734863,12.59000015258789,12.430000305175781,12.470000267028809,11.191876411437988,2527508
2022-10-24,2822.HK,12.479999542236328,12.479999542236328,11.920000076293945,11.930000305175781,10.70722484588623,9824466
2022-10-25,2822.HK,11.9399995803833,12.029999732971191,11.770000457763672,11.890000343322754,10.671323776245117,10021327
2022-10-26,2822.HK,11.869999885559082,12.039999961853027,11.859999656677246,12.020000457763672,10.788000106811523,10280550
2022-10-27,2822.HK,12.119999885559082,12.180000305175781,11.779999732971191,11.800000190734863,10.59054946899414,10547268
2022-10-28,2822.HK,11.789999961853027,11.819999694824219,11.5,11.529999732971191,10.348221778869629,4355411
2022-10-31,2822.HK,11.529999732971191,11.529999732971191,11.25,11.260000228881836,10.105896949768066,11029043
2022-11-01,2822.HK,11.289999961853027,11.800000190734863,11.289999961853027,11.710000038146973,10.509774208068848,13768050
2022-11-02,2822.HK,11.710000038146973,12.010000228881836,11.65999984741211,11.979999542236328,10.75209903717041,5553745
2022-11-03,2822.HK,11.779999732971191,11.800000190734863,11.630000114440918,11.65999984741211,10.464898109436035,1890485
2022-11-04,2822.HK,11.670000076293945,12.34000015258789,11.65999984741211,12.170000076293945,10.922625541687012,7282766
2022-11-07,2822.HK,12.1899995803833,12.449999809265137,12.1899995803833,12.279999732971191,11.021350860595703,5505849
2022-11-08,2822.HK,12.279999732971191,12.40999984741211,12.140000343322754,12.199999809265137,10.94955062866211,3993407
2022-11-09,2822.HK,12.239999771118164,12.289999961853027,12.050000190734863,12.09000015258789,10.850825309753418,8357909
2022-11-10,2822.HK,12.050000190734863,12.069999694824219,11.890000343322754,12.029999732971191,10.796975135803223,3641286
2022-11-11,2822.HK,12.520000457763672,12.869999885559082,12.34000015258789,12.720000267028809,11.416253089904785,14634731
2022-11-14,2822.HK,12.960000038146973,13.039999961853027,12.779999732971191,12.8100004196167,11.497028350830078,27614934
2022-11-15,2822.HK,12.8100004196167,13.0600004196167,12.699999809265137,13.029999732971191,11.694478034973145,16601987
2022-11-16,2822.HK,12.949999809265137,13.020000457763672,12.850000381469727,12.899999618530273,11.577802658081055,9951800
2022-11-17,2822.HK,12.899999618530273,12.899999618530273,12.510000228881836,12.670000076293945,11.371377944946289,9123867
2022-11-18,2822.HK,12.670000076293945,12.729999542236328,12.550000190734863,12.640000343322754,11.344451904296875,10133340
2022-11-21,2822.HK,12.5,12.5,12.260000228881836,12.390000343322754,11.120076179504395,5866661
2022-11-22,2822.HK,12.4399995803833,12.600000381469727,12.359999656677246,12.479999542236328,11.200851440429688,6849310
2022-11-23,2822.HK,12.479999542236328,12.600000381469727,12.449999809265137,12.5,11.218801498413086,6861393
2022-11-24,2822.HK,12.600000381469727,12.619999885559082,12.420000076293945,12.460000038146973,11.182900428771973,5595476
2022-11-25,2822.HK,12.460000038146973,12.5600004196167,12.350000381469727,12.520000457763672,11.236751556396484,7264071
2022-11-28,2822.HK,12.460000038146973,12.460000038146973,11.9399995803833,12.260000228881836,11.003400802612305,9990442
2022-11-29,2822.HK,12.420000076293945,12.859999656677246,12.420000076293945,12.859999656677246,11.541902542114258,12171617
2022-11-30,2822.HK,12.800000190734863,13.029999732971191,12.779999732971191,13.010000228881836,11.676528930664062,14327485
2022-12-01,2822.HK,13.210000038146973,13.539999961853027,13.119999885559082,13.119999885559082,11.775253295898438,14113220
2022-12-02,2822.HK,13.199999809265137,13.229999542236328,13.119999885559082,13.140000343322754,11.793205261230469,6006892
2022-12-05,2822.HK,13.5,13.600000381469727,13.390000343322754,13.529999732971191,12.143231391906738,17546005
2022-12-06,2822.HK,13.529999732971191,13.779999732971191,13.479999542236328,13.640000343322754,12.24195671081543,11012550
2022-12-07,2822.HK,13.59000015258789,13.890000343322754,13.539999961853027,13.539999961853027,12.152206420898438,12972228
2022-12-08,2822.HK,13.65999984741211,13.760000228881836,13.630000114440918,13.710000038146973,12.304781913757324,7040099
2022-12-09,2822.HK,13.800000190734863,13.989999771118164,13.6899995803833,13.970000267028809,12.53813362121582,8860856
2022-12-12,2822.HK,13.800000190734863,13.84000015258789,13.630000114440918,13.65999984741211,12.259905815124512,5588059
2022-12-13,2822.HK,13.65999984741211,13.739999771118164,13.609999656677246,13.65999984741211,12.259905815124512,4962651
2022-12-14,2822.HK,13.729999542236328,13.890000343322754,13.670000076293945,13.850000381469727,12.430432319641113,5148641
2022-12-15,2822.HK,13.859999656677246,13.9399995803833,13.720000267028809,13.75,12.340682029724121,6733329
2022-12-16,2822.HK,13.789999961853027,13.869999885559082,13.6899995803833,13.800000190734863,12.385557174682617,2470416
2022-12-19,2822.HK,13.899999618530273,13.949999809265137,13.649999618530273,13.6899995803833,12.286831855773926,2564023
2022-12-20,2822.HK,13.630000114440918,13.630000114440918,13.239999771118164,13.40999984741211,12.035530090332031,7222064
2022-12-21,2822.HK,13.119999885559082,13.220000267028809,13.119999885559082,13.1899995803833,12.110077857971191,3344561
2022-12-22,2822.HK,13.270000457763672,13.40999984741211,13.199999809265137,13.300000190734863,12.21107292175293,10718812
2022-12-23,2822.HK,13.300000190734863,13.319999694824219,13.130000114440918,13.25,12.165166854858398,3187045
2022-12-28,2822.HK,13.399999618530273,13.420000076293945,13.279999732971191,13.390000343322754,12.29370403289795,5922505
2022-12-29,2822.HK,13.369999885559082,13.369999885559082,13.149999618530273,13.270000457763672,12.183528900146484,8579835
2022-12-30,2822.HK,13.390000343322754,13.4399995803833,13.34000015258789,13.399999618530273,12.302885055541992,5818835
2023-01-03,2822.HK,13.390000343322754,13.579999923706055,13.239999771118164,13.579999923706055,12.468148231506348,6542374
2023-01-04,2822.HK,13.600000381469727,13.609999656677246,13.420000076293945,13.59000015258789,12.47732925415039,6460295
2023-01-05,2822.HK,13.640000343322754,13.960000038146973,13.640000343322754,13.930000305175781,12.7894926071167,9234425
2023-01-06,2822.HK,13.989999771118164,14.0600004196167,13.859999656677246,14.029999732971191,12.881304740905762,7855122
2023-01-09,2822.HK,14.109999656677246,14.3100004196167,14.109999656677246,14.270000457763672,13.101655006408691,8486468
2023-01-10,2822.HK,14.300000190734863,14.380000114440918,14.210000038146973,14.270000457763672,13.101655006408691,3733336
2023-01-11,2822.HK,14.390000343322754,14.430000305175781,14.229999542236328,14.300000190734863,13.12919807434082,9337671
2023-01-12,2822.HK,14.40999984741211,14.430000305175781,14.3100004196167,14.399999618530273,13.2210111618042,4208811
2023-01-13,2822.HK,14.449999809265137,14.770000457763672,14.449999809265137,14.770000457763672,13.560718536376953,9673604
2023-01-16,2822.HK,14.770000457763672,15.130000114440918,14.770000457763672,15.0,13.77188777923584,11049169
2023-01-17,2822.HK,14.920000076293945,14.930000305175781,14.680000305175781,14.75,13.54235553741455,9354581
2023-01-18,2822.HK,14.75,14.859999656677246,14.680000305175781,14.760000228881836,13.551536560058594,6256417
2023-01-19,2822.HK,14.579999923706055,14.770000457763672,14.569999694824219,14.729999542236328,13.523992538452148,5417738
2023-01-20,2822.HK,14.760000228881836,14.899999618530273,14.760000228881836,14.84000015258789,13.62498664855957,10279600
2023-01-26,2822.HK,14.880000114440918,15.350000381469727,14.880000114440918,15.3100004196167,14.056506156921387,5489539
2023-01-27,2822.HK,15.380000114440918,15.380000114440918,15.25,15.34000015258789,14.084049224853516,13339041
2023-01-30,2822.HK,15.399999618530273,15.399999618530273,14.890000343322754,14.930000305175781,13.70761775970459,10951792
2023-01-31,2822.HK,14.989999771118164,15.09000015258789,14.739999771118164,14.8100004196167,13.597442626953125,7557512
2023-02-01,2822.HK,14.890000343322754,14.890000343322754,14.65999984741211,14.869999885559082,13.6525297164917,4989634
2023-02-02,2822.HK,15.010000228881836,15.010000228881836,14.8100004196167,14.84000015258789,13.62498664855957,5893358
2023-02-03,2822.HK,14.819999694824219,14.819999694824219,14.520000457763672,14.619999885559082,13.422998428344727,6844786
2023-02-06,2822.HK,14.5,14.5,14.180000305175781,14.239999771118164,13.07411003112793,4457320
2023-02-07,2822.HK,14.390000343322754,14.430000305175781,14.279999732971191,14.300000190734863,13.12919807434082,3918959
2023-02-08,2822.HK,14.5,14.5,14.25,14.3100004196167,13.13838005065918,4223925
2023-02-09,2822.HK,14.25,14.479999542236328,14.25,14.470000267028809,13.285280227661133,4170601
2023-02-10,2822.HK,14.4399995803833,14.4399995803833,14.270000457763672,14.319999694824219,13.147561073303223,3409644
2023-02-13,2822.HK,14.319999694824219,14.470000267028809,14.170000076293945,14.460000038146973,13.27609920501709,3847582
2023-02-14,2822.HK,14.5,14.5,14.380000114440918,14.449999809265137,13.26691722869873,3561164
2023-02-15,2822.HK,14.449999809265137,14.460000038146973,14.220000267028809,14.220000267028809,13.05574893951416,1772540
2023-02-16,2822.HK,14.260000228881836,14.460000038146973,14.119999885559082,14.220000267028809,13.05574893951416,3030891
2023-02-17,2822.HK,14.199999809265137,14.229999542236328,13.850000381469727,13.850000381469727,12.716042518615723,2241741
2023-02-20,2822.HK,14.0,14.329999923706055,13.960000038146973,14.279999732971191,13.110836029052734,5495832
2023-02-21,2822.HK,14.289999961853027,14.34000015258789,14.210000038146973,14.25,13.083292007446289,3621068
2023-02-22,2822.HK,14.140000343322754,14.210000038146973,14.069999694824219,14.09000015258789,12.936392784118652,2229885
2023-02-23,2822.HK,14.119999885559082,14.210000038146973,14.039999961853027,14.09000015258789,12.936392784118652,1869400
2023-02-24,2822.HK,14.079999923706055,14.079999923706055,13.770000457763672,13.779999732971191,12.651772499084473,5619452
2023-02-27,2822.HK,13.779999732971191,13.789999961853027,13.649999618530273,13.710000038146973,12.587504386901855,2475620
2023-02-28,2822.HK,13.84000015258789,13.850000381469727,13.649999618530273,13.739999771118164,12.6150484085083,5358906
2023-03-01,2822.HK,13.920000076293945,14.15999984741211,13.800000190734863,14.15999984741211,13.00066089630127,11998148
2023-03-02,2822.HK,14.119999885559082,14.180000305175781,14.050000190734863,14.0600004196167,12.90884780883789,1427309
2023-03-03,2822.HK,14.180000305175781,14.1899995803833,14.010000228881836,14.09000015258789,12.936392784118652,1567031
2023-03-06,2822.HK,14.140000343322754,14.140000343322754,13.899999618530273,13.970000267028809,12.826217651367188,5595627
2023-03-07,2822.HK,13.960000038146973,14.050000190734863,13.75,13.8100004196167,12.679317474365234,9563880
2023-03-08,2822.HK,13.75,13.75,13.529999732971191,13.579999923706055,12.468148231506348,9440269
2023-03-09,2822.HK,13.619999885559082,13.619999885559082,13.420000076293945,13.460000038146973,12.357973098754883,11287985
2023-03-10,2822.HK,13.399999618530273,13.479999542236328,13.3100004196167,13.3100004196167,12.220254898071289,11184096
2023-03-13,2822.HK,13.4399995803833,13.670000076293945,13.4399995803833,13.569999694824219,12.458967208862305,8158062
2023-03-14,2822.HK,13.5,13.640000343322754,13.460000038146973,13.569999694824219,12.458967208862305,14240123
2023-03-15,2822.HK,13.670000076293945,13.710000038146973,13.529999732971191,13.600000381469727,12.48651123046875,3939448
2023-03-16,2822.HK,13.59000015258789,13.59000015258789,13.420000076293945,13.460000038146973,12.357973098754883,5500977
2023-03-17,2822.HK,13.5600004196167,13.729999542236328,13.4399995803833,13.529999732971191,12.422242164611816,5879855
2023-03-20,2822.HK,13.489999771118164,13.529999732971191,13.329999923706055,13.40999984741211,12.312066078186035,6190801
2023-03-21,2822.HK,13.430000305175781,13.619999885559082,13.399999618530273,13.619999885559082,12.504873275756836,4555103
2023-03-22,2822.HK,13.619999885559082,13.739999771118164,13.600000381469727,13.600000381469727,12.48651123046875,5075605
2023-03-23,2822.HK,13.670000076293945,13.90999984741211,13.65999984741211,13.890000343322754,12.752767562866211,5925030
2023-03-24,2822.HK,13.960000038146973,13.960000038146973,13.729999542236328,13.800000190734863,12.670136451721191,6637968
2023-03-27,2822.HK,13.800000190734863,13.800000190734863,13.529999732971191,13.600000381469727,12.48651123046875,3646000
2023-03-28,2822.HK,13.65999984741211,13.720000267028809,13.59000015258789,13.720000267028809,12.596685409545898,4456119
2023-03-29,2822.HK,13.720000267028809,13.779999732971191,13.640000343322754,13.6899995803833,12.569141387939453,4476787
2023-03-30,2822.HK,13.680000305175781,13.869999885559082,13.600000381469727,13.84000015258789,12.706860542297363,3243240
2023-03-31,2822.HK,13.90999984741211,14.029999732971191,13.819999694824219,13.880000114440918,12.743585586547852,7111711
2023-04-03,2822.HK,13.859999656677246,13.859999656677246,13.720000267028809,13.779999732971191,12.651772499084473,4338200
2023-04-04,2822.HK,13.760000228881836,13.829999923706055,13.699999809265137,13.8100004196167,12.679317474365234,3669739
2023-04-06,2822.HK,13.8100004196167,13.8100004196167,13.649999618530273,13.739999771118164,12.6150484085083,1397806
2023-04-11,2822.HK,13.800000190734863,13.819999694824219,13.649999618530273,13.699999809265137,12.578322410583496,4559941
2023-04-12,2822.HK,13.6899995803833,13.6899995803833,13.59000015258789,13.600000381469727,12.48651123046875,3324714
2023-04-13,2822.HK,13.600000381469727,13.680000305175781,13.550000190734863,13.65999984741211,12.541597366333008,8550509
2023-04-14,2822.HK,13.739999771118164,13.84000015258789,13.720000267028809,13.729999542236328,12.605865478515625,2075505
2023-04-17,2822.HK,13.720000267028809,14.0,13.680000305175781,13.979999542236328,12.835397720336914,3040870
2023-04-18,2822.HK,13.979999542236328,14.109999656677246,13.960000038146973,14.0,12.853760719299316,6701191
2023-04-19,2822.HK,14.029999732971191,14.029999732971191,13.84000015258789,13.84000015258789,12.706860542297363,2572570
2023-04-20,2822.HK,13.850000381469727,13.880000114440918,13.720000267028809,13.800000190734863,12.670136451721191,4153078
2023-04-21,2822.HK,13.779999732971191,13.789999961853027,13.529999732971191,13.5600004196167,12.449786186218262,3717078
2023-04-24,2822.HK,13.550000190734863,13.609999656677246,13.350000381469727,13.449999809265137,12.348791122436523,3582220
2023-04-25,2822.HK,13.430000305175781,13.449999809265137,13.319999694824219,13.380000114440918,12.284523010253906,4974533
2023-04-26,2822.HK,13.329999923706055,13.430000305175781,13.279999732971191,13.40999984741211,12.312066078186035,3884075
2023-04-27,2822.HK,13.329999923706055,13.600000381469727,13.329999923706055,13.539999961853027,12.43142318725586,2018453
2023-04-28,2822.HK,13.640000343322754,13.710000038146973,13.600000381469727,13.649999618530273,12.532416343688965,2595337
2023-05-02,2822.HK,13.649999618530273,13.699999809265137,13.520000457763672,13.5600004196167,12.449786186218262,3383126
2023-05-03,2822.HK,13.5600004196167,13.569999694824219,13.470000267028809,13.529999732971191,12.422242164611816,2329508
2023-05-04,2822.HK,13.579999923706055,13.760000228881836,13.579999923706055,13.699999809265137,12.578322410583496,3746118
2023-05-05,2822.HK,13.760000228881836,13.829999923706055,13.640000343322754,13.699999809265137,12.578322410583496,2401600
2023-05-08,2822.HK,13.739999771118164,13.930000305175781,13.699999809265137,13.869999885559082,12.734404563903809,3003054
2023-05-09,2822.HK,13.869999885559082,13.979999542236328,13.729999542236328,13.729999542236328,12.605865478515625,6463830
2023-05-10,2822.HK,13.729999542236328,13.729999542236328,13.5600004196167,13.59000015258789,12.47732925415039,4404619
2023-05-11,2822.HK,13.59000015258789,13.65999984741211,13.539999961853027,13.600000381469727,12.48651123046875,1717079
2023-05-12,2822.HK,13.579999923706055,13.579999923706055,13.380000114440918,13.420000076293945,12.321248054504395,2430033
2023-05-15,2822.HK,13.329999923706055,13.579999923706055,13.279999732971191,13.579999923706055,12.468148231506348,2646897
2023-05-16,2822.HK,13.550000190734863,13.579999923706055,13.4399995803833,13.510000228881836,12.40388011932373,1493223
2023-05-17,2822.HK,13.4399995803833,13.4399995803833,13.220000267028809,13.25,12.165166854858398,7865431
2023-05-18,2822.HK,13.289999961853027,13.359999656677246,13.170000076293945,13.229999542236328,12.146803855895996,9427400
2023-05-19,2822.HK,13.15999984741211,13.199999809265137,13.0,13.15999984741211,12.082533836364746,3558931
2023-05-22,2822.HK,13.180000305175781,13.390000343322754,13.15999984741211,13.289999961853027,12.201891899108887,2565550
2023-05-23,2822.HK,13.300000190734863,13.3100004196167,13.050000190734863,13.0600004196167,11.990723609924316,10245801
2023-05-24,2822.HK,13.0,13.039999961853027,12.850000381469727,12.960000038146973,11.898910522460938,5269287
2023-05-25,2822.HK,12.960000038146973,12.960000038146973,12.6899995803833,12.789999961853027,11.742828369140625,9683118
2023-05-29,2822.HK,12.84000015258789,12.84000015258789,12.649999618530273,12.680000305175781,11.64183521270752,12092289
2023-05-30,2822.HK,12.619999885559082,12.770000457763672,12.489999771118164,12.630000114440918,11.595929145812988,5874103
2023-05-31,2822.HK,12.630000114440918,12.630000114440918,12.34000015258789,12.420000076293945,11.403122901916504,6811457
2023-06-01,2822.HK,12.399999618530273,12.600000381469727,12.380000114440918,12.479999542236328,11.458209991455078,10196210
2023-06-02,2822.HK,12.5600004196167,12.739999771118164,12.539999961853027,12.739999771118164,11.696922302246094,6426623
2023-06-05,2822.HK,12.789999961853027,12.789999961853027,12.5600004196167,12.600000381469727,11.568385124206543,3469294
2023-06-06,2822.HK,12.59000015258789,12.789999961853027,12.529999732971191,12.539999961853027,11.513297080993652,6276025
2023-06-07,2822.HK,12.649999618530273,12.649999618530273,12.4399995803833,12.539999961853027,11.513297080993652,3963041
2023-06-08,2822.HK,12.5,12.640000343322754,12.4399995803833,12.5600004196167,11.531660079956055,5291513
2023-06-09,2822.HK,12.640000343322754,12.670000076293945,12.600000381469727,12.619999885559082,11.586746215820312,3180818
2023-06-12,2822.HK,12.600000381469727,12.710000038146973,12.539999961853027,12.619999885559082,11.586746215820312,3621194
2023-06-13,2822.HK,12.649999618530273,12.720000267028809,12.550000190734863,12.670000076293945,11.632654190063477,5211579
2023-06-14,2822.HK,12.720000267028809,12.829999923706055,12.680000305175781,12.710000038146973,11.669379234313965,2880331
2023-06-15,2822.HK,12.739999771118164,12.989999771118164,12.729999542236328,12.989999771118164,11.926454544067383,5414379
2023-06-16,2822.HK,13.100000381469727,13.180000305175781,13.0,13.029999732971191,11.963178634643555,6321600
2023-06-19,2822.HK,13.029999732971191,13.029999732971191,12.829999923706055,12.920000076293945,11.86218547821045,3299974
2023-06-20,2822.HK,12.890000343322754,12.890000343322754,12.720000267028809,12.760000228881836,11.71528434753418,5131346
2023-06-21,2822.HK,12.699999809265137,12.779999732971191,12.600000381469727,12.670000076293945,11.632654190063477,5096088
2023-06-23,2822.HK,12.670000076293945,12.670000076293945,12.380000114440918,12.460000038146973,11.439846992492676,5079971
2023-06-26,2822.HK,12.489999771118164,12.5,12.329999923706055,12.369999885559082,11.357215881347656,4153262
2023-06-27,2822.HK,12.399999618530273,12.520000457763672,12.319999694824219,12.489999771118164,11.467391014099121,4112943
2023-06-28,2822.HK,12.489999771118164,12.510000228881836,12.4399995803833,12.479999542236328,11.458209991455078,1258830
2023-06-29,2822.HK,12.520000457763672,12.520000457763672,12.350000381469727,12.380000114440918,11.366397857666016,11515103
2023-06-30,2822.HK,12.380000114440918,12.5,12.359999656677246,12.380000114440918,11.366397857666016,10238859
2023-07-03,2822.HK,12.449999809265137,12.680000305175781,12.449999809265137,12.609999656677246,11.57756519317627,9303797
2023-07-04,2822.HK,12.630000114440918,12.729999542236328,12.609999656677246,12.699999809265137,11.660197257995605,3303191
2023-07-05,2822.HK,12.649999618530273,12.649999618530273,12.5,12.5,11.476572036743164,1738400
2023-07-06,2822.HK,12.5600004196167,12.5600004196167,12.350000381469727,12.420000076293945,11.403122901916504,3754476
2023-07-07,2822.HK,12.399999618530273,12.399999618530273,12.34000015258789,12.369999885559082,11.357215881347656,1529249
2023-07-10,2822.HK,12.539999961853027,12.579999923706055,12.430000305175781,12.460000038146973,11.439846992492676,2168988
2023-07-11,2822.HK,12.539999961853027,12.619999885559082,12.489999771118164,12.5600004196167,11.531660079956055,3303894
2023-07-12,2822.HK,12.600000381469727,12.710000038146973,12.600000381469727,12.619999885559082,11.586746215820312,1702825
2023-07-13,2822.HK,12.649999618530273,12.9399995803833,12.649999618530273,12.930000305175781,11.871366500854492,3356320
2023-07-14,2822.HK,12.930000305175781,13.020000457763672,12.930000305175781,12.960000038146973,11.898910522460938,3272374
2023-07-18,2822.HK,12.850000381469727,12.850000381469727,12.6899995803833,12.75,11.706103324890137,5914800
2023-07-19,2822.HK,12.670000076293945,12.680000305175781,12.5600004196167,12.680000305175781,11.64183521270752,2096400
2023-07-20,2822.HK,12.699999809265137,12.84000015258789,12.600000381469727,12.600000381469727,11.568385124206543,4336211
2023-07-21,2822.HK,12.699999809265137,12.84000015258789,12.640000343322754,12.699999809265137,11.660197257995605,2918586
2023-07-24,2822.HK,12.699999809265137,12.699999809265137,12.569999694824219,12.579999923706055,11.550021171569824,1837883
2023-07-25,2822.HK,12.699999809265137,13.199999809265137,12.699999809265137,13.1899995803833,12.110077857971191,10092445
2023-07-26,2822.HK,13.15999984741211,13.15999984741211,13.050000190734863,13.119999885559082,12.045809745788574,3682491
2023-07-27,2822.HK,13.170000076293945,13.300000190734863,13.130000114440918,13.180000305175781,12.100897789001465,6578060
2023-07-28,2822.HK,13.15999984741211,13.510000228881836,13.0600004196167,13.4399995803833,12.339609146118164,25043016
2023-07-31,2822.HK,13.600000381469727,13.789999961853027,13.470000267028809,13.539999961853027,12.43142318725586,8440473
2023-08-01,2822.HK,13.470000267028809,13.550000190734863,13.359999656677246,13.399999618530273,12.302885055541992,2707142
2023-08-02,2822.HK,13.359999656677246,13.399999618530273,13.15999984741211,13.1899995803833,12.110077857971191,3630625
2023-08-03,2822.HK,13.210000038146973,13.34000015258789,13.180000305175781,13.25,12.165166854858398,1564058
2023-08-04,2822.HK,13.380000114440918,13.609999656677246,13.380000114440918,13.420000076293945,12.321248054504395,4432481
2023-08-07,2822.HK,13.420000076293945,13.420000076293945,13.260000228881836,13.3100004196167,12.220254898071289,2553601
2023-08-08,2822.HK,13.3100004196167,13.34000015258789,13.140000343322754,13.229999542236328,12.146803855895996,7197566
2023-08-09,2822.HK,13.1899995803833,13.300000190734863,13.1899995803833,13.289999961853027,12.201891899108887,2501978
2023-08-10,2822.HK,13.270000457763672,13.279999732971191,13.119999885559082,13.279999732971191,12.192710876464844,5626713
2023-08-11,2822.HK,13.279999732971191,13.279999732971191,12.899999618530273,12.899999618530273,11.84382152557373,4006794
2023-08-14,2822.HK,12.779999732971191,12.779999732971191,12.550000190734863,12.670000076293945,11.632654190063477,7145727
2023-08-15,2822.HK,12.65999984741211,12.699999809265137,12.550000190734863,12.640000343322754,11.605110168457031,7298071
2023-08-16,2822.HK,12.550000190734863,12.65999984741211,12.550000190734863,12.609999656677246,11.57756519317627,3793369
2023-08-17,2822.HK,12.520000457763672,12.649999618530273,12.4399995803833,12.600000381469727,11.568385124206543,7893555
2023-08-18,2822.HK,12.600000381469727,12.710000038146973,12.5,12.510000228881836,11.485753059387207,6527850
2023-08-21,2822.HK,12.430000305175781,12.5,12.3100004196167,12.359999656677246,11.348034858703613,3861525
2023-08-22,2822.HK,12.420000076293945,12.539999961853027,12.319999694824219,12.479999542236328,11.458209991455078,10617698
2023-08-23,2822.HK,12.470000267028809,12.479999542236328,12.300000190734863,12.359999656677246,11.348034858703613,10167401
2023-08-24,2822.HK,12.399999618530273,12.579999923706055,12.390000343322754,12.520000457763672,11.494935035705566,7579104
2023-08-25,2822.HK,12.470000267028809,12.579999923706055,12.4399995803833,12.489999771118164,11.467391014099121,3942831
2023-08-28,2822.HK,13.149999618530273,13.180000305175781,12.59000015258789,12.609999656677246,11.57756519317627,11700205
2023-08-29,2822.HK,12.680000305175781,12.850000381469727,12.65999984741211,12.680000305175781,11.64183521270752,6001007
2023-08-30,2822.HK,12.779999732971191,12.779999732971191,12.600000381469727,12.619999885559082,11.586746215820312,5102510
2023-08-31,2822.HK,12.670000076293945,12.699999809265137,12.59000015258789,12.609999656677246,11.57756519317627,2145909
2023-09-04,2822.HK,12.680000305175781,13.029999732971191,12.680000305175781,12.920000076293945,11.86218547821045,3514283
2023-09-05,2822.HK,12.899999618530273,12.90999984741211,12.569999694824219,12.800000190734863,11.752009391784668,1204585
2023-09-06,2822.HK,12.75,12.829999923706055,12.6899995803833,12.779999732971191,11.733647346496582,1689632
2023-09-07,2822.HK,12.699999809265137,12.699999809265137,12.569999694824219,12.600000381469727,11.568385124206543,8766192
2023-09-11,2822.HK,12.510000228881836,12.720000267028809,12.4399995803833,12.6899995803833,11.651015281677246,10024957
2023-09-12,2822.HK,12.520000457763672,12.640000343322754,12.520000457763672,12.579999923706055,11.550021171569824,2691591
2023-09-13,2822.HK,12.619999885559082,12.65999984741211,12.479999542236328,12.539999961853027,11.513297080993652,1680782
2023-09-14,2822.HK,12.600000381469727,12.670000076293945,12.550000190734863,12.579999923706055,11.550021171569824,4405932
2023-09-15,2822.HK,12.579999923706055,12.670000076293945,12.489999771118164,12.510000228881836,11.485753059387207,12487815
2023-09-18,2822.HK,12.489999771118164,12.619999885559082,12.449999809265137,12.5600004196167,11.531660079956055,5793400
2023-09-19,2822.HK,12.5600004196167,12.5600004196167,12.460000038146973,12.5600004196167,11.531660079956055,2343215
2023-09-20,2822.HK,12.5,12.529999732971191,12.470000267028809,12.479999542236328,11.458209991455078,2451024
2023-09-21,2822.HK,12.460000038146973,12.489999771118164,12.350000381469727,12.350000381469727,11.33885383605957,2121055
2023-09-22,2822.HK,12.329999923706055,12.670000076293945,12.319999694824219,12.65999984741211,11.623473167419434,2489420
2023-09-25,2822.HK,12.550000190734863,12.680000305175781,12.489999771118164,12.520000457763672,11.494935035705566,2099112
2023-09-26,2822.HK,12.489999771118164,12.520000457763672,12.390000343322754,12.420000076293945,11.403122901916504,2696400
2023-09-27,2822.HK,12.420000076293945,12.5600004196167,12.390000343322754,12.399999618530273,11.384758949279785,3956117
2023-09-28,2822.HK,12.479999542236328,12.479999542236328,12.319999694824219,12.34000015258789,11.329672813415527,2221215
2023-09-29,2822.HK,12.420000076293945,12.619999885559082,12.420000076293945,12.489999771118164,11.467391014099121,3335794
2023-10-03,2822.HK,12.479999542236328,12.479999542236328,12.199999809265137,12.229999542236328,11.228677749633789,4994300
2023-10-04,2822.HK,12.210000038146973,12.210000038146973,12.029999732971191,12.100000381469727,11.109322547912598,4442777
2023-10-05,2822.HK,12.130000114440918,12.170000076293945,12.119999885559082,12.140000343322754,11.146047592163086,1889994
2023-10-06,2822.HK,12.180000305175781,12.3100004196167,12.180000305175781,12.220000267028809,11.219496726989746,2051400
2023-10-09,2822.HK,12.270000457763672,12.319999694824219,12.239999771118164,12.289999961853027,11.283764839172363,1076951
2023-10-10,2822.HK,12.350000381469727,12.4399995803833,12.1899995803833,12.199999809265137,11.20113468170166,2631259
2023-10-11,2822.HK,12.289999961853027,12.350000381469727,12.239999771118164,12.239999771118164,11.237858772277832,1719252
2023-10-12,2822.HK,12.430000305175781,12.4399995803833,12.319999694824219,12.329999923706055,11.320489883422852,1536415
2023-10-13,2822.HK,12.279999732971191,12.279999732971191,12.149999618530273,12.199999809265137,11.20113468170166,1372238
2023-10-16,2822.HK,12.199999809265137,12.199999809265137,12.020000457763672,12.039999961853027,11.05423355102539,1212861
2023-10-17,2822.HK,12.069999694824219,12.119999885559082,12.029999732971191,12.100000381469727,11.109322547912598,3018405
2023-10-18,2822.HK,12.119999885559082,12.170000076293945,12.0600004196167,12.100000381469727,11.109322547912598,5300775
2023-10-19,2822.HK,12.039999961853027,12.039999961853027,11.720000267028809,11.760000228881836,10.797160148620605,4699602
2023-10-20,2822.HK,11.699999809265137,11.739999771118164,11.600000381469727,11.680000305175781,10.723709106445312,5406600
2023-10-24,2822.HK,11.680000305175781,11.680000305175781,11.529999732971191,11.640000343322754,10.686984062194824,5407025
2023-10-25,2822.HK,11.699999809265137,11.829999923706055,11.65999984741211,11.6899995803833,10.732890129089355,2905630
2023-10-26,2822.HK,11.6899995803833,11.779999732971191,11.649999618530273,11.779999732971191,10.815521240234375,1956886
2023-10-27,2822.HK,11.720000267028809,11.949999809265137,11.710000038146973,11.829999923706055,10.861428260803223,2727602
2023-10-30,2822.HK,11.859999656677246,11.949999809265137,11.829999923706055,11.949999809265137,10.971602439880371,2579804
2023-10-31,2822.HK,11.90999984741211,11.920000076293945,11.84000015258789,11.880000114440918,10.907334327697754,2507666
2023-11-01,2822.HK,12.010000228881836,12.100000381469727,11.960000038146973,12.0,11.017508506774902,4812398
2023-11-02,2822.HK,12.0600004196167,12.109999656677246,11.960000038146973,11.960000038146973,10.98078441619873,4085000
2023-11-03,2822.HK,12.0,12.119999885559082,11.989999771118164,12.079999923706055,11.090959548950195,2257758
2023-11-06,2822.HK,12.149999618530273,12.239999771118164,12.100000381469727,12.210000038146973,11.210315704345703,3089857
2023-11-07,2822.HK,12.1899995803833,12.1899995803833,12.100000381469727,12.130000114440918,11.136866569519043,1631945
2023-11-08,2822.HK,12.109999656677246,12.170000076293945,12.050000190734863,12.100000381469727,11.109322547912598,1642694
2023-11-09,2822.HK,12.079999923706055,12.140000343322754,12.050000190734863,12.079999923706055,11.090959548950195,1609832
2023-11-10,2822.HK,12.039999961853027,12.039999961853027,11.920000076293945,11.9399995803833,10.962421417236328,2224185
2023-11-13,2822.HK,11.9399995803833,11.989999771118164,11.850000381469727,11.979999542236328,10.999146461486816,2627492
2023-11-14,2822.HK,11.979999542236328,12.0,11.880000114440918,11.920000076293945,10.944059371948242,946706
2023-11-15,2822.HK,12.15999984741211,12.15999984741211,12.0600004196167,12.100000381469727,11.109322547912598,2706476
2023-11-16,2822.HK,12.100000381469727,12.100000381469727,11.9399995803833,11.970000267028809,10.989965438842773,1497200
2023-11-17,2822.HK,11.899999618530273,11.960000038146973,11.850000381469727,11.90999984741211,10.9348783493042,5301558
2023-11-20,2822.HK,11.9399995803833,12.130000114440918,11.9399995803833,12.09000015258789,11.100141525268555,1446372
2023-11-21,2822.HK,12.119999885559082,12.289999961853027,12.119999885559082,12.170000076293945,11.173590660095215,4873817
2023-11-22,2822.HK,12.140000343322754,12.199999809265137,12.079999923706055,12.130000114440918,11.136866569519043,3718905
2023-11-23,2822.HK,12.029999732971191,12.210000038146973,12.010000228881836,12.210000038146973,11.210315704345703,2321504
2023-11-24,2822.HK,12.210000038146973,12.210000038146973,12.010000228881836,12.029999732971191,11.045052528381348,1526800
2023-11-27,2822.HK,12.0,12.0,11.84000015258789,11.979999542236328,10.999146461486816,1647471
2023-11-28,2822.HK,11.979999542236328,11.979999542236328,11.859999656677246,11.920000076293945,10.944059371948242,2809635
2023-11-29,2822.HK,11.979999542236328,12.0,11.850000381469727,11.869999885559082,10.898153305053711,4145935
2023-11-30,2822.HK,11.920000076293945,12.0,11.890000343322754,11.9399995803833,10.962421417236328,1621329
2023-12-01,2822.HK,11.899999618530273,11.899999618530273,11.75,11.800000190734863,10.833885192871094,3555210
2023-12-04,2822.HK,11.890000343322754,11.890000343322754,11.729999542236328,11.739999771118164,10.778796195983887,1160436
2023-12-05,2822.HK,11.770000457763672,11.770000457763672,11.479999542236328,11.529999732971191,10.585989952087402,4677583
2023-12-06,2822.HK,11.510000228881836,11.59000015258789,11.460000038146973,11.529999732971191,10.585989952087402,5807167
2023-12-07,2822.HK,11.479999542236328,11.529999732971191,11.380000114440918,11.529999732971191,10.585989952087402,5416680
2023-12-08,2822.HK,11.539999961853027,11.569999694824219,11.420000076293945,11.420000076293945,10.48499584197998,6595872
2023-12-11,2822.HK,11.420000076293945,11.529999732971191,11.25,11.4399995803833,10.503357887268066,10297364
2023-12-12,2822.HK,11.449999809265137,11.550000190734863,11.4399995803833,11.550000190734863,10.604352951049805,5601889
2023-12-13,2822.HK,11.5,11.5,11.25,11.319999694824219,10.393182754516602,6231400
2023-12-14,2822.HK,11.399999618530273,11.479999542236328,11.270000457763672,11.319999694824219,10.393182754516602,5029976
2023-12-15,2822.HK,11.399999618530273,11.5,11.3100004196167,11.420000076293945,10.48499584197998,4799040
2023-12-18,2822.HK,11.420000076293945,11.420000076293945,11.1899995803833,11.34000015258789,10.41154670715332,2058691
2023-12-19,2822.HK,11.279999732971191,11.319999694824219,11.1899995803833,11.300000190734863,10.374821662902832,2570342
2023-12-20,2822.HK,11.350000381469727,11.359999656677246,11.229999542236328,11.239999771118164,10.319733619689941,4111605
2023-12-21,2822.HK,10.829999923706055,11.020000457763672,10.800000190734863,11.020000457763672,10.463692665100098,4511537
2023-12-22,2822.HK,11.020000457763672,11.0600004196167,10.920000076293945,10.949999809265137,10.397226333618164,5456962
2023-12-27,2822.HK,10.949999809265137,11.020000457763672,10.920000076293945,10.989999771118164,10.43520736694336,2507737
2023-12-28,2822.HK,11.0,11.369999885559082,11.0,11.34000015258789,10.767539024353027,4174069
2023-12-29,2822.HK,11.380000114440918,11.430000305175781,11.329999923706055,11.329999923706055,10.75804328918457,1745510
2024-01-02,2822.HK,11.329999923706055,11.329999923706055,11.109999656677246,11.260000228881836,10.691576957702637,3749603
2024-01-03,2822.HK,11.170000076293945,11.170000076293945,11.050000190734863,11.100000381469727,10.539654731750488,3239021
2024-01-04,2822.HK,11.069999694824219,11.069999694824219,10.899999618530273,11.010000228881836,10.454197883605957,2827078
2024-01-05,2822.HK,10.920000076293945,11.0600004196167,10.890000343322754,10.9399995803833,10.387730598449707,971619
2024-01-08,2822.HK,11.100000381469727,11.100000381469727,10.800000190734863,10.819999694824219,10.273789405822754,1633286
2024-01-09,2822.HK,10.8100004196167,10.869999885559082,10.779999732971191,10.819999694824219,10.273789405822754,5218467
2024-01-10,2822.HK,10.800000190734863,10.890000343322754,10.75,10.779999732971191,10.235808372497559,2961758
2024-01-11,2822.HK,10.779999732971191,10.90999984741211,10.75,10.829999923706055,10.283284187316895,2816855
2024-01-12,2822.HK,10.779999732971191,10.880000114440918,10.770000457763672,10.800000190734863,10.254798889160156,1517611
2024-01-15,2822.HK,10.800000190734863,10.800000190734863,10.800000190734863,10.800000190734863,10.254798889160156,0
2024-01-16,2822.HK,10.760000228881836,10.84000015258789,10.65999984741211,10.800000190734863,10.254798889160156,6502750
2024-01-17,2822.HK,10.8100004196167,10.8100004196167,10.520000457763672,10.520000457763672,9.988933563232422,4736294
2024-01-18,2822.HK,10.520000457763672,10.710000038146973,10.369999885559082,10.630000114440918,10.093379974365234,12530035
2024-01-19,2822.HK,10.630000114440918,10.779999732971191,10.630000114440918,10.760000228881836,10.216818809509277,15970675
2024-01-22,2822.HK,10.800000190734863,10.850000381469727,10.579999923706055,10.619999885559082,10.083885192871094,7459624
2024-01-23,2822.HK,10.720000267028809,10.819999694824219,10.630000114440918,10.760000228881836,10.216818809509277,9229527
2024-01-24,2822.HK,10.800000190734863,11.010000228881836,10.640000343322754,10.949999809265137,10.397226333618164,12080082
2024-01-25,2822.HK,10.949999809265137,11.109999656677246,10.890000343322754,11.0600004196167,10.501673698425293,7171415
2024-01-26,2822.HK,11.069999694824219,11.100000381469727,10.960000038146973,11.020000457763672,10.463692665100098,6096768
2024-01-29,2822.HK,11.069999694824219,11.119999885559082,11.0,11.020000457763672,10.463692665100098,5411950
2024-01-30,2822.HK,10.949999809265137,10.960000038146973,10.739999771118164,10.800000190734863,10.254798889160156,11872634
2024-01-31,2822.HK,10.800000190734863,10.880000114440918,10.75,10.770000457763672,10.226313591003418,7121701
2024-02-01,2822.HK,10.789999961853027,10.899999618530273,10.729999542236328,10.779999732971191,10.235808372497559,5696166
2024-02-02,2822.HK,10.850000381469727,10.880000114440918,10.479999542236328,10.640000343322754,10.102876663208008,9492421
2024-02-05,2822.HK,10.630000114440918,10.9399995803833,10.550000190734863,10.819999694824219,10.273789405822754,9460213
2024-02-06,2822.HK,10.829999923706055,11.260000228881836,10.829999923706055,11.210000038146973,10.6441011428833,12129863
2024-02-07,2822.HK,11.210000038146973,11.25,11.130000114440918,11.229999542236328,10.663091659545898,11145258
2024-02-08,2822.HK,11.279999732971191,11.350000381469727,11.180000305175781,11.229999542236328,10.663091659545898,14605131
2024-02-09,2822.HK,11.15999984741211,11.15999984741211,11.15999984741211,11.15999984741211,10.596625328063965,0
2024-02-14,2822.HK,11.180000305175781,11.229999542236328,11.109999656677246,11.220000267028809,10.653596878051758,6078740
2024-02-15,2822.HK,11.210000038146973,11.270000457763672,11.119999885559082,11.270000457763672,10.70107364654541,1373065
2024-02-16,2822.HK,11.279999732971191,11.470000267028809,11.239999771118164,11.470000267028809,10.890975952148438,6264832
2024-02-19,2822.HK,11.489999771118164,11.489999771118164,11.279999732971191,11.359999656677246,10.786528587341309,4955024
2024-02-20,2822.HK,11.34000015258789,11.40999984741211,11.300000190734863,11.380000114440918,10.805519104003906,3427160
2024-02-21,2822.HK,11.34000015258789,11.8100004196167,11.319999694824219,11.649999618530273,11.061888694763184,7520229
2024-02-22,2822.HK,11.649999618530273,11.75,11.59000015258789,11.75,11.156841278076172,4558173
2024-02-23,2822.HK,11.75,11.770000457763672,11.649999618530273,11.770000457763672,11.17583179473877,2924407
2024-02-26,2822.HK,11.760000228881836,11.760000228881836,11.5,11.520000457763672,10.93845272064209,2692616
2024-02-27,2822.HK,11.5,11.600000381469727,11.479999542236328,11.579999923706055,10.995423316955566,5606224
2024-02-28,2822.HK,11.539999961853027,11.600000381469727,11.449999809265137,11.449999809265137,10.87198543548584,5567794
2024-02-29,2822.HK,11.5,11.630000114440918,11.489999771118164,11.609999656677246,11.023907661437988,2122901
2024-03-01,2822.HK,11.609999656677246,11.729999542236328,11.520000457763672,11.670000076293945,11.080879211425781,3221400
2024-03-04,2822.HK,11.670000076293945,11.670000076293945,11.550000190734863,11.59000015258789,11.004918098449707,1381930
2024-03-05,2822.HK,11.59000015258789,11.770000457763672,11.520000457763672,11.720000267028809,11.128355026245117,6204229
2024-03-06,2822.HK,11.75,11.779999732971191,11.649999618530273,11.670000076293945,11.080879211425781,6288424
2024-03-07,2822.HK,11.670000076293945,11.729999542236328,11.59000015258789,11.609999656677246,11.023907661437988,2809862
2024-03-08,2822.HK,11.65999984741211,11.6899995803833,11.550000190734863,11.670000076293945,11.080879211425781,1267838
2024-03-11,2822.HK,11.640000343322754,11.899999618530273,11.640000343322754,11.899999618530273,11.29926872253418,4885704
2024-03-12,2822.HK,11.890000343322754,12.029999732971191,11.859999656677246,11.949999809265137,11.346744537353516,4503100
2024-03-13,2822.HK,11.949999809265137,11.949999809265137,11.84000015258789,11.859999656677246,11.261287689208984,2672313
2024-03-14,2822.HK,11.84000015258789,11.930000305175781,11.789999961853027,11.829999923706055,11.232802391052246,1566411
2024-03-15,2822.HK,11.829999923706055,11.859999656677246,11.739999771118164,11.84000015258789,11.242297172546387,3028033
2024-03-18,2822.HK,11.829999923706055,11.90999984741211,11.819999694824219,11.899999618530273,11.29926872253418,1973775
2024-03-19,2822.HK,11.819999694824219,11.920000076293945,11.8100004196167,11.850000381469727,11.25179386138916,1941182
2024-03-20,2822.HK,11.84000015258789,11.920000076293945,11.800000190734863,11.920000076293945,11.318259239196777,2894265
2024-03-21,2822.HK,11.899999618530273,11.960000038146973,11.869999885559082,11.9399995803833,11.337248802185059,1855698
2024-03-22,2822.HK,11.859999656677246,11.859999656677246,11.59000015258789,11.720000267028809,11.128355026245117,4373988
2024-03-25,2822.HK,11.670000076293945,11.789999961853027,11.65999984741211,11.720000267028809,11.128355026245117,2546602
2024-03-26,2822.HK,11.770000457763672,11.850000381469727,11.739999771118164,11.800000190734863,11.204317092895508,3088617
2024-03-27,2822.HK,11.729999542236328,11.8100004196167,11.680000305175781,11.710000038146973,11.118860244750977,4188976
2024-03-28,2822.HK,11.699999809265137,11.819999694824219,11.619999885559082,11.739999771118164,11.147345542907715,4999376
2024-04-02,2822.HK,11.850000381469727,11.930000305175781,11.8100004196167,11.819999694824219,11.223306655883789,2523565
2024-04-03,2822.HK,11.850000381469727,11.869999885559082,11.760000228881836,11.829999923706055,11.232802391052246,1845639
2024-04-05,2822.HK,11.720000267028809,11.850000381469727,11.65999984741211,11.84000015258789,11.242297172546387,2937961
2024-04-08,2822.HK,11.84000015258789,11.84000015258789,11.6899995803833,11.789999961853027,11.194822311401367,2546092
2024-04-09,2822.HK,11.779999732971191,11.789999961853027,11.670000076293945,11.670000076293945,11.080879211425781,3800535
2024-04-10,2822.HK,11.680000305175781,11.75,11.630000114440918,11.710000038146973,11.118860244750977,2602784
2024-04-11,2822.HK,11.65999984741211,11.739999771118164,11.550000190734863,11.739999771118164,11.147345542907715,6101077
2024-04-12,2822.HK,11.65999984741211,11.680000305175781,11.510000228881836,11.539999961853027,10.957442283630371,2924220
2024-04-15,2822.HK,11.5,11.84000015258789,11.5,11.800000190734863,11.204317092895508,4152469
2024-04-16,2822.HK,11.739999771118164,11.800000190734863,11.649999618530273,11.6899995803833,11.099869728088379,3513121
2024-04-17,2822.HK,11.710000038146973,11.859999656677246,11.670000076293945,11.850000381469727,11.25179386138916,3631212
2024-04-18,2822.HK,11.84000015258789,12.029999732971191,11.819999694824219,11.869999885559082,11.270783424377441,4833045
2024-04-19,2822.HK,11.859999656677246,11.869999885559082,11.739999771118164,11.819999694824219,11.223306655883789,5354432
2024-04-22,2822.HK,11.850000381469727,11.930000305175781,11.8100004196167,11.829999923706055,11.232802391052246,7339807
2024-04-23,2822.HK,11.829999923706055,11.869999885559082,11.739999771118164,11.850000381469727,11.25179386138916,3477677
2024-04-24,2822.HK,11.850000381469727,11.979999542236328,11.789999961853027,11.880000114440918,11.280278205871582,6240114
2024-04-25,2822.HK,11.800000190734863,11.899999618530273,11.779999732971191,11.890000343322754,11.289773941040039,2187737
2024-04-26,2822.HK,11.949999809265137,12.109999656677246,11.949999809265137,12.0600004196167,11.451191902160645,3437163
2024-04-29,2822.HK,12.0600004196167,12.270000457763672,12.0,12.15999984741211,11.546143531799316,4895837
2024-04-30,2822.HK,12.1899995803833,12.260000228881836,12.130000114440918,12.140000343322754,11.527153968811035,1603056
2024-05-02,2822.HK,12.140000343322754,12.34000015258789,12.109999656677246,12.3100004196167,11.68857192993164,5000854
2024-05-03,2822.HK,12.3100004196167,12.449999809265137,12.3100004196167,12.40999984741211,11.783522605895996,4045429
2024-05-06,2822.HK,12.4399995803833,12.4399995803833,12.300000190734863,12.300000190734863,11.679076194763184,4977808
2024-05-07,2822.HK,12.3100004196167,12.40999984741211,12.300000190734863,12.369999885559082,11.745542526245117,4354965
2024-05-08,2822.HK,12.329999923706055,12.329999923706055,12.25,12.270000457763672,11.650590896606445,2788213
2024-05-09,2822.HK,12.270000457763672,12.34000015258789,12.270000457763672,12.319999694824219,11.698066711425781,4461934
2024-05-10,2822.HK,12.350000381469727,12.390000343322754,12.25,12.319999694824219,11.698066711425781,1260910
2024-05-13,2822.HK,12.279999732971191,12.279999732971191,12.15999984741211,12.229999542236328,11.612608909606934,1288660
2024-05-14,2822.HK,12.229999542236328,12.239999771118164,12.15999984741211,12.210000038146973,11.593619346618652,762036
2024-05-16,2822.HK,12.199999809265137,12.329999923706055,12.15999984741211,12.239999771118164,11.62210464477539,3412015
2024-05-17,2822.HK,12.260000228881836,12.479999542236328,12.239999771118164,12.479999542236328,11.849989891052246,5729336
2024-05-20,2822.HK,12.5,12.529999732971191,12.420000076293945,12.5,11.868980407714844,2018487
2024-05-21,2822.HK,12.479999542236328,12.479999542236328,12.359999656677246,12.369999885559082,11.745542526245117,2526614
2024-05-22,2822.HK,12.369999885559082,12.430000305175781,12.34000015258789,12.350000381469727,11.72655200958252,1867304
2024-05-23,2822.HK,12.350000381469727,12.350000381469727,12.239999771118164,12.25,11.631600379943848,2318287
2024-05-24,2822.HK,12.220000267028809,12.270000457763672,12.079999923706055,12.100000381469727,11.48917293548584,4913580
2024-05-27,2822.HK,12.09000015258789,12.229999542236328,12.09000015258789,12.199999809265137,11.584124565124512,4325517
2024-05-28,2822.HK,12.210000038146973,12.239999771118164,12.140000343322754,12.15999984741211,11.546143531799316,647764
2024-05-29,2822.HK,12.15999984741211,12.260000228881836,12.149999618530273,12.15999984741211,11.546143531799316,2482298
2024-05-30,2822.HK,12.170000076293945,12.210000038146973,12.029999732971191,12.050000190734863,11.441697120666504,2674246
2024-05-31,2822.HK,12.130000114440918,12.180000305175781,11.979999542236328,12.079999923706055,11.470182418823242,3378507
2024-06-03,2822.HK,12.0,12.130000114440918,11.979999542236328,12.020000457763672,11.413211822509766,2500371
2024-06-04,2822.HK,12.079999923706055,12.210000038146973,12.079999923706055,12.100000381469727,11.48917293548584,2157403
2024-06-05,2822.HK,12.15999984741211,12.199999809265137,12.09000015258789,12.100000381469727,11.48917293548584,2330888
2024-06-06,2822.HK,12.130000114440918,12.220000267028809,12.079999923706055,12.170000076293945,11.555638313293457,3492118
2024-06-07,2822.HK,12.149999618530273,12.149999618530273,11.960000038146973,12.020000457763672,11.413211822509766,1427602
2024-06-11,2822.HK,11.979999542236328,11.979999542236328,11.760000228881836,11.859999656677246,11.261287689208984,8902018
2024-06-12,2822.HK,11.829999923706055,11.84000015258789,11.779999732971191,11.8100004196167,11.213812828063965,2521274
2024-06-13,2822.HK,11.800000190734863,11.850000381469727,11.75,11.779999732971191,11.185325622558594,2233932
2024-06-14,2822.HK,11.760000228881836,11.890000343322754,11.670000076293945,11.84000015258789,11.242297172546387,2126304
2024-06-17,2822.HK,11.789999961853027,11.850000381469727,11.760000228881836,11.829999923706055,11.232802391052246,5742343
2024-06-18,2822.HK,11.829999923706055,11.859999656677246,11.760000228881836,11.8100004196167,11.213812828063965,1482451
2024-06-19,2822.HK,11.819999694824219,11.880000114440918,11.789999961853027,11.829999923706055,11.232802391052246,2261182
2024-06-20,2822.HK,11.8100004196167,11.859999656677246,11.75,11.760000228881836,11.166336059570312,11146680
2024-06-21,2822.HK,11.770000457763672,11.779999732971191,11.609999656677246,11.649999618530273,11.061888694763184,1676483
2024-06-24,2822.HK,11.619999885559082,11.779999732971191,11.5600004196167,11.720000267028809,11.128355026245117,2763797
2024-06-25,2822.HK,11.760000228881836,11.779999732971191,11.640000343322754,11.710000038146973,11.118860244750977,4967732
2024-06-26,2822.HK,11.6899995803833,11.729999542236328,11.640000343322754,11.670000076293945,11.080879211425781,4537381
2024-06-27,2822.HK,11.649999618530273,11.6899995803833,11.569999694824219,11.649999618530273,11.061888694763184,2611201
2024-06-28,2822.HK,11.649999618530273,11.720000267028809,11.609999656677246,11.649999618530273,11.061888694763184,1885626
2024-07-02,2822.HK,11.630000114440918,11.789999961853027,11.609999656677246,11.739999771118164,11.147345542907715,1487942
2024-07-03,2822.HK,11.789999961853027,11.789999961853027,11.710000038146973,11.760000228881836,11.166336059570312,1768887
2024-07-04,2822.HK,11.770000457763672,11.859999656677246,11.739999771118164,11.779999732971191,11.185325622558594,2026629
2024-07-05,2822.HK,11.779999732971191,11.779999732971191,11.529999732971191,11.640000343322754,11.05239486694336,1702449
2024-07-08,2822.HK,11.59000015258789,11.65999984741211,11.59000015258789,11.600000381469727,11.014413833618164,1108462
2024-07-09,2822.HK,11.579999923706055,11.760000228881836,11.510000228881836,11.699999809265137,11.109365463256836,2336303
2024-07-10,2822.HK,11.729999542236328,11.739999771118164,11.649999618530273,11.680000305175781,11.090375900268555,2489432
2024-07-11,2822.HK,11.729999542236328,11.8100004196167,11.6899995803833,11.779999732971191,11.185325622558594,1936918
2024-07-12,2822.HK,11.819999694824219,11.880000114440918,11.819999694824219,11.829999923706055,11.232802391052246,662389
2024-07-15,2822.HK,11.859999656677246,11.930000305175781,11.84000015258789,11.869999885559082,11.270783424377441,667412
2024-07-16,2822.HK,11.869999885559082,11.920000076293945,11.850000381469727,11.859999656677246,11.261287689208984,2157328
2024-07-17,2822.HK,11.869999885559082,12.010000228881836,11.850000381469727,11.970000267028809,11.36573600769043,857249
2024-07-18,2822.HK,11.970000267028809,12.079999923706055,11.949999809265137,12.039999961853027,11.432201385498047,1121329
2024-07-19,2822.HK,12.0,12.100000381469727,11.920000076293945,11.960000038146973,11.356240272521973,4664613
2024-07-22,2822.HK,11.960000038146973,12.079999923706055,11.880000114440918,11.899999618530273,11.29926872253418,3148675
2024-07-23,2822.HK,11.979999542236328,11.979999542236328,11.760000228881836,11.770000457763672,11.17583179473877,2170497
2024-07-24,2822.HK,11.789999961853027,11.8100004196167,11.720000267028809,11.800000190734863,11.204317092895508,1218205
2024-07-25,2822.HK,11.760000228881836,11.760000228881836,11.59000015258789,11.739999771118164,11.147345542907715,6805706
2024-07-26,2822.HK,11.739999771118164,11.770000457763672,11.59000015258789,11.65999984741211,11.07138442993164,1236695
2024-07-29,2822.HK,11.619999885559082,11.65999984741211,11.569999694824219,11.609999656677246,11.023907661437988,1690900
2024-07-30,2822.HK,11.5600004196167,11.579999923706055,11.430000305175781,11.5600004196167,10.976433753967285,2655416
2024-07-31,2822.HK,11.529999732971191,11.770000457763672,11.529999732971191,11.729999542236328,11.137850761413574,5327000
2024-08-01,2822.HK,11.729999542236328,11.739999771118164,11.619999885559082,11.65999984741211,11.07138442993164,4796612
2024-08-02,2822.HK,11.579999923706055,11.640000343322754,11.539999961853027,11.609999656677246,11.023907661437988,1286613
2024-08-05,2822.HK,11.59000015258789,11.779999732971191,11.59000015258789,11.649999618530273,11.061888694763184,2625855
2024-08-06,2822.HK,11.710000038146973,11.720000267028809,11.460000038146973,11.59000015258789,11.004918098449707,3284133
2024-08-07,2822.HK,11.5,11.5600004196167,11.460000038146973,11.5,10.919462203979492,1850395
2024-08-08,2822.HK,11.470000267028809,11.619999885559082,11.4399995803833,11.520000457763672,10.93845272064209,3171169
2024-08-09,2822.HK,11.630000114440918,11.649999618530273,11.579999923706055,11.600000381469727,11.014413833618164,1378258
2024-08-12,2822.HK,11.5600004196167,11.609999656677246,11.550000190734863,11.569999694824219,10.98592758178711,697421
2024-08-13,2822.HK,11.5600004196167,11.569999694824219,11.5,11.5600004196167,10.976433753967285,926243
2024-08-14,2822.HK,11.600000381469727,11.600000381469727,11.550000190734863,11.5600004196167,10.976433753967285,470065
2024-08-15,2822.HK,11.510000228881836,11.729999542236328,11.5,11.670000076293945,11.080879211425781,1454958
2024-08-16,2822.HK,11.670000076293945,11.729999542236328,11.630000114440918,11.729999542236328,11.137850761413574,1354982
2024-08-19,2822.HK,11.819999694824219,11.920000076293945,11.8100004196167,11.819999694824219,11.223306655883789,911355
2024-08-20,2822.HK,11.829999923706055,11.829999923706055,11.729999542236328,11.800000190734863,11.204317092895508,390000
2024-08-21,2822.HK,11.699999809265137,11.800000190734863,11.6899995803833,11.760000228881836,11.166336059570312,805806
2024-08-22,2822.HK,11.789999961853027,11.850000381469727,11.760000228881836,11.850000381469727,11.25179386138916,1721352
2024-08-23,2822.HK,11.829999923706055,11.90999984741211,11.800000190734863,11.880000114440918,11.280278205871582,1304807
2024-08-26,2822.HK,11.949999809265137,11.960000038146973,11.8100004196167,11.859999656677246,11.261287689208984,1888304
2024-08-27,2822.HK,11.850000381469727,11.859999656677246,11.800000190734863,11.859999656677246,11.261287689208984,695498
2024-08-28,2822.HK,11.829999923706055,11.829999923706055,11.65999984741211,11.710000038146973,11.118860244750977,3926911
2024-08-29,2822.HK,11.680000305175781,11.720000267028809,11.619999885559082,11.699999809265137,11.109365463256836,806726
2024-08-30,2822.HK,11.699999809265137,12.0,11.699999809265137,11.880000114440918,11.280278205871582,1815479
2024-09-02,2822.HK,11.800000190734863,11.800000190734863,11.640000343322754,11.649999618530273,11.061888694763184,1332350
2024-09-03,2822.HK,11.640000343322754,11.640000343322754,11.579999923706055,11.609999656677246,11.023907661437988,1494162
2024-09-04,2822.HK,11.609999656677246,11.609999656677246,11.520000457763672,11.550000190734863,10.966937065124512,763606
2024-09-05,2822.HK,11.5600004196167,11.609999656677246,11.520000457763672,11.569999694824219,10.98592758178711,1166354
2024-09-09,2822.HK,11.5,11.5,11.3100004196167,11.319999694824219,10.748547554016113,3154210
2024-09-10,2822.HK,11.329999923706055,11.420000076293945,11.319999694824219,11.319999694824219,10.748547554016113,716788
2024-09-11,2822.HK,11.319999694824219,11.319999694824219,11.270000457763672,11.300000190734863,10.729557991027832,1296704
2024-09-12,2822.HK,11.300000190734863,11.319999694824219,11.220000267028809,11.239999771118164,10.672586441040039,5042317
2024-09-13,2822.HK,11.25,11.3100004196167,11.210000038146973,11.229999542236328,10.663091659545898,4880806
2024-09-16,2822.HK,11.220000267028809,11.279999732971191,11.199999809265137,11.260000228881836,10.691576957702637,607058
2024-09-17,2822.HK,11.25,11.319999694824219,11.239999771118164,11.300000190734863,10.729557991027832,1328599
2024-09-19,2822.HK,11.289999961853027,11.420000076293945,11.130000114440918,11.350000381469727,10.777033805847168,3106348
2024-09-20,2822.HK,11.399999618530273,11.420000076293945,11.3100004196167,11.380000114440918,10.805519104003906,1573780
2024-09-23,2822.HK,11.380000114440918,11.529999732971191,11.380000114440918,11.4399995803833,10.862489700317383,1665073
2024-09-24,2822.HK,11.5600004196167,12.140000343322754,11.5600004196167,12.140000343322754,11.527153968811035,9061791
2024-09-25,2822.HK,12.40999984741211,12.550000190734863,12.319999694824219,12.34000015258789,11.717057228088379,12924627
2024-09-26,2822.HK,12.399999618530273,13.100000381469727,12.3100004196167,12.9399995803833,12.286767959594727,15965252
2024-09-27,2822.HK,13.319999694824219,13.630000114440918,13.0600004196167,13.59000015258789,12.903955459594727,44595627
2024-09-30,2822.HK,14.0,14.5,13.640000343322754,14.220000267028809,13.502151489257812,39020999
2024-10-02,2822.HK,14.460000038146973,15.359999656677246,14.350000381469727,15.279999732971191,14.50864028930664,39092090
2024-10-03,2822.HK,15.5,15.520000457763672,14.739999771118164,15.229999542236328,14.461165428161621,29804255
2024-10-04,2822.HK,15.100000381469727,15.640000343322754,15.050000190734863,15.609999656677246,14.821981430053711,23359148
2024-10-07,2822.HK,15.930000305175781,16.18000030517578,15.800000190734863,16.18000030517578,15.363207817077637,49658720
2024-10-08,2822.HK,16.100000381469727,16.25,14.380000114440918,14.380000114440918,13.654074668884277,60718345
2024-10-09,2822.HK,14.699999809265137,14.979999542236328,13.40999984741211,13.510000228881836,12.827994346618652,36003505
2024-10-10,2822.HK,13.800000190734863,14.369999885559082,13.699999809265137,14.039999961853027,13.331238746643066,17278118
2024-10-14,2822.HK,13.949999809265137,14.029999732971191,13.670000076293945,13.899999618530273,13.198305130004883,9376084
2024-10-15,2822.HK,13.899999618530273,13.899999618530273,13.34000015258789,13.449999809265137,12.77102279663086,10254031
2024-10-16,2822.HK,13.399999618530273,13.510000228881836,13.260000228881836,13.329999923706055,12.657079696655273,7162896
2024-10-17,2822.HK,13.399999618530273,13.539999961853027,13.020000457763672,13.050000190734863,12.391215324401855,4331185
2024-10-18,2822.HK,13.170000076293945,13.819999694824219,13.09000015258789,13.739999771118164,13.046382904052734,8494243
2024-10-21,2822.HK,13.760000228881836,13.760000228881836,13.479999542236328,13.529999732971191,12.846983909606934,3987815
2024-10-22,2822.HK,13.5,13.680000305175781,13.5,13.569999694824219,12.884964942932129,1902221
2024-10-23,2822.HK,13.529999732971191,13.760000228881836,13.529999732971191,13.640000343322754,12.951431274414062,3145420
2024-10-24,2822.HK,13.640000343322754,13.640000343322754,13.479999542236328,13.529999732971191,12.846983909606934,3328116
2024-10-25,2822.HK,13.529999732971191,13.670000076293945,13.449999809265137,13.510000228881836,12.827994346618652,2518320
2024-10-28,2822.HK,13.5,13.529999732971191,13.34000015258789,13.470000267028809,12.790013313293457,2690370
2024-10-29,2822.HK,13.520000457763672,13.619999885559082,13.359999656677246,13.369999885559082,12.695060729980469,2759310
2024-10-30,2822.HK,13.380000114440918,13.460000038146973,13.1899995803833,13.239999771118164,12.571623802185059,12199751
2024-10-31,2822.HK,13.25,13.34000015258789,13.100000381469727,13.170000076293945,12.505157470703125,9692762
2024-11-01,2822.HK,13.229999542236328,13.4399995803833,13.210000038146973,13.359999656677246,12.685564994812012,7719853
2024-11-04,2822.HK,13.359999656677246,13.539999961853027,13.300000190734863,13.529999732971191,12.846983909606934,2270920
2024-11-05,2822.HK,13.5,13.850000381469727,13.399999618530273,13.84000015258789,13.141334533691406,9087651
2024-11-06,2822.HK,13.84000015258789,13.84000015258789,13.369999885559082,13.510000228881836,12.827994346618652,7148425
2024-11-07,2822.HK,13.399999618530273,14.050000190734863,13.34000015258789,14.010000228881836,13.302752494812012,6048189
2024-11-08,2822.HK,14.069999694824219,14.149999618530273,13.699999809265137,13.729999542236328,13.036887168884277,8458731
2024-11-11,2822.HK,13.449999809265137,13.59000015258789,13.380000114440918,13.550000190734863,12.865974426269531,7008181
2024-11-12,2822.HK,13.489999771118164,13.75,13.300000190734863,13.34000015258789,12.66657543182373,7052940
2024-11-13,2822.HK,13.270000457763672,13.529999732971191,13.270000457763672,13.479999542236328,12.799507141113281,9506409
2024-11-14,2822.HK,13.369999885559082,13.510000228881836,13.270000457763672,13.270000457763672,12.600109100341797,7955405
2024-11-15,2822.HK,13.300000190734863,13.369999885559082,13.140000343322754,13.140000343322754,12.476672172546387,4346801
2024-11-18,2822.HK,13.180000305175781,13.430000305175781,13.15999984741211,13.170000076293945,12.505157470703125,1955411
2024-11-19,2822.HK,13.239999771118164,13.289999961853027,13.050000190734863,13.220000267028809,12.552634239196777,2200189
2024-11-20,2822.HK,13.170000076293945,13.279999732971191,13.170000076293945,13.239999771118164,12.571623802185059,1365801
2024-11-21,2822.HK,13.180000305175781,13.260000228881836,13.15999984741211,13.220000267028809,12.552634239196777,1499411
2024-11-22,2822.HK,13.220000267028809,13.229999542236328,12.819999694824219,12.960000038146973,12.305758476257324,5011721
2024-11-25,2822.HK,12.960000038146973,12.989999771118164,12.729999542236328,12.770000457763672,12.125350952148438,5093900
2024-11-26,2822.HK,12.710000038146973,12.859999656677246,12.680000305175781,12.75,12.106359481811523,4047206
2024-11-27,2822.HK,12.770000457763672,13.039999961853027,12.739999771118164,13.020000457763672,12.362730026245117,6002039
2024-11-28,2822.HK,13.010000228881836,13.010000228881836,12.800000190734863,12.800000190734863,12.15383529663086,5752206
2024-11-29,2822.HK,12.850000381469727,13.180000305175781,12.850000381469727,12.979999542236328,12.324748039245605,5795450
2024-12-02,2822.HK,12.970000267028809,13.010000228881836,12.890000343322754,12.979999542236328,12.324748039245605,7401639
2024-12-03,2822.HK,12.979999542236328,13.079999923706055,12.880000114440918,13.0600004196167,12.400711059570312,5720660
2024-12-04,2822.HK,12.989999771118164,13.100000381469727,12.949999809265137,13.069999694824219,12.410204887390137,3558516
2024-12-05,2822.HK,13.029999732971191,13.039999961853027,12.960000038146973,13.010000228881836,12.35323429107666,1918506
2024-12-06,2822.HK,13.010000228881836,13.319999694824219,13.010000228881836,13.199999809265137,12.533642768859863,4319779
2024-12-09,2822.HK,13.15999984741211,13.779999732971191,13.069999694824219,13.6899995803833,12.998907089233398,5332426
2024-12-10,2822.HK,13.949999809265137,13.949999809265137,13.319999694824219,13.380000114440918,12.70455551147461,13098111
2024-12-11,2822.HK,13.390000343322754,13.399999618530273,13.180000305175781,13.220000267028809,12.552634239196777,5065477
2024-12-12,2822.HK,13.260000228881836,13.460000038146973,13.210000038146973,13.399999618530273,12.723546028137207,7150441
2024-12-13,2822.HK,13.34000015258789,13.34000015258789,13.0,13.029999732971191,12.372223854064941,7952906
2024-12-16,2822.HK,13.050000190734863,13.119999885559082,13.010000228881836,13.039999961853027,12.381719589233398,3811852
2024-12-17,2822.HK,13.029999732971191,13.239999771118164,13.029999732971191,13.109999656677246,12.448185920715332,6466201
2024-12-18,2822.HK,13.140000343322754,13.270000457763672,13.140000343322754,13.170000076293945,12.505157470703125,5713830
2024-12-19,2822.HK,12.800000190734863,12.800000190734863,12.680000305175781,12.710000038146973,12.388343811035156,4015252
2024-12-20,2822.HK,12.75,12.770000457763672,12.640000343322754,12.699999809265137,12.378597259521484,1362559
2024-12-23,2822.HK,12.699999809265137,12.869999885559082,12.680000305175781,12.75,12.427331924438477,2814823
2024-12-24,2822.HK,12.890000343322754,12.890000343322754,12.890000343322754,12.890000343322754,12.563789367675781,0
2024-12-27,2822.HK,12.899999618530273,12.949999809265137,12.8100004196167,12.899999618530273,12.573535919189453,2948363
2024-12-30,2822.HK,12.9399995803833,13.050000190734863,12.920000076293945,12.920000076293945,12.593029975891113,2712243
2024-12-31,2822.HK,12.899999618530273,12.899999618530273,12.899999618530273,12.899999618530273,12.573535919189453,0
2025-01-02,2822.HK,12.90999984741211,12.90999984741211,12.399999618530273,12.460000038146973,12.144671440124512,7166437
2025-01-03,2822.HK,12.460000038146973,12.510000228881836,12.3100004196167,12.329999923706055,12.017960548400879,8387097
2025-01-06,2822.HK,12.390000343322754,12.390000343322754,12.15999984741211,12.260000228881836,11.949732780456543,2944370
2025-01-07,2822.HK,12.229999542236328,12.329999923706055,12.199999809265137,12.319999694824219,12.008213996887207,3932063
2025-01-08,2822.HK,12.270000457763672,12.359999656677246,12.170000076293945,12.279999732971191,11.969225883483887,3404730
2025-01-09,2822.HK,12.289999961853027,12.289999961853027,12.1899995803833,12.229999542236328,11.920491218566895,1222737
2025-01-10,2822.HK,12.229999542236328,12.229999542236328,12.100000381469727,12.100000381469727,11.793782234191895,3771285
2025-01-13,2822.HK,12.050000190734863,12.09000015258789,11.979999542236328,12.069999694824219,11.764540672302246,1571260
2025-01-14,2822.HK,12.069999694824219,12.369999885559082,12.069999694824219,12.350000381469727,12.037455558776855,2680178
2025-01-15,2822.HK,12.300000190734863,12.369999885559082,12.260000228881836,12.319999694824219,12.008213996887207,1066403
2025-01-16,2822.HK,12.319999694824219,12.40999984741211,12.210000038146973,12.279999732971191,11.969225883483887,3317314
2025-01-17,2822.HK,12.279999732971191,12.329999923706055,12.199999809265137,12.289999961853027,11.978973388671875,1994452
2025-01-20,2822.HK,12.369999885559082,12.479999542236328,12.369999885559082,12.380000114440918,12.066696166992188,3486135
2025-01-21,2822.HK,12.510000228881836,12.520000457763672,12.399999618530273,12.430000305175781,12.11543083190918,2365090
2025-01-22,2822.HK,12.40999984741211,12.430000305175781,12.220000267028809,12.260000228881836,11.949732780456543,8289736
2025-01-23,2822.HK,12.300000190734863,12.529999732971191,12.300000190734863,12.359999656677246,12.047201156616211,5887343
2025-01-24,2822.HK,12.380000114440918,12.550000190734863,12.319999694824219,12.4399995803833,12.125176429748535,5090208
2025-01-27,2822.HK,12.470000267028809,12.539999961853027,12.430000305175781,12.449999809265137,12.134923934936523,6303005
2025-01-28,2822.HK,12.430000305175781,12.430000305175781,12.430000305175781,12.430000305175781,12.11543083190918,0
2025-02-03,2822.HK,12.199999809265137,12.279999732971191,12.100000381469727,12.260000228881836,11.949732780456543,4671027
2025-02-04,2822.HK,12.3100004196167,12.5600004196167,12.239999771118164,12.489999771118164,12.173912048339844,13843532
2025-02-05,2822.HK,12.5,12.5,12.210000038146973,12.289999961853027,11.978973388671875,3288841
2025-02-06,2822.HK,12.229999542236328,12.399999618530273,12.210000038146973,12.359999656677246,12.047201156616211,3272779
2025-02-07,2822.HK,12.359999656677246,12.609999656677246,12.300000190734863,12.539999961853027,12.222646713256836,3220168
2025-02-10,2822.HK,12.539999961853027,12.569999694824219,12.4399995803833,12.479999542236328,12.164164543151855,2459799
2025-02-11,2822.HK,12.539999961853027,12.550000190734863,12.40999984741211,12.4399995803833,12.125176429748535,3657799
2025-02-12,2822.HK,12.489999771118164,12.609999656677246,12.4399995803833,12.609999656677246,12.290874481201172,6914792
2025-02-13,2822.HK,12.649999618530273,12.800000190734863,12.5600004196167,12.59000015258789,12.271381378173828,4391701
2025-02-14,2822.HK,12.699999809265137,12.920000076293945,12.6899995803833,12.920000076293945,12.593029975891113,6093779
2025-02-17,2822.HK,12.920000076293945,12.930000305175781,12.779999732971191,12.789999961853027,12.466320037841797,7080508
2025-02-18,2822.HK,12.800000190734863,12.9399995803833,12.729999542236328,12.789999961853027,12.466320037841797,3546281
2025-02-19,2822.HK,12.779999732971191,12.850000381469727,12.720000267028809,12.789999961853027,12.466320037841797,3109612
2025-02-20,2822.HK,12.789999961853027,12.800000190734863,12.729999542236328,12.75,12.427331924438477,2372487
2025-02-21,2822.HK,12.84000015258789,12.970000267028809,12.800000190734863,12.920000076293945,12.593029975891113,5962874
2025-02-24,2822.HK,12.880000114440918,12.970000267028809,12.8100004196167,12.850000381469727,12.524801254272461,5156681
2025-02-25,2822.HK,12.800000190734863,12.84000015258789,12.649999618530273,12.789999961853027,12.466320037841797,8523507
2025-02-26,2822.HK,12.760000228881836,12.819999694824219,12.65999984741211,12.760000228881836,12.437079429626465,5390762
2025-02-27,2822.HK,12.829999923706055,12.850000381469727,12.729999542236328,12.829999923706055,12.5053071975708,4984035
2025-02-28,2822.HK,12.779999732971191,12.890000343322754,12.569999694824219,12.600000381469727,12.281128883361816,9235505
2025-03-03,2822.HK,12.600000381469727,12.710000038146973,12.510000228881836,12.600000381469727,12.281128883361816,3165218
2025-03-04,2822.HK,12.600000381469727,12.600000381469727,12.430000305175781,12.4399995803833,12.125176429748535,3140489
2025-03-05,2822.HK,12.5,12.630000114440918,12.489999771118164,12.600000381469727,12.281128883361816,3696828
2025-03-06,2822.HK,12.680000305175781,12.819999694824219,12.680000305175781,12.779999732971191,12.456572532653809,4990420
2025-03-07,2822.HK,12.779999732971191,12.859999656677246,12.739999771118164,12.779999732971191,12.456572532653809,3545098
2025-03-10,2822.HK,12.800000190734863,12.800000190734863,12.600000381469727,12.640000343322754,12.32011604309082,4217610
2025-03-11,2822.HK,12.579999923706055,12.770000457763672,12.579999923706055,12.720000267028809,12.398091316223145,9719898
2025-03-12,2822.HK,12.789999961853027,12.8100004196167,12.6899995803833,12.75,12.427331924438477,3844532
2025-03-13,2822.HK,12.770000457763672,12.859999656677246,12.720000267028809,12.729999542236328,12.407837867736816,1900958
2025-03-14,2822.HK,12.729999542236328,13.25,12.729999542236328,13.210000038146973,12.875690460205078,30187206
2025-03-17,2822.HK,13.380000114440918,13.380000114440918,13.149999618530273,13.170000076293945,12.836703300476074,22773762
2025-03-18,2822.HK,13.239999771118164,13.25,13.130000114440918,13.149999618530273,12.817208290100098,6316282
2025-03-19,2822.HK,13.149999618530273,13.279999732971191,13.140000343322754,13.229999542236328,12.895183563232422,5482164
2025-03-20,2822.HK,13.239999771118164,13.239999771118164,13.0600004196167,13.069999694824219,12.739233016967773,5846558
2025-03-21,2822.HK,13.039999961853027,13.09000015258789,12.800000190734863,12.8100004196167,12.485814094543457,9580240
2025-03-24,2822.HK,12.850000381469727,12.960000038146973,12.84000015258789,12.960000038146973,12.632017135620117,2361308
2025-03-25,2822.HK,12.960000038146973,12.960000038146973,12.850000381469727,12.850000381469727,12.524801254272461,1674552
2025-03-26,2822.HK,12.850000381469727,12.90999984741211,12.819999694824219,12.84000015258789,12.515054702758789,1966476
2025-03-27,2822.HK,12.84000015258789,12.979999542236328,12.760000228881836,12.890000343322754,12.563789367675781,2363643
2025-03-28,2822.HK,12.930000305175781,12.9399995803833,12.779999732971191,12.819999694824219,12.495559692382812,4198843
2025-03-31,2822.HK,12.819999694824219,12.899999618530273,12.75,12.770000457763672,12.446825981140137,3578010
2025-04-01,2822.HK,12.770000457763672,12.770000457763672,12.680000305175781,12.680000305175781,12.35910415649414,1870937
2025-04-02,2822.HK,12.699999809265137,12.760000228881836,12.670000076293945,12.680000305175781,12.35910415649414,1373964
2025-04-03,2822.HK,12.649999618530273,12.65999984741211,12.5,12.630000114440918,12.310368537902832,3381103
2025-04-07,2822.HK,11.65999984741211,12.020000457763672,11.3100004196167,11.399999618530273,11.111495971679688,50217694
2025-04-08,2822.HK,11.65999984741211,11.920000076293945,11.600000381469727,11.819999694824219,11.520867347717285,32282385
2025-04-09,2822.HK,11.619999885559082,12.149999618530273,11.619999885559082,11.949999809265137,11.647577285766602,16778653
2025-04-10,2822.HK,12.079999923706055,12.1899995803833,11.979999542236328,12.0,11.696311950683594,7070654
2025-04-11,2822.HK,12.199999809265137,12.319999694824219,12.109999656677246,12.3100004196167,11.998467445373535,2784573
2025-04-14,2822.HK,12.399999618530273,12.399999618530273,12.3100004196167,12.369999885559082,12.0569486618042,6133469
2025-04-15,2822.HK,12.369999885559082,12.40999984741211,12.319999694824219,12.399999618530273,12.086189270019531,3284217
2025-04-16,2822.HK,12.40999984741211,12.4399995803833,12.239999771118164,12.279999732971191,11.969225883483887,3245684
2025-04-17,2822.HK,12.380000114440918,12.520000457763672,12.380000114440918,12.510000228881836,12.193406105041504,1148158
2025-04-22,2822.HK,12.510000228881836,12.59000015258789,12.470000267028809,12.5600004196167,12.242140769958496,3718886
2025-04-23,2822.HK,12.649999618530273,12.649999618530273,12.529999732971191,12.569999694824219,12.251887321472168,3223725
2025-04-24,2822.HK,12.600000381469727,12.6899995803833,12.600000381469727,12.600000381469727,12.281128883361816,2428871
2025-04-25,2822.HK,12.649999618530273,12.6899995803833,12.600000381469727,12.609999656677246,12.290874481201172,1874851
2025-04-28,2822.HK,12.569999694824219,12.640000343322754,12.550000190734863,12.5600004196167,12.242140769958496,1900743
2025-04-29,2822.HK,12.600000381469727,12.600000381469727,12.529999732971191,12.5600004196167,12.242140769958496,1448923
2025-04-30,2822.HK,12.5600004196167,12.579999923706055,12.479999542236328,12.529999732971191,12.212899208068848,1190143
2025-05-02,2822.HK,12.529999732971191,12.670000076293945,12.489999771118164,12.640000343322754,12.32011604309082,2451168
2025-05-06,2822.HK,12.65999984741211,12.65999984741211,12.550000190734863,12.600000381469727,12.281128883361816,1924945
2025-05-07,2822.HK,12.800000190734863,12.819999694824219,12.699999809265137,12.699999809265137,12.378597259521484,1532306
2025-05-08,2822.HK,12.819999694824219,12.930000305175781,12.739999771118164,12.739999771118164,12.417584419250488,2735110
2025-05-09,2822.HK,12.84000015258789,12.920000076293945,12.829999923706055,12.899999618530273,12.573535919189453,1422888
2025-05-12,2822.HK,12.979999542236328,13.289999961853027,12.960000038146973,13.229999542236328,12.895183563232422,7185054
2025-05-13,2822.HK,13.199999809265137,13.199999809265137,13.130000114440918,13.180000305175781,12.846449851989746,6012255
2025-05-14,2822.HK,13.140000343322754,13.460000038146973,13.140000343322754,13.399999618530273,13.060881614685059,6384903
2025-05-15,2822.HK,13.399999618530273,13.40999984741211,13.319999694824219,13.34000015258789,13.002400398254395,6040487
2025-05-16,2822.HK,13.34000015258789,13.34000015258789,13.199999809265137,13.239999771118164,12.90493106842041,4239915
2025-05-19,2822.HK,13.1899995803833,13.229999542236328,13.140000343322754,13.170000076293945,12.836703300476074,571030
2025-05-20,2822.HK,13.170000076293945,13.270000457763672,13.170000076293945,13.25,12.914678573608398,1079118
2025-05-21,2822.HK,13.260000228881836,13.449999809265137,13.260000228881836,13.449999809265137,13.10961627960205,1885458
2025-05-22,2822.HK,13.449999809265137,13.449999809265137,13.300000190734863,13.359999656677246,13.021894454956055,2077181
2025-05-23,2822.HK,13.420000076293945,13.420000076293945,13.270000457763672,13.359999656677246,13.021894454956055,1580753
2025-05-26,2822.HK,13.300000190734863,13.319999694824219,13.140000343322754,13.180000305175781,12.846449851989746,1785838
2025-05-27,2822.HK,13.199999809265137,13.220000267028809,13.079999923706055,13.109999656677246,12.778221130371094,1705636
2025-05-28,2822.HK,13.079999923706055,13.109999656677246,13.0600004196167,13.079999923706055,12.748980522155762,3848274
2025-05-29,2822.HK,13.079999923706055,13.140000343322754,13.0,13.100000381469727,12.768474578857422,7816401
2025-05-30,2822.HK,13.100000381469727,13.100000381469727,12.979999542236328,13.0600004196167,12.729487419128418,2344610
2025-06-02,2822.HK,13.140000343322754,13.140000343322754,12.779999732971191,13.0,12.671005249023438,2216030
2025-06-03,2822.HK,13.020000457763672,13.149999618530273,12.989999771118164,13.100000381469727,12.768474578857422,2786108
2025-06-04,2822.HK,13.100000381469727,13.1899995803833,13.100000381469727,13.119999885559082,12.787967681884766,503667
2025-06-05,2822.HK,13.149999618530273,13.1899995803833,13.109999656677246,13.170000076293945,12.836703300476074,1442852
2025-06-06,2822.HK,13.1899995803833,13.239999771118164,13.140000343322754,13.170000076293945,12.836703300476074,849694
2025-06-09,2822.HK,13.199999809265137,13.199999809265137,13.09000015258789,13.170000076293945,12.836703300476074,1486664
2025-06-10,2822.HK,13.15999984741211,13.229999542236328,13.050000190734863,13.100000381469727,12.768474578857422,1268753
2025-06-11,2822.HK,13.149999618530273,13.289999961853027,13.149999618530273,13.199999809265137,12.865943908691406,1429329
2025-06-12,2822.HK,13.1899995803833,13.220000267028809,13.109999656677246,13.119999885559082,12.787967681884766,1091602
2025-06-13,2822.HK,13.149999618530273,13.199999809265137,13.0600004196167,13.119999885559082,12.787967681884766,2026215
2025-06-16,2822.HK,13.050000190734863,13.180000305175781,13.029999732971191,13.180000305175781,12.846449851989746,1007849
2025-06-17,2822.HK,13.180000305175781,13.180000305175781,13.09000015258789,13.170000076293945,12.836703300476074,1274636
2025-06-18,2822.HK,13.170000076293945,13.199999809265137,13.100000381469727,13.15999984741211,12.826955795288086,1240847
2025-06-19,2822.HK,13.109999656677246,13.130000114440918,13.029999732971191,13.079999923706055,12.748980522155762,1319716
2025-06-20,2822.HK,13.0,13.180000305175781,13.0,13.140000343322754,12.807462692260742,1919251
2025-06-23,2822.HK,13.130000114440918,13.210000038146973,13.020000457763672,13.1899995803833,12.856196403503418,1539237
2025-06-24,2822.HK,13.289999961853027,13.420000076293945,13.239999771118164,13.279999732971191,12.94391918182373,3735160
2025-06-25,2822.HK,13.359999656677246,13.550000190734863,13.3100004196167,13.5,13.15835189819336,3471625
2025-06-26,2822.HK,13.5,13.5600004196167,13.479999542236328,13.520000457763672,13.17784595489502,3348029
2025-06-27,2822.HK,13.510000228881836,13.550000190734863,13.289999961853027,13.399999618530273,13.060881614685059,1838345
2025-06-30,2822.HK,13.3100004196167,13.359999656677246,13.270000457763672,13.329999923706055,12.992653846740723,1623205
2025-07-02,2822.HK,13.329999923706055,13.460000038146973,13.329999923706055,13.420000076293945,13.080375671386719,2165461
2025-07-03,2822.HK,13.479999542236328,13.510000228881836,13.420000076293945,13.510000228881836,13.168098449707031,3736112
2025-07-04,2822.HK,13.470000267028809,13.710000038146973,13.470000267028809,13.619999885559082,13.275314331054688,2793925
2025-07-07,2822.HK,13.600000381469727,13.619999885559082,13.5,13.539999961853027,13.197339057922363,554162
2025-07-08,2822.HK,13.550000190734863,13.630000114440918,13.539999961853027,13.630000114440918,13.285061836242676,1258097
2025-07-09,2822.HK,13.600000381469727,13.699999809265137,13.579999923706055,13.630000114440918,13.285061836242676,1281075
2025-07-10,2822.HK,13.649999618530273,13.800000190734863,13.649999618530273,13.729999542236328,13.382530212402344,1719988
2025-07-11,2822.HK,13.739999771118164,13.960000038146973,13.699999809265137,13.699999809265137,13.353289604187012,4876626
2025-07-14,2822.HK,13.710000038146973,13.779999732971191,13.710000038146973,13.739999771118164,13.392277717590332,1734919
2025-07-15,2822.HK,13.739999771118164,13.779999732971191,13.59000015258789,13.670000076293945,13.32404899597168,1737513
2025-07-16,2822.HK,13.65999984741211,13.65999984741211,13.550000190734863,13.600000381469727,13.255821228027344,1501946
2025-07-17,2822.HK,13.609999656677246,13.640000343322754,13.579999923706055,13.600000381469727,13.255821228027344,1024822
2025-07-18,2822.HK,13.600000381469727,13.760000228881836,13.600000381469727,13.75,13.402024269104004,1165950
2025-07-21,2822.HK,13.760000228881836,13.8100004196167,13.739999771118164,13.789999961853027,13.441012382507324,1126586
2025-07-22,2822.HK,13.819999694824219,13.9399995803833,13.75,13.90999984741211,13.557975769042969,5987149
2025-07-23,2822.HK,13.90999984741211,14.149999618530273,13.90999984741211,13.979999542236328,13.626203536987305,4321876
2025-07-24,2822.HK,13.979999542236328,14.09000015258789,13.979999542236328,14.010000228881836,13.655445098876953,3630394
2025-07-25,2822.HK,14.010000228881836,14.010000228881836,13.880000114440918,13.899999618530273,13.54822826385498,2105066
2025-07-28,2822.HK,13.920000076293945,13.970000267028809,13.829999923706055,13.930000305175781,13.577469825744629,1450991
2025-07-29,2822.HK,13.899999618530273,13.949999809265137,13.850000381469727,13.949999809265137,13.596962928771973,1216839
2025-07-30,2822.HK,13.899999618530273,14.050000190734863,13.850000381469727,13.920000076293945,13.56772232055664,2443989
2025-07-31,2822.HK,13.899999618530273,13.899999618530273,13.640000343322754,13.670000076293945,13.32404899597168,3718322
2025-08-01,2822.HK,13.630000114440918,13.65999984741211,13.510000228881836,13.5600004196167,13.216833114624023,3007101
2025-08-04,2822.HK,13.600000381469727,13.75,13.5600004196167,13.75,13.402024269104004,1065655
2025-08-05,2822.HK,13.75,13.850000381469727,13.699999809265137,13.789999961853027,13.441012382507324,3066994
2025-08-06,2822.HK,13.800000190734863,13.819999694824219,13.75,13.789999961853027,13.441012382507324,909400
2025-08-07,2822.HK,13.850000381469727,13.90999984741211,13.8100004196167,13.890000343322754,13.538481712341309,1858932
2025-08-08,2822.HK,13.850000381469727,13.890000343322754,13.829999923706055,13.829999923706055,13.479999542236328,645929
2025-08-11,2822.HK,13.800000190734863,13.899999618530273,13.800000190734863,13.829999923706055,13.479999542236328,720840
2025-08-12,2822.HK,13.880000114440918,14.039999961853027,13.859999656677246,13.949999809265137,13.596962928771973,2957518
2025-08-13,2822.HK,14.0,14.09000015258789,13.970000267028809,14.0,13.645697593688965,3331678
2025-08-14,2822.HK,14.09000015258789,14.319999694824219,14.09000015258789,14.149999618530273,13.791901588439941,5590605
2025-08-15,2822.HK,14.149999618530273,14.149999618530273,14.0,14.09000015258789,13.733420372009277,3857028
2025-08-18,2822.HK,14.100000381469727,14.25,14.050000190734863,14.15999984741211,13.801648139953613,2032687
2025-08-19,2822.HK,14.149999618530273,14.180000305175781,14.029999732971191,14.09000015258789,13.733420372009277,4185651
2025-08-20,2822.HK,14.09000015258789,14.279999732971191,13.960000038146973,14.25,13.889370918273926,2108389
2025-08-21,2822.HK,14.289999961853027,14.390000343322754,14.239999771118164,14.329999923706055,13.96734619140625,3031550
2025-08-22,2822.HK,14.329999923706055,14.65999984741211,14.329999923706055,14.640000343322754,14.269501686096191,5495750
2025-08-25,2822.HK,14.680000305175781,14.979999542236328,14.680000305175781,14.970000267028809,14.591150283813477,11755577
2025-08-26,2822.HK,14.970000267028809,14.989999771118164,14.8100004196167,14.850000381469727,14.474186897277832,5104151
2025-08-27,2822.HK,14.800000190734863,14.850000381469727,14.479999542236328,14.489999771118164,14.123296737670898,4702513
2025-08-28,2822.HK,14.5,14.720000267028809,14.4399995803833,14.649999618530273,14.279247283935547,3541911
2025-08-29,2822.HK,14.649999618530273,14.930000305175781,14.670000076293945,14.859999656677246,14.483933448791504,5272603
2025-09-01,2822.HK,14.899999618530273,14.960000038146973,14.729999542236328,14.800000190734863,14.42545223236084,2125065
2025-09-02,2822.HK,14.8100004196167,14.960000038146973,14.729999542236328,14.800000190734863,14.42545223236084,2563894
2025-09-03,2822.HK,14.859999656677246,14.90999984741211,14.630000114440918,14.65999984741211,14.288994789123535,3666862
2025-09-04,2822.HK,14.65999984741211,14.65999984741211,14.359999656677246,14.460000038146973,14.094056129455566,8069677
2025-09-05,2822.HK,14.329999923706055,14.789999961853027,14.329999923706055,14.729999542236328,14.357223510742188,4868817
2025-09-08,2822.HK,14.760000228881836,14.84000015258789,14.699999809265137,14.739999771118164,14.36697006225586,2551200
2025-09-09,2822.HK,14.760000228881836,14.819999694824219,14.619999885559082,14.720000267028809,14.347476959228516,1225413
2025-09-10,2822.HK,14.699999809265137,14.829999923706055,14.6899995803833,14.779999732971191,14.40595817565918,1777756
2025-09-11,2822.HK,14.760000228881836,15.149999618530273,14.739999771118164,15.09000015258789,14.708112716674805,5379217
2025-09-12,2822.HK,15.149999618530273,15.1899995803833,15.0,15.010000228881836,14.63013744354248,5121434
2025-09-15,2822.HK,15.069999694824219,15.1899995803833,15.039999961853027,15.079999923706055,14.698366165161133,1421400
2025-09-16,2822.HK,15.100000381469727,15.149999618530273,14.979999542236328,14.989999771118164,14.61064338684082,1555481
2025-09-17,2822.HK,15.010000228881836,15.170000076293945,14.989999771118164,15.130000114440918,14.747100830078125,1508542
2025-09-18,2822.HK,15.130000114440918,15.229999542236328,14.789999961853027,14.890000343322754,14.513175010681152,2939497
2025-09-19,2822.HK,14.880000114440918,15.0,14.84000015258789,14.920000076293945,14.542415618896484,1874386
2025-09-22,2822.HK,14.920000076293945,14.979999542236328,14.819999694824219,14.890000343322754,14.513175010681152,1004676
2025-09-23,2822.HK,14.949999809265137,15.100000381469727,14.8100004196167,14.949999809265137,14.5716552734375,3645343
2025-09-24,2822.HK,14.930000305175781,15.020000457763672,14.869999885559082,15.020000457763672,14.639884948730469,744128
2025-09-25,2822.HK,15.020000457763672,15.149999618530273,14.970000267028809,15.100000381469727,14.717860221862793,2532510
2025-09-26,2822.HK,14.949999809265137,15.0600004196167,14.8100004196167,14.829999923706055,14.454692840576172,4616474
2025-09-29,2822.HK,14.859999656677246,15.220000267028809,14.859999656677246,15.109999656677246,14.727606773376465,5658279
2025-09-30,2822.HK,15.109999656677246,15.149999618530273,15.010000228881836,15.039999961853027,14.659378051757812,2336206
2025-10-02,2822.HK,15.050000190734863,15.239999771118164,15.050000190734863,15.199999809265137,14.815328598022461,5547047
2025-10-03,2822.HK,15.199999809265137,15.199999809265137,15.020000457763672,15.09000015258789,14.708112716674805,2706462
2025-10-06,2822.HK,15.09000015258789,15.09000015258789,14.989999771118164,15.0,14.620390892028809,804357
2025-10-08,2822.HK,14.989999771118164,14.989999771118164,14.829999923706055,14.949999809265137,14.5716552734375,877115
2025-10-09,2822.HK,15.029999732971191,15.220000267028809,14.989999771118164,15.130000114440918,14.747100830078125,3957358
2025-10-10,2822.HK,15.0600004196167,15.069999694824219,14.8100004196167,14.869999885559082,14.493680000305176,2944657
2025-10-13,2822.HK,14.619999885559082,14.729999542236328,14.529999732971191,14.720000267028809,14.347476959228516,5035901
2025-10-14,2822.HK,14.760000228881836,14.829999923706055,14.539999961853027,14.569999694824219,14.201272010803223,2944084
2025-10-15,2822.HK,14.569999694824219,14.930000305175781,14.569999694824219,14.899999618530273,14.522920608520508,2461206
2025-10-16,2822.HK,14.899999618530273,15.079999923706055,14.859999656677246,15.020000457763672,14.639884948730469,3410361
2025-10-17,2822.HK,15.020000457763672,15.029999732971191,14.6899995803833,14.75,14.376717567443848,2520200
2025-10-20,2822.HK,14.899999618530273,14.9399995803833,14.8100004196167,14.859999656677246,14.483933448791504,1431476
2025-10-21,2822.HK,14.90999984741211,15.180000305175781,14.90999984741211,15.109999656677246,14.727606773376465,2001893
2025-10-22,2822.HK,15.109999656677246,15.149999618530273,15.029999732971191,15.130000114440918,14.747100830078125,904092
2025-10-23,2822.HK,15.100000381469727,15.180000305175781,14.979999542236328,15.149999618530273,14.766593933105469,1166517
2025-10-27,2822.HK,15.5,15.569999694824219,15.449999809265137,15.569999694824219,15.175965309143066,5899415
2025-10-28,2822.HK,15.569999694824219,15.680000305175781,15.520000457763672,15.550000190734863,15.156471252441406,2818148
2025-10-30,2822.HK,15.5600004196167,15.649999618530273,15.420000076293945,15.430000305175781,15.039508819580078,3073036
2025-10-31,2822.HK,15.449999809265137,15.449999809265137,15.130000114440918,15.130000114440918,14.747100830078125,4528125
2025-11-03,2822.HK,15.140000343322754,15.229999542236328,15.069999694824219,15.199999809265137,14.815328598022461,2778545
2025-11-04,2822.HK,15.199999809265137,15.270000457763672,15.100000381469727,15.140000343322754,14.756847381591797,5134117
2025-11-05,2822.HK,15.140000343322754,15.210000038146973,14.970000267028809,15.140000343322754,14.756847381591797,4945607
2025-11-06,2822.HK,15.220000267028809,15.40999984741211,15.220000267028809,15.369999885559082,14.981026649475098,3561176
2025-11-07,2822.HK,15.300000190734863,15.359999656677246,15.279999732971191,15.329999923706055,14.942039489746094,1242085
2025-11-10,2822.HK,15.329999923706055,15.369999885559082,15.180000305175781,15.359999656677246,14.97127914428711,611683
2025-11-11,2822.HK,15.34000015258789,15.350000381469727,15.170000076293945,15.239999771118164,14.854316711425781,1633286
2025-11-12,2822.HK,15.25,15.369999885559082,15.25,15.34000015258789,14.951786041259766,1225902
2025-11-13,2822.HK,15.359999656677246,15.5,15.300000190734863,15.460000038146973,15.06874942779541,1529173
2025-11-14,2822.HK,15.430000305175781,15.5,15.239999771118164,15.270000457763672,14.88355827331543,1392429
2025-11-17,2822.HK,15.260000228881836,15.270000457763672,15.100000381469727,15.15999984741211,14.776341438293457,2431613
2025-11-18,2822.HK,15.100000381469727,15.220000267028809,15.0600004196167,15.09000015258789,14.708112716674805,1507071
2025-11-19,2822.HK,15.149999618530273,15.329999923706055,15.149999618530273,15.220000267028809,14.834823608398438,2700962
2025-11-20,2822.HK,15.300000190734863,15.329999923706055,15.149999618530273,15.1899995803833,14.805582046508789,1882806
2025-11-21,2822.HK,15.119999885559082,15.119999885559082,14.800000190734863,14.829999923706055,14.454692840576172,6652966
2025-11-24,2822.HK,14.930000305175781,14.9399995803833,14.770000457763672,14.819999694824219,14.444945335388184,3927633
2025-11-25,2822.HK,14.869999885559082,15.020000457763672,14.869999885559082,14.979999542236328,14.600895881652832,3116239
2025-11-26,2822.HK,14.989999771118164,15.15999984741211,14.989999771118164,15.0600004196167,14.678872108459473,2376985
2025-11-27,2822.HK,15.119999885559082,15.260000228881836,15.100000381469727,15.109999656677246,14.727606773376465,2253438
2025-11-28,2822.HK,15.109999656677246,15.170000076293945,15.029999732971191,15.100000381469727,14.717860221862793,4757947
2025-12-01,2822.HK,15.170000076293945,15.239999771118164,15.109999656677246,15.229999542236328,14.844569206237793,3284349
2025-12-02,2822.HK,15.25,15.300000190734863,15.170000076293945,15.220000267028809,14.834823608398438,674100
2025-12-03,2822.HK,15.220000267028809,15.270000457763672,15.079999923706055,15.079999923706055,14.698366165161133,1747530
2025-12-04,2822.HK,15.079999923706055,15.199999809265137,15.020000457763672,15.180000305175781,14.795835494995117,2299848
2025-12-05,2822.HK,15.300000190734863,15.319999694824219,15.109999656677246,15.260000228881836,14.873810768127441,4388079
2025-12-08,2822.HK,15.300000190734863,15.479999542236328,15.300000190734863,15.359999656677246,14.97127914428711,2767600
2025-12-09,2822.HK,15.300000190734863,15.430000305175781,15.300000190734863,15.350000381469727,14.961533546447754,2014331
2025-12-10,2822.HK,15.350000381469727,15.350000381469727,15.15999984741211,15.279999732971191,14.893303871154785,4383679
2025-12-11,2822.HK,15.34000015258789,15.359999656677246,15.210000038146973,15.229999542236328,14.844569206237793,2155170
2025-12-12,2822.HK,15.229999542236328,15.350000381469727,15.1899995803833,15.329999923706055,14.942039489746094,1887432
2025-12-15,2822.HK,15.260000228881836,15.390000343322754,15.229999542236328,15.229999542236328,14.844569206237793,781265
2025-12-16,2822.HK,15.210000038146973,15.239999771118164,15.039999961853027,15.100000381469727,14.717860221862793,3876354
2025-12-17,2822.HK,15.020000457763672,15.359999656677246,15.020000457763672,15.300000190734863,14.912798881530762,2788289
2025-12-18,2822.HK,14.880000114440918,14.920000076293945,14.789999961853027,14.90999984741211,14.90999984741211,7217503
2025-12-19,2822.HK,14.890000343322754,15.0,14.869999885559082,14.920000076293945,14.920000076293945,979543
2025-12-22,2822.HK,14.970000267028809,15.039999961853027,14.970000267028809,15.029999732971191,15.029999732971191,1001003
2025-12-23,2822.HK,15.029999732971191,15.220000267028809,15.029999732971191,15.1899995803833,15.1899995803833,1875160
2025-12-24,2822.HK,15.119999885559082,15.119999885559082,15.119999885559082,15.119999885559082,15.119999885559082,0
2025-12-29,2822.HK,15.15999984741211,15.270000457763672,15.15999984741211,15.180000305175781,15.180000305175781,1020162
2025-12-30,2822.HK,15.1899995803833,15.279999732971191,15.119999885559082,15.279999732971191,15.279999732971191,1882801
2025-12-31,2822.HK,15.119999885559082,15.119999885559082,15.119999885559082,15.119999885559082,15.119999885559082,0
2026-01-02,2822.HK,15.279999732971191,15.369999885559082,15.149999618530273,15.34000015258789,15.34000015258789,1580254
2026-01-05,2822.HK,15.34000015258789,15.470000267028809,15.300000190734863,15.390000343322754,15.390000343322754,2437434
2026-01-06,2822.HK,15.430000305175781,15.600000381469727,15.420000076293945,15.569999694824219,15.569999694824219,3401806
2026-01-07,2822.HK,15.569999694824219,15.569999694824219,15.399999618530273,15.489999771118164,15.489999771118164,934640
2026-01-08,2822.HK,15.449999809265137,15.449999809265137,15.279999732971191,15.350000381469727,15.350000381469727,1934983
2026-01-09,2822.HK,15.369999885559082,15.430000305175781,15.300000190734863,15.399999618530273,15.399999618530273,1523012
2026-01-12,2822.HK,15.449999809265137,15.470000267028809,15.260000228881836,15.460000038146973,15.460000038146973,1738991
2026-01-13,2822.HK,15.5,15.619999885559082,15.3100004196167,15.34000015258789,15.34000015258789,562080
2026-01-14,2822.HK,15.359999656677246,15.479999542236328,15.220000267028809,15.229999542236328,15.229999542236328,3487841
2026-01-15,2822.HK,15.239999771118164,15.34000015258789,15.1899995803833,15.199999809265137,15.199999809265137,1100684
2026-01-16,2822.HK,15.34000015258789,15.420000076293945,15.149999618530273,15.220000267028809,15.220000267028809,1346179
2026-01-19,2822.HK,15.140000343322754,15.260000228881836,15.09000015258789,15.140000343322754,15.140000343322754,1187096
2026-01-20,2822.HK,15.149999618530273,15.15999984741211,15.020000457763672,15.0600004196167,15.0600004196167,1262390
2026-01-21,2822.HK,15.029999732971191,15.15999984741211,14.970000267028809,14.989999771118164,14.989999771118164,1577096
2026-01-22,2822.HK,15.029999732971191,15.079999923706055,14.869999885559082,14.949999809265137,14.949999809265137,1084099
2026-01-23,2822.HK,15.010000228881836,15.010000228881836,14.75,14.8100004196167,14.8100004196167,3465410
2026-01-26,2822.HK,14.829999923706055,15.029999732971191,14.800000190734863,14.869999885559082,14.869999885559082,1211409
2026-01-27,2822.HK,14.869999885559082,15.039999961853027,14.829999923706055,14.880000114440918,14.880000114440918,1564291
2026-01-28,2822.HK,14.9399995803833,14.9399995803833,14.829999923706055,14.880000114440918,14.880000114440918,4056547
2026-01-29,2822.HK,14.869999885559082,15.140000343322754,14.789999961853027,15.119999885559082,15.119999885559082,3322888
2026-01-30,2822.HK,15.119999885559082,15.119999885559082,14.84000015258789,14.949999809265137,14.949999809265137,6239288
2026-02-02,2822.HK,14.9399995803833,15.09000015258789,14.729999542236328,14.800000190734863,14.800000190734863,3952988
2026-02-03,2822.HK,14.930000305175781,14.970000267028809,14.619999885559082,14.800000190734863,14.800000190734863,3758928
2026-02-04,2822.HK,14.8100004196167,15.039999961853027,14.8100004196167,15.0,15.0,2822229
2026-02-05,2822.HK,14.970000267028809,15.0,14.850000381469727,14.979999542236328,14.979999542236328,1590644
2026-02-06,2822.HK,14.850000381469727,14.960000038146973,14.739999771118164,14.84000015258789,14.84000015258789,10325614
2026-02-09,2822.HK,15.0,15.100000381469727,14.960000038146973,15.050000190734863,15.050000190734863,2500085
2026-02-10,2822.HK,15.100000381469727,15.199999809265137,15.100000381469727,15.100000381469727,15.100000381469727,1152712
2026-02-11,2822.HK,15.119999885559082,15.119999885559082,15.020000457763672,15.09000015258789,15.09000015258789,4540013
2026-02-12,2822.HK,15.09000015258789,15.149999618530273,15.029999732971191,15.050000190734863,15.050000190734863,5153986
2026-02-13,2822.HK,14.979999542236328,14.989999771118164,14.819999694824219,14.979999542236328,14.979999542236328,9293290
2026-02-16,2822.HK,15.0,15.0,15.0,15.0,15.0,0
2026-02-20,2822.HK,15.029999732971191,15.029999732971191,14.850000381469727,14.859999656677246,14.859999656677246,792443
2026-02-23,2822.HK,14.869999885559082,15.15999984741211,14.869999885559082,15.119999885559082,15.119999885559082,2248585
2026-02-24,2822.HK,15.039999961853027,15.039999961853027,14.90999984741211,14.90999984741211,14.90999984741211,2789696
2026-02-25,2822.HK,14.970000267028809,15.180000305175781,14.970000267028809,15.029999732971191,15.029999732971191,2335801
2026-02-26,2822.HK,15.029999732971191,15.029999732971191,14.890000343322754,14.949999809265137,14.949999809265137,1758365
2026-02-27,2822.HK,14.850000381469727,14.9399995803833,14.8100004196167,14.9399995803833,14.9399995803833,1381042
2026-03-02,2822.HK,14.75,14.949999809265137,14.720000267028809,14.899999618530273,14.899999618530273,3063558
2026-03-03,2822.HK,14.960000038146973,15.130000114440918,14.850000381469727,14.859999656677246,14.859999656677246,8452264
2026-03-04,2822.HK,14.779999732971191,14.779999732971191,14.399999618530273,14.609999656677246,14.609999656677246,6710782
2026-03-05,2822.HK,14.779999732971191,14.850000381469727,14.680000305175781,14.789999961853027,14.789999961853027,4087297
2026-03-09,2822.HK,14.5,14.6899995803833,14.319999694824219,14.680000305175781,14.680000305175781,6933179
2026-03-10,2822.HK,14.829999923706055,14.979999542236328,14.789999961853027,14.979999542236328,14.979999542236328,3552782
2026-03-11,2822.HK,14.989999771118164,15.15999984741211,14.989999771118164,15.0600004196167,15.0600004196167,2988986
2026-03-12,2822.HK,15.069999694824219,15.069999694824219,14.920000076293945,15.029999732971191,15.029999732971191,1261625
2026-03-13,2822.HK,14.949999809265137,15.09000015258789,14.949999809265137,14.949999809265137,14.949999809265137,1365325
2026-03-16,2822.HK,14.960000038146973,15.079999923706055,14.869999885559082,15.050000190734863,15.050000190734863,2863980
2026-03-17,2822.HK,15.119999885559082,15.34000015258789,15.119999885559082,15.130000114440918,15.130000114440918,1526032
2026-03-18,2822.HK,15.149999618530273,15.15999984741211,15.029999732971191,15.140000343322754,15.140000343322754,2748302
2026-03-19,2822.HK,15.0,15.09000015258789,14.90999984741211,14.920000076293945,14.920000076293945,2716674
2026-03-20,2822.HK,15.010000228881836,15.149999618530273,14.899999618530273,14.960000038146973,14.960000038146973,7592348
2026-03-23,2822.HK,14.800000190734863,14.800000190734863,14.380000114440918,14.5,14.5,7314845
2026-03-24,2822.HK,14.579999923706055,14.680000305175781,14.4399995803833,14.65999984741211,14.65999984741211,6579200
2026-03-25,2822.HK,14.710000038146973,14.850000381469727,14.65999984741211,14.829999923706055,14.829999923706055,3583066
2026-03-26,2822.HK,14.770000457763672,14.829999923706055,14.649999618530273,14.65999984741211,14.65999984741211,4210035
2026-03-27,2822.HK,14.600000381469727,14.819999694824219,14.569999694824219,14.760000228881836,14.760000228881836,3387800
2026-03-30,2822.HK,14.619999885559082,14.760000228881836,14.600000381469727,14.729999542236328,14.729999542236328,1799161
2026-03-31,2822.HK,14.789999961853027,14.90999984741211,14.720000267028809,14.739999771118164,14.739999771118164,619822
2026-04-01,2822.HK,14.920000076293945,15.039999961853027,14.899999618530273,14.960000038146973,14.960000038146973,1615427
2026-04-02,2822.HK,14.960000038146973,14.960000038146973,14.8100004196167,14.859999656677246,14.859999656677246,870610
2026-04-08,2822.HK,15.029999732971191,15.270000457763672,14.970000267028809,15.239999771118164,15.239999771118164,4556642
2026-04-09,2822.HK,15.119999885559082,15.1899995803833,15.09000015258789,15.09000015258789,15.09000015258789,490411
2026-04-10,2822.HK,15.199999809265137,15.489999771118164,15.199999809265137,15.359999656677246,15.359999656677246,3044603
2026-04-13,2822.HK,15.359999656677246,15.479999542236328,15.350000381469727,15.460000038146973,15.460000038146973,1938492
2026-04-14,2822.HK,15.5,15.710000038146973,15.5,15.65999984741211,15.65999984741211,2407401
2026-04-15,2822.HK,15.720000267028809,15.829999923706055,15.6899995803833,15.729999542236328,15.729999542236328,1597326
2026-04-16,2822.HK,15.729999542236328,15.899999618530273,15.729999542236328,15.899999618530273,15.899999618530273,2194948
2026-04-17,2822.HK,15.779999732971191,15.8100004196167,15.720000267028809,15.789999961853027,15.789999961853027,1912014
2026-04-20,2822.HK,15.789999961853027,15.880000114440918,15.729999542236328,15.819999694824219,15.819999694824219,934122
2026-04-21,2822.HK,15.84000015258789,15.930000305175781,15.770000457763672,15.920000076293945,15.920000076293945,1405869
2026-04-22,2822.HK,15.90999984741211,15.989999771118164,15.819999694824219,15.920000076293945,15.920000076293945,2645896
2026-04-23,2822.HK,15.989999771118164,16.010000228881836,15.829999923706055,15.960000038146973,15.960000038146973,5160265
2026-04-24,2822.HK,15.920000076293945,15.949999809265137,15.800000190734863,15.920000076293945,15.920000076293945,5371676
2026-04-27,2822.HK,15.930000305175781,15.979999542236328,15.819999694824219,15.890000343322754,15.890000343322754,3249948
2026-04-28,2822.HK,15.819999694824219,15.920000076293945,15.760000228881836,15.800000190734863,15.800000190734863,2548920
2026-04-29,2822.HK,15.8100004196167,15.949999809265137,15.760000228881836,15.9399995803833,15.9399995803833,5277511
2026-04-30,2822.HK,15.90999984741211,15.960000038146973,15.850000381469727,15.930000305175781,15.930000305175781,5948697
2026-05-04,2822.HK,16.0,16.1299991607666,16.0,16.079999923706055,16.079999923706055,2954460
2026-05-05,2822.HK,16.0,16.059999465942383,15.989999771118164,16.010000228881836,16.010000228881836,1019187
2026-05-06,2822.HK,16.020000457763672,16.280000686645508,16.020000457763672,16.229999542236328,16.229999542236328,5380130
2026-05-07,2822.HK,16.270000457763672,16.270000457763672,16.1299991607666,16.229999542236328,16.229999542236328,1528827
2026-05-08,2822.HK,16.139999389648438,16.139999389648438,16.0,16.100000381469727,16.100000381469727,2056410
2026-05-11,2822.HK,16.09000015258789,16.3799991607666,16.06999969482422,16.329999923706055,16.329999923706055,2349486
2026-05-12,2822.HK,16.3799991607666,16.469999313354492,16.350000381469727,16.389999389648438,16.389999389648438,2585325
2026-05-13,2822.HK,16.139999389648438,16.530000686645508,16.139999389648438,16.510000228881836,16.510000228881836,4203525
2026-05-14,2822.HK,16.579999923706055,16.6200008392334,16.25,16.309999465942383,16.309999465942383,4483529
2026-05-15,2822.HK,16.280000686645508,16.280000686645508,16.020000457763672,16.06999969482422,16.06999969482422,4404665
2026-05-18,2822.HK,16.0,16.020000457763672,15.84000015258789,15.899999618530273,15.899999618530273,1734329
2026-05-19,2822.HK,15.899999618530273,15.960000038146973,15.770000457763672,15.930000305175781,15.930000305175781,1021879
2026-05-20,2822.HK,15.850000381469727,16.0,15.829999923706055,15.90999984741211,15.90999984741211,2022390
2026-05-21,2822.HK,15.970000267028809,16.200000762939453,15.680000305175781,15.680000305175781,15.680000305175781,3300935
2026-05-22,2822.HK,15.819999694824219,15.890000343322754,15.75,15.829999923706055,15.829999923706055,1471742
2026-05-26,2822.HK,15.829999923706055,16.270000457763672,15.829999923706055,16.190000534057617,16.190000534057617,6414777
2026-05-27,2822.HK,16.25,16.34000015258789,16.110000610351562,16.190000534057617,16.190000534057617,5377748
2026-05-28,2822.HK,16.190000534057617,16.260000228881836,16.030000686645508,16.239999771118164,16.239999771118164,4266641
2026-05-29,2822.HK,16.389999389648438,16.520000457763672,16.299999237060547,16.350000381469727,16.350000381469727,4052195
2026-06-01,2822.HK,16.399999618530273,16.440000534057617,16.149999618530273,16.18000030517578,16.18000030517578,2006905
2026-06-02,2822.HK,16.280000686645508,16.610000610351562,16.25,16.479999542236328,16.479999542236328,3498609
2026-06-03,2822.HK,16.5,16.770000457763672,16.5,16.579999923706055,16.579999923706055,2529933
2026-06-04,2822.HK,16.600000381469727,16.600000381469727,16.280000686645508,16.299999237060547,16.299999237060547,782150
2026-06-05,2822.HK,16.350000381469727,16.389999389648438,15.979999542236328,16.010000228881836,16.010000228881836,1349851
2026-06-08,2822.HK,15.800000190734863,15.899999618530273,15.649999618530273,15.800000190734863,15.800000190734863,7892012
2026-06-09,2822.HK,15.75,15.979999542236328,15.720000267028809,15.949999809265137,15.949999809265137,7095320
2026-06-10,2822.HK,15.869999885559082,15.989999771118164,15.84000015258789,15.920000076293945,15.920000076293945,4022366
2026-06-11,2822.HK,15.899999618530273,15.970000267028809,15.760000228881836,15.789999961853027,15.789999961853027,1093174
2026-06-12,2822.HK,16.0,16.290000915527344,15.960000038146973,16.170000076293945,16.170000076293945,6848222
2026-06-15,2822.HK,16.25,16.420000076293945,16.25,16.3799991607666,16.3799991607666,2231396
2026-06-16,2822.HK,16.360000610351562,16.3799991607666,16.260000228881836,16.270000457763672,16.270000457763672,679167
2026-06-17,2822.HK,16.100000381469727,16.25,16.100000381469727,16.229999542236328,16.229999542236328,1726461
2026-06-18,2822.HK,16.239999771118164,16.3799991607666,16.239999771118164,16.350000381469727,16.350000381469727,2872924
2026-06-22,2822.HK,16.3799991607666,16.610000610351562,16.149999618530273,16.579999923706055,16.579999923706055,3227539
2026-06-23,2822.HK,16.600000381469727,16.600000381469727,15.989999771118164,16.020000457763672,16.020000457763672,1921426
2026-06-24,2822.HK,16.040000915527344,16.1200008392334,15.970000267028809,16.030000686645508,16.030000686645508,2145309
2026-06-25,2822.HK,16.0,16.350000381469727,15.989999771118164,16.329999923706055,16.329999923706055,4875217
2026-06-26,2822.HK,16.149999618530273,16.18000030517578,15.6899995803833,15.880000114440918,15.880000114440918,3555031
2026-06-29,2822.HK,15.84000015258789,16.1200008392334,15.779999732971191,16.110000610351562,16.110000610351562,5259426
2026-06-30,2822.HK,15.979999542236328,16.239999771118164,15.979999542236328,16.239999771118164,16.239999771118164,2129740
2026-07-02,2822.HK,16.0,16.0,15.460000038146973,15.479999542236328,15.479999542236328,6141437
2026-07-03,2822.HK,15.550000190734863,15.84000015258789,15.479999542236328,15.65999984741211,15.65999984741211,4024613
2026-07-06,2822.HK,15.640000343322754,15.739999771118164,15.5600004196167,15.670000076293945,15.670000076293945,1928000
2026-07-07,2822.HK,15.670000076293945,15.739999771118164,15.470000267028809,15.579999923706055,15.579999923706055,2116400
2026-07-08,2822.HK,15.640000343322754,15.819999694824219,15.550000190734863,15.59000015258789,15.59000015258789,2511878
2026-07-09,2822.HK,15.59000015258789,16.030000686645508,15.569999694824219,15.9399995803833,15.9399995803833,1986657
2026-07-10,2822.HK,16.1200008392334,16.149999618530273,15.680000305175781,15.699999809265137,15.699999809265137,2705397
2026-07-13,2822.HK,15.649999618530273,15.779999732971191,15.449999809265137,15.569999694824219,15.569999694824219,2462326
2026-07-14,2822.HK,15.5,15.859999656677246,15.40999984741211,15.84000015258789,15.84000015258789,5468215
2026-07-15,2822.HK,15.899999618530273,16.139999389648438,15.880000114440918,16.0,16.0,4645637
2026-07-16,2822.HK,15.930000305175781,15.949999809265137,15.550000190734863,15.640000343322754,15.640000343322754,4834725
2026-07-17,2822.HK,15.539999961853027,15.539999961853027,15.100000381469727,15.15999984741211,15.15999984741211,4915200
2026-07-20,2822.HK,15.329999923706055,15.630000114440918,15.319999694824219,15.479999542236328,15.479999542236328,5098618
2026-07-21,2822.HK,15.680000305175781,15.9399995803833,15.619999885559082,15.739999771118164,15.739999771118164,5025913
2026-07-22,2822.HK,15.880000114440918,16.049999237060547,15.75,15.75,15.75,2661276
