date,ticker,open,high,low,close,adj_close,volume
,,2800.HK,2800.HK,2800.HK,2800.HK,2800.HK,2800.HK
2015-01-02,2800.HK,23.899999618530273,24.100000381469727,23.850000381469727,24.049999237060547,16.969512939453125,21618598
2015-01-05,2800.HK,23.950000762939453,24.25,23.850000381469727,23.950000762939453,16.898958206176758,71563266
2015-01-06,2800.HK,23.700000762939453,23.850000381469727,23.5,23.649999618530273,16.68727684020996,78830872
2015-01-07,2800.HK,23.600000381469727,24.0,23.549999237060547,23.899999618530273,16.863677978515625,63966468
2015-01-08,2800.HK,23.899999618530273,24.149999618530273,23.899999618530273,24.100000381469727,17.004793167114258,39175442
2015-01-09,2800.HK,24.25,24.450000762939453,24.100000381469727,24.200000762939453,17.075353622436523,115008933
2015-01-12,2800.HK,24.350000381469727,24.350000381469727,24.149999618530273,24.299999237060547,17.145910263061523,64722540
2015-01-13,2800.HK,24.299999237060547,24.549999237060547,24.200000762939453,24.5,17.287033081054688,92820459
2015-01-14,2800.HK,24.5,24.600000381469727,24.299999237060547,24.350000381469727,17.18119239807129,76283584
2015-01-15,2800.HK,24.350000381469727,24.649999618530273,24.350000381469727,24.600000381469727,17.357595443725586,79577612
2015-01-16,2800.HK,24.450000762939453,24.549999237060547,24.350000381469727,24.350000381469727,17.18119239807129,60709059
2015-01-19,2800.HK,24.399999618530273,24.399999618530273,23.850000381469727,23.950000762939453,16.898958206176758,68038355
2015-01-20,2800.HK,24.0,24.25,24.0,24.200000762939453,17.075353622436523,41367658
2015-01-21,2800.HK,24.200000762939453,24.649999618530273,24.200000762939453,24.600000381469727,17.357595443725586,55942805
2015-01-22,2800.HK,24.600000381469727,24.850000381469727,24.600000381469727,24.799999237060547,17.498706817626953,60237147
2015-01-23,2800.HK,25.0,25.149999618530273,24.950000762939453,25.049999237060547,17.675107955932617,58373085
2015-01-26,2800.HK,25.149999618530273,25.200000762939453,25.0,25.149999618530273,17.74566650390625,71997010
2015-01-27,2800.HK,25.200000762939453,25.200000762939453,24.950000762939453,25.049999237060547,17.675107955932617,62181387
2015-01-28,2800.HK,24.950000762939453,25.25,24.950000762939453,25.100000381469727,17.71038818359375,85360324
2015-01-29,2800.HK,24.950000762939453,25.0,24.799999237060547,24.850000381469727,17.53399085998535,64542179
2015-01-30,2800.HK,24.950000762939453,25.0,24.649999618530273,24.75,17.463436126708984,36695583
2015-02-02,2800.HK,24.649999618530273,24.75,24.549999237060547,24.700000762939453,17.428152084350586,44562527
2015-02-03,2800.HK,24.75,24.850000381469727,24.5,24.75,17.463436126708984,40205831
2015-02-04,2800.HK,24.950000762939453,25.100000381469727,24.850000381469727,24.899999618530273,17.569271087646484,34560575
2015-02-05,2800.HK,25.200000762939453,25.350000381469727,24.850000381469727,25.049999237060547,17.675107955932617,39700053
2015-02-06,2800.HK,25.0,25.049999237060547,24.899999618530273,24.950000762939453,17.604551315307617,26271430
2015-02-09,2800.HK,24.799999237060547,24.899999618530273,24.649999618530273,24.75,17.463436126708984,45061422
2015-02-10,2800.HK,24.75,24.850000381469727,24.649999618530273,24.799999237060547,17.498706817626953,39302993
2015-02-11,2800.HK,24.75,24.799999237060547,24.5,24.549999237060547,17.32231330871582,34015341
2015-02-12,2800.HK,24.549999237060547,24.799999237060547,24.5,24.700000762939453,17.428152084350586,37751888
2015-02-13,2800.HK,24.799999237060547,25.0,24.75,24.950000762939453,17.604551315307617,24749786
2015-02-16,2800.HK,25.0,25.049999237060547,24.950000762939453,25.0,17.63983154296875,12280952
2015-02-17,2800.HK,24.899999618530273,25.149999618530273,24.899999618530273,25.100000381469727,17.71038818359375,29451251
2015-02-18,2800.HK,25.100000381469727,25.149999618530273,25.049999237060547,25.049999237060547,17.675107955932617,11617860
2015-02-23,2800.HK,25.149999618530273,25.149999618530273,24.899999618530273,25.100000381469727,17.71038818359375,25245980
2015-02-24,2800.HK,25.0,25.100000381469727,24.950000762939453,25.0,17.63983154296875,25475516
2015-02-25,2800.HK,25.049999237060547,25.149999618530273,24.950000762939453,25.0,17.63983154296875,40879625
2015-02-26,2800.HK,25.0,25.299999237060547,25.0,25.200000762939453,17.78095054626465,31095454
2015-02-27,2800.HK,25.200000762939453,25.399999618530273,25.049999237060547,25.100000381469727,17.71038818359375,39779922
2015-03-02,2800.HK,25.200000762939453,25.299999237060547,24.950000762939453,25.100000381469727,17.71038818359375,28683418
2015-03-03,2800.HK,25.149999618530273,25.200000762939453,24.899999618530273,24.950000762939453,17.604551315307617,23893503
2015-03-04,2800.HK,25.100000381469727,25.100000381469727,24.649999618530273,24.649999618530273,17.392866134643555,44861353
2015-03-05,2800.HK,24.649999618530273,24.700000762939453,24.399999618530273,24.450000762939453,17.251752853393555,83908538
2015-03-06,2800.HK,24.5,24.600000381469727,24.399999618530273,24.5,17.287033081054688,23264096
2015-03-09,2800.HK,24.350000381469727,24.549999237060547,24.200000762939453,24.450000762939453,17.251752853393555,25660186
2015-03-10,2800.HK,24.450000762939453,24.5,24.200000762939453,24.25,17.110639572143555,33249631
2015-03-11,2800.HK,24.149999618530273,24.25,24.0,24.049999237060547,16.969512939453125,40762719
2015-03-12,2800.HK,24.0,24.200000762939453,24.0,24.149999618530273,17.04007339477539,43202760
2015-03-13,2800.HK,24.200000762939453,24.25,24.049999237060547,24.149999618530273,17.04007339477539,43234704
2015-03-16,2800.HK,24.049999237060547,24.299999237060547,24.0,24.299999237060547,17.145910263061523,48774676
2015-03-17,2800.HK,24.350000381469727,24.399999618530273,24.100000381469727,24.299999237060547,17.145910263061523,31606569
2015-03-18,2800.HK,24.299999237060547,24.600000381469727,24.25,24.5,17.287033081054688,34180686
2015-03-19,2800.HK,24.700000762939453,24.850000381469727,24.600000381469727,24.799999237060547,17.498706817626953,37376194
2015-03-20,2800.HK,24.700000762939453,24.850000381469727,24.700000762939453,24.75,17.463436126708984,30088393
2015-03-23,2800.HK,24.899999618530273,24.899999618530273,24.75,24.850000381469727,17.53399085998535,21553855
2015-03-24,2800.HK,24.799999237060547,24.799999237060547,24.649999618530273,24.75,17.463436126708984,37065819
2015-03-25,2800.HK,24.75,25.0,24.75,24.950000762939453,17.604551315307617,46192372
2015-03-26,2800.HK,24.75,25.0,24.75,24.899999618530273,17.569271087646484,29179186
2015-03-27,2800.HK,24.899999618530273,24.950000762939453,24.799999237060547,24.850000381469727,17.53399085998535,44410060
2015-03-30,2800.HK,24.950000762939453,25.350000381469727,24.950000762939453,25.25,17.816226959228516,69552891
2015-03-31,2800.HK,25.299999237060547,25.399999618530273,25.25,25.299999237060547,17.85150718688965,32542277
2015-04-01,2800.HK,25.299999237060547,25.5,25.299999237060547,25.450000762939453,17.957345962524414,44438723
2015-04-02,2800.HK,25.549999237060547,25.700000762939453,25.5,25.649999618530273,18.098464965820312,43522241
2015-04-08,2800.HK,25.899999618530273,26.700000762939453,25.899999618530273,26.600000381469727,18.76877784729004,83910248
2015-04-09,2800.HK,27.100000381469727,28.350000381469727,27.100000381469727,27.299999237060547,19.262693405151367,119993307
2015-04-10,2800.HK,27.899999618530273,27.899999618530273,27.25,27.649999618530273,19.5096492767334,69126661
2015-04-13,2800.HK,27.950000762939453,28.450000762939453,27.649999618530273,28.450000762939453,20.07412338256836,112795543
2015-04-14,2800.HK,28.200000762939453,28.299999237060547,27.899999618530273,28.0,19.756610870361328,104916876
2015-04-15,2800.HK,28.149999618530273,28.200000762939453,27.799999237060547,28.049999237060547,19.791889190673828,104446463
2015-04-16,2800.HK,28.0,28.200000762939453,27.850000381469727,28.149999618530273,19.862451553344727,115226347
2015-04-17,2800.HK,28.149999618530273,28.399999618530273,28.0,28.100000381469727,19.827167510986328,121685235
2015-04-20,2800.HK,28.149999618530273,28.149999618530273,27.350000381469727,27.5,19.403810501098633,65282620
2015-04-21,2800.HK,27.799999237060547,28.350000381469727,27.799999237060547,28.299999237060547,19.968286514282227,64256351
2015-04-22,2800.HK,28.350000381469727,28.5,28.149999618530273,28.350000381469727,20.00356674194336,61286689
2015-04-23,2800.HK,28.350000381469727,28.600000381469727,28.200000762939453,28.200000762939453,19.897727966308594,46039011
2015-04-24,2800.HK,28.299999237060547,28.450000762939453,27.950000762939453,28.450000762939453,20.07412338256836,64192539
2015-04-27,2800.HK,28.600000381469727,29.049999237060547,28.600000381469727,28.899999618530273,20.391643524169922,78794500
2015-04-28,2800.HK,28.899999618530273,28.950000762939453,28.649999618530273,28.899999618530273,20.391643524169922,49246212
2015-04-29,2800.HK,28.700000762939453,28.700000762939453,28.399999618530273,28.649999618530273,20.34193992614746,49868116
2015-04-30,2800.HK,28.549999237060547,28.600000381469727,28.200000762939453,28.350000381469727,20.128938674926758,92137872
2015-05-04,2800.HK,28.399999618530273,28.649999618530273,28.25,28.399999618530273,20.16444206237793,46455946
2015-05-05,2800.HK,28.549999237060547,28.549999237060547,27.799999237060547,28.0,19.88043212890625,137236834
2015-05-06,2800.HK,27.899999618530273,28.350000381469727,27.799999237060547,27.899999618530273,19.809432983398438,94552059
2015-05-07,2800.HK,27.899999618530273,27.899999618530273,27.399999618530273,27.5,19.525423049926758,77277208
2015-05-08,2800.HK,27.600000381469727,27.899999618530273,27.600000381469727,27.799999237060547,19.738428115844727,57023501
2015-05-11,2800.HK,28.0,28.049999237060547,27.799999237060547,27.950000762939453,19.84493064880371,69786124
2015-05-12,2800.HK,27.950000762939453,27.950000762939453,27.600000381469727,27.649999618530273,19.63192367553711,75166020
2015-05-13,2800.HK,27.649999618530273,27.799999237060547,27.399999618530273,27.5,19.525423049926758,94717299
2015-05-14,2800.HK,27.600000381469727,27.600000381469727,27.399999618530273,27.549999237060547,19.560922622680664,52276065
2015-05-15,2800.HK,27.649999618530273,28.200000762939453,27.549999237060547,28.049999237060547,19.915931701660156,75900263
2015-05-18,2800.HK,28.049999237060547,28.049999237060547,27.649999618530273,27.799999237060547,19.738428115844727,46481730
2015-05-19,2800.HK,27.799999237060547,28.0,27.75,27.950000762939453,19.84493064880371,65892865
2015-05-20,2800.HK,28.0,28.0,27.700000762939453,27.850000381469727,19.773927688598633,42803191
2015-05-21,2800.HK,27.950000762939453,27.950000762939453,27.700000762939453,27.799999237060547,19.738428115844727,77449269
2015-05-22,2800.HK,27.950000762939453,28.399999618530273,27.950000762939453,28.299999237060547,20.093433380126953,60343530
2015-05-26,2800.HK,28.75,28.899999618530273,28.600000381469727,28.649999618530273,20.34193992614746,84193730
2015-05-27,2800.HK,28.649999618530273,28.649999618530273,28.350000381469727,28.399999618530273,20.16444206237793,50618980
2015-05-28,2800.HK,28.5,28.600000381469727,27.549999237060547,28.5,20.23543930053711,99097165
2015-05-29,2800.HK,28.0,28.0,27.649999618530273,27.799999237060547,19.738428115844727,65042773
2015-06-01,2800.HK,27.75,28.149999618530273,27.600000381469727,28.0,19.88043212890625,86966751
2015-06-02,2800.HK,27.950000762939453,27.950000762939453,27.700000762939453,27.850000381469727,19.773927688598633,49283418
2015-06-03,2800.HK,27.850000381469727,28.100000381469727,27.75,28.0,19.88043212890625,51145173
2015-06-04,2800.HK,28.0,28.25,27.299999237060547,27.950000762939453,19.84493064880371,89563718
2015-06-05,2800.HK,27.899999618530273,28.0,27.549999237060547,27.600000381469727,19.596424102783203,80126885
2015-06-08,2800.HK,27.600000381469727,27.799999237060547,27.399999618530273,27.700000762939453,19.667428970336914,113414968
2015-06-09,2800.HK,27.700000762939453,27.700000762939453,27.299999237060547,27.399999618530273,19.45442008972168,129911538
2015-06-10,2800.HK,27.350000381469727,27.5,26.899999618530273,27.049999237060547,19.205917358398438,69806276
2015-06-11,2800.HK,27.200000762939453,27.350000381469727,27.200000762939453,27.350000381469727,19.418922424316406,65899510
2015-06-12,2800.HK,27.450000762939453,27.75,27.350000381469727,27.700000762939453,19.667428970336914,96735611
2015-06-15,2800.HK,27.549999237060547,27.549999237060547,27.149999618530273,27.200000762939453,19.312419891357422,59344210
2015-06-16,2800.HK,27.100000381469727,27.25,26.899999618530273,26.950000762939453,19.13491439819336,84162909
2015-06-17,2800.HK,26.950000762939453,27.25,26.899999618530273,27.100000381469727,19.241422653198242,76450606
2015-06-18,2800.HK,27.0,27.25,26.950000762939453,27.100000381469727,19.241422653198242,81211373
2015-06-19,2800.HK,27.299999237060547,27.399999618530273,27.049999237060547,27.200000762939453,19.312419891357422,95175530
2015-06-22,2800.HK,27.200000762939453,27.600000381469727,27.200000762939453,27.549999237060547,19.560922622680664,71145559
2015-06-23,2800.HK,27.5,27.950000762939453,27.5,27.799999237060547,19.738428115844727,56190663
2015-06-24,2800.HK,27.799999237060547,27.950000762939453,27.799999237060547,27.899999618530273,19.809432983398438,49331083
2015-06-25,2800.HK,27.850000381469727,27.899999618530273,27.649999618530273,27.75,19.702926635742188,50712702
2015-06-26,2800.HK,27.700000762939453,27.700000762939453,27.0,27.25,19.347917556762695,103389262
2015-06-29,2800.HK,27.350000381469727,27.350000381469727,26.200000762939453,26.600000381469727,18.886409759521484,118276262
2015-06-30,2800.HK,26.600000381469727,27.100000381469727,26.5,26.850000381469727,19.063913345336914,109049979
2015-07-02,2800.HK,26.950000762939453,27.049999237060547,26.75,26.899999618530273,19.09941291809082,79130955
2015-07-03,2800.HK,26.950000762939453,27.0,26.5,26.649999618530273,18.92190933227539,80711364
2015-07-06,2800.HK,26.600000381469727,26.950000762939453,25.299999237060547,25.850000381469727,18.353899002075195,156294596
2015-07-07,2800.HK,25.950000762939453,26.049999237060547,25.450000762939453,25.549999237060547,18.140893936157227,83812655
2015-07-08,2800.HK,25.0,25.0,23.299999237060547,24.100000381469727,17.111370086669922,259271729
2015-07-09,2800.HK,23.850000381469727,25.299999237060547,23.850000381469727,25.0,17.750389099121094,157032398
2015-07-10,2800.HK,25.100000381469727,25.600000381469727,24.950000762939453,25.5,18.10539436340332,87671403
2015-07-13,2800.HK,25.350000381469727,25.899999618530273,25.149999618530273,25.850000381469727,18.353899002075195,129426165
2015-07-14,2800.HK,25.950000762939453,25.950000762939453,25.450000762939453,25.700000762939453,18.247394561767578,47767570
2015-07-15,2800.HK,25.700000762939453,25.75,25.399999618530273,25.649999618530273,18.211894989013672,50546820
2015-07-16,2800.HK,25.600000381469727,25.75,25.399999618530273,25.75,18.28289794921875,64650455
2015-07-17,2800.HK,25.75,26.100000381469727,25.75,26.049999237060547,18.49590301513672,37894052
2015-07-20,2800.HK,26.100000381469727,26.100000381469727,25.899999618530273,26.0,18.46040153503418,25768668
2015-07-21,2800.HK,25.950000762939453,26.25,25.899999618530273,26.149999618530273,18.56690216064453,34287269
2015-07-22,2800.HK,25.950000762939453,26.0,25.75,25.899999618530273,18.3893985748291,34852149
2015-07-23,2800.HK,25.899999618530273,26.100000381469727,25.850000381469727,26.0,18.46040153503418,27075079
2015-07-24,2800.HK,25.950000762939453,25.950000762939453,25.649999618530273,25.700000762939453,18.247394561767578,30261802
2015-07-27,2800.HK,25.5,25.5,24.799999237060547,24.950000762939453,17.714885711669922,61389898
2015-07-28,2800.HK,24.950000762939453,25.549999237060547,24.75,25.149999618530273,17.856882095336914,61802013
2015-07-29,2800.HK,25.350000381469727,25.350000381469727,25.049999237060547,25.25,17.927888870239258,38072742
2015-07-30,2800.HK,25.350000381469727,25.5,25.0,25.100000381469727,17.821388244628906,27506315
2015-07-31,2800.HK,25.25,25.25,25.100000381469727,25.200000762939453,17.892391204833984,27328001
2015-08-03,2800.HK,25.200000762939453,25.200000762939453,24.799999237060547,25.0,17.750389099121094,39848388
2015-08-04,2800.HK,24.950000762939453,25.149999618530273,24.799999237060547,25.0,17.750389099121094,29938391
2015-08-05,2800.HK,25.049999237060547,25.149999618530273,24.950000762939453,25.100000381469727,17.821388244628906,35075503
2015-08-06,2800.HK,25.149999618530273,25.149999618530273,24.899999618530273,25.0,17.750389099121094,30844055
2015-08-07,2800.HK,25.0,25.25,25.0,25.100000381469727,17.821388244628906,23160856
2015-08-10,2800.HK,25.100000381469727,25.200000762939453,24.649999618530273,25.049999237060547,17.785884857177734,42853662
2015-08-11,2800.HK,25.25,25.5,25.0,25.100000381469727,17.821388244628906,30357669
2015-08-12,2800.HK,24.899999618530273,24.950000762939453,24.399999618530273,24.5,17.39537811279297,66695652
2015-08-13,2800.HK,24.399999618530273,24.75,24.399999618530273,24.649999618530273,17.501876831054688,64044001
2015-08-14,2800.HK,24.75,24.799999237060547,24.549999237060547,24.649999618530273,17.501876831054688,21950196
2015-08-17,2800.HK,24.549999237060547,24.600000381469727,24.299999237060547,24.5,17.39537811279297,21238217
2015-08-18,2800.HK,24.5,24.649999618530273,24.049999237060547,24.100000381469727,17.111370086669922,43588888
2015-08-19,2800.HK,24.200000762939453,24.200000762939453,23.75,23.799999237060547,16.898365020751953,90647199
2015-08-20,2800.HK,23.600000381469727,23.649999618530273,23.200000762939453,23.450000762939453,16.649858474731445,97922462
2015-08-21,2800.HK,23.0,23.149999618530273,22.75,23.100000381469727,16.401357650756836,90521095
2015-08-24,2800.HK,22.200000762939453,22.350000381469727,21.75,21.899999618530273,15.549338340759277,142584680
2015-08-25,2800.HK,21.899999618530273,22.549999237060547,21.5,22.100000381469727,15.691339492797852,125727724
2015-08-26,2800.HK,22.25,22.399999618530273,21.649999618530273,21.700000762939453,15.407337188720703,71149644
2015-08-27,2800.HK,22.200000762939453,22.649999618530273,22.049999237060547,22.549999237060547,16.010845184326172,63298351
2015-08-28,2800.HK,22.700000762939453,22.899999618530273,22.200000762939453,22.399999618530273,15.90434455871582,51312615
2015-08-31,2800.HK,22.399999618530273,22.649999618530273,22.049999237060547,22.350000381469727,15.868841171264648,38414955
2015-09-01,2800.HK,22.25,22.299999237060547,21.75,21.799999237060547,15.478336334228516,40415347
2015-09-02,2800.HK,21.700000762939453,22.0,21.399999618530273,21.600000381469727,15.336333274841309,61742900
2015-09-04,2800.HK,21.75,21.799999237060547,21.299999237060547,21.5,15.26533317565918,38721766
2015-09-07,2800.HK,21.299999237060547,21.75,21.25,21.299999237060547,15.12332820892334,31513532
2015-09-08,2800.HK,21.350000381469727,22.149999618530273,21.149999618530273,22.0,15.620341300964355,63396567
2015-09-09,2800.HK,22.200000762939453,23.0,22.149999618530273,22.850000381469727,16.223854064941406,49299341
2015-09-10,2800.HK,22.399999618530273,22.5,22.149999618530273,22.299999237060547,15.833342552185059,40731703
2015-09-11,2800.HK,22.399999618530273,22.649999618530273,22.149999618530273,22.25,15.797846794128418,37402266
2015-09-14,2800.HK,22.399999618530273,22.5,22.149999618530273,22.350000381469727,15.868841171264648,25114740
2015-09-15,2800.HK,22.299999237060547,22.399999618530273,22.100000381469727,22.149999618530273,15.72684383392334,37560698
2015-09-16,2800.HK,22.450000762939453,22.850000381469727,22.299999237060547,22.700000762939453,16.117347717285156,46111333
2015-09-17,2800.HK,22.850000381469727,22.950000762939453,22.350000381469727,22.549999237060547,16.010845184326172,102736108
2015-09-18,2800.HK,22.399999618530273,22.850000381469727,22.399999618530273,22.75,16.152854919433594,93528341
2015-09-21,2800.HK,22.399999618530273,22.600000381469727,22.299999237060547,22.5,15.97535228729248,67613531
2015-09-22,2800.HK,22.600000381469727,22.950000762939453,22.5,22.549999237060547,16.010845184326172,46905142
2015-09-23,2800.HK,22.350000381469727,22.350000381469727,21.75,22.100000381469727,15.691339492797852,106493447
2015-09-24,2800.HK,22.100000381469727,22.200000762939453,21.799999237060547,21.899999618530273,15.549338340759277,61124460
2015-09-25,2800.HK,21.850000381469727,22.100000381469727,21.700000762939453,22.0,15.620341300964355,44871266
2015-09-29,2800.HK,21.5,21.75,21.149999618530273,21.299999237060547,15.12332820892334,55844099
2015-09-30,2800.HK,21.5,21.75,21.5,21.600000381469727,15.336333274841309,36199806
2015-10-02,2800.HK,21.899999618530273,22.350000381469727,21.899999618530273,22.299999237060547,15.833342552185059,34729841
2015-10-05,2800.HK,22.450000762939453,22.799999237060547,22.450000762939453,22.649999618530273,16.081850051879883,47639580
2015-10-06,2800.HK,22.899999618530273,22.899999618530273,22.450000762939453,22.600000381469727,16.046350479125977,23269058
2015-10-07,2800.HK,22.549999237060547,23.350000381469727,22.549999237060547,23.299999237060547,16.54336166381836,71918222
2015-10-08,2800.HK,23.350000381469727,23.350000381469727,22.950000762939453,23.149999618530273,16.436853408813477,40407925
2015-10-09,2800.HK,23.350000381469727,23.600000381469727,23.149999618530273,23.200000762939453,16.472360610961914,63077048
2015-10-12,2800.HK,23.399999618530273,23.600000381469727,23.299999237060547,23.549999237060547,16.72086524963379,36161779
2015-10-13,2800.HK,23.5,23.600000381469727,23.299999237060547,23.399999618530273,16.614356994628906,29495592
2015-10-14,2800.HK,23.25,23.399999618530273,23.100000381469727,23.200000762939453,16.472360610961914,39917296
2015-10-15,2800.HK,23.450000762939453,23.75,23.350000381469727,23.700000762939453,16.827363967895508,39857515
2015-10-16,2800.HK,23.850000381469727,23.950000762939453,23.700000762939453,23.850000381469727,16.933866500854492,40266751
2015-10-19,2800.HK,23.850000381469727,23.899999618530273,23.649999618530273,23.850000381469727,16.933866500854492,25030596
2015-10-20,2800.HK,23.75,23.850000381469727,23.600000381469727,23.75,16.86286735534668,37443730
2015-10-22,2800.HK,23.700000762939453,23.700000762939453,23.549999237060547,23.649999618530273,16.7918643951416,34820127
2015-10-23,2800.HK,24.0,24.049999237060547,23.899999618530273,24.0,17.04037094116211,25210592
2015-10-26,2800.HK,24.149999618530273,24.200000762939453,23.850000381469727,23.899999618530273,16.96936798095703,33771055
2015-10-27,2800.HK,23.899999618530273,23.950000762939453,23.700000762939453,23.950000762939453,17.00486946105957,37565268
2015-10-28,2800.HK,23.899999618530273,23.950000762939453,23.75,23.75,16.86286735534668,19729716
2015-10-29,2800.HK,23.350000381469727,23.350000381469727,22.950000762939453,22.950000762939453,16.738874435424805,41611762
2015-10-30,2800.HK,22.899999618530273,23.049999237060547,22.799999237060547,22.850000381469727,16.665937423706055,40042887
2015-11-02,2800.HK,22.649999618530273,22.799999237060547,22.5,22.549999237060547,16.44713020324707,24430555
2015-11-03,2800.HK,22.700000762939453,22.899999618530273,22.700000762939453,22.799999237060547,16.62946891784668,18278677
2015-11-04,2800.HK,22.899999618530273,23.549999237060547,22.899999618530273,23.25,16.957685470581055,66878725
2015-11-05,2800.HK,23.25,23.399999618530273,23.149999618530273,23.200000762939453,16.92121696472168,37408762
2015-11-06,2800.HK,23.149999618530273,23.149999618530273,22.950000762939453,23.049999237060547,16.811805725097656,31624063
2015-11-09,2800.HK,22.950000762939453,23.200000762939453,22.850000381469727,22.850000381469727,16.665937423706055,28308748
2015-11-10,2800.HK,22.75,22.75,22.450000762939453,22.600000381469727,16.483598709106445,69106911
2015-11-11,2800.HK,22.549999237060547,22.649999618530273,22.450000762939453,22.549999237060547,16.44713020324707,71094685
2015-11-12,2800.HK,22.600000381469727,23.200000762939453,22.600000381469727,23.149999618530273,16.884748458862305,83030970
2015-11-13,2800.HK,22.799999237060547,22.799999237060547,22.450000762939453,22.600000381469727,16.483598709106445,52999266
2015-11-16,2800.HK,22.200000762939453,22.299999237060547,22.100000381469727,22.200000762939453,16.19185447692871,99822331
2015-11-17,2800.HK,22.5,22.700000762939453,22.450000762939453,22.5,16.41066551208496,73531572
2015-11-18,2800.HK,22.600000381469727,22.600000381469727,22.299999237060547,22.399999618530273,16.337724685668945,44201856
2015-11-19,2800.HK,22.649999618530273,22.75,22.600000381469727,22.700000762939453,16.556533813476562,39487786
2015-11-20,2800.HK,22.75,23.049999237060547,22.600000381469727,22.950000762939453,16.738874435424805,51920070
2015-11-23,2800.HK,23.100000381469727,23.100000381469727,22.799999237060547,22.899999618530273,16.702404022216797,78464075
2015-11-24,2800.HK,22.899999618530273,22.899999618530273,22.600000381469727,22.799999237060547,16.62946891784668,40529098
2015-11-25,2800.HK,22.700000762939453,22.850000381469727,22.649999618530273,22.75,16.593006134033203,33008754
2015-11-26,2800.HK,22.850000381469727,23.049999237060547,22.649999618530273,22.75,16.593006134033203,50606521
2015-11-27,2800.HK,22.850000381469727,22.850000381469727,22.200000762939453,22.299999237060547,16.264787673950195,63910988
2015-11-30,2800.HK,22.200000762939453,22.399999618530273,22.100000381469727,22.200000762939453,16.19185447692871,27857783
2015-12-01,2800.HK,22.399999618530273,22.700000762939453,22.350000381469727,22.600000381469727,16.483598709106445,67165283
2015-12-02,2800.HK,22.700000762939453,22.799999237060547,22.549999237060547,22.700000762939453,16.556533813476562,33638173
2015-12-03,2800.HK,22.5,22.700000762939453,22.5,22.600000381469727,16.483598709106445,24334299
2015-12-04,2800.HK,22.350000381469727,22.450000762939453,22.299999237060547,22.450000762939453,16.374195098876953,23508274
2015-12-07,2800.HK,22.549999237060547,22.600000381469727,22.399999618530273,22.5,16.41066551208496,16538987
2015-12-08,2800.HK,22.350000381469727,22.350000381469727,21.950000762939453,22.100000381469727,16.118915557861328,54104196
2015-12-09,2800.HK,22.0,22.100000381469727,21.950000762939453,22.0,16.04598045349121,36320280
2015-12-10,2800.HK,21.950000762939453,22.100000381469727,21.850000381469727,21.899999618530273,15.973042488098145,41925033
2015-12-11,2800.HK,22.0,22.0,21.600000381469727,21.700000762939453,15.827174186706543,67619899
2015-12-14,2800.HK,21.350000381469727,21.600000381469727,21.200000762939453,21.549999237060547,15.717765808105469,100611601
2015-12-15,2800.HK,21.5,21.649999618530273,21.399999618530273,21.5,15.68129825592041,39441120
2015-12-16,2800.HK,21.75,22.0,21.75,21.950000762939453,16.009511947631836,47088717
2015-12-17,2800.HK,21.950000762939453,22.25,21.950000762939453,22.100000381469727,16.118915557861328,52584629
2015-12-18,2800.HK,22.0,22.149999618530273,21.799999237060547,22.0,16.04598045349121,46012932
2015-12-21,2800.HK,21.850000381469727,22.049999237060547,21.799999237060547,22.0,16.04598045349121,52415733
2015-12-22,2800.HK,22.049999237060547,22.049999237060547,21.899999618530273,22.0,16.04598045349121,23403737
2015-12-23,2800.HK,22.100000381469727,22.350000381469727,22.049999237060547,22.200000762939453,16.19185447692871,36438257
2015-12-24,2800.HK,22.399999618530273,22.450000762939453,22.299999237060547,22.299999237060547,16.264787673950195,18630740
2015-12-28,2800.HK,22.299999237060547,22.299999237060547,22.049999237060547,22.100000381469727,16.118915557861328,29362226
2015-12-29,2800.HK,22.149999618530273,22.25,22.049999237060547,22.200000762939453,16.19185447692871,28497694
2015-12-30,2800.HK,22.299999237060547,22.299999237060547,22.049999237060547,22.149999618530273,16.155385971069336,48363192
2015-12-31,2800.HK,22.149999618530273,22.200000762939453,22.049999237060547,22.100000381469727,16.118915557861328,12839342
2016-01-04,2800.HK,22.100000381469727,22.100000381469727,21.350000381469727,21.450000762939453,15.644829750061035,58772507
2016-01-05,2800.HK,21.450000762939453,21.649999618530273,21.25,21.399999618530273,15.608359336853027,43628149
2016-01-06,2800.HK,21.350000381469727,21.399999618530273,21.100000381469727,21.149999618530273,15.426023483276367,46978098
2016-01-07,2800.HK,21.0,21.049999237060547,20.450000762939453,20.549999237060547,14.988402366638184,107875623
2016-01-08,2800.HK,20.549999237060547,20.850000381469727,20.5,20.700000762939453,15.097806930541992,83833158
2016-01-11,2800.HK,20.25,20.299999237060547,20.0,20.100000381469727,14.660192489624023,91255758
2016-01-12,2800.HK,20.200000762939453,20.299999237060547,19.860000610351562,19.899999618530273,14.51431655883789,71228404
2016-01-13,2800.HK,20.200000762939453,20.450000762939453,20.0,20.200000762939453,14.73312759399414,58289457
2016-01-14,2800.HK,19.899999618530273,20.100000381469727,19.68000030517578,20.049999237060547,14.623723983764648,75287598
2016-01-15,2800.HK,20.0,20.0,19.68000030517578,19.700000762939453,14.368449211120605,63720152
2016-01-18,2800.HK,19.5,19.639999389648438,19.34000015258789,19.459999084472656,14.193397521972656,56196650
2016-01-19,2800.HK,19.520000457763672,19.860000610351562,19.3799991607666,19.84000015258789,14.470555305480957,53162156
2016-01-20,2800.HK,19.600000381469727,19.600000381469727,19.0,19.059999465942383,13.901654243469238,113992590
2016-01-21,2800.HK,19.219999313354492,19.459999084472656,18.739999771118164,18.760000228881836,13.682845115661621,79507874
2016-01-22,2800.HK,19.200000762939453,19.360000610351562,18.959999084472656,19.31999969482422,14.091288566589355,69839040
2016-01-25,2800.HK,19.5,19.68000030517578,19.459999084472656,19.540000915527344,14.251747131347656,47961472
2016-01-26,2800.HK,19.139999389648438,19.280000686645508,18.979999542236328,19.020000457763672,13.872478485107422,70659097
2016-01-27,2800.HK,19.34000015258789,19.420000076293945,19.100000381469727,19.219999313354492,14.018352508544922,51441996
2016-01-28,2800.HK,19.299999237060547,19.420000076293945,19.15999984741211,19.399999618530273,14.149636268615723,42626614
2016-01-29,2800.HK,19.360000610351562,19.860000610351562,19.280000686645508,19.84000015258789,14.470555305480957,92664704
2016-02-01,2800.HK,19.860000610351562,19.899999618530273,19.600000381469727,19.739999771118164,14.397623062133789,46156782
2016-02-02,2800.HK,19.65999984741211,19.799999237060547,19.559999465942383,19.6200008392334,14.310097694396973,36096150
2016-02-03,2800.HK,19.200000762939453,19.219999313354492,18.940000534057617,19.200000762939453,14.003765106201172,50339669
2016-02-04,2800.HK,19.360000610351562,19.540000915527344,19.34000015258789,19.3799991607666,14.135050773620605,59491629
2016-02-05,2800.HK,19.399999618530273,19.600000381469727,19.399999618530273,19.479999542236328,14.207986831665039,43078196
2016-02-11,2800.HK,18.700000762939453,18.799999237060547,18.5,18.700000762939453,13.639082908630371,85507056
2016-02-12,2800.HK,18.5,18.68000030517578,18.479999542236328,18.520000457763672,13.50779914855957,62498112
2016-02-15,2800.HK,18.81999969482422,19.1200008392334,18.81999969482422,19.1200008392334,13.945414543151855,35468047
2016-02-16,2800.HK,19.219999313354492,19.459999084472656,19.1200008392334,19.299999237060547,14.076703071594238,49544223
2016-02-17,2800.HK,19.399999618530273,19.5,19.059999465942383,19.100000381469727,13.930830955505371,39261858
2016-02-18,2800.HK,19.520000457763672,19.639999389648438,19.459999084472656,19.559999465942383,14.26633358001709,50154218
2016-02-19,2800.HK,19.559999465942383,19.559999465942383,19.399999618530273,19.440000534057617,14.178812026977539,33495178
2016-02-22,2800.HK,19.559999465942383,19.719999313354492,19.559999465942383,19.65999984741211,14.339268684387207,35201857
2016-02-23,2800.HK,19.700000762939453,19.719999313354492,19.5,19.6200008392334,14.310097694396973,34659690
2016-02-24,2800.HK,19.579999923706055,19.579999923706055,19.260000228881836,19.360000610351562,14.120462417602539,67498696
2016-02-25,2800.HK,19.360000610351562,19.3799991607666,19.020000457763672,19.079999923706055,13.916240692138672,82418753
2016-02-26,2800.HK,19.260000228881836,19.65999984741211,19.260000228881836,19.579999923706055,14.280923843383789,59425632
2016-02-29,2800.HK,19.559999465942383,19.559999465942383,19.239999771118164,19.299999237060547,14.076703071594238,33206916
2016-03-01,2800.HK,19.399999618530273,19.579999923706055,19.280000686645508,19.559999465942383,14.26633358001709,31693151
2016-03-02,2800.HK,19.899999618530273,20.299999237060547,19.899999618530273,20.200000762939453,14.73312759399414,66397464
2016-03-03,2800.HK,20.25,20.350000381469727,20.0,20.149999618530273,14.696657180786133,39342556
2016-03-04,2800.HK,20.25,20.450000762939453,20.200000762939453,20.399999618530273,14.878999710083008,49517038
2016-03-07,2800.HK,20.399999618530273,20.600000381469727,20.350000381469727,20.450000762939453,14.9154691696167,26206843
2016-03-08,2800.HK,20.399999618530273,20.399999618530273,20.149999618530273,20.299999237060547,14.806060791015625,25378897
2016-03-09,2800.HK,20.149999618530273,20.299999237060547,20.100000381469727,20.299999237060547,14.806060791015625,43236198
2016-03-10,2800.HK,20.299999237060547,20.5,20.149999618530273,20.299999237060547,14.806060791015625,36528694
2016-03-11,2800.HK,20.200000762939453,20.549999237060547,20.100000381469727,20.5,14.951936721801758,70743257
2016-03-14,2800.HK,20.649999618530273,20.799999237060547,20.600000381469727,20.700000762939453,15.097806930541992,45681542
2016-03-15,2800.HK,20.600000381469727,20.649999618530273,20.5,20.600000381469727,15.024876594543457,71182411
2016-03-16,2800.HK,20.600000381469727,20.700000762939453,20.450000762939453,20.549999237060547,14.988402366638184,63571682
2016-03-17,2800.HK,20.850000381469727,20.899999618530273,20.700000762939453,20.75,15.134278297424316,49906105
2016-03-18,2800.HK,20.75,20.950000762939453,20.75,20.950000762939453,15.280149459838867,62141544
2016-03-21,2800.HK,21.0,21.049999237060547,20.850000381469727,20.899999618530273,15.243680000305176,65759319
2016-03-22,2800.HK,21.0,21.049999237060547,20.850000381469727,20.899999618530273,15.243680000305176,28379258
2016-03-23,2800.HK,20.899999618530273,20.950000762939453,20.75,20.899999618530273,15.243680000305176,39971225
2016-03-24,2800.HK,20.700000762939453,20.75,20.5,20.600000381469727,15.024876594543457,49922818
2016-03-29,2800.HK,20.600000381469727,20.700000762939453,20.5,20.600000381469727,15.024876594543457,35777351
2016-03-30,2800.HK,20.799999237060547,21.149999618530273,20.799999237060547,21.149999618530273,15.426023483276367,46422152
2016-03-31,2800.HK,21.149999618530273,21.200000762939453,20.950000762939453,21.049999237060547,15.3530855178833,47471004
2016-04-01,2800.HK,21.049999237060547,21.100000381469727,20.75,20.75,15.134278297424316,53165708
2016-04-05,2800.HK,20.649999618530273,20.649999618530273,20.350000381469727,20.399999618530273,14.878999710083008,62437371
2016-04-06,2800.HK,20.299999237060547,20.549999237060547,20.299999237060547,20.5,14.951936721801758,45409500
2016-04-07,2800.HK,20.549999237060547,20.649999618530273,20.399999618530273,20.549999237060547,14.988402366638184,68201366
2016-04-08,2800.HK,20.200000762939453,20.700000762939453,20.200000762939453,20.649999618530273,15.061339378356934,44048246
2016-04-11,2800.HK,20.549999237060547,20.899999618530273,20.5,20.799999237060547,15.170744895935059,55621612
2016-04-12,2800.HK,20.75,20.899999618530273,20.700000762939453,20.799999237060547,15.170744895935059,35160410
2016-04-13,2800.HK,21.0,21.549999237060547,21.0,21.5,15.68129825592041,84339638
2016-04-14,2800.HK,21.700000762939453,21.850000381469727,21.600000381469727,21.700000762939453,15.827174186706543,68933088
2016-04-15,2800.HK,21.600000381469727,21.700000762939453,21.549999237060547,21.600000381469727,15.754237174987793,57827051
2016-04-18,2800.HK,21.299999237060547,21.5,21.299999237060547,21.450000762939453,15.644829750061035,65688573
2016-04-19,2800.HK,21.799999237060547,21.799999237060547,21.549999237060547,21.75,15.86363697052002,24090930
2016-04-20,2800.HK,21.75,21.75,21.399999618530273,21.5,15.68129825592041,58942678
2016-04-21,2800.HK,21.700000762939453,21.950000762939453,21.649999618530273,21.950000762939453,16.009511947631836,57776071
2016-04-22,2800.HK,21.700000762939453,21.799999237060547,21.600000381469727,21.799999237060547,15.900106430053711,97501032
2016-04-25,2800.HK,21.700000762939453,21.75,21.549999237060547,21.549999237060547,15.717765808105469,88426969
2016-04-26,2800.HK,21.549999237060547,21.75,21.350000381469727,21.700000762939453,15.827174186706543,106686605
2016-04-27,2800.HK,21.700000762939453,21.75,21.600000381469727,21.649999618530273,15.790706634521484,73439175
2016-04-28,2800.HK,21.700000762939453,21.850000381469727,21.399999618530273,21.5,15.798049926757812,52592519
2016-04-29,2800.HK,21.350000381469727,21.350000381469727,21.149999618530273,21.149999618530273,15.540873527526855,74894925
2016-05-03,2800.HK,21.149999618530273,21.149999618530273,20.75,20.75,15.246955871582031,132543141
2016-05-04,2800.HK,20.649999618530273,20.75,20.549999237060547,20.700000762939453,15.21021556854248,102214112
2016-05-05,2800.HK,20.549999237060547,20.700000762939453,20.5,20.549999237060547,15.099998474121094,134965863
2016-05-06,2800.HK,20.450000762939453,20.549999237060547,20.149999618530273,20.200000762939453,14.84282112121582,104158826
2016-05-09,2800.HK,20.399999618530273,20.450000762939453,20.200000762939453,20.299999237060547,14.91629695892334,143398575
2016-05-10,2800.HK,20.200000762939453,20.5,20.149999618530273,20.450000762939453,15.026517868041992,138354778
2016-05-11,2800.HK,20.5,20.5,20.149999618530273,20.200000762939453,14.84282112121582,229013028
2016-05-12,2800.HK,20.200000762939453,20.25,20.0,20.049999237060547,14.732604026794434,53817884
2016-05-13,2800.HK,20.0,20.049999237060547,19.719999313354492,19.8799991607666,14.607684135437012,127148800
2016-05-16,2800.HK,19.860000610351562,20.149999618530273,19.84000015258789,20.049999237060547,14.732604026794434,79146468
2016-05-17,2800.HK,20.200000762939453,20.299999237060547,20.0,20.299999237060547,14.91629695892334,58256460
2016-05-18,2800.HK,20.049999237060547,20.100000381469727,19.920000076293945,19.959999084472656,14.666475296020508,96816798
2016-05-19,2800.HK,20.0,20.0,19.84000015258789,19.8799991607666,14.607684135437012,63562422
2016-05-20,2800.HK,19.860000610351562,20.25,19.860000610351562,20.149999618530273,14.806078910827637,41871506
2016-05-23,2800.HK,20.100000381469727,20.200000762939453,19.979999542236328,20.0,14.6958589553833,36913043
2016-05-24,2800.HK,20.0,20.149999618530273,19.959999084472656,20.100000381469727,14.769342422485352,39932112
2016-05-25,2800.HK,20.299999237060547,20.700000762939453,20.299999237060547,20.600000381469727,15.136740684509277,35470654
2016-05-26,2800.HK,20.600000381469727,20.700000762939453,20.5,20.649999618530273,15.173478126525879,21859753
2016-05-27,2800.HK,20.600000381469727,20.899999618530273,20.549999237060547,20.799999237060547,15.283697128295898,40134608
2016-05-30,2800.HK,20.799999237060547,21.049999237060547,20.75,20.850000381469727,15.32043743133545,33495326
2016-05-31,2800.HK,20.950000762939453,21.25,20.850000381469727,21.100000381469727,15.504136085510254,36022044
2016-06-01,2800.HK,20.950000762939453,21.200000762939453,20.950000762939453,21.0,15.430656433105469,44248480
2016-06-02,2800.HK,21.0,21.200000762939453,21.0,21.149999618530273,15.540873527526855,36012100
2016-06-03,2800.HK,21.200000762939453,21.399999618530273,21.200000762939453,21.25,15.614352226257324,20344873
2016-06-06,2800.HK,21.25,21.350000381469727,21.149999618530273,21.350000381469727,15.687832832336426,14968301
2016-06-07,2800.HK,21.5,21.700000762939453,21.450000762939453,21.600000381469727,15.87153148651123,46657113
2016-06-08,2800.HK,21.600000381469727,21.700000762939453,21.5,21.649999618530273,15.908272743225098,28872708
2016-06-10,2800.HK,21.649999618530273,21.700000762939453,21.350000381469727,21.399999618530273,15.72457218170166,40538401
2016-06-13,2800.HK,21.049999237060547,21.100000381469727,20.75,20.899999618530273,15.357173919677734,55454841
2016-06-14,2800.HK,20.75,20.899999618530273,20.700000762939453,20.799999237060547,15.283697128295898,21332553
2016-06-15,2800.HK,20.600000381469727,20.950000762939453,20.5,20.799999237060547,15.283697128295898,40015770
2016-06-16,2800.HK,20.799999237060547,20.799999237060547,20.350000381469727,20.450000762939453,15.026517868041992,56917621
2016-06-17,2800.HK,20.600000381469727,20.700000762939453,20.5,20.600000381469727,15.136740684509277,38024834
2016-06-20,2800.HK,20.799999237060547,21.0,20.649999618530273,20.850000381469727,15.32043743133545,42725255
2016-06-21,2800.HK,20.899999618530273,21.100000381469727,20.899999618530273,21.049999237060547,15.46739387512207,31905974
2016-06-22,2800.HK,21.0,21.350000381469727,20.950000762939453,21.299999237060547,15.651094436645508,26480536
2016-06-23,2800.HK,21.399999618530273,21.399999618530273,21.25,21.350000381469727,15.687832832336426,27709948
2016-06-24,2800.HK,20.799999237060547,21.549999237060547,20.100000381469727,20.75,15.246955871582031,151484080
2016-06-27,2800.HK,20.450000762939453,20.850000381469727,20.450000762939453,20.700000762939453,15.21021556854248,63231953
2016-06-28,2800.HK,20.5,20.75,20.399999618530273,20.700000762939453,15.21021556854248,63372401
2016-06-29,2800.HK,21.0,21.049999237060547,20.799999237060547,21.0,15.430656433105469,31229658
2016-06-30,2800.HK,21.200000762939453,21.399999618530273,21.149999618530273,21.350000381469727,15.687832832336426,56627376
2016-07-04,2800.HK,21.450000762939453,21.75,21.399999618530273,21.649999618530273,15.908272743225098,45745979
2016-07-05,2800.HK,21.549999237060547,21.549999237060547,21.25,21.299999237060547,15.651094436645508,32480069
2016-07-06,2800.HK,21.100000381469727,21.149999618530273,20.850000381469727,21.049999237060547,15.46739387512207,35227516
2016-07-07,2800.HK,21.149999618530273,21.299999237060547,21.100000381469727,21.25,15.614352226257324,22656399
2016-07-08,2800.HK,21.200000762939453,21.200000762939453,21.0,21.149999618530273,15.540873527526855,25980061
2016-07-11,2800.HK,21.5,21.600000381469727,21.399999618530273,21.399999618530273,15.72457218170166,23257639
2016-07-12,2800.HK,21.549999237060547,21.850000381469727,21.549999237060547,21.799999237060547,16.018489837646484,51403931
2016-07-13,2800.HK,21.950000762939453,22.0,21.850000381469727,21.899999618530273,16.09196662902832,48224626
2016-07-14,2800.HK,21.899999618530273,22.149999618530273,21.799999237060547,22.149999618530273,16.27566909790039,52709415
2016-07-15,2800.HK,22.149999618530273,22.350000381469727,22.049999237060547,22.299999237060547,16.38588523864746,95202538
2016-07-18,2800.HK,22.200000762939453,22.450000762939453,22.200000762939453,22.350000381469727,16.422626495361328,45256223
2016-07-19,2800.HK,22.399999618530273,22.399999618530273,22.200000762939453,22.200000762939453,16.31240463256836,38200803
2016-07-20,2800.HK,22.200000762939453,22.5,22.200000762939453,22.5,16.532846450805664,28306528
2016-07-21,2800.HK,22.549999237060547,22.700000762939453,22.450000762939453,22.549999237060547,16.569583892822266,36257152
2016-07-22,2800.HK,22.450000762939453,22.549999237060547,22.399999618530273,22.5,16.532846450805664,33759998
2016-07-25,2800.HK,22.600000381469727,22.600000381469727,22.450000762939453,22.549999237060547,16.569583892822266,76034712
2016-07-26,2800.HK,22.450000762939453,22.899999618530273,22.450000762939453,22.75,16.716543197631836,141018552
2016-07-27,2800.HK,22.799999237060547,22.899999618530273,22.600000381469727,22.649999618530273,16.6430606842041,157592608
2016-07-28,2800.HK,22.700000762939453,22.799999237060547,22.600000381469727,22.75,16.716543197631836,107126265
2016-07-29,2800.HK,22.649999618530273,22.75,22.399999618530273,22.450000762939453,16.496109008789062,224328787
2016-08-01,2800.HK,22.5,22.899999618530273,22.5,22.75,16.716543197631836,80898532
2016-08-02,2800.HK,22.75,22.75,22.75,22.75,16.716543197631836,0
2016-08-03,2800.HK,22.450000762939453,22.450000762939453,22.25,22.299999237060547,16.38588523864746,95129230
2016-08-04,2800.HK,22.450000762939453,22.5,22.350000381469727,22.399999618530273,16.459360122680664,66358570
2016-08-05,2800.HK,22.5,22.799999237060547,22.5,22.75,16.716543197631836,65572540
2016-08-08,2800.HK,22.899999618530273,23.100000381469727,22.799999237060547,23.049999237060547,16.936979293823242,76199301
2016-08-09,2800.HK,23.049999237060547,23.100000381469727,23.0,23.049999237060547,16.936979293823242,30523129
2016-08-10,2800.HK,23.100000381469727,23.25,22.950000762939453,23.049999237060547,16.936979293823242,48850828
2016-08-11,2800.HK,23.0,23.350000381469727,22.950000762939453,23.149999618530273,17.010459899902344,136013508
2016-08-12,2800.HK,23.299999237060547,23.450000762939453,23.299999237060547,23.350000381469727,17.157421112060547,175983539
2016-08-15,2800.HK,23.399999618530273,23.649999618530273,23.399999618530273,23.600000381469727,17.341115951538086,208184567
2016-08-16,2800.HK,23.649999618530273,23.700000762939453,23.450000762939453,23.5,17.267637252807617,218552306
2016-08-17,2800.HK,23.600000381469727,23.700000762939453,23.399999618530273,23.399999618530273,17.19415855407715,198264547
2016-08-18,2800.HK,23.549999237060547,23.850000381469727,23.549999237060547,23.700000762939453,17.41459846496582,236638934
2016-08-19,2800.HK,23.75,23.75,23.5,23.549999237060547,17.30437660217285,195148730
2016-08-22,2800.HK,23.600000381469727,23.649999618530273,23.399999618530273,23.649999618530273,17.37785530090332,316603209
2016-08-23,2800.HK,23.5,23.649999618530273,23.5,23.649999618530273,17.37785530090332,78661628
2016-08-24,2800.HK,23.600000381469727,23.700000762939453,23.350000381469727,23.450000762939453,17.23089599609375,108488509
2016-08-25,2800.HK,23.450000762939453,23.549999237060547,23.350000381469727,23.450000762939453,17.23089599609375,92133461
2016-08-26,2800.HK,23.450000762939453,23.649999618530273,23.450000762939453,23.600000381469727,17.341115951538086,61704544
2016-08-29,2800.HK,23.549999237060547,23.600000381469727,23.399999618530273,23.5,17.267637252807617,60725041
2016-08-30,2800.HK,23.600000381469727,23.75,23.5,23.649999618530273,17.37785530090332,32985266
2016-08-31,2800.HK,23.549999237060547,23.700000762939453,23.549999237060547,23.649999618530273,17.37785530090332,51555491
2016-09-01,2800.HK,23.600000381469727,23.899999618530273,23.5,23.899999618530273,17.561553955078125,30866866
2016-09-02,2800.HK,23.899999618530273,24.0,23.850000381469727,23.899999618530273,17.561553955078125,32938050
2016-09-05,2800.HK,24.100000381469727,24.399999618530273,24.100000381469727,24.299999237060547,17.85546875,87513443
2016-09-06,2800.HK,24.399999618530273,24.5,24.25,24.450000762939453,17.96569061279297,77969123
2016-09-07,2800.HK,24.450000762939453,24.5,24.350000381469727,24.450000762939453,17.96569061279297,61707307
2016-09-08,2800.HK,24.399999618530273,24.600000381469727,24.350000381469727,24.549999237060547,18.03917121887207,77478375
2016-09-09,2800.HK,24.600000381469727,25.100000381469727,24.600000381469727,24.850000381469727,18.259607315063477,167051300
2016-09-12,2800.HK,24.399999618530273,24.399999618530273,24.0,24.049999237060547,17.67177391052246,154917555
2016-09-13,2800.HK,24.299999237060547,24.350000381469727,23.899999618530273,24.0,17.635034561157227,128903120
2016-09-14,2800.HK,24.0,24.100000381469727,23.899999618530273,23.950000762939453,17.59829330444336,51933053
2016-09-15,2800.HK,24.0,24.200000762939453,23.899999618530273,24.100000381469727,17.708513259887695,55984567
2016-09-19,2800.HK,24.100000381469727,24.399999618530273,24.100000381469727,24.25,17.818737030029297,28059184
2016-09-20,2800.HK,24.25,24.299999237060547,24.100000381469727,24.299999237060547,17.85546875,40001269
2016-09-21,2800.HK,24.299999237060547,24.5,24.149999618530273,24.350000381469727,17.892213821411133,57490435
2016-09-22,2800.HK,24.600000381469727,24.850000381469727,24.399999618530273,24.5,18.002429962158203,188092044
2016-09-23,2800.HK,24.5,24.600000381469727,24.350000381469727,24.350000381469727,17.892213821411133,79429257
2016-09-26,2800.HK,24.299999237060547,24.299999237060547,24.0,24.100000381469727,17.708513259887695,67299708
2016-09-27,2800.HK,24.0,24.399999618530273,24.0,24.299999237060547,17.85546875,80222003
2016-09-28,2800.HK,24.25,24.350000381469727,24.100000381469727,24.350000381469727,17.892213821411133,69869124
2016-09-29,2800.HK,24.5,24.600000381469727,24.350000381469727,24.5,18.002429962158203,137371202
2016-09-30,2800.HK,24.299999237060547,24.299999237060547,23.950000762939453,24.0,17.635034561157227,95961278
2016-10-03,2800.HK,24.299999237060547,24.450000762939453,24.200000762939453,24.299999237060547,17.85546875,51231690
2016-10-04,2800.HK,24.299999237060547,24.450000762939453,24.25,24.399999618530273,17.9289493560791,53267036
2016-10-05,2800.HK,24.299999237060547,24.600000381469727,24.299999237060547,24.5,18.002429962158203,35252945
2016-10-06,2800.HK,24.549999237060547,24.75,24.549999237060547,24.700000762939453,18.14938735961914,28591970
2016-10-07,2800.HK,24.600000381469727,24.700000762939453,24.5,24.600000381469727,18.07591438293457,37530798
2016-10-11,2800.HK,24.75,24.850000381469727,24.149999618530273,24.25,17.818737030029297,67262281
2016-10-12,2800.HK,24.049999237060547,24.200000762939453,24.0,24.149999618530273,17.745250701904297,32927101
2016-10-13,2800.HK,24.049999237060547,24.149999618530273,23.700000762939453,23.799999237060547,17.48807144165039,53171952
2016-10-14,2800.HK,23.850000381469727,24.100000381469727,23.850000381469727,24.0,17.635034561157227,29445059
2016-10-17,2800.HK,24.0,24.0,23.700000762939453,23.799999237060547,17.48807144165039,39154138
2016-10-18,2800.HK,23.799999237060547,24.200000762939453,23.799999237060547,24.149999618530273,17.745250701904297,33673163
2016-10-19,2800.HK,24.149999618530273,24.25,23.950000762939453,24.049999237060547,17.67177391052246,65754671
2016-10-20,2800.HK,24.100000381469727,24.299999237060547,24.100000381469727,24.149999618530273,17.745250701904297,33182799
2016-10-21,2800.HK,24.149999618530273,24.149999618530273,24.149999618530273,24.149999618530273,17.745250701904297,0
2016-10-24,2800.HK,24.149999618530273,24.450000762939453,24.0,24.399999618530273,17.9289493560791,41032973
2016-10-25,2800.HK,24.399999618530273,24.450000762939453,24.25,24.350000381469727,17.892213821411133,29934465
2016-10-26,2800.HK,24.200000762939453,24.25,24.049999237060547,24.100000381469727,17.708513259887695,29897298
2016-10-27,2800.HK,24.149999618530273,24.149999618530273,23.75,23.899999618530273,17.561553955078125,35548544
2016-10-28,2800.HK,23.899999618530273,23.950000762939453,23.600000381469727,23.75,17.451337814331055,52198034
2016-10-31,2800.HK,23.0,23.25,22.950000762939453,23.100000381469727,17.42870330810547,34857489
2016-11-01,2800.HK,23.100000381469727,23.450000762939453,23.100000381469727,23.299999237060547,17.579601287841797,84410266
2016-11-02,2800.HK,23.100000381469727,23.100000381469727,22.899999618530273,23.0,17.353254318237305,53455882
2016-11-03,2800.HK,22.950000762939453,23.049999237060547,22.799999237060547,22.899999618530273,17.277799606323242,40350783
2016-11-04,2800.HK,22.850000381469727,22.950000762939453,22.75,22.850000381469727,17.24007797241211,40369177
2016-11-07,2800.HK,22.899999618530273,23.049999237060547,22.799999237060547,23.0,17.353254318237305,49486707
2016-11-08,2800.HK,23.149999618530273,23.200000762939453,22.950000762939453,23.049999237060547,17.390975952148438,98809224
2016-11-09,2800.HK,23.200000762939453,23.200000762939453,22.049999237060547,22.600000381469727,17.05145835876465,152208712
2016-11-10,2800.HK,23.0,23.100000381469727,22.950000762939453,23.049999237060547,17.390975952148438,72611325
2016-11-11,2800.HK,23.0,23.0,22.600000381469727,22.700000762939453,17.126907348632812,85793089
2016-11-14,2800.HK,22.5,22.549999237060547,22.299999237060547,22.399999618530273,16.900556564331055,99265954
2016-11-15,2800.HK,22.399999618530273,22.600000381469727,22.350000381469727,22.5,16.976009368896484,42368189
2016-11-16,2800.HK,22.600000381469727,22.649999618530273,22.450000762939453,22.5,16.976009368896484,48450322
2016-11-17,2800.HK,22.399999618530273,22.549999237060547,22.25,22.399999618530273,16.900556564331055,45236231
2016-11-18,2800.HK,22.399999618530273,22.549999237060547,22.299999237060547,22.450000762939453,16.93828582763672,80280340
2016-11-21,2800.HK,22.450000762939453,22.649999618530273,22.350000381469727,22.549999237060547,17.013731002807617,58965629
2016-11-22,2800.HK,22.600000381469727,22.899999618530273,22.600000381469727,22.899999618530273,17.277799606323242,40363889
2016-11-23,2800.HK,22.850000381469727,23.0,22.799999237060547,22.899999618530273,17.277799606323242,44258079
2016-11-24,2800.HK,22.850000381469727,22.850000381469727,22.600000381469727,22.75,17.164630889892578,55790696
2016-11-25,2800.HK,22.799999237060547,22.950000762939453,22.75,22.899999618530273,17.277799606323242,32710491
2016-11-28,2800.HK,22.950000762939453,23.149999618530273,22.950000762939453,23.0,17.353254318237305,51894396
2016-11-29,2800.HK,22.950000762939453,23.049999237060547,22.850000381469727,22.899999618530273,17.277799606323242,40316127
2016-11-30,2800.HK,22.899999618530273,23.100000381469727,22.899999618530273,23.0,17.353254318237305,35282598
2016-12-01,2800.HK,23.100000381469727,23.200000762939453,23.0,23.100000381469727,17.42870330810547,71073522
2016-12-02,2800.HK,23.0,23.0,22.700000762939453,22.75,17.164630889892578,43786485
2016-12-05,2800.HK,22.75,22.799999237060547,22.5,22.700000762939453,17.126907348632812,89185245
2016-12-06,2800.HK,22.799999237060547,22.950000762939453,22.799999237060547,22.850000381469727,17.24007797241211,47698221
2016-12-07,2800.HK,22.950000762939453,23.0,22.899999618530273,23.0,17.353254318237305,31532326
2016-12-08,2800.HK,23.200000762939453,23.299999237060547,22.950000762939453,23.0,17.353254318237305,63960160
2016-12-09,2800.HK,23.0,23.0,22.850000381469727,22.950000762939453,17.315528869628906,102257410
2016-12-12,2800.HK,23.0,23.0,22.5,22.549999237060547,17.013731002807617,110000259
2016-12-13,2800.HK,22.600000381469727,22.600000381469727,22.399999618530273,22.600000381469727,17.05145835876465,105176983
2016-12-14,2800.HK,22.700000762939453,22.799999237060547,22.600000381469727,22.649999618530273,17.08917999267578,41020332
2016-12-15,2800.HK,22.399999618530273,22.450000762939453,22.100000381469727,22.200000762939453,16.749662399291992,109230892
2016-12-16,2800.HK,22.200000762939453,22.299999237060547,22.100000381469727,22.200000762939453,16.749662399291992,59625748
2016-12-19,2800.HK,22.100000381469727,22.100000381469727,21.899999618530273,22.0,16.59876251220703,81475522
2016-12-20,2800.HK,22.0,22.049999237060547,21.799999237060547,21.899999618530273,16.523317337036133,67689031
2016-12-21,2800.HK,22.0,22.100000381469727,21.899999618530273,22.0,16.59876251220703,58657457
2016-12-22,2800.HK,21.950000762939453,22.0,21.75,21.850000381469727,16.485591888427734,51835797
2016-12-23,2800.HK,21.75,21.75,21.600000381469727,21.75,16.41013526916504,71044699
2016-12-28,2800.HK,21.75,21.950000762939453,21.600000381469727,21.850000381469727,16.485591888427734,47506920
2016-12-29,2800.HK,21.75,21.950000762939453,21.700000762939453,21.950000762939453,16.561038970947266,39813776
2016-12-30,2800.HK,22.0,22.200000762939453,22.0,22.100000381469727,16.674211502075195,43932522
2017-01-03,2800.HK,22.149999618530273,22.350000381469727,22.0,22.299999237060547,16.825109481811523,29012900
2017-01-04,2800.HK,22.350000381469727,22.399999618530273,22.200000762939453,22.299999237060547,16.825109481811523,31030187
2017-01-05,2800.HK,22.399999618530273,22.649999618530273,22.350000381469727,22.600000381469727,17.05145835876465,71271231
2017-01-06,2800.HK,22.700000762939453,22.799999237060547,22.600000381469727,22.649999618530273,17.08917999267578,45848822
2017-01-09,2800.HK,22.700000762939453,22.799999237060547,22.600000381469727,22.75,17.164630889892578,46482044
2017-01-10,2800.HK,22.700000762939453,22.899999618530273,22.700000762939453,22.850000381469727,17.24007797241211,58447424
2017-01-11,2800.HK,23.0,23.149999618530273,22.899999618530273,23.100000381469727,17.42870330810547,75629699
2017-01-12,2800.HK,23.100000381469727,23.149999618530273,22.950000762939453,23.049999237060547,17.390975952148438,57438677
2017-01-13,2800.HK,23.049999237060547,23.149999618530273,23.049999237060547,23.100000381469727,17.42870330810547,37351433
2017-01-16,2800.HK,23.0,23.100000381469727,22.799999237060547,22.899999618530273,17.277799606323242,40987990
2017-01-17,2800.HK,22.950000762939453,23.049999237060547,22.899999618530273,23.049999237060547,17.390975952148438,27108530
2017-01-18,2800.HK,23.049999237060547,23.350000381469727,23.049999237060547,23.25,17.5418758392334,90804068
2017-01-19,2800.HK,23.200000762939453,23.25,23.100000381469727,23.25,17.5418758392334,34395435
2017-01-20,2800.HK,23.149999618530273,23.149999618530273,23.0,23.100000381469727,17.42870330810547,23520415
2017-01-23,2800.HK,23.100000381469727,23.299999237060547,23.0,23.049999237060547,17.390975952148438,118103301
2017-01-24,2800.HK,23.100000381469727,23.149999618530273,23.049999237060547,23.100000381469727,17.42870330810547,50938146
2017-01-25,2800.HK,23.200000762939453,23.25,23.100000381469727,23.200000762939453,17.504148483276367,81816675
2017-01-26,2800.HK,23.350000381469727,23.600000381469727,23.299999237060547,23.549999237060547,17.768224716186523,50079737
2017-01-27,2800.HK,23.5,23.600000381469727,23.450000762939453,23.549999237060547,17.768224716186523,11589221
2017-02-01,2800.HK,23.399999618530273,23.5,23.25,23.5,17.730499267578125,43792011
2017-02-02,2800.HK,23.399999618530273,23.600000381469727,23.25,23.350000381469727,17.617328643798828,30430621
2017-02-03,2800.HK,23.399999618530273,23.450000762939453,23.149999618530273,23.25,17.5418758392334,28727953
2017-02-06,2800.HK,23.399999618530273,23.549999237060547,23.299999237060547,23.5,17.730499267578125,88692045
2017-02-07,2800.HK,23.5,23.600000381469727,23.399999618530273,23.5,17.730499267578125,52035324
2017-02-08,2800.HK,23.450000762939453,23.75,23.299999237060547,23.700000762939453,17.88139533996582,66984961
2017-02-09,2800.HK,23.700000762939453,23.799999237060547,23.600000381469727,23.700000762939453,17.88139533996582,94732489
2017-02-10,2800.HK,23.799999237060547,23.899999618530273,23.75,23.799999237060547,17.95684051513672,53713471
2017-02-13,2800.HK,23.899999618530273,23.950000762939453,23.799999237060547,23.850000381469727,17.994569778442383,70458590
2017-02-14,2800.HK,23.850000381469727,23.950000762939453,23.799999237060547,23.899999618530273,18.03229331970215,202223487
2017-02-15,2800.HK,23.950000762939453,24.25,23.950000762939453,24.149999618530273,18.220911026000977,105509426
2017-02-16,2800.HK,24.25,24.350000381469727,24.200000762939453,24.299999237060547,18.33408546447754,196485396
2017-02-17,2800.HK,24.299999237060547,24.350000381469727,24.149999618530273,24.25,18.296367645263672,117604909
2017-02-20,2800.HK,24.149999618530273,24.399999618530273,24.149999618530273,24.350000381469727,18.371814727783203,142711663
2017-02-21,2800.HK,24.350000381469727,24.399999618530273,24.100000381469727,24.200000762939453,18.258642196655273,113272475
2017-02-22,2800.HK,24.25,24.399999618530273,24.200000762939453,24.350000381469727,18.371814727783203,100973162
2017-02-23,2800.HK,24.350000381469727,24.450000762939453,24.299999237060547,24.350000381469727,18.371814727783203,101330869
2017-02-24,2800.HK,24.350000381469727,24.399999618530273,24.200000762939453,24.299999237060547,18.33408546447754,135511906
2017-02-27,2800.HK,24.200000762939453,24.350000381469727,24.100000381469727,24.25,18.296367645263672,148092879
2017-02-28,2800.HK,24.25,24.299999237060547,23.950000762939453,24.049999237060547,18.145465850830078,55670393
2017-03-01,2800.HK,24.049999237060547,24.100000381469727,24.0,24.049999237060547,18.145465850830078,128064949
2017-03-02,2800.HK,24.350000381469727,24.399999618530273,23.950000762939453,23.950000762939453,18.070016860961914,84471402
2017-03-03,2800.HK,23.850000381469727,23.899999618530273,23.75,23.850000381469727,17.994569778442383,97701601
2017-03-06,2800.HK,23.850000381469727,23.950000762939453,23.850000381469727,23.850000381469727,17.994569778442383,75373574
2017-03-07,2800.HK,23.899999618530273,24.0,23.850000381469727,23.950000762939453,18.070016860961914,54742970
2017-03-08,2800.HK,23.950000762939453,24.100000381469727,23.799999237060547,24.0,18.107746124267578,57724930
2017-03-09,2800.HK,23.950000762939453,23.950000762939453,23.700000762939453,23.799999237060547,17.95684051513672,84240663
2017-03-10,2800.HK,23.75,23.850000381469727,23.700000762939453,23.850000381469727,17.994569778442383,63323483
2017-03-13,2800.HK,23.899999618530273,24.149999618530273,23.850000381469727,24.100000381469727,18.183191299438477,214740391
2017-03-14,2800.HK,24.100000381469727,24.200000762939453,24.0,24.100000381469727,18.183191299438477,50699062
2017-03-15,2800.HK,24.049999237060547,24.149999618530273,23.899999618530273,24.100000381469727,18.183191299438477,126575691
2017-03-16,2800.HK,24.200000762939453,24.600000381469727,24.200000762939453,24.549999237060547,18.52271270751953,193592936
2017-03-17,2800.HK,24.600000381469727,24.700000762939453,24.5,24.600000381469727,18.56043815612793,382854317
2017-03-20,2800.HK,24.600000381469727,24.799999237060547,24.600000381469727,24.75,18.673608779907227,81944859
2017-03-21,2800.HK,24.799999237060547,24.950000762939453,24.799999237060547,24.850000381469727,18.74905776977539,151739241
2017-03-22,2800.HK,24.600000381469727,24.700000762939453,24.5,24.600000381469727,18.56043815612793,214529718
2017-03-23,2800.HK,24.649999618530273,24.75,24.549999237060547,24.600000381469727,18.56043815612793,87470254
2017-03-24,2800.HK,24.700000762939453,24.75,24.549999237060547,24.700000762939453,18.63588523864746,144225146
2017-03-27,2800.HK,24.549999237060547,24.700000762939453,24.450000762939453,24.5,18.484983444213867,151651793
2017-03-28,2800.HK,24.600000381469727,24.649999618530273,24.549999237060547,24.649999618530273,18.59815788269043,67046507
2017-03-29,2800.HK,24.700000762939453,24.75,24.600000381469727,24.649999618530273,18.59815788269043,155804685
2017-03-30,2800.HK,24.700000762939453,24.700000762939453,24.5,24.600000381469727,18.56043815612793,100483543
2017-03-31,2800.HK,24.600000381469727,24.600000381469727,24.350000381469727,24.450000762939453,18.447263717651367,173399086
2017-04-03,2800.HK,24.450000762939453,24.549999237060547,24.450000762939453,24.5,18.484983444213867,28223111
2017-04-05,2800.HK,24.549999237060547,24.700000762939453,24.399999618530273,24.649999618530273,18.59815788269043,129098715
2017-04-06,2800.HK,24.649999618530273,24.700000762939453,24.450000762939453,24.549999237060547,18.52271270751953,276077589
2017-04-07,2800.HK,24.549999237060547,24.600000381469727,24.200000762939453,24.549999237060547,18.52271270751953,325090912
2017-04-10,2800.HK,24.600000381469727,24.649999618530273,24.5,24.549999237060547,18.52271270751953,163104093
2017-04-11,2800.HK,24.549999237060547,24.600000381469727,24.25,24.399999618530273,18.409534454345703,166881309
2017-04-12,2800.HK,24.299999237060547,24.600000381469727,24.25,24.600000381469727,18.56043815612793,145384234
2017-04-13,2800.HK,24.450000762939453,24.700000762939453,24.399999618530273,24.549999237060547,18.52271270751953,109733534
2017-04-18,2800.HK,24.549999237060547,24.600000381469727,24.149999618530273,24.149999618530273,18.220911026000977,121680898
2017-04-19,2800.HK,24.100000381469727,24.149999618530273,24.0,24.149999618530273,18.220911026000977,95098876
2017-04-20,2800.HK,24.100000381469727,24.399999618530273,24.100000381469727,24.350000381469727,18.371814727783203,86475019
2017-04-21,2800.HK,24.399999618530273,24.5,24.25,24.299999237060547,18.33408546447754,78744123
2017-04-24,2800.HK,24.450000762939453,24.5,24.25,24.450000762939453,18.447263717651367,121607581
2017-04-25,2800.HK,24.5,24.799999237060547,24.5,24.75,18.673608779907227,87684282
2017-04-26,2800.HK,24.799999237060547,25.0,24.799999237060547,24.850000381469727,18.74905776977539,30258424
2017-04-27,2800.HK,24.75,24.899999618530273,24.600000381469727,24.850000381469727,18.862918853759766,43242588
2017-04-28,2800.HK,24.850000381469727,24.850000381469727,24.75,24.799999237060547,18.824962615966797,48199765
2017-05-02,2800.HK,24.799999237060547,24.950000762939453,24.700000762939453,24.799999237060547,18.824962615966797,47656373
2017-05-04,2800.HK,24.799999237060547,24.899999618530273,24.700000762939453,24.899999618530273,18.900875091552734,64275858
2017-05-05,2800.HK,24.75,24.799999237060547,24.5,24.649999618530273,18.711103439331055,68396992
2017-05-08,2800.HK,24.700000762939453,24.799999237060547,24.600000381469727,24.75,18.787010192871094,74634326
2017-05-09,2800.HK,24.700000762939453,25.100000381469727,24.649999618530273,25.049999237060547,19.014732360839844,76719386
2017-05-10,2800.HK,25.149999618530273,25.350000381469727,25.149999618530273,25.149999618530273,19.090635299682617,90001078
2017-05-11,2800.HK,25.200000762939453,25.399999618530273,25.149999618530273,25.299999237060547,19.204498291015625,75673596
2017-05-12,2800.HK,25.200000762939453,25.399999618530273,25.200000762939453,25.350000381469727,19.242454528808594,70013851
2017-05-15,2800.HK,25.399999618530273,25.600000381469727,25.399999618530273,25.600000381469727,19.432222366333008,60114830
2017-05-16,2800.HK,25.600000381469727,25.649999618530273,25.450000762939453,25.600000381469727,19.432222366333008,46249849
2017-05-17,2800.HK,25.549999237060547,25.600000381469727,25.450000762939453,25.600000381469727,19.432222366333008,37290435
2017-05-18,2800.HK,25.299999237060547,25.5,25.299999237060547,25.399999618530273,19.280406951904297,53675106
2017-05-19,2800.HK,25.399999618530273,25.5,25.350000381469727,25.450000762939453,19.318361282348633,48186049
2017-05-22,2800.HK,25.5,25.700000762939453,25.450000762939453,25.649999618530273,19.47017478942871,66640075
2017-05-23,2800.HK,25.700000762939453,25.75,25.549999237060547,25.700000762939453,19.508132934570312,68345804
2017-05-24,2800.HK,25.649999618530273,25.700000762939453,25.549999237060547,25.649999618530273,19.47017478942871,97045574
2017-05-25,2800.HK,25.700000762939453,25.950000762939453,25.700000762939453,25.850000381469727,19.621992111206055,155524940
2017-05-26,2800.HK,25.899999618530273,26.0,25.850000381469727,25.899999618530273,19.659940719604492,100654107
2017-05-29,2800.HK,25.899999618530273,26.049999237060547,25.899999618530273,26.0,19.735851287841797,77150452
2017-05-31,2800.HK,25.950000762939453,26.100000381469727,25.899999618530273,26.0,19.735851287841797,69519834
2017-06-01,2800.HK,26.0,26.100000381469727,25.899999618530273,26.0,19.735851287841797,68398618
2017-06-02,2800.HK,26.100000381469727,26.25,26.100000381469727,26.25,19.92561912536621,103048374
2017-06-05,2800.HK,26.25,26.299999237060547,26.100000381469727,26.200000762939453,19.887662887573242,109319314
2017-06-06,2800.HK,26.100000381469727,26.350000381469727,26.100000381469727,26.299999237060547,19.963571548461914,75312571
2017-06-07,2800.HK,26.299999237060547,26.399999618530273,26.200000762939453,26.299999237060547,19.963571548461914,77661281
2017-06-08,2800.HK,26.299999237060547,26.450000762939453,26.25,26.399999618530273,20.039474487304688,58273602
2017-06-09,2800.HK,26.399999618530273,26.450000762939453,26.25,26.399999618530273,20.039474487304688,88537976
2017-06-12,2800.HK,26.299999237060547,26.350000381469727,26.049999237060547,26.149999618530273,19.84971046447754,83680024
2017-06-13,2800.HK,26.149999618530273,26.299999237060547,26.100000381469727,26.25,19.92561912536621,49137675
2017-06-14,2800.HK,26.25,26.25,26.049999237060547,26.25,19.92561912536621,93246217
2017-06-15,2800.HK,26.200000762939453,26.200000762939453,25.899999618530273,25.950000762939453,19.697895050048828,69742702
2017-06-16,2800.HK,26.0,26.100000381469727,25.950000762939453,26.0,19.735851287841797,62471969
2017-06-19,2800.HK,26.0,26.299999237060547,26.0,26.299999237060547,19.963571548461914,67558385
2017-06-20,2800.HK,26.299999237060547,26.399999618530273,26.149999618530273,26.200000762939453,19.887662887573242,55852454
2017-06-21,2800.HK,26.100000381469727,26.25,25.899999618530273,26.049999237060547,19.7738037109375,112943093
2017-06-22,2800.HK,26.100000381469727,26.299999237060547,26.049999237060547,26.149999618530273,19.84971046447754,67459914
2017-06-23,2800.HK,26.149999618530273,26.25,26.049999237060547,26.200000762939453,19.887662887573242,91653362
2017-06-26,2800.HK,26.100000381469727,26.350000381469727,26.100000381469727,26.299999237060547,19.963571548461914,62477948
2017-06-27,2800.HK,26.350000381469727,26.399999618530273,26.200000762939453,26.25,19.92561912536621,77038266
2017-06-28,2800.HK,26.200000762939453,26.25,26.049999237060547,26.200000762939453,19.887662887573242,53644102
2017-06-29,2800.HK,26.25,26.450000762939453,26.25,26.350000381469727,20.001523971557617,32533410
2017-06-30,2800.HK,26.149999618530273,26.299999237060547,26.100000381469727,26.25,19.92561912536621,71878895
2017-07-03,2800.HK,26.149999618530273,26.350000381469727,26.149999618530273,26.25,19.92561912536621,31188812
2017-07-04,2800.HK,26.299999237060547,26.350000381469727,25.799999237060547,26.0,19.735851287841797,60073259
2017-07-05,2800.HK,25.899999618530273,26.149999618530273,25.75,26.100000381469727,19.811758041381836,74896016
2017-07-06,2800.HK,26.149999618530273,26.200000762939453,26.049999237060547,26.149999618530273,19.84971046447754,62236297
2017-07-07,2800.HK,25.950000762939453,26.049999237060547,25.899999618530273,26.0,19.735851287841797,51507271
2017-07-10,2800.HK,26.0,26.25,25.950000762939453,26.149999618530273,19.84971046447754,52669050
2017-07-11,2800.HK,26.200000762939453,26.600000381469727,26.200000762939453,26.549999237060547,20.15334129333496,88494754
2017-07-12,2800.HK,26.549999237060547,26.799999237060547,26.549999237060547,26.700000762939453,20.267200469970703,38781831
2017-07-13,2800.HK,26.950000762939453,27.049999237060547,26.899999618530273,27.0,20.49492073059082,73955604
2017-07-14,2800.HK,27.049999237060547,27.100000381469727,26.950000762939453,27.049999237060547,20.532875061035156,36579922
2017-07-17,2800.HK,27.200000762939453,27.299999237060547,27.0,27.149999618530273,20.60878562927246,55073798
2017-07-18,2800.HK,27.100000381469727,27.200000762939453,27.049999237060547,27.149999618530273,20.60878562927246,62520374
2017-07-19,2800.HK,27.149999618530273,27.350000381469727,27.149999618530273,27.299999237060547,20.722644805908203,66040233
2017-07-20,2800.HK,27.399999618530273,27.450000762939453,27.299999237060547,27.350000381469727,20.760597229003906,42871659
2017-07-21,2800.HK,27.399999618530273,27.450000762939453,27.299999237060547,27.399999618530273,20.79854965209961,20459943
2017-07-24,2800.HK,27.350000381469727,27.549999237060547,27.350000381469727,27.549999237060547,20.91240882873535,72108172
2017-07-25,2800.HK,27.549999237060547,27.549999237060547,27.450000762939453,27.5,20.87445640563965,53904925
2017-07-26,2800.HK,27.549999237060547,27.649999618530273,27.450000762939453,27.600000381469727,20.95036506652832,45766746
2017-07-27,2800.HK,27.600000381469727,27.850000381469727,27.600000381469727,27.799999237060547,21.1021785736084,55518277
2017-07-28,2800.HK,27.700000762939453,27.700000762939453,27.600000381469727,27.649999618530273,20.988319396972656,34306109
2017-07-31,2800.HK,27.649999618530273,28.0,27.649999618530273,27.899999618530273,21.178085327148438,27891058
2017-08-01,2800.HK,28.0,28.25,27.950000762939453,28.200000762939453,21.405805587768555,49841747
2017-08-02,2800.HK,28.25,28.399999618530273,28.200000762939453,28.25,21.443761825561523,67905298
2017-08-03,2800.HK,28.149999618530273,28.299999237060547,28.100000381469727,28.25,21.443761825561523,36354213
2017-08-04,2800.HK,28.25,28.299999237060547,28.200000762939453,28.25,21.443761825561523,63531092
2017-08-07,2800.HK,28.299999237060547,28.450000762939453,28.299999237060547,28.350000381469727,21.519668579101562,38444693
2017-08-08,2800.HK,28.350000381469727,28.549999237060547,28.25,28.549999237060547,21.671483993530273,45442458
2017-08-09,2800.HK,28.450000762939453,28.549999237060547,28.25,28.450000762939453,21.59557342529297,40255760
2017-08-10,2800.HK,28.450000762939453,28.450000762939453,27.950000762939453,28.149999618530273,21.36785316467285,82341380
2017-08-11,2800.HK,27.75,27.899999618530273,27.549999237060547,27.649999618530273,20.988319396972656,106937639
2017-08-14,2800.HK,27.700000762939453,28.0,27.700000762939453,27.899999618530273,21.178085327148438,45376523
2017-08-15,2800.HK,28.0,28.100000381469727,27.850000381469727,27.850000381469727,21.1401309967041,50360870
2017-08-16,2800.HK,27.850000381469727,28.149999618530273,27.850000381469727,28.100000381469727,21.329904556274414,54347221
2017-08-17,2800.HK,28.200000762939453,28.299999237060547,27.950000762939453,28.049999237060547,21.291948318481445,39063479
2017-08-18,2800.HK,27.799999237060547,27.950000762939453,27.649999618530273,27.75,21.064224243164062,25915795
2017-08-21,2800.HK,27.75,27.950000762939453,27.75,27.899999618530273,21.178085327148438,21099955
2017-08-22,2800.HK,28.0,28.25,28.0,28.149999618530273,21.36785316467285,21326440
2017-08-23,2800.HK,28.149999618530273,28.149999618530273,28.149999618530273,28.149999618530273,21.36785316467285,0
2017-08-24,2800.HK,28.149999618530273,28.350000381469727,28.149999618530273,28.200000762939453,21.405805587768555,33181360
2017-08-25,2800.HK,28.200000762939453,28.600000381469727,28.149999618530273,28.549999237060547,21.671483993530273,31409978
2017-08-28,2800.HK,28.600000381469727,28.799999237060547,28.5,28.649999618530273,21.74738883972168,17863047
2017-08-29,2800.HK,28.5,28.600000381469727,28.399999618530273,28.5,21.633529663085938,52203203
2017-08-30,2800.HK,28.549999237060547,28.899999618530273,28.549999237060547,28.850000381469727,21.89920425415039,25447121
2017-08-31,2800.HK,28.850000381469727,28.850000381469727,28.700000762939453,28.75,21.823301315307617,22870015
2017-09-01,2800.HK,28.799999237060547,28.950000762939453,28.700000762939453,28.75,21.823301315307617,19969886
2017-09-04,2800.HK,28.649999618530273,28.75,28.450000762939453,28.600000381469727,21.709434509277344,44058920
2017-09-05,2800.HK,28.600000381469727,28.700000762939453,28.549999237060547,28.600000381469727,21.709434509277344,29798262
2017-09-06,2800.HK,28.5,28.549999237060547,28.25,28.450000762939453,21.59557342529297,33338989
2017-09-07,2800.HK,28.600000381469727,28.700000762939453,28.299999237060547,28.399999618530273,21.5576229095459,25967135
2017-09-08,2800.HK,28.399999618530273,28.549999237060547,28.399999618530273,28.549999237060547,21.671483993530273,27038466
2017-09-11,2800.HK,28.600000381469727,28.899999618530273,28.600000381469727,28.850000381469727,21.89920425415039,32609621
2017-09-12,2800.HK,28.899999618530273,28.950000762939453,28.75,28.850000381469727,21.89920425415039,21077910
2017-09-13,2800.HK,28.850000381469727,28.850000381469727,28.600000381469727,28.75,21.823301315307617,18348759
2017-09-14,2800.HK,28.700000762939453,28.75,28.549999237060547,28.700000762939453,21.78534698486328,24967935
2017-09-15,2800.HK,28.649999618530273,28.799999237060547,28.350000381469727,28.700000762939453,21.78534698486328,41347325
2017-09-18,2800.HK,28.75,29.049999237060547,28.75,29.0,22.013063430786133,38822888
2017-09-19,2800.HK,29.0,29.100000381469727,28.899999618530273,28.950000762939453,21.975107192993164,8465531
2017-09-20,2800.HK,28.950000762939453,29.0,28.850000381469727,29.0,22.013063430786133,5168089
2017-09-21,2800.HK,29.0,29.049999237060547,28.899999618530273,29.0,22.013063430786133,14030715
2017-09-22,2800.HK,28.850000381469727,28.850000381469727,28.700000762939453,28.75,21.823301315307617,28689827
2017-09-25,2800.HK,28.75,28.75,28.350000381469727,28.450000762939453,21.59557342529297,39796933
2017-09-26,2800.HK,28.25,28.5,28.200000762939453,28.5,21.633529663085938,32825809
2017-09-27,2800.HK,28.399999618530273,28.600000381469727,28.399999618530273,28.600000381469727,21.709434509277344,28484299
2017-09-28,2800.HK,28.549999237060547,28.549999237060547,28.299999237060547,28.299999237060547,21.481714248657227,11718415
2017-09-29,2800.HK,28.350000381469727,28.5,28.25,28.399999618530273,21.5576229095459,24219321
2017-10-03,2800.HK,28.600000381469727,29.100000381469727,28.600000381469727,29.049999237060547,22.0510196685791,57172938
2017-10-04,2800.HK,29.149999618530273,29.450000762939453,29.149999618530273,29.25,22.202829360961914,20538286
2017-10-06,2800.HK,29.450000762939453,29.549999237060547,29.299999237060547,29.350000381469727,22.278745651245117,24867265
2017-10-09,2800.HK,29.350000381469727,29.399999618530273,29.149999618530273,29.25,22.202829360961914,35210320
2017-10-10,2800.HK,29.25,29.399999618530273,29.200000762939453,29.399999618530273,22.316692352294922,22031757
2017-10-11,2800.HK,29.5,29.549999237060547,29.200000762939453,29.25,22.202829360961914,27103487
2017-10-12,2800.HK,29.350000381469727,29.5,29.299999237060547,29.399999618530273,22.316692352294922,31186795
2017-10-13,2800.HK,29.399999618530273,29.450000762939453,29.299999237060547,29.399999618530273,22.316692352294922,31955612
2017-10-16,2800.HK,29.5,29.75,29.5,29.600000381469727,22.468509674072266,29436057
2017-10-17,2800.HK,29.700000762939453,29.700000762939453,29.549999237060547,29.649999618530273,22.506460189819336,25877513
2017-10-18,2800.HK,29.600000381469727,29.649999618530273,29.549999237060547,29.649999618530273,22.506460189819336,15560777
2017-10-19,2800.HK,29.649999618530273,29.75,29.0,29.149999618530273,22.126922607421875,44461114
2017-10-20,2800.HK,29.350000381469727,29.5,29.25,29.450000762939453,22.354646682739258,57082765
2017-10-23,2800.HK,29.5,29.5,29.149999618530273,29.25,22.202829360961914,51245177
2017-10-24,2800.HK,29.200000762939453,29.299999237060547,29.0,29.149999618530273,22.126922607421875,45003409
2017-10-25,2800.HK,29.149999618530273,29.299999237060547,29.100000381469727,29.25,22.202829360961914,35911871
2017-10-26,2800.HK,29.149999618530273,29.25,29.049999237060547,29.149999618530273,22.126922607421875,41698341
2017-10-27,2800.HK,29.25,29.450000762939453,29.25,29.350000381469727,22.278745651245117,40539268
2017-10-30,2800.HK,29.5,29.600000381469727,29.25,29.299999237060547,22.24078369140625,44684466
2017-10-31,2800.HK,28.5,28.549999237060547,28.299999237060547,28.450000762939453,22.186193466186523,21227110
2017-11-01,2800.HK,28.5,28.799999237060547,28.5,28.75,22.420150756835938,38044301
2017-11-02,2800.HK,28.75,28.799999237060547,28.600000381469727,28.649999618530273,22.342164993286133,40367785
2017-11-03,2800.HK,28.700000762939453,28.799999237060547,28.700000762939453,28.799999237060547,22.459136962890625,12737658
2017-11-06,2800.HK,28.799999237060547,28.850000381469727,28.25,28.799999237060547,22.459136962890625,68556514
2017-11-07,2800.HK,28.850000381469727,29.200000762939453,28.850000381469727,29.200000762939453,22.771074295043945,37960691
2017-11-08,2800.HK,29.149999618530273,29.299999237060547,29.049999237060547,29.149999618530273,22.732072830200195,49188654
2017-11-09,2800.HK,29.200000762939453,29.350000381469727,29.100000381469727,29.299999237060547,22.84905433654785,53596061
2017-11-10,2800.HK,29.200000762939453,29.350000381469727,29.200000762939453,29.350000381469727,22.888050079345703,37621748
2017-11-13,2800.HK,29.299999237060547,29.399999618530273,29.299999237060547,29.399999618530273,22.92703628540039,34388131
2017-11-14,2800.HK,29.350000381469727,29.450000762939453,29.299999237060547,29.399999618530273,22.92703628540039,46025199
2017-11-15,2800.HK,29.350000381469727,29.350000381469727,29.049999237060547,29.100000381469727,22.693086624145508,66458235
2017-11-16,2800.HK,29.200000762939453,29.25,29.049999237060547,29.200000762939453,22.771074295043945,29574061
2017-11-17,2800.HK,29.399999618530273,29.5,29.299999237060547,29.350000381469727,22.888050079345703,11226153
2017-11-20,2800.HK,29.399999618530273,29.450000762939453,29.25,29.350000381469727,22.888050079345703,13845985
2017-11-21,2800.HK,29.5,30.0,29.450000762939453,29.950000762939453,23.35594367980957,29964506
2017-11-22,2800.HK,30.200000762939453,30.399999618530273,30.100000381469727,30.25,23.589893341064453,25243730
2017-11-23,2800.HK,30.25,30.350000381469727,29.799999237060547,29.899999618530273,23.316953659057617,13775239
2017-11-24,2800.HK,29.950000762939453,30.149999618530273,29.899999618530273,30.049999237060547,23.433927536010742,36494919
2017-11-27,2800.HK,30.049999237060547,30.049999237060547,29.850000381469727,29.899999618530273,23.316953659057617,34294159
2017-11-28,2800.HK,29.899999618530273,29.899999618530273,29.549999237060547,29.850000381469727,23.277965545654297,45356252
2017-11-29,2800.HK,30.0,30.049999237060547,29.75,29.850000381469727,23.277965545654297,45722278
2017-11-30,2800.HK,29.700000762939453,29.700000762939453,29.299999237060547,29.450000762939453,22.96603012084961,34617494
2017-12-01,2800.HK,29.450000762939453,29.549999237060547,29.200000762939453,29.299999237060547,22.84905433654785,49539368
2017-12-04,2800.HK,29.200000762939453,29.5,28.950000762939453,29.350000381469727,22.888050079345703,47962279
2017-12-05,2800.HK,29.100000381469727,29.299999237060547,29.0,29.049999237060547,22.65409278869629,15762191
2017-12-06,2800.HK,29.049999237060547,29.100000381469727,28.350000381469727,28.399999618530273,22.147205352783203,94199671
2017-12-07,2800.HK,28.450000762939453,28.649999618530273,28.299999237060547,28.5,22.225191116333008,42545222
2017-12-08,2800.HK,28.549999237060547,28.899999618530273,28.450000762939453,28.850000381469727,22.498130798339844,68260059
2017-12-11,2800.HK,28.799999237060547,29.149999618530273,28.799999237060547,29.149999618530273,22.732072830200195,38703433
2017-12-12,2800.HK,29.149999618530273,29.200000762939453,28.899999618530273,29.0,22.61510467529297,39971022
2017-12-13,2800.HK,28.950000762939453,29.5,28.950000762939453,29.450000762939453,22.96603012084961,50375724
2017-12-14,2800.HK,29.5,29.600000381469727,29.25,29.299999237060547,22.84905433654785,37047178
2017-12-15,2800.HK,29.299999237060547,29.299999237060547,28.899999618530273,29.049999237060547,22.65409278869629,71183384
2017-12-18,2800.HK,29.049999237060547,29.350000381469727,29.0,29.25,22.810062408447266,37529660
2017-12-19,2800.HK,29.299999237060547,29.549999237060547,29.299999237060547,29.399999618530273,22.92703628540039,45808057
2017-12-20,2800.HK,29.299999237060547,29.5,29.299999237060547,29.450000762939453,22.96603012084961,35051400
2017-12-21,2800.HK,29.299999237060547,29.649999618530273,29.299999237060547,29.549999237060547,23.04401206970215,65152839
2017-12-22,2800.HK,29.649999618530273,29.799999237060547,29.600000381469727,29.700000762939453,23.160985946655273,27021768
2017-12-27,2800.HK,29.799999237060547,29.899999618530273,29.700000762939453,29.799999237060547,23.238967895507812,10739594
2017-12-28,2800.HK,29.850000381469727,30.100000381469727,29.850000381469727,30.049999237060547,23.433927536010742,21982618
2017-12-29,2800.HK,30.0,30.149999618530273,30.0,30.049999237060547,23.433927536010742,13832055
2018-01-02,2800.HK,30.100000381469727,30.700000762939453,30.100000381469727,30.649999618530273,23.901826858520508,46559354
2018-01-03,2800.HK,30.75,30.899999618530273,30.649999618530273,30.700000762939453,23.940814971923828,52440043
2018-01-04,2800.HK,30.850000381469727,31.0,30.75,30.899999618530273,24.096784591674805,54989937
2018-01-05,2800.HK,31.0,31.100000381469727,30.850000381469727,30.950000762939453,24.135774612426758,48615208
2018-01-08,2800.HK,31.049999237060547,31.100000381469727,30.899999618530273,31.049999237060547,24.213756561279297,66816495
2018-01-09,2800.HK,31.149999618530273,31.25,31.0,31.200000762939453,24.33073616027832,51882597
2018-01-10,2800.HK,31.200000762939453,31.450000762939453,31.149999618530273,31.25,24.36972427368164,49200373
2018-01-11,2800.HK,31.25,31.350000381469727,31.149999618530273,31.25,24.36972427368164,35295272
2018-01-12,2800.HK,31.5,31.600000381469727,31.399999618530273,31.5,24.564680099487305,27651562
2018-01-15,2800.HK,31.75,31.950000762939453,31.5,31.549999237060547,24.603675842285156,40728816
2018-01-16,2800.HK,31.549999237060547,32.099998474121094,31.549999237060547,32.04999923706055,24.993589401245117,52376002
2018-01-17,2800.HK,31.950000762939453,32.150001525878906,31.850000381469727,32.099998474121094,25.03258514404297,45588537
2018-01-18,2800.HK,32.349998474121094,32.400001525878906,32.04999923706055,32.29999923706055,25.188549041748047,43298683
2018-01-19,2800.HK,32.20000076293945,32.400001525878906,32.20000076293945,32.400001525878906,25.26652717590332,26346625
2018-01-22,2800.HK,32.5,32.599998474121094,32.20000076293945,32.5,25.344514846801758,64814114
2018-01-23,2800.HK,32.70000076293945,33.150001525878906,32.70000076293945,33.099998474121094,25.812410354614258,75965367
2018-01-24,2800.HK,33.04999923706055,33.25,32.95000076293945,33.150001525878906,25.851408004760742,32914313
2018-01-25,2800.HK,33.20000076293945,33.25,32.849998474121094,32.900001525878906,25.65644645690918,33540703
2018-01-26,2800.HK,33.0,33.45000076293945,33.0,33.349998474121094,26.007366180419922,61051111
2018-01-29,2800.HK,33.5,33.75,33.150001525878906,33.150001525878906,25.851408004760742,52002540
2018-01-30,2800.HK,32.95000076293945,33.25,32.70000076293945,32.849998474121094,25.617450714111328,88758168
2018-01-31,2800.HK,32.54999923706055,33.150001525878906,32.54999923706055,33.099998474121094,25.812410354614258,91977355
2018-02-01,2800.HK,33.04999923706055,33.25,32.849998474121094,32.849998474121094,25.617450714111328,19805785
2018-02-02,2800.HK,32.75,33.0,32.5,32.79999923706055,25.57846450805664,44663023
2018-02-05,2800.HK,31.950000762939453,32.599998474121094,31.950000762939453,32.400001525878906,25.26652717590332,57995620
2018-02-06,2800.HK,31.200000762939453,31.450000762939453,30.75,30.850000381469727,24.05779266357422,127551482
2018-02-07,2800.HK,31.5,31.649999618530273,30.450000762939453,30.450000762939453,23.74585723876953,75200050
2018-02-08,2800.HK,30.700000762939453,30.899999618530273,30.399999618530273,30.600000381469727,23.862836837768555,40970585
2018-02-09,2800.HK,29.950000762939453,29.950000762939453,29.350000381469727,29.649999618530273,23.121994018554688,59792893
2018-02-12,2800.HK,29.850000381469727,30.0,29.649999618530273,29.649999618530273,23.121994018554688,32231898
2018-02-13,2800.HK,30.0,30.350000381469727,29.950000762939453,30.100000381469727,23.47292137145996,46140170
2018-02-14,2800.HK,30.200000762939453,30.850000381469727,30.149999618530273,30.700000762939453,23.940814971923828,26672821
2018-02-15,2800.HK,31.0,31.350000381469727,31.0,31.25,24.36972427368164,14758784
2018-02-20,2800.HK,31.25,31.549999237060547,30.899999618530273,31.049999237060547,24.213756561279297,41325408
2018-02-21,2800.HK,31.100000381469727,31.700000762939453,31.100000381469727,31.649999618530273,24.681657791137695,38760906
2018-02-22,2800.HK,31.450000762939453,31.450000762939453,31.200000762939453,31.200000762939453,24.33073616027832,17562205
2018-02-23,2800.HK,31.549999237060547,31.649999618530273,31.399999618530273,31.5,24.564680099487305,46697507
2018-02-26,2800.HK,31.700000762939453,31.850000381469727,31.549999237060547,31.799999237060547,24.79863166809082,28906529
2018-02-27,2800.HK,32.0,32.099998474121094,31.399999618530273,31.549999237060547,24.603675842285156,33354886
2018-02-28,2800.HK,31.200000762939453,31.350000381469727,30.950000762939453,31.100000381469727,24.252750396728516,42720665
2018-03-01,2800.HK,30.799999237060547,31.350000381469727,30.649999618530273,31.299999237060547,24.408716201782227,18758817
2018-03-02,2800.HK,30.950000762939453,30.950000762939453,30.75,30.899999618530273,24.096784591674805,38867932
2018-03-05,2800.HK,30.700000762939453,30.950000762939453,30.100000381469727,30.200000762939453,23.550901412963867,58585844
2018-03-06,2800.HK,30.649999618530273,30.899999618530273,30.399999618530273,30.799999237060547,24.018800735473633,50727076
2018-03-07,2800.HK,30.450000762939453,30.899999618530273,30.350000381469727,30.5,23.78485107421875,48762654
2018-03-08,2800.HK,30.75,31.049999237060547,30.700000762939453,31.0,24.17476463317871,35415450
2018-03-09,2800.HK,31.200000762939453,31.350000381469727,31.149999618530273,31.299999237060547,24.408716201782227,53307178
2018-03-12,2800.HK,31.799999237060547,31.950000762939453,31.700000762939453,31.850000381469727,24.837621688842773,19166922
2018-03-13,2800.HK,31.850000381469727,32.0,31.799999237060547,31.899999618530273,24.87661361694336,21880880
2018-03-14,2800.HK,31.600000381469727,31.799999237060547,31.450000762939453,31.799999237060547,24.79863166809082,32366152
2018-03-15,2800.HK,31.5,31.950000762939453,31.350000381469727,31.850000381469727,24.837621688842773,16714392
2018-03-16,2800.HK,31.799999237060547,31.899999618530273,31.600000381469727,31.799999237060547,24.79863166809082,21741746
2018-03-19,2800.HK,31.799999237060547,32.0,31.5,31.850000381469727,24.837621688842773,38171863
2018-03-20,2800.HK,31.600000381469727,31.899999618530273,31.450000762939453,31.899999618530273,24.87661361694336,29435475
2018-03-21,2800.HK,32.0,32.349998474121094,31.649999618530273,31.700000762939453,24.720645904541016,23039992
2018-03-22,2800.HK,31.850000381469727,32.0,31.299999237060547,31.399999618530273,24.4867000579834,21056707
2018-03-23,2800.HK,30.200000762939453,30.649999618530273,30.200000762939453,30.549999237060547,23.82384490966797,65122840
2018-03-26,2800.HK,30.5,30.899999618530273,30.25,30.899999618530273,24.096784591674805,53318098
2018-03-27,2800.HK,31.25,31.299999237060547,31.049999237060547,31.100000381469727,24.252750396728516,28238379
2018-03-28,2800.HK,31.100000381469727,31.100000381469727,30.299999237060547,30.350000381469727,23.667879104614258,21777028
2018-03-29,2800.HK,30.450000762939453,30.549999237060547,30.100000381469727,30.399999618530273,23.706867218017578,18121038
2018-04-03,2800.HK,30.200000762939453,30.649999618530273,30.100000381469727,30.549999237060547,23.82384490966797,27962097
2018-04-04,2800.HK,30.600000381469727,30.649999618530273,29.75,29.75,23.19997787475586,31304976
2018-04-06,2800.HK,30.0,30.350000381469727,29.899999618530273,30.100000381469727,23.47292137145996,46989359
2018-04-09,2800.HK,30.399999618530273,30.899999618530273,30.25,30.600000381469727,23.862836837768555,43085634
2018-04-10,2800.HK,30.549999237060547,31.149999618530273,30.5,31.049999237060547,24.213756561279297,25432664
2018-04-11,2800.HK,31.100000381469727,31.350000381469727,31.049999237060547,31.25,24.36972427368164,27557981
2018-04-12,2800.HK,31.399999618530273,31.450000762939453,30.950000762939453,31.200000762939453,24.33073616027832,21109234
2018-04-13,2800.HK,31.299999237060547,31.399999618530273,31.049999237060547,31.149999618530273,24.29174041748047,34519410
2018-04-16,2800.HK,31.149999618530273,31.200000762939453,30.5,30.600000381469727,23.862836837768555,26781837
2018-04-17,2800.HK,30.700000762939453,30.850000381469727,30.299999237060547,30.350000381469727,23.667879104614258,25302991
2018-04-18,2800.HK,30.75,30.799999237060547,30.299999237060547,30.649999618530273,23.901826858520508,27272872
2018-04-19,2800.HK,30.799999237060547,31.100000381469727,30.799999237060547,31.100000381469727,24.252750396728516,21355053
2018-04-20,2800.HK,31.0,31.200000762939453,30.649999618530273,30.700000762939453,23.940814971923828,14061929
2018-04-23,2800.HK,30.649999618530273,30.799999237060547,30.5,30.549999237060547,23.82384490966797,29557816
2018-04-24,2800.HK,30.649999618530273,31.049999237060547,30.600000381469727,30.950000762939453,24.135774612426758,24016171
2018-04-25,2800.HK,30.75,30.799999237060547,30.549999237060547,30.649999618530273,23.901826858520508,12396065
2018-04-26,2800.HK,30.700000762939453,30.75,30.200000762939453,30.350000381469727,23.667879104614258,33039003
2018-04-27,2800.HK,30.399999618530273,30.5,30.200000762939453,30.399999618530273,23.832509994506836,10546646
2018-04-30,2800.HK,30.5,31.100000381469727,30.5,31.049999237060547,24.342084884643555,18577585
2018-05-02,2800.HK,30.899999618530273,31.0,30.75,30.850000381469727,24.185293197631836,23424478
2018-05-03,2800.HK,30.649999618530273,30.649999618530273,30.25,30.450000762939453,23.871706008911133,28370444
2018-05-04,2800.HK,30.450000762939453,30.5,30.0,30.100000381469727,23.597322463989258,34000669
2018-05-07,2800.HK,30.25,30.350000381469727,29.950000762939453,30.200000762939453,23.675716400146484,29914659
2018-05-08,2800.HK,30.200000762939453,30.649999618530273,30.200000762939453,30.649999618530273,24.028501510620117,32614462
2018-05-09,2800.HK,30.549999237060547,30.799999237060547,30.5,30.75,24.10689926147461,23385415
2018-05-10,2800.HK,30.899999618530273,31.049999237060547,30.899999618530273,31.0,24.302886962890625,19681763
2018-05-11,2800.HK,31.25,31.5,31.200000762939453,31.299999237060547,24.538076400756836,53215176
2018-05-14,2800.HK,31.649999618530273,31.850000381469727,31.649999618530273,31.75,24.8908634185791,13573161
2018-05-15,2800.HK,31.75,31.799999237060547,31.399999618530273,31.450000762939453,24.65567398071289,15518986
2018-05-16,2800.HK,31.299999237060547,31.450000762939453,31.0,31.350000381469727,24.577274322509766,33330892
2018-05-17,2800.HK,31.649999618530273,31.649999618530273,31.200000762939453,31.25,24.49888038635254,14247502
2018-05-18,2800.HK,31.299999237060547,31.450000762939453,31.200000762939453,31.350000381469727,24.577274322509766,33824807
2018-05-21,2800.HK,31.649999618530273,31.799999237060547,31.5,31.600000381469727,24.77326774597168,17456502
2018-05-23,2800.HK,31.450000762939453,31.450000762939453,31.0,31.0,24.302886962890625,17692129
2018-05-24,2800.HK,31.049999237060547,31.149999618530273,30.899999618530273,31.100000381469727,24.381284713745117,16795196
2018-05-25,2800.HK,31.100000381469727,31.149999618530273,30.899999618530273,31.049999237060547,24.342084884643555,26487440
2018-05-28,2800.HK,31.100000381469727,31.25,30.899999618530273,31.200000762939453,24.45968246459961,13590401
2018-05-29,2800.HK,30.950000762939453,31.049999237060547,30.799999237060547,30.899999618530273,24.224491119384766,18599659
2018-05-30,2800.HK,30.600000381469727,30.600000381469727,30.299999237060547,30.399999618530273,23.832509994506836,26741374
2018-05-31,2800.HK,30.549999237060547,30.950000762939453,30.5,30.950000762939453,24.263689041137695,29689767
2018-06-01,2800.HK,30.899999618530273,31.0,30.799999237060547,30.950000762939453,24.263689041137695,14308680
2018-06-04,2800.HK,31.200000762939453,31.450000762939453,31.149999618530273,31.399999618530273,24.61647605895996,12518062
2018-06-05,2800.HK,31.350000381469727,31.649999618530273,31.299999237060547,31.5,24.694869995117188,16806651
2018-06-06,2800.HK,31.5,31.799999237060547,31.5,31.700000762939453,24.851661682128906,22993630
2018-06-07,2800.HK,31.899999618530273,32.04999923706055,31.850000381469727,31.950000762939453,25.047657012939453,40929963
2018-06-08,2800.HK,31.950000762939453,31.950000762939453,31.299999237060547,31.350000381469727,24.577274322509766,73818023
2018-06-11,2800.HK,31.350000381469727,31.600000381469727,31.299999237060547,31.549999237060547,24.734067916870117,22359616
2018-06-12,2800.HK,31.5,31.700000762939453,31.350000381469727,31.600000381469727,24.77326774597168,8261719
2018-06-13,2800.HK,31.600000381469727,31.600000381469727,31.100000381469727,31.200000762939453,24.45968246459961,12378484
2018-06-14,2800.HK,31.200000762939453,31.25,30.75,30.950000762939453,24.263689041137695,26703231
2018-06-15,2800.HK,30.799999237060547,31.0,30.700000762939453,30.75,24.10689926147461,74894967
2018-06-19,2800.HK,30.399999618530273,30.450000762939453,29.75,30.0,23.518924713134766,74766797
2018-06-20,2800.HK,30.0,30.450000762939453,29.850000381469727,30.25,23.714914321899414,69265984
2018-06-21,2800.HK,30.25,30.350000381469727,29.700000762939453,29.75,23.322933197021484,36466670
2018-06-22,2800.HK,29.700000762939453,29.950000762939453,29.549999237060547,29.850000381469727,23.40133285522461,49098972
2018-06-25,2800.HK,29.850000381469727,29.899999618530273,29.350000381469727,29.5,23.126941680908203,57382623
2018-06-26,2800.HK,29.450000762939453,29.549999237060547,28.950000762939453,29.399999618530273,23.04854393005371,75067202
2018-06-27,2800.HK,29.450000762939453,29.450000762939453,28.75,28.850000381469727,22.61736297607422,52727703
2018-06-28,2800.HK,28.850000381469727,29.100000381469727,28.649999618530273,29.0,22.734962463378906,49425387
2018-06-29,2800.HK,29.0,29.5,29.0,29.450000762939453,23.087745666503906,37786918
2018-07-03,2800.HK,29.100000381469727,29.100000381469727,28.450000762939453,29.100000381469727,22.8133544921875,127885876
2018-07-04,2800.HK,28.950000762939453,29.100000381469727,28.600000381469727,28.75,22.538972854614258,51023460
2018-07-05,2800.HK,28.75,28.950000762939453,28.399999618530273,28.799999237060547,22.578166961669922,55733041
2018-07-06,2800.HK,28.899999618530273,29.149999618530273,28.5,28.899999618530273,22.65656280517578,54747664
2018-07-09,2800.HK,29.299999237060547,29.549999237060547,29.25,29.450000762939453,23.087745666503906,33654997
2018-07-10,2800.HK,29.600000381469727,29.700000762939453,29.399999618530273,29.399999618530273,23.04854393005371,19363754
2018-07-11,2800.HK,28.799999237060547,29.049999237060547,28.700000762939453,29.0,22.734962463378906,29132237
2018-07-12,2800.HK,28.850000381469727,29.350000381469727,28.850000381469727,29.200000762939453,22.891756057739258,31528970
2018-07-13,2800.HK,29.450000762939453,29.450000762939453,29.200000762939453,29.25,22.930952072143555,29301875
2018-07-16,2800.HK,29.350000381469727,29.399999618530273,29.0,29.25,22.930952072143555,30439288
2018-07-17,2800.HK,29.149999618530273,29.200000762939453,28.799999237060547,28.950000762939453,22.695762634277344,20609440
2018-07-18,2800.HK,29.0,29.100000381469727,28.700000762939453,28.799999237060547,22.578166961669922,25275539
2018-07-19,2800.HK,28.899999618530273,29.0,28.649999618530273,28.700000762939453,22.499774932861328,23540047
2018-07-20,2800.HK,28.75,29.049999237060547,28.450000762939453,28.950000762939453,22.695762634277344,39789099
2018-07-23,2800.HK,29.0,29.100000381469727,28.799999237060547,29.0,22.734962463378906,26254434
2018-07-24,2800.HK,29.0,29.450000762939453,29.0,29.399999618530273,23.04854393005371,27599821
2018-07-25,2800.HK,29.549999237060547,29.700000762939453,29.450000762939453,29.700000762939453,23.283735275268555,32040262
2018-07-26,2800.HK,29.799999237060547,29.799999237060547,29.350000381469727,29.450000762939453,23.087745666503906,20093833
2018-07-27,2800.HK,29.450000762939453,29.600000381469727,29.299999237060547,29.450000762939453,23.087745666503906,15979465
2018-07-30,2800.HK,29.350000381469727,29.600000381469727,29.25,29.399999618530273,23.04854393005371,9693197
2018-07-31,2800.HK,29.399999618530273,29.450000762939453,29.25,29.299999237060547,22.970149993896484,18652240
2018-08-01,2800.HK,29.450000762939453,29.5,28.950000762939453,29.0,22.734962463378906,33151972
2018-08-02,2800.HK,28.899999618530273,28.950000762939453,28.299999237060547,28.399999618530273,22.26457977294922,42612518
2018-08-03,2800.HK,28.5,28.5,28.299999237060547,28.350000381469727,22.22538185119629,23309565
2018-08-06,2800.HK,28.549999237060547,28.799999237060547,28.450000762939453,28.549999237060547,22.382177352905273,40723378
2018-08-07,2800.HK,28.600000381469727,29.0,28.600000381469727,28.950000762939453,22.695762634277344,24903270
2018-08-08,2800.HK,29.100000381469727,29.149999618530273,28.950000762939453,29.049999237060547,22.774154663085938,17444081
2018-08-09,2800.HK,29.0,29.5,28.899999618530273,29.299999237060547,22.970149993896484,32699746
2018-08-10,2800.HK,29.200000762939453,29.399999618530273,28.950000762939453,29.0,22.734962463378906,39406551
2018-08-13,2800.HK,28.75,28.850000381469727,28.5,28.649999618530273,22.460573196411133,36061490
2018-08-14,2800.HK,28.700000762939453,28.700000762939453,28.25,28.5,22.342979431152344,33529674
2018-08-15,2800.HK,28.5,28.5,27.950000762939453,28.0,21.95099639892578,33717225
2018-08-16,2800.HK,27.700000762939453,28.200000762939453,27.649999618530273,27.899999618530273,21.872600555419922,57313611
2018-08-17,2800.HK,28.100000381469727,28.149999618530273,27.799999237060547,27.950000762939453,21.911800384521484,47682830
2018-08-20,2800.HK,27.950000762939453,28.399999618530273,27.950000762939453,28.350000381469727,22.22538185119629,37677927
2018-08-21,2800.HK,28.350000381469727,28.549999237060547,28.25,28.5,22.342979431152344,41901056
2018-08-22,2800.HK,28.549999237060547,28.75,28.299999237060547,28.649999618530273,22.460573196411133,32419579
2018-08-23,2800.HK,28.75,28.799999237060547,28.399999618530273,28.450000762939453,22.303775787353516,16944229
2018-08-24,2800.HK,28.350000381469727,28.600000381469727,28.25,28.399999618530273,22.26457977294922,33373902
2018-08-27,2800.HK,28.700000762939453,29.100000381469727,28.700000762939453,29.049999237060547,22.774154663085938,27677424
2018-08-28,2800.HK,29.299999237060547,29.350000381469727,29.0,29.149999618530273,22.852550506591797,32946545
2018-08-29,2800.HK,29.149999618530273,29.299999237060547,29.100000381469727,29.200000762939453,22.891756057739258,38020384
2018-08-30,2800.HK,29.350000381469727,29.350000381469727,28.950000762939453,28.950000762939453,22.695762634277344,18759017
2018-08-31,2800.HK,28.700000762939453,28.799999237060547,28.549999237060547,28.649999618530273,22.460573196411133,18186125
2018-09-03,2800.HK,28.549999237060547,28.649999618530273,28.399999618530273,28.549999237060547,22.382177352905273,16668435
2018-09-04,2800.HK,28.5,28.850000381469727,28.350000381469727,28.850000381469727,22.61736297607422,27221499
2018-09-05,2800.HK,28.700000762939453,28.75,28.0,28.049999237060547,21.990192413330078,17687587
2018-09-06,2800.HK,28.0,28.149999618530273,27.649999618530273,27.899999618530273,21.872600555419922,64871578
2018-09-07,2800.HK,27.75,28.100000381469727,27.5,27.799999237060547,21.794200897216797,46308835
2018-09-10,2800.HK,27.799999237060547,27.799999237060547,27.25,27.549999237060547,21.59821128845215,60239653
2018-09-11,2800.HK,27.549999237060547,27.549999237060547,27.25,27.299999237060547,21.4022216796875,58487241
2018-09-12,2800.HK,27.299999237060547,27.350000381469727,27.100000381469727,27.299999237060547,21.4022216796875,52090318
2018-09-13,2800.HK,27.649999618530273,27.899999618530273,27.5,27.899999618530273,21.872600555419922,66895740
2018-09-14,2800.HK,28.100000381469727,28.25,27.899999618530273,28.149999618530273,22.068593978881836,27859212
2018-09-17,2800.HK,27.950000762939453,27.950000762939453,27.600000381469727,27.799999237060547,21.794200897216797,25553112
2018-09-18,2800.HK,27.649999618530273,28.100000381469727,27.5,27.950000762939453,21.911800384521484,47387470
2018-09-19,2800.HK,28.100000381469727,28.450000762939453,27.950000762939453,28.25,22.146989822387695,23592408
2018-09-20,2800.HK,28.450000762939453,28.549999237060547,28.200000762939453,28.350000381469727,22.22538185119629,30929885
2018-09-21,2800.HK,28.549999237060547,28.899999618530273,28.450000762939453,28.850000381469727,22.61736297607422,30086529
2018-09-24,2800.HK,28.700000762939453,28.700000762939453,28.299999237060547,28.350000381469727,22.22538185119629,19311933
2018-09-26,2800.HK,28.5,28.950000762939453,28.5,28.700000762939453,22.499774932861328,60717513
2018-09-27,2800.HK,28.700000762939453,28.899999618530273,28.549999237060547,28.600000381469727,22.42137336730957,22237506
2018-09-28,2800.HK,28.700000762939453,28.850000381469727,28.549999237060547,28.649999618530273,22.460573196411133,15401563
2018-10-02,2800.HK,28.700000762939453,28.700000762939453,27.899999618530273,28.0,21.95099639892578,40245736
2018-10-03,2800.HK,28.0,28.200000762939453,27.850000381469727,27.950000762939453,21.911800384521484,17791324
2018-10-04,2800.HK,27.850000381469727,27.850000381469727,27.450000762939453,27.549999237060547,21.59821128845215,50821476
2018-10-05,2800.HK,27.5,27.600000381469727,27.299999237060547,27.5,21.55901336669922,56076873
2018-10-08,2800.HK,27.600000381469727,27.649999618530273,27.049999237060547,27.149999618530273,21.28462791442871,22045948
2018-10-09,2800.HK,27.200000762939453,27.299999237060547,26.950000762939453,27.100000381469727,21.24542999267578,68161159
2018-10-10,2800.HK,27.25,27.450000762939453,27.100000381469727,27.149999618530273,21.28462791442871,38162063
2018-10-11,2800.HK,26.399999618530273,26.399999618530273,26.049999237060547,26.149999618530273,20.500661849975586,51547431
2018-10-12,2800.HK,26.350000381469727,26.75,26.200000762939453,26.700000762939453,20.931842803955078,55927242
2018-10-15,2800.HK,26.5,26.600000381469727,26.299999237060547,26.350000381469727,20.657451629638672,36366251
2018-10-16,2800.HK,26.399999618530273,26.649999618530273,26.149999618530273,26.399999618530273,20.696653366088867,41896981
2018-10-18,2800.HK,26.549999237060547,26.549999237060547,26.149999618530273,26.350000381469727,20.657451629638672,45646237
2018-10-19,2800.HK,26.149999618530273,26.700000762939453,26.049999237060547,26.5,20.775049209594727,34421788
2018-10-22,2800.HK,26.649999618530273,27.200000762939453,26.5,27.100000381469727,21.24542999267578,79521211
2018-10-23,2800.HK,27.0,27.0,26.25,26.299999237060547,20.61825942993164,57069044
2018-10-24,2800.HK,26.399999618530273,26.649999618530273,26.149999618530273,26.25,20.579057693481445,40800433
2018-10-25,2800.HK,26.0,26.0,25.600000381469727,26.0,20.383068084716797,87206397
2018-10-26,2800.HK,26.0,26.0,25.5,25.649999618530273,20.108678817749023,41468121
2018-10-29,2800.HK,25.850000381469727,25.899999618530273,25.600000381469727,25.799999237060547,20.226272583007812,109020673
2018-10-30,2800.HK,25.75,25.899999618530273,25.5,25.600000381469727,20.069480895996094,40959234
2018-10-31,2800.HK,25.100000381469727,25.149999618530273,24.850000381469727,25.049999237060547,20.263626098632812,33907533
2018-11-01,2800.HK,25.25,25.700000762939453,25.25,25.5,20.627643585205078,50251232
2018-11-02,2800.HK,26.0,26.700000762939453,26.0,26.600000381469727,21.5174617767334,69382374
2018-11-05,2800.HK,26.200000762939453,26.299999237060547,25.850000381469727,26.049999237060547,21.072551727294922,37975291
2018-11-06,2800.HK,26.149999618530273,26.350000381469727,26.0,26.25,21.234336853027344,20856923
2018-11-07,2800.HK,26.299999237060547,26.700000762939453,26.049999237060547,26.299999237060547,21.274784088134766,26627612
2018-11-08,2800.HK,26.450000762939453,26.700000762939453,26.299999237060547,26.399999618530273,21.35567283630371,21623897
2018-11-09,2800.HK,26.100000381469727,26.100000381469727,25.600000381469727,25.75,20.82987403869629,25376943
2018-11-12,2800.HK,25.799999237060547,25.950000762939453,25.700000762939453,25.799999237060547,20.870323181152344,40928763
2018-11-13,2800.HK,25.299999237060547,26.0,25.25,26.0,21.032106399536133,45718957
2018-11-14,2800.HK,26.0,26.049999237060547,25.600000381469727,25.850000381469727,20.9107666015625,14630420
2018-11-15,2800.HK,26.049999237060547,26.350000381469727,25.75,26.299999237060547,21.274784088134766,21185928
2018-11-16,2800.HK,26.299999237060547,26.399999618530273,26.0,26.299999237060547,21.274784088134766,21363911
2018-11-19,2800.HK,26.399999618530273,26.600000381469727,26.299999237060547,26.450000762939453,21.39612579345703,54388175
2018-11-20,2800.HK,26.200000762939453,26.299999237060547,25.899999618530273,26.049999237060547,21.072551727294922,20233506
2018-11-21,2800.HK,25.649999618530273,26.200000762939453,25.649999618530273,26.149999618530273,21.1534423828125,17531076
2018-11-22,2800.HK,26.299999237060547,26.299999237060547,26.049999237060547,26.200000762939453,21.19388771057129,5971054
2018-11-23,2800.HK,26.200000762939453,26.200000762939453,25.950000762939453,26.149999618530273,21.1534423828125,9910067
2018-11-26,2800.HK,26.25,26.649999618530273,26.25,26.549999237060547,21.477012634277344,55260927
2018-11-27,2800.HK,26.5,26.649999618530273,26.350000381469727,26.450000762939453,21.39612579345703,18987671
2018-11-28,2800.HK,26.5,26.899999618530273,26.5,26.799999237060547,21.67924690246582,15968179
2018-11-29,2800.HK,27.049999237060547,27.100000381469727,26.549999237060547,26.649999618530273,21.557907104492188,28267210
2018-11-30,2800.HK,26.799999237060547,26.899999618530273,26.600000381469727,26.700000762939453,21.59835433959961,15400878
2018-12-03,2800.HK,27.399999618530273,27.5,27.200000762939453,27.399999618530273,22.164602279663086,26530663
2018-12-04,2800.HK,27.350000381469727,27.450000762939453,27.200000762939453,27.450000762939453,22.20505142211914,37793365
2018-12-05,2800.HK,26.950000762939453,27.149999618530273,26.950000762939453,27.0,21.841028213500977,25859367
2018-12-06,2800.HK,26.649999618530273,26.649999618530273,26.149999618530273,26.350000381469727,21.315231323242188,50739152
2018-12-07,2800.HK,26.399999618530273,26.5,26.200000762939453,26.200000762939453,21.19388771057129,17307224
2018-12-10,2800.HK,25.950000762939453,26.049999237060547,25.700000762939453,26.0,21.032106399536133,32736794
2018-12-11,2800.HK,25.899999618530273,26.049999237060547,25.799999237060547,25.950000762939453,20.99165916442871,33501421
2018-12-12,2800.HK,26.299999237060547,26.5,26.200000762939453,26.5,21.436567306518555,36466322
2018-12-13,2800.HK,26.549999237060547,26.850000381469727,26.5,26.799999237060547,21.67924690246582,17674482
2018-12-14,2800.HK,26.549999237060547,26.549999237060547,26.200000762939453,26.299999237060547,21.274784088134766,19437243
2018-12-17,2800.HK,26.350000381469727,26.399999618530273,26.200000762939453,26.350000381469727,21.315231323242188,14451769
2018-12-18,2800.HK,26.149999618530273,26.399999618530273,25.850000381469727,26.0,21.032106399536133,25972375
2018-12-19,2800.HK,26.049999237060547,26.149999618530273,26.0,26.049999237060547,21.072551727294922,14318548
2018-12-20,2800.HK,25.950000762939453,26.049999237060547,25.549999237060547,25.850000381469727,20.9107666015625,18945946
2018-12-21,2800.HK,25.75,26.0,25.5,25.950000762939453,20.99165916442871,23380506
2018-12-24,2800.HK,25.950000762939453,25.950000762939453,25.950000762939453,25.950000762939453,20.99165916442871,0
2018-12-27,2800.HK,26.049999237060547,26.149999618530273,25.600000381469727,25.600000381469727,20.70853614807129,20125814
2018-12-28,2800.HK,25.649999618530273,25.799999237060547,25.600000381469727,25.649999618530273,20.748979568481445,7255484
2018-12-31,2800.HK,26.0,26.149999618530273,25.899999618530273,26.049999237060547,21.072551727294922,9066033
2019-01-02,2800.HK,25.950000762939453,26.0,25.200000762939453,25.25,20.425411224365234,45382671
2019-01-03,2800.HK,25.350000381469727,25.450000762939453,25.049999237060547,25.25,20.425411224365234,31838388
2019-01-04,2800.HK,25.149999618530273,25.850000381469727,25.100000381469727,25.799999237060547,20.870323181152344,34747027
2019-01-07,2800.HK,26.200000762939453,26.25,25.899999618530273,26.049999237060547,21.072551727294922,25451594
2019-01-08,2800.HK,26.100000381469727,26.200000762939453,25.899999618530273,26.0,21.032106399536133,35756830
2019-01-09,2800.HK,26.299999237060547,26.850000381469727,26.299999237060547,26.649999618530273,21.557907104492188,54203075
2019-01-10,2800.HK,26.600000381469727,26.799999237060547,26.399999618530273,26.75,21.638797760009766,29548145
2019-01-11,2800.HK,26.850000381469727,26.899999618530273,26.700000762939453,26.799999237060547,21.67924690246582,78966700
2019-01-14,2800.HK,26.799999237060547,26.799999237060547,26.350000381469727,26.450000762939453,21.39612579345703,10818037
2019-01-15,2800.HK,26.600000381469727,27.049999237060547,26.600000381469727,27.0,21.841028213500977,33768417
2019-01-16,2800.HK,26.899999618530273,27.149999618530273,26.75,27.100000381469727,21.921924591064453,58283159
2019-01-17,2800.HK,27.100000381469727,27.25,26.850000381469727,27.0,21.841028213500977,21888289
2019-01-18,2800.HK,27.200000762939453,27.350000381469727,27.100000381469727,27.25,22.043264389038086,14958359
2019-01-21,2800.HK,27.299999237060547,27.549999237060547,27.25,27.350000381469727,22.124156951904297,42403962
2019-01-22,2800.HK,27.450000762939453,27.450000762939453,27.0,27.149999618530273,21.962371826171875,27734125
2019-01-23,2800.HK,27.100000381469727,27.350000381469727,27.100000381469727,27.200000762939453,22.002817153930664,38904933
2019-01-24,2800.HK,27.25,27.350000381469727,27.049999237060547,27.299999237060547,22.083709716796875,16384103
2019-01-25,2800.HK,27.399999618530273,27.799999237060547,27.399999618530273,27.799999237060547,22.48817253112793,30322399
2019-01-28,2800.HK,27.850000381469727,28.049999237060547,27.649999618530273,27.75,22.44772720336914,52666587
2019-01-29,2800.HK,27.600000381469727,27.799999237060547,27.549999237060547,27.700000762939453,22.40728187561035,43617030
2019-01-30,2800.HK,27.75,27.899999618530273,27.600000381469727,27.799999237060547,22.48817253112793,64822212
2019-01-31,2800.HK,28.049999237060547,28.25,27.950000762939453,28.149999618530273,22.771297454833984,22534645
2019-02-01,2800.HK,28.399999618530273,28.399999618530273,28.0,28.100000381469727,22.730852127075195,15610049
2019-02-04,2800.HK,28.100000381469727,28.200000762939453,28.049999237060547,28.149999618530273,22.771297454833984,9131935
2019-02-08,2800.HK,28.0,28.200000762939453,27.700000762939453,28.149999618530273,22.771297454833984,22082199
2019-02-11,2800.HK,28.149999618530273,28.350000381469727,28.0,28.350000381469727,22.93308448791504,11382441
2019-02-12,2800.HK,28.299999237060547,28.450000762939453,28.200000762939453,28.399999618530273,22.973529815673828,22837666
2019-02-13,2800.HK,28.399999618530273,28.799999237060547,28.350000381469727,28.700000762939453,23.216205596923828,51906940
2019-02-14,2800.HK,28.600000381469727,28.75,28.450000762939453,28.649999618530273,23.175762176513672,23277220
2019-02-15,2800.HK,28.450000762939453,28.5,28.0,28.100000381469727,22.730852127075195,62278109
2019-02-18,2800.HK,28.450000762939453,28.649999618530273,28.399999618530273,28.600000381469727,23.135311126708984,43738344
2019-02-19,2800.HK,28.600000381469727,28.75,28.399999618530273,28.5,23.05442237854004,77014017
2019-02-20,2800.HK,28.600000381469727,28.850000381469727,28.600000381469727,28.75,23.256654739379883,53047109
2019-02-21,2800.HK,28.75,29.049999237060547,28.649999618530273,28.899999618530273,23.377994537353516,47112221
2019-02-22,2800.HK,28.75,29.100000381469727,28.700000762939453,29.100000381469727,23.539777755737305,62791893
2019-02-25,2800.HK,29.25,29.299999237060547,29.0,29.25,23.661115646362305,56704571
2019-02-26,2800.HK,29.299999237060547,29.299999237060547,29.0,29.049999237060547,23.499330520629883,21857675
2019-02-27,2800.HK,29.100000381469727,29.350000381469727,28.950000762939453,29.049999237060547,23.499330520629883,76329805
2019-02-28,2800.HK,29.0,29.200000762939453,28.850000381469727,28.899999618530273,23.377994537353516,20148523
2019-03-01,2800.HK,28.899999618530273,29.149999618530273,28.899999618530273,29.100000381469727,23.539777755737305,17626149
2019-03-04,2800.HK,29.100000381469727,29.549999237060547,29.0,29.200000762939453,23.62067222595215,57965297
2019-03-05,2800.HK,29.049999237060547,29.299999237060547,28.950000762939453,29.25,23.661115646362305,22813106
2019-03-06,2800.HK,29.25,29.399999618530273,29.149999618530273,29.299999237060547,23.701562881469727,22885496
2019-03-07,2800.HK,29.299999237060547,29.299999237060547,29.0,29.0,23.458885192871094,28442202
2019-03-08,2800.HK,28.700000762939453,28.799999237060547,28.450000762939453,28.5,23.05442237854004,29736709
2019-03-11,2800.HK,28.5,28.850000381469727,28.5,28.799999237060547,23.29709815979004,22618894
2019-03-12,2800.HK,29.049999237060547,29.299999237060547,29.049999237060547,29.299999237060547,23.701562881469727,29612879
2019-03-13,2800.HK,29.200000762939453,29.25,29.0,29.100000381469727,23.539777755737305,53898316
2019-03-14,2800.HK,29.100000381469727,29.25,29.0,29.200000762939453,23.62067222595215,13802818
2019-03-15,2800.HK,29.200000762939453,29.549999237060547,29.149999618530273,29.399999618530273,23.782455444335938,72078293
2019-03-18,2800.HK,29.399999618530273,29.75,29.350000381469727,29.700000762939453,24.025135040283203,46145492
2019-03-19,2800.HK,29.700000762939453,29.799999237060547,29.600000381469727,29.799999237060547,24.10602569580078,45936173
2019-03-20,2800.HK,29.799999237060547,29.799999237060547,29.549999237060547,29.649999618530273,23.98468780517578,43388017
2019-03-21,2800.HK,29.600000381469727,29.799999237060547,29.350000381469727,29.399999618530273,23.782455444335938,73070426
2019-03-22,2800.HK,29.5,29.600000381469727,29.149999618530273,29.399999618530273,23.782455444335938,53851634
2019-03-25,2800.HK,28.850000381469727,29.0,28.75,28.850000381469727,23.33754539489746,22386487
2019-03-26,2800.HK,28.950000762939453,29.0,28.75,28.850000381469727,23.33754539489746,24999083
2019-03-27,2800.HK,28.850000381469727,29.149999618530273,28.850000381469727,29.100000381469727,23.539777755737305,30970153
2019-03-28,2800.HK,28.899999618530273,29.149999618530273,28.850000381469727,29.049999237060547,23.499330520629883,14063585
2019-03-29,2800.HK,29.100000381469727,29.450000762939453,29.049999237060547,29.399999618530273,23.782455444335938,24919355
2019-04-01,2800.HK,29.700000762939453,29.950000762939453,29.700000762939453,29.899999618530273,24.186920166015625,81545076
2019-04-02,2800.HK,29.950000762939453,30.0,29.850000381469727,29.950000762939453,24.227365493774414,35496292
2019-04-03,2800.HK,30.049999237060547,30.350000381469727,30.0,30.25,24.47004508972168,44981281
2019-04-04,2800.HK,30.25,30.399999618530273,30.100000381469727,30.299999237060547,24.510488510131836,47273297
2019-04-08,2800.HK,30.399999618530273,30.5,30.25,30.399999618530273,24.591386795043945,29510722
2019-04-09,2800.HK,30.399999618530273,30.600000381469727,30.350000381469727,30.5,24.672277450561523,52429902
2019-04-10,2800.HK,30.399999618530273,30.5,30.200000762939453,30.450000762939453,24.631832122802734,68252367
2019-04-11,2800.HK,30.450000762939453,30.5,30.049999237060547,30.149999618530273,24.389150619506836,46720510
2019-04-12,2800.HK,30.149999618530273,30.200000762939453,30.0,30.200000762939453,24.429601669311523,67985512
2019-04-15,2800.HK,30.399999618530273,30.649999618530273,30.100000381469727,30.100000381469727,24.348709106445312,95154337
2019-04-16,2800.HK,30.100000381469727,30.5,30.0,30.450000762939453,24.631832122802734,51990716
2019-04-17,2800.HK,30.399999618530273,30.5,30.299999237060547,30.450000762939453,24.631832122802734,26343751
2019-04-18,2800.HK,30.399999618530273,30.399999618530273,30.200000762939453,30.25,24.47004508972168,25731339
2019-04-23,2800.HK,30.200000762939453,30.350000381469727,30.049999237060547,30.25,24.47004508972168,25872869
2019-04-24,2800.HK,30.299999237060547,30.399999618530273,30.0,30.100000381469727,24.348709106445312,21245563
2019-04-25,2800.HK,30.0,30.200000762939453,29.799999237060547,29.899999618530273,24.186920166015625,29247126
2019-04-26,2800.HK,29.75,30.0,29.75,29.899999618530273,24.186920166015625,12249407
2019-04-29,2800.HK,29.850000381469727,30.100000381469727,29.799999237060547,30.100000381469727,24.47147560119629,7773742
2019-04-30,2800.HK,30.0,30.0,29.75,29.850000381469727,24.26822280883789,20677348
2019-05-02,2800.HK,29.899999618530273,30.149999618530273,29.850000381469727,30.100000381469727,24.47147560119629,14225420
2019-05-03,2800.HK,30.0,30.299999237060547,29.799999237060547,30.25,24.59342384338379,27041403
2019-05-06,2800.HK,29.600000381469727,29.600000381469727,29.100000381469727,29.399999618530273,23.902366638183594,37688116
2019-05-07,2800.HK,29.5,29.649999618530273,29.299999237060547,29.5,23.983667373657227,28951042
2019-05-08,2800.HK,29.149999618530273,29.399999618530273,29.100000381469727,29.149999618530273,23.699113845825195,41512093
2019-05-09,2800.HK,29.0,29.049999237060547,28.399999618530273,28.5,23.170663833618164,47354229
2019-05-10,2800.HK,28.700000762939453,29.0,28.350000381469727,28.700000762939453,23.333263397216797,117249027
2019-05-14,2800.HK,28.200000762939453,28.399999618530273,28.100000381469727,28.299999237060547,23.0080623626709,90162513
2019-05-15,2800.HK,28.350000381469727,28.600000381469727,28.299999237060547,28.399999618530273,23.08936309814453,145965806
2019-05-16,2800.HK,28.350000381469727,28.600000381469727,28.25,28.450000762939453,23.13001251220703,118796760
2019-05-17,2800.HK,28.649999618530273,28.649999618530273,28.100000381469727,28.200000762939453,22.926761627197266,120707511
2019-05-20,2800.HK,28.200000762939453,28.25,27.950000762939453,28.049999237060547,22.8048095703125,93531291
2019-05-21,2800.HK,28.0,28.25,27.850000381469727,28.0,22.764162063598633,88121128
2019-05-22,2800.HK,28.100000381469727,28.149999618530273,27.899999618530273,27.950000762939453,22.7235107421875,69607436
2019-05-23,2800.HK,27.899999618530273,27.899999618530273,27.5,27.649999618530273,22.47960662841797,111842220
2019-05-24,2800.HK,27.649999618530273,27.850000381469727,27.649999618530273,27.75,22.560909271240234,47376015
2019-05-27,2800.HK,27.649999618530273,27.75,27.450000762939453,27.649999618530273,22.47960662841797,113636723
2019-05-28,2800.HK,27.700000762939453,27.899999618530273,27.600000381469727,27.75,22.560909271240234,67972961
2019-05-29,2800.HK,27.649999618530273,27.799999237060547,27.549999237060547,27.649999618530273,22.47960662841797,70109245
2019-05-30,2800.HK,27.75,27.75,27.399999618530273,27.549999237060547,22.39830780029297,106684208
2019-05-31,2800.HK,27.5,27.549999237060547,27.25,27.350000381469727,22.235708236694336,69225871
2019-06-03,2800.HK,27.200000762939453,27.399999618530273,27.149999618530273,27.299999237060547,22.195056915283203,95488842
2019-06-04,2800.HK,27.399999618530273,27.399999618530273,27.100000381469727,27.200000762939453,22.11375617980957,91913124
2019-06-05,2800.HK,27.5,27.600000381469727,27.25,27.399999618530273,22.276357650756836,102181856
2019-06-06,2800.HK,27.350000381469727,27.450000762939453,27.299999237060547,27.399999618530273,22.276357650756836,62418590
2019-06-10,2800.HK,27.649999618530273,28.100000381469727,27.649999618530273,28.049999237060547,22.8048095703125,57213749
2019-06-11,2800.HK,28.149999618530273,28.350000381469727,28.049999237060547,28.25,22.9674129486084,54029805
2019-06-12,2800.HK,28.149999618530273,28.149999618530273,27.700000762939453,27.799999237060547,22.601558685302734,70457963
2019-06-13,2800.HK,27.700000762939453,27.799999237060547,27.25,27.799999237060547,22.601558685302734,124864320
2019-06-14,2800.HK,27.649999618530273,27.75,27.5,27.600000381469727,22.4389591217041,59104603
2019-06-17,2800.HK,27.75,28.049999237060547,27.700000762939453,27.75,22.560909271240234,105330604
2019-06-18,2800.HK,27.75,28.149999618530273,27.700000762939453,27.950000762939453,22.7235107421875,61279965
2019-06-19,2800.HK,28.5,28.799999237060547,28.5,28.649999618530273,23.29261589050293,98045818
2019-06-20,2800.HK,28.850000381469727,29.100000381469727,28.799999237060547,29.100000381469727,23.658466339111328,79654880
2019-06-21,2800.HK,29.049999237060547,29.100000381469727,28.850000381469727,29.0,23.577165603637695,54400240
2019-06-24,2800.HK,29.0,29.200000762939453,28.899999618530273,29.0,23.577165603637695,39360948
2019-06-25,2800.HK,29.100000381469727,29.100000381469727,28.700000762939453,28.700000762939453,23.333263397216797,76386034
2019-06-26,2800.HK,28.600000381469727,28.850000381469727,28.600000381469727,28.75,23.373916625976562,55590046
2019-06-27,2800.HK,28.899999618530273,29.25,28.850000381469727,29.200000762939453,23.739768981933594,76040099
2019-06-28,2800.HK,29.200000762939453,29.200000762939453,29.0,29.100000381469727,23.658466339111328,49621220
2019-07-02,2800.HK,29.549999237060547,29.700000762939453,29.450000762939453,29.600000381469727,24.064970016479492,82008431
2019-07-03,2800.HK,29.5,29.600000381469727,29.399999618530273,29.549999237060547,24.02431869506836,57369022
2019-07-04,2800.HK,29.600000381469727,29.700000762939453,29.5,29.549999237060547,24.02431869506836,82141431
2019-07-05,2800.HK,29.5,29.549999237060547,29.399999618530273,29.5,23.983667373657227,40524502
2019-07-08,2800.HK,29.350000381469727,29.350000381469727,28.850000381469727,29.0,23.577165603637695,77235774
2019-07-09,2800.HK,29.0,29.0,28.75,28.799999237060547,23.414562225341797,93461068
2019-07-10,2800.HK,28.899999618530273,29.0,28.799999237060547,28.899999618530273,23.495866775512695,60675238
2019-07-11,2800.HK,29.049999237060547,29.299999237060547,29.049999237060547,29.100000381469727,23.658466339111328,99624506
2019-07-12,2800.HK,29.100000381469727,29.299999237060547,29.049999237060547,29.200000762939453,23.739768981933594,43453623
2019-07-15,2800.HK,29.049999237060547,29.299999237060547,28.75,29.25,23.78041648864746,80949345
2019-07-16,2800.HK,29.299999237060547,29.350000381469727,29.149999618530273,29.299999237060547,23.821067810058594,47780898
2019-07-17,2800.HK,29.149999618530273,29.299999237060547,29.049999237060547,29.299999237060547,23.821067810058594,37860500
2019-07-18,2800.HK,29.149999618530273,29.200000762939453,29.049999237060547,29.149999618530273,23.699113845825195,68641832
2019-07-19,2800.HK,29.299999237060547,29.549999237060547,29.25,29.450000762939453,23.94301986694336,49637468
2019-07-22,2800.HK,29.350000381469727,29.350000381469727,28.950000762939453,29.0,23.577165603637695,65010954
2019-07-23,2800.HK,29.049999237060547,29.200000762939453,29.0,29.149999618530273,23.699113845825195,42408832
2019-07-24,2800.HK,29.25,29.5,29.200000762939453,29.200000762939453,23.739768981933594,53588682
2019-07-25,2800.HK,29.25,29.350000381469727,29.200000762939453,29.299999237060547,23.821067810058594,52637537
2019-07-26,2800.HK,29.149999618530273,29.200000762939453,29.0,29.049999237060547,23.617815017700195,82289514
2019-07-29,2800.HK,29.0,29.049999237060547,28.600000381469727,28.799999237060547,23.414562225341797,53387232
2019-07-30,2800.HK,28.799999237060547,29.0,28.799999237060547,28.850000381469727,23.45521354675293,38203407
2019-07-31,2800.HK,28.649999618530273,28.649999618530273,28.350000381469727,28.5,23.170663833618164,49888937
2019-08-01,2800.HK,28.350000381469727,28.450000762939453,28.149999618530273,28.299999237060547,23.0080623626709,64375664
2019-08-02,2800.HK,27.950000762939453,27.950000762939453,27.5,27.600000381469727,22.4389591217041,74892357
2019-08-05,2800.HK,27.200000762939453,27.200000762939453,26.75,26.850000381469727,21.82920265197754,85864877
2019-08-06,2800.HK,26.299999237060547,26.799999237060547,26.100000381469727,26.75,21.747901916503906,200690347
2019-08-07,2800.HK,26.850000381469727,26.850000381469727,26.399999618530273,26.75,21.747901916503906,103522692
2019-08-08,2800.HK,26.700000762939453,27.0,26.700000762939453,26.850000381469727,21.82920265197754,91018512
2019-08-09,2800.HK,26.950000762939453,27.0,26.600000381469727,26.649999618530273,21.666603088378906,64447175
2019-08-12,2800.HK,26.5,26.799999237060547,26.5,26.5,21.54465103149414,42716756
2019-08-13,2800.HK,26.149999618530273,26.299999237060547,25.899999618530273,26.0,21.138151168823242,132024838
2019-08-14,2800.HK,26.450000762939453,26.450000762939453,25.850000381469727,25.950000762939453,21.09749984741211,87058362
2019-08-15,2800.HK,25.700000762939453,26.299999237060547,25.600000381469727,26.200000762939453,21.300748825073242,115962605
2019-08-16,2800.HK,26.149999618530273,26.549999237060547,26.049999237060547,26.5,21.54465103149414,90216413
2019-08-19,2800.HK,26.700000762939453,27.100000381469727,26.700000762939453,26.950000762939453,21.910507202148438,69817488
2019-08-20,2800.HK,26.899999618530273,27.100000381469727,26.850000381469727,27.0,21.95115089416504,61545686
2019-08-21,2800.HK,26.899999618530273,27.049999237060547,26.799999237060547,27.0,21.95115089416504,94845899
2019-08-22,2800.HK,27.0,27.0,26.649999618530273,26.799999237060547,21.788555145263672,103427228
2019-08-23,2800.HK,26.75,27.0,26.649999618530273,26.899999618530273,21.869853973388672,62635447
2019-08-26,2800.HK,26.100000381469727,26.450000762939453,25.950000762939453,26.450000762939453,21.504005432128906,146369894
2019-08-27,2800.HK,26.450000762939453,26.549999237060547,26.299999237060547,26.399999618530273,21.463348388671875,88264649
2019-08-28,2800.HK,26.5,26.600000381469727,26.299999237060547,26.350000381469727,21.42270278930664,64730790
2019-08-29,2800.HK,26.350000381469727,26.5,26.100000381469727,26.450000762939453,21.504005432128906,61319786
2019-08-30,2800.HK,26.799999237060547,26.799999237060547,26.299999237060547,26.5,21.54465103149414,85223345
2019-09-02,2800.HK,26.350000381469727,26.450000762939453,26.25,26.399999618530273,21.463348388671875,51248932
2019-09-03,2800.HK,26.399999618530273,26.5,26.25,26.299999237060547,21.382051467895508,62159404
2019-09-04,2800.HK,26.399999618530273,27.549999237060547,26.399999618530273,27.299999237060547,22.195056915283203,116406392
2019-09-05,2800.HK,27.350000381469727,27.649999618530273,27.100000381469727,27.399999618530273,22.276357650756836,54012900
2019-09-06,2800.HK,27.600000381469727,27.649999618530273,27.350000381469727,27.450000762939453,22.3170108795166,96897467
2019-09-09,2800.HK,27.549999237060547,27.649999618530273,27.450000762939453,27.549999237060547,22.39830780029297,89071255
2019-09-10,2800.HK,27.649999618530273,27.700000762939453,27.450000762939453,27.549999237060547,22.39830780029297,49071424
2019-09-11,2800.HK,27.649999618530273,28.049999237060547,27.549999237060547,27.950000762939453,22.7235107421875,90324910
2019-09-12,2800.HK,28.200000762939453,28.200000762939453,27.850000381469727,27.950000762939453,22.7235107421875,61080860
2019-09-13,2800.HK,28.049999237060547,28.299999237060547,27.950000762939453,28.200000762939453,22.926761627197266,66372571
2019-09-16,2800.HK,28.100000381469727,28.100000381469727,27.850000381469727,27.950000762939453,22.7235107421875,71374309
2019-09-17,2800.HK,27.899999618530273,27.899999618530273,27.549999237060547,27.649999618530273,22.47960662841797,49162208
2019-09-18,2800.HK,27.700000762939453,27.799999237060547,27.600000381469727,27.649999618530273,22.47960662841797,35200428
2019-09-19,2800.HK,27.649999618530273,27.700000762939453,27.25,27.350000381469727,22.235708236694336,71500202
2019-09-20,2800.HK,27.450000762939453,27.5,27.299999237060547,27.350000381469727,22.235708236694336,107658107
2019-09-23,2800.HK,27.25,27.399999618530273,27.049999237060547,27.100000381469727,22.032455444335938,53140708
2019-09-24,2800.HK,27.200000762939453,27.299999237060547,27.149999618530273,27.200000762939453,22.11375617980957,41105540
2019-09-25,2800.HK,27.049999237060547,27.100000381469727,26.799999237060547,26.850000381469727,21.82920265197754,91839396
2019-09-26,2800.HK,26.899999618530273,27.0,26.799999237060547,26.899999618530273,21.869853973388672,53709197
2019-09-27,2800.HK,26.850000381469727,26.950000762939453,26.700000762939453,26.850000381469727,21.82920265197754,48848050
2019-09-30,2800.HK,26.700000762939453,27.049999237060547,26.649999618530273,26.950000762939453,21.910507202148438,64591820
2019-10-02,2800.HK,26.75,27.0,26.649999618530273,26.899999618530273,21.869853973388672,55845942
2019-10-03,2800.HK,26.700000762939453,27.100000381469727,26.700000762939453,27.0,21.95115089416504,86275240
2019-10-04,2800.HK,27.049999237060547,27.049999237060547,26.450000762939453,26.700000762939453,21.70725440979004,75955344
2019-10-08,2800.HK,26.700000762939453,27.149999618530273,26.600000381469727,26.799999237060547,21.788555145263672,75140488
2019-10-09,2800.HK,26.649999618530273,26.75,26.549999237060547,26.600000381469727,21.625953674316406,56921587
2019-10-10,2800.HK,26.5,26.75,26.450000762939453,26.600000381469727,21.625953674316406,51400322
2019-10-11,2800.HK,26.850000381469727,27.350000381469727,26.850000381469727,27.299999237060547,22.195056915283203,101862855
2019-10-14,2800.HK,27.450000762939453,27.600000381469727,27.299999237060547,27.450000762939453,22.3170108795166,85379861
2019-10-15,2800.HK,27.5,27.549999237060547,27.350000381469727,27.399999618530273,22.276357650756836,48833172
2019-10-16,2800.HK,27.450000762939453,27.649999618530273,27.299999237060547,27.549999237060547,22.39830780029297,90047787
2019-10-17,2800.HK,27.649999618530273,27.899999618530273,27.649999618530273,27.799999237060547,22.601558685302734,73675252
2019-10-18,2800.HK,27.799999237060547,27.950000762939453,27.549999237060547,27.649999618530273,22.47960662841797,79190337
2019-10-21,2800.HK,27.649999618530273,27.75,27.600000381469727,27.600000381469727,22.4389591217041,83895448
2019-10-22,2800.HK,27.700000762939453,27.799999237060547,27.649999618530273,27.700000762939453,22.520259857177734,49147884
2019-10-23,2800.HK,27.700000762939453,27.75,27.399999618530273,27.5,22.35765838623047,85130557
2019-10-24,2800.HK,27.549999237060547,27.799999237060547,27.5,27.649999618530273,22.47960662841797,58403635
2019-10-25,2800.HK,27.700000762939453,27.75,27.549999237060547,27.649999618530273,22.47960662841797,40880957
2019-10-28,2800.HK,27.700000762939453,27.950000762939453,27.700000762939453,27.799999237060547,22.601558685302734,72586937
2019-10-29,2800.HK,28.0,28.0,27.649999618530273,27.75,22.560909271240234,81339245
2019-10-30,2800.HK,27.700000762939453,27.75,27.549999237060547,27.600000381469727,22.4389591217041,78019348
2019-10-31,2800.HK,27.0,27.200000762939453,26.850000381469727,27.049999237060547,22.63138771057129,46923492
2019-11-01,2800.HK,26.950000762939453,27.299999237060547,26.950000762939453,27.299999237060547,22.840551376342773,61181768
2019-11-04,2800.HK,27.5,27.75,27.450000762939453,27.75,23.217042922973633,80437283
2019-11-05,2800.HK,27.899999618530273,27.899999618530273,27.600000381469727,27.850000381469727,23.300708770751953,87727823
2019-11-06,2800.HK,27.799999237060547,27.950000762939453,27.649999618530273,27.850000381469727,23.300708770751953,86210010
2019-11-07,2800.HK,27.799999237060547,28.100000381469727,27.649999618530273,28.0,23.426206588745117,88562441
2019-11-08,2800.HK,28.049999237060547,28.049999237060547,27.75,27.799999237060547,23.258874893188477,70597436
2019-11-11,2800.HK,27.549999237060547,27.549999237060547,26.950000762939453,27.100000381469727,22.6732234954834,100573424
2019-11-12,2800.HK,27.25,27.25,26.950000762939453,27.200000762939453,22.756887435913086,132943563
2019-11-13,2800.HK,26.899999618530273,26.899999618530273,26.600000381469727,26.700000762939453,22.33856201171875,58659960
2019-11-14,2800.HK,26.700000762939453,26.799999237060547,26.350000381469727,26.549999237060547,22.213062286376953,77051222
2019-11-15,2800.HK,26.700000762939453,26.75,26.450000762939453,26.5,22.17123031616211,62294583
2019-11-18,2800.HK,26.600000381469727,26.850000381469727,26.549999237060547,26.799999237060547,22.422225952148438,72785594
2019-11-19,2800.HK,26.799999237060547,27.299999237060547,26.75,27.25,22.79871940612793,85571692
2019-11-20,2800.HK,27.049999237060547,27.149999618530273,26.950000762939453,27.049999237060547,22.63138771057129,44435164
2019-11-21,2800.HK,26.75,26.75,26.450000762939453,26.600000381469727,22.25489616394043,96333978
2019-11-22,2800.HK,26.75,26.850000381469727,26.649999618530273,26.75,22.38039207458496,52534353
2019-11-25,2800.HK,26.850000381469727,27.299999237060547,26.850000381469727,27.149999618530273,22.715055465698242,29884976
2019-11-26,2800.HK,27.399999618530273,27.450000762939453,27.100000381469727,27.100000381469727,22.6732234954834,52343758
2019-11-27,2800.HK,27.100000381469727,27.200000762939453,27.049999237060547,27.149999618530273,22.715055465698242,39484533
2019-11-28,2800.HK,27.0,27.200000762939453,26.950000762939453,27.049999237060547,22.63138771057129,34769427
2019-11-29,2800.HK,27.049999237060547,27.049999237060547,26.450000762939453,26.5,22.17123031616211,80370437
2019-12-02,2800.HK,26.649999618530273,26.700000762939453,26.549999237060547,26.649999618530273,22.29673194885254,38406728
2019-12-03,2800.HK,26.5,26.649999618530273,26.200000762939453,26.549999237060547,22.213062286376953,97660808
2019-12-04,2800.HK,26.200000762939453,26.350000381469727,26.149999618530273,26.25,21.962068557739258,51298151
2019-12-05,2800.HK,26.399999618530273,26.450000762939453,26.25,26.450000762939453,22.1294002532959,27618048
2019-12-06,2800.HK,26.549999237060547,26.75,26.5,26.649999618530273,22.29673194885254,30535397
2019-12-09,2800.HK,26.600000381469727,26.799999237060547,26.600000381469727,26.700000762939453,22.33856201171875,81210016
2019-12-10,2800.HK,26.600000381469727,26.75,26.549999237060547,26.600000381469727,22.25489616394043,47959416
2019-12-11,2800.HK,26.600000381469727,26.899999618530273,26.549999237060547,26.799999237060547,22.422225952148438,98854926
2019-12-12,2800.HK,26.950000762939453,27.25,26.950000762939453,27.200000762939453,22.756887435913086,109595687
2019-12-13,2800.HK,27.700000762939453,27.899999618530273,27.600000381469727,27.850000381469727,23.300708770751953,139479853
2019-12-16,2800.HK,27.799999237060547,27.950000762939453,27.649999618530273,27.700000762939453,23.175212860107422,51941295
2019-12-17,2800.HK,27.899999618530273,28.100000381469727,27.75,28.0,23.426206588745117,100498172
2019-12-18,2800.HK,28.049999237060547,28.200000762939453,27.950000762939453,28.049999237060547,23.468036651611328,107599518
2019-12-19,2800.HK,28.149999618530273,28.149999618530273,27.850000381469727,28.0,23.426206588745117,46900379
2019-12-20,2800.HK,28.0,28.200000762939453,27.950000762939453,28.149999618530273,23.55170440673828,92567777
2019-12-23,2800.HK,28.200000762939453,28.200000762939453,28.0,28.100000381469727,23.509872436523438,65703353
2019-12-24,2800.HK,28.100000381469727,28.149999618530273,27.950000762939453,28.0,23.426206588745117,35644521
2019-12-27,2800.HK,28.299999237060547,28.450000762939453,28.200000762939453,28.399999618530273,23.760866165161133,36697521
2019-12-30,2800.HK,28.450000762939453,28.649999618530273,28.350000381469727,28.549999237060547,23.886362075805664,85592063
2019-12-31,2800.HK,28.549999237060547,28.549999237060547,28.549999237060547,28.549999237060547,23.886362075805664,0
2020-01-02,2800.HK,28.5,28.75,28.399999618530273,28.700000762939453,24.011859893798828,95691454
2020-01-03,2800.HK,29.0,29.100000381469727,28.600000381469727,28.649999618530273,23.970029830932617,112058550
2020-01-06,2800.HK,28.450000762939453,28.600000381469727,28.200000762939453,28.450000762939453,23.802696228027344,107027624
2020-01-07,2800.HK,28.549999237060547,28.700000762939453,28.399999618530273,28.450000762939453,23.802696228027344,54893927
2020-01-08,2800.HK,28.100000381469727,28.399999618530273,28.0,28.25,23.6353702545166,142130403
2020-01-09,2800.HK,28.549999237060547,28.799999237060547,28.5,28.799999237060547,24.095523834228516,67247491
2020-01-10,2800.HK,28.850000381469727,28.899999618530273,28.649999618530273,28.799999237060547,24.095523834228516,69392727
2020-01-13,2800.HK,28.899999618530273,29.200000762939453,28.850000381469727,29.149999618530273,24.38835334777832,102474373
2020-01-14,2800.HK,29.350000381469727,29.350000381469727,29.0,29.049999237060547,24.3046875,120942370
2020-01-15,2800.HK,29.100000381469727,29.200000762939453,28.799999237060547,28.950000762939453,24.221025466918945,86418877
2020-01-16,2800.HK,29.0,29.200000762939453,28.899999618530273,29.0,24.26285743713379,85179535
2020-01-17,2800.HK,29.149999618530273,29.299999237060547,29.0,29.200000762939453,24.43018913269043,49843734
2020-01-20,2800.HK,29.299999237060547,29.350000381469727,28.950000762939453,28.950000762939453,24.221025466918945,89520667
2020-01-21,2800.HK,28.799999237060547,28.799999237060547,28.149999618530273,28.149999618530273,23.55170440673828,155784590
2020-01-22,2800.HK,28.299999237060547,28.600000381469727,28.100000381469727,28.549999237060547,23.886362075805664,110731679
2020-01-23,2800.HK,28.25,28.299999237060547,27.850000381469727,28.0,23.426206588745117,143550990
2020-01-24,2800.HK,28.0,28.149999618530273,27.950000762939453,28.100000381469727,23.509872436523438,32397568
2020-01-29,2800.HK,27.25,27.549999237060547,27.25,27.299999237060547,22.840551376342773,101137185
2020-01-30,2800.HK,27.200000762939453,27.350000381469727,26.5,26.649999618530273,22.29673194885254,106728215
2020-01-31,2800.HK,26.899999618530273,27.0,26.450000762939453,26.5,22.17123031616211,98950650
2020-02-03,2800.HK,26.399999618530273,26.700000762939453,26.299999237060547,26.5,22.17123031616211,120022848
2020-02-04,2800.HK,26.649999618530273,26.899999618530273,26.600000381469727,26.850000381469727,22.464059829711914,114514463
2020-02-05,2800.HK,27.049999237060547,27.100000381469727,26.799999237060547,26.950000762939453,22.547725677490234,143123827
2020-02-06,2800.HK,27.100000381469727,27.850000381469727,27.100000381469727,27.700000762939453,23.175212860107422,151770178
2020-02-07,2800.HK,27.5,27.600000381469727,27.399999618530273,27.549999237060547,23.049711227416992,86692761
2020-02-10,2800.HK,27.25,27.5,27.200000762939453,27.399999618530273,22.92421531677246,104720360
2020-02-11,2800.HK,27.649999618530273,27.899999618530273,27.600000381469727,27.75,23.217042922973633,86362866
2020-02-12,2800.HK,27.899999618530273,28.100000381469727,27.799999237060547,28.049999237060547,23.468036651611328,94604806
2020-02-13,2800.HK,28.049999237060547,28.100000381469727,27.850000381469727,27.950000762939453,23.384374618530273,54798571
2020-02-14,2800.HK,27.899999618530273,28.200000762939453,27.899999618530273,28.0,23.426206588745117,55702178
2020-02-17,2800.HK,28.0,28.25,27.950000762939453,28.149999618530273,23.55170440673828,115686010
2020-02-18,2800.HK,27.950000762939453,27.950000762939453,27.700000762939453,27.700000762939453,23.175212860107422,83984895
2020-02-19,2800.HK,27.75,27.950000762939453,27.700000762939453,27.850000381469727,23.300708770751953,105140351
2020-02-20,2800.HK,27.950000762939453,28.0,27.549999237060547,27.75,23.217042922973633,62147226
2020-02-21,2800.HK,27.600000381469727,27.649999618530273,27.450000762939453,27.5,23.00787925720215,60029737
2020-02-24,2800.HK,27.350000381469727,27.350000381469727,26.950000762939453,27.049999237060547,22.63138771057129,169033039
2020-02-25,2800.HK,26.899999618530273,27.100000381469727,26.850000381469727,27.100000381469727,22.6732234954834,122948061
2020-02-26,2800.HK,26.700000762939453,26.950000762939453,26.649999618530273,26.950000762939453,22.547725677490234,144047975
2020-02-27,2800.HK,26.75,27.149999618530273,26.649999618530273,27.149999618530273,22.715055465698242,136083225
2020-02-28,2800.HK,26.5,26.600000381469727,26.200000762939453,26.450000762939453,22.1294002532959,185048108
2020-03-02,2800.HK,26.350000381469727,26.700000762939453,26.350000381469727,26.649999618530273,22.29673194885254,95848245
2020-03-03,2800.HK,27.0,27.0,26.5,26.600000381469727,22.25489616394043,102995570
2020-03-04,2800.HK,26.600000381469727,26.700000762939453,26.25,26.549999237060547,22.213062286376953,91543405
2020-03-05,2800.HK,26.600000381469727,27.100000381469727,26.549999237060547,27.049999237060547,22.63138771057129,97493042
2020-03-06,2800.HK,26.75,26.75,26.299999237060547,26.5,22.17123031616211,60076836
2020-03-09,2800.HK,26.450000762939453,26.450000762939453,26.450000762939453,26.450000762939453,22.1294002532959,0
2020-03-10,2800.HK,25.450000762939453,25.450000762939453,25.450000762939453,25.450000762939453,21.292749404907227,0
2020-03-11,2800.HK,25.75,25.75,25.75,25.75,21.543743133544922,0
2020-03-12,2800.HK,25.549999237060547,25.549999237060547,25.549999237060547,25.549999237060547,21.37641143798828,0
2020-03-13,2800.HK,24.600000381469727,24.600000381469727,24.600000381469727,24.600000381469727,20.58159637451172,0
2020-03-16,2800.HK,24.399999618530273,24.399999618530273,24.399999618530273,24.399999618530273,20.414262771606445,0
2020-03-17,2800.HK,23.350000381469727,23.350000381469727,23.350000381469727,23.350000381469727,19.535781860351562,0
2020-03-18,2800.HK,23.600000381469727,23.600000381469727,23.600000381469727,23.600000381469727,19.74494743347168,0
2020-03-19,2800.HK,22.600000381469727,22.75,21.350000381469727,22.0,18.40630531311035,124290338
2020-03-20,2800.HK,22.450000762939453,23.100000381469727,22.450000762939453,23.100000381469727,19.32662010192871,55333764
2020-03-23,2800.HK,21.950000762939453,22.350000381469727,21.899999618530273,22.0,18.40630531311035,65169679
2020-03-24,2800.HK,22.75,23.049999237060547,22.649999618530273,23.049999237060547,19.284786224365234,71232555
2020-03-25,2800.HK,23.5,23.950000762939453,23.299999237060547,23.799999237060547,19.91227149963379,87995501
2020-03-26,2800.HK,23.549999237060547,23.850000381469727,23.399999618530273,23.600000381469727,19.74494743347168,70464827
2020-03-27,2800.HK,24.100000381469727,24.149999618530273,23.600000381469727,23.75,19.870441436767578,96234849
2020-03-30,2800.HK,23.25,23.75,23.200000762939453,23.399999618530273,19.57761573791504,112256740
2020-03-31,2800.HK,23.799999237060547,23.950000762939453,23.5,23.850000381469727,19.95410919189453,60197538
2020-04-01,2800.HK,23.549999237060547,23.850000381469727,23.149999618530273,23.299999237060547,19.49394989013672,79926471
2020-04-02,2800.HK,23.0,23.5,22.950000762939453,23.5,19.661279678344727,44149742
2020-04-03,2800.HK,23.399999618530273,23.5,23.25,23.450000762939453,19.61944580078125,34328247
2020-04-06,2800.HK,23.799999237060547,24.100000381469727,23.5,23.950000762939453,20.037771224975586,44548477
2020-04-07,2800.HK,24.299999237060547,24.549999237060547,24.0,24.5,20.497928619384766,89159307
2020-04-08,2800.HK,24.350000381469727,24.450000762939453,24.049999237060547,24.200000762939453,20.246936798095703,69780885
2020-04-09,2800.HK,24.399999618530273,24.600000381469727,24.25,24.5,20.497928619384766,68922530
2020-04-14,2800.HK,24.5,24.799999237060547,24.5,24.700000762939453,20.665264129638672,43768033
2020-04-15,2800.HK,24.75,24.899999618530273,24.25,24.299999237060547,20.330598831176758,78414497
2020-04-16,2800.HK,24.200000762939453,24.350000381469727,24.049999237060547,24.25,20.288766860961914,82430263
2020-04-17,2800.HK,24.700000762939453,24.950000762939453,24.5,24.549999237060547,20.539764404296875,99014430
2020-04-20,2800.HK,24.600000381469727,24.75,24.399999618530273,24.600000381469727,20.58159637451172,93356460
2020-04-21,2800.HK,24.450000762939453,24.5,23.850000381469727,24.0,20.079605102539062,87513044
2020-04-22,2800.HK,23.75,24.200000762939453,23.649999618530273,24.100000381469727,20.163270950317383,108986661
2020-04-23,2800.HK,24.200000762939453,24.350000381469727,24.0,24.149999618530273,20.20509910583496,95814392
2020-04-24,2800.HK,24.100000381469727,24.200000762939453,23.950000762939453,24.049999237060547,20.121435165405273,60422794
2020-04-27,2800.HK,24.299999237060547,24.600000381469727,24.299999237060547,24.5,20.497928619384766,70193900
2020-04-28,2800.HK,24.549999237060547,24.799999237060547,24.299999237060547,24.75,20.7834415435791,52651762
2020-04-29,2800.HK,24.850000381469727,25.049999237060547,24.700000762939453,24.75,20.7834415435791,86205347
2020-05-04,2800.HK,24.0,24.0,23.700000762939453,23.75,19.94370460510254,69311051
2020-05-05,2800.HK,23.850000381469727,24.100000381469727,23.799999237060547,24.0,20.153642654418945,46857955
2020-05-06,2800.HK,23.950000762939453,24.399999618530273,23.950000762939453,24.350000381469727,20.447547912597656,82705898
2020-05-07,2800.HK,24.200000762939453,24.25,24.049999237060547,24.149999618530273,20.279600143432617,47857289
2020-05-08,2800.HK,24.350000381469727,24.450000762939453,24.25,24.399999618530273,20.489530563354492,73225297
2020-05-11,2800.HK,24.600000381469727,24.950000762939453,24.600000381469727,24.799999237060547,20.825428009033203,75152415
2020-05-12,2800.HK,24.549999237060547,24.600000381469727,24.25,24.450000762939453,20.531518936157227,65784729
2020-05-13,2800.HK,24.25,24.549999237060547,24.149999618530273,24.350000381469727,20.447547912597656,73324055
2020-05-14,2800.HK,24.25,24.25,23.950000762939453,24.0,20.153642654418945,65820411
2020-05-15,2800.HK,24.0,24.200000762939453,23.850000381469727,24.0,20.153642654418945,89797013
2020-05-18,2800.HK,23.950000762939453,24.200000762939453,23.899999618530273,24.200000762939453,20.32158851623535,42696146
2020-05-19,2800.HK,24.600000381469727,24.799999237060547,24.5,24.600000381469727,20.657482147216797,60472570
2020-05-20,2800.HK,24.600000381469727,24.75,24.5,24.649999618530273,20.699464797973633,52810064
2020-05-21,2800.HK,24.700000762939453,24.75,24.399999618530273,24.450000762939453,20.531518936157227,64763338
2020-05-22,2800.HK,24.049999237060547,24.049999237060547,23.049999237060547,23.149999618530273,19.43986701965332,174610313
2020-05-25,2800.HK,23.0,23.25,22.75,23.149999618530273,19.43986701965332,110547335
2020-05-26,2800.HK,23.399999618530273,23.75,23.399999618530273,23.649999618530273,19.859731674194336,149869942
2020-05-27,2800.HK,23.75,23.75,23.350000381469727,23.5,19.733774185180664,96003774
2020-05-28,2800.HK,23.350000381469727,23.700000762939453,23.0,23.350000381469727,19.607812881469727,208391411
2020-05-29,2800.HK,23.0,23.350000381469727,23.0,23.200000762939453,19.48185157775879,155968233
2020-06-01,2800.HK,23.799999237060547,24.1200008392334,23.799999237060547,23.979999542236328,20.136842727661133,122753194
2020-06-02,2800.HK,24.020000457763672,24.299999237060547,24.0,24.260000228881836,20.371973037719727,176613547
2020-06-03,2800.HK,24.68000030517578,24.719999313354492,24.540000915527344,24.68000030517578,20.724660873413086,124125743
2020-06-04,2800.HK,24.940000534057617,24.979999542236328,24.579999923706055,24.719999313354492,20.75824546813965,156556550
2020-06-05,2800.HK,24.719999313354492,25.219999313354492,24.639999389648438,25.139999389648438,21.11093521118164,115610853
2020-06-08,2800.HK,25.34000015258789,25.420000076293945,25.059999465942383,25.139999389648438,21.11093521118164,114933961
2020-06-09,2800.HK,25.260000228881836,25.639999389648438,25.219999313354492,25.440000534057617,21.362857818603516,67431367
2020-06-10,2800.HK,25.479999542236328,25.719999313354492,25.360000610351562,25.459999084472656,21.379650115966797,129640187
2020-06-11,2800.HK,25.459999084472656,25.479999542236328,24.860000610351562,24.860000610351562,20.875812530517578,128960030
2020-06-12,2800.HK,24.3799991607666,24.739999771118164,24.299999237060547,24.700000762939453,20.741453170776367,65212851
2020-06-15,2800.HK,24.420000076293945,24.65999984741211,24.059999465942383,24.200000762939453,20.32158851623535,67236368
2020-06-16,2800.HK,24.739999771118164,24.940000534057617,24.700000762939453,24.799999237060547,20.825428009033203,54592593
2020-06-17,2800.HK,24.780000686645508,24.940000534057617,24.579999923706055,24.899999618530273,20.909400939941406,38810665
2020-06-18,2800.HK,24.799999237060547,24.8799991607666,24.5,24.8799991607666,20.892606735229492,34244296
2020-06-19,2800.HK,24.860000610351562,25.200000762939453,24.719999313354492,25.059999465942383,21.043758392333984,64024140
2020-06-22,2800.HK,24.979999542236328,25.100000381469727,24.84000015258789,25.0,20.993377685546875,42924172
2020-06-23,2800.HK,24.979999542236328,25.3799991607666,24.6200008392334,25.360000610351562,21.295679092407227,69170630
2020-06-24,2800.HK,25.520000457763672,25.559999465942383,25.239999771118164,25.239999771118164,21.194910049438477,41065891
2020-06-26,2800.HK,25.100000381469727,25.219999313354492,25.0,25.0,20.993377685546875,39282351
2020-06-29,2800.HK,25.0,25.079999923706055,24.559999465942383,24.760000228881836,20.791837692260742,70949437
2020-06-30,2800.HK,25.0,25.079999923706055,24.719999313354492,24.899999618530273,20.909400939941406,47687366
2020-07-02,2800.HK,25.239999771118164,25.739999771118164,25.239999771118164,25.700000762939453,21.581192016601562,56071003
2020-07-03,2800.HK,25.799999237060547,26.079999923706055,25.780000686645508,25.920000076293945,21.765928268432617,76449395
2020-07-06,2800.HK,26.139999389648438,27.100000381469727,26.139999389648438,26.940000534057617,22.622461318969727,164419286
2020-07-07,2800.HK,27.18000030517578,27.459999084472656,26.579999923706055,26.639999389648438,22.37053871154785,112920333
2020-07-08,2800.HK,26.760000228881836,27.0,26.559999465942383,26.739999771118164,22.454513549804688,67476611
2020-07-09,2800.HK,26.979999542236328,27.059999465942383,26.68000030517578,26.8799991607666,22.572078704833984,39781160
2020-07-10,2800.HK,26.600000381469727,26.81999969482422,26.219999313354492,26.34000015258789,22.11861801147461,68037043
2020-07-13,2800.HK,26.5,26.780000686645508,26.399999618530273,26.479999542236328,22.236181259155273,35898160
2020-07-14,2800.HK,26.360000610351562,26.360000610351562,25.920000076293945,26.15999984741211,21.967470169067383,50108482
2020-07-15,2800.HK,26.479999542236328,26.579999923706055,25.979999542236328,26.18000030517578,21.984262466430664,57137181
2020-07-16,2800.HK,26.18000030517578,26.280000686645508,25.579999923706055,25.65999984741211,21.54759979248047,52858074
2020-07-17,2800.HK,25.81999969482422,25.940000534057617,25.68000030517578,25.799999237060547,21.665163040161133,48186109
2020-07-20,2800.HK,25.780000686645508,25.8799991607666,25.399999618530273,25.719999313354492,21.597984313964844,43464011
2020-07-21,2800.HK,26.079999923706055,26.280000686645508,26.020000457763672,26.280000686645508,22.068233489990234,31669935
2020-07-22,2800.HK,26.239999771118164,26.459999084472656,25.68000030517578,25.68000030517578,21.564395904541016,132662202
2020-07-23,2800.HK,25.81999969482422,26.0,25.639999389648438,25.899999618530273,21.749134063720703,18536304
2020-07-24,2800.HK,25.739999771118164,25.799999237060547,25.260000228881836,25.360000610351562,21.295679092407227,50411461
2020-07-27,2800.HK,25.559999465942383,25.65999984741211,25.200000762939453,25.360000610351562,21.295679092407227,44898682
2020-07-28,2800.HK,25.600000381469727,25.6200008392334,25.34000015258789,25.459999084472656,21.379650115966797,30236273
2020-07-29,2800.HK,25.459999084472656,25.579999923706055,25.34000015258789,25.520000457763672,21.430038452148438,23270483
2020-07-30,2800.HK,25.600000381469727,25.8799991607666,25.260000228881836,25.34000015258789,21.278886795043945,63944454
2020-07-31,2800.HK,25.3799991607666,25.639999389648438,25.200000762939453,25.260000228881836,21.211706161499023,45245856
2020-08-03,2800.HK,25.260000228881836,25.280000686645508,24.899999618530273,25.1200008392334,21.09414291381836,34523571
2020-08-04,2800.HK,25.299999237060547,25.760000228881836,25.200000762939453,25.6200008392334,21.514009475708008,42005921
2020-08-05,2800.HK,25.700000762939453,25.860000610351562,25.540000915527344,25.799999237060547,21.665163040161133,41502814
2020-08-06,2800.HK,25.84000015258789,25.8799991607666,25.280000686645508,25.600000381469727,21.497215270996094,47394786
2020-08-07,2800.HK,25.559999465942383,25.559999465942383,24.84000015258789,25.18000030517578,21.144527435302734,50509750
2020-08-10,2800.HK,25.0,25.18000030517578,24.920000076293945,25.100000381469727,21.077348709106445,34776265
2020-08-11,2800.HK,25.239999771118164,25.700000762939453,25.239999771118164,25.559999465942383,21.463624954223633,45879029
2020-08-12,2800.HK,25.5,25.979999542236328,25.34000015258789,25.8799991607666,21.732341766357422,65729272
2020-08-13,2800.HK,26.040000915527344,26.139999389648438,25.799999237060547,25.899999618530273,21.749134063720703,64156897
2020-08-14,2800.HK,25.8799991607666,26.059999465942383,25.739999771118164,25.81999969482422,21.681957244873047,65480833
2020-08-17,2800.HK,25.860000610351562,26.280000686645508,25.860000610351562,26.0,21.83310890197754,80995616
2020-08-18,2800.HK,26.059999465942383,26.139999389648438,25.920000076293945,26.020000457763672,21.849905014038086,57547908
2020-08-19,2800.HK,26.0,26.040000915527344,25.760000228881836,25.8799991607666,21.732341766357422,23154645
2020-08-20,2800.HK,25.700000762939453,25.700000762939453,25.280000686645508,25.440000534057617,21.362857818603516,71184466
2020-08-21,2800.HK,25.600000381469727,25.8799991607666,25.559999465942383,25.780000686645508,21.64836883544922,55746563
2020-08-24,2800.HK,25.979999542236328,26.260000228881836,25.979999542236328,26.18000030517578,21.984262466430664,88492781
2020-08-25,2800.HK,26.280000686645508,26.299999237060547,26.040000915527344,26.15999984741211,21.967470169067383,61338340
2020-08-26,2800.HK,26.18000030517578,26.299999237060547,26.020000457763672,26.1200008392334,21.93387794494629,36487012
2020-08-27,2800.HK,26.15999984741211,26.219999313354492,25.8799991607666,25.959999084472656,21.79952049255371,55921651
2020-08-28,2800.HK,25.940000534057617,26.5,25.940000534057617,26.1200008392334,21.93387794494629,97626559
2020-08-31,2800.HK,26.299999237060547,26.559999465942383,25.84000015258789,25.84000015258789,21.698749542236328,95589601
2020-09-01,2800.HK,25.899999618530273,26.0,25.639999389648438,25.8799991607666,21.732341766357422,63275147
2020-09-02,2800.HK,25.899999618530273,25.979999542236328,25.639999389648438,25.81999969482422,21.681957244873047,79730594
2020-09-03,2800.HK,25.780000686645508,25.979999542236328,25.579999923706055,25.719999313354492,21.597984313964844,66067349
2020-09-04,2800.HK,25.479999542236328,25.600000381469727,25.219999313354492,25.520000457763672,21.430038452148438,142764473
2020-09-07,2800.HK,25.3799991607666,25.65999984741211,25.239999771118164,25.440000534057617,21.362857818603516,92890901
2020-09-08,2800.HK,25.520000457763672,25.540000915527344,25.079999923706055,25.3799991607666,21.312475204467773,109910470
2020-09-09,2800.HK,25.100000381469727,25.280000686645508,24.959999084472656,25.239999771118164,21.194910049438477,105657537
2020-09-10,2800.HK,25.399999618530273,25.399999618530273,25.059999465942383,25.139999389648438,21.11093521118164,45830875
2020-09-11,2800.HK,25.139999389648438,25.34000015258789,25.040000915527344,25.260000228881836,21.211706161499023,46624013
2020-09-14,2800.HK,25.34000015258789,25.520000457763672,25.299999237060547,25.399999618530273,21.329269409179688,45188327
2020-09-15,2800.HK,25.3799991607666,25.579999923706055,25.360000610351562,25.520000457763672,21.430038452148438,45849724
2020-09-16,2800.HK,25.540000915527344,25.639999389648438,25.420000076293945,25.479999542236328,21.396446228027344,40006217
2020-09-17,2800.HK,25.399999618530273,25.479999542236328,25.020000457763672,25.1200008392334,21.09414291381836,64867486
2020-09-18,2800.HK,25.239999771118164,25.260000228881836,25.079999923706055,25.239999771118164,21.194910049438477,48822387
2020-09-21,2800.HK,25.239999771118164,25.360000610351562,24.700000762939453,24.719999313354492,20.75824546813965,124941905
2020-09-22,2800.HK,24.6200008392334,24.68000030517578,24.440000534057617,24.5,20.573505401611328,93247378
2020-09-23,2800.HK,24.479999542236328,24.579999923706055,24.31999969482422,24.520000457763672,20.590301513671875,91849416
2020-09-24,2800.HK,24.34000015258789,24.360000610351562,23.979999542236328,24.1200008392334,20.25440788269043,134397017
2020-09-25,2800.HK,24.219999313354492,24.280000686645508,23.899999618530273,24.059999465942383,20.204023361206055,77083932
2020-09-28,2800.HK,24.239999771118164,24.299999237060547,24.020000457763672,24.280000686645508,20.388765335083008,79254256
2020-09-29,2800.HK,24.34000015258789,24.34000015258789,24.020000457763672,24.079999923706055,20.22081756591797,70395345
2020-09-30,2800.HK,24.200000762939453,24.579999923706055,24.139999389648438,24.280000686645508,20.388765335083008,56320305
2020-10-05,2800.HK,24.719999313354492,24.719999313354492,24.440000534057617,24.520000457763672,20.590301513671875,52447556
2020-10-06,2800.HK,24.6200008392334,24.799999237060547,24.6200008392334,24.780000686645508,20.808629989624023,41529205
2020-10-07,2800.HK,24.780000686645508,25.059999465942383,24.700000762939453,25.059999465942383,21.043758392333984,51322696
2020-10-08,2800.HK,25.040000915527344,25.040000915527344,24.799999237060547,24.940000534057617,20.942991256713867,74046496
2020-10-09,2800.HK,25.100000381469727,25.139999389648438,24.84000015258789,24.979999542236328,20.976579666137695,30779128
2020-10-12,2800.HK,25.020000457763672,25.520000457763672,24.979999542236328,25.479999542236328,21.396446228027344,47534936
2020-10-14,2800.HK,25.559999465942383,25.559999465942383,25.280000686645508,25.420000076293945,21.34606170654297,49829090
2020-10-15,2800.HK,25.3799991607666,25.3799991607666,24.8799991607666,24.899999618530273,20.909400939941406,79376147
2020-10-16,2800.HK,25.040000915527344,25.260000228881836,25.0,25.200000762939453,21.16132354736328,52032884
2020-10-19,2800.HK,25.299999237060547,25.579999923706055,25.260000228881836,25.31999969482422,21.262088775634766,54672234
2020-10-20,2800.HK,25.31999969482422,25.399999618530273,25.239999771118164,25.34000015258789,21.278886795043945,66273751
2020-10-21,2800.HK,25.559999465942383,25.65999984741211,25.420000076293945,25.540000915527344,21.446834564208984,83432750
2020-10-22,2800.HK,25.459999084472656,25.6200008392334,25.34000015258789,25.559999465942383,21.463624954223633,51803913
2020-10-23,2800.HK,25.540000915527344,25.780000686645508,25.459999084472656,25.700000762939453,21.581192016601562,48713861
2020-10-27,2800.HK,25.559999465942383,25.639999389648438,25.3799991607666,25.520000457763672,21.430038452148438,37362207
2020-10-28,2800.HK,25.520000457763672,25.6200008392334,25.3799991607666,25.459999084472656,21.379650115966797,62531482
2020-10-29,2800.HK,25.18000030517578,25.459999084472656,25.040000915527344,25.3799991607666,21.312475204467773,78352587
2020-10-30,2800.HK,24.600000381469727,24.719999313354492,24.139999389648438,24.239999771118164,20.898639678955078,79283571
2020-11-02,2800.HK,24.360000610351562,24.6200008392334,24.360000610351562,24.600000381469727,21.209016799926758,46754138
2020-11-03,2800.HK,24.799999237060547,25.219999313354492,24.799999237060547,25.1200008392334,21.65733528137207,84218849
2020-11-04,2800.HK,25.0,25.239999771118164,24.84000015258789,25.0,21.55388069152832,100126031
2020-11-05,2800.HK,25.65999984741211,25.81999969482422,25.459999084472656,25.700000762939453,22.15738868713379,84654671
2020-11-06,2800.HK,25.8799991607666,25.940000534057617,25.700000762939453,25.8799991607666,22.31257438659668,87980136
2020-11-09,2800.HK,26.299999237060547,26.34000015258789,26.100000381469727,26.15999984741211,22.553979873657227,72290066
2020-11-10,2800.HK,26.5,26.600000381469727,26.219999313354492,26.399999618530273,22.760892868041992,83898696
2020-11-11,2800.HK,26.31999969482422,26.600000381469727,26.31999969482422,26.399999618530273,22.760892868041992,97636305
2020-11-12,2800.HK,26.520000457763672,26.639999389648438,26.219999313354492,26.34000015258789,22.709163665771484,166116917
2020-11-13,2800.HK,26.239999771118164,26.31999969482422,26.079999923706055,26.299999237060547,22.6746768951416,91234196
2020-11-16,2800.HK,26.579999923706055,26.579999923706055,26.360000610351562,26.540000915527344,22.88159942626953,92118685
2020-11-17,2800.HK,26.6200008392334,26.68000030517578,26.5,26.579999923706055,22.91608238220215,71577163
2020-11-18,2800.HK,26.579999923706055,26.799999237060547,26.520000457763672,26.68000030517578,23.00229835510254,124478212
2020-11-19,2800.HK,26.6200008392334,26.6200008392334,26.479999542236328,26.520000457763672,22.86435317993164,117289137
2020-11-20,2800.HK,26.579999923706055,26.719999313354492,26.5,26.579999923706055,22.91608238220215,86855298
2020-11-23,2800.HK,26.780000686645508,26.84000015258789,26.540000915527344,26.639999389648438,22.967809677124023,62833738
2020-11-24,2800.HK,26.65999984741211,26.760000228881836,26.579999923706055,26.739999771118164,23.054027557373047,80822471
2020-11-25,2800.HK,26.940000534057617,27.219999313354492,26.760000228881836,26.780000686645508,23.088512420654297,180749789
2020-11-26,2800.HK,26.799999237060547,26.959999084472656,26.799999237060547,26.940000534057617,23.226459503173828,81798731
2020-11-27,2800.HK,26.959999084472656,27.200000762939453,26.8799991607666,27.079999923706055,23.3471622467041,91551465
2020-11-30,2800.HK,27.040000915527344,27.100000381469727,26.520000457763672,26.559999465942383,22.898839950561523,70778729
2020-12-01,2800.HK,26.600000381469727,26.81999969482422,26.559999465942383,26.719999313354492,23.036785125732422,138963572
2020-12-02,2800.HK,26.719999313354492,26.780000686645508,26.520000457763672,26.68000030517578,23.00229835510254,126219020
2020-12-03,2800.HK,26.719999313354492,26.979999542236328,26.719999313354492,26.899999618530273,23.191972732543945,142320347
2020-12-04,2800.HK,26.920000076293945,27.0,26.81999969482422,26.979999542236328,23.260944366455078,110577585
2020-12-07,2800.HK,26.959999084472656,26.959999084472656,26.420000076293945,26.6200008392334,22.95056915283203,207037986
2020-12-08,2800.HK,26.6200008392334,26.6200008392334,26.440000534057617,26.459999084472656,22.8126220703125,61081291
2020-12-09,2800.HK,26.579999923706055,26.860000610351562,26.579999923706055,26.68000030517578,23.00229835510254,100417252
2020-12-10,2800.HK,26.579999923706055,26.6200008392334,26.440000534057617,26.600000381469727,22.933324813842773,51166053
2020-12-11,2800.HK,26.700000762939453,26.8799991607666,26.6200008392334,26.700000762939453,23.019542694091797,83817969
2020-12-14,2800.HK,26.700000762939453,26.700000762939453,26.479999542236328,26.579999923706055,22.91608238220215,106098005
2020-12-15,2800.HK,26.559999465942383,26.559999465942383,26.280000686645508,26.399999618530273,22.760892868041992,108816090
2020-12-16,2800.HK,26.5,26.68000030517578,26.479999542236328,26.68000030517578,23.00229835510254,65183729
2020-12-17,2800.HK,26.68000030517578,26.860000610351562,26.579999923706055,26.860000610351562,23.157485961914062,76375643
2020-12-18,2800.HK,26.799999237060547,26.81999969482422,26.520000457763672,26.600000381469727,22.933324813842773,90258555
2020-12-21,2800.HK,26.600000381469727,26.68000030517578,26.440000534057617,26.459999084472656,22.8126220703125,65747097
2020-12-22,2800.HK,26.420000076293945,26.540000915527344,26.15999984741211,26.299999237060547,22.6746768951416,80171852
2020-12-23,2800.HK,26.260000228881836,26.520000457763672,26.239999771118164,26.520000457763672,22.86435317993164,54078882
2020-12-24,2800.HK,26.600000381469727,26.600000381469727,26.600000381469727,26.600000381469727,22.933324813842773,0
2020-12-28,2800.HK,26.579999923706055,26.700000762939453,26.459999084472656,26.479999542236328,22.829866409301758,96582169
2020-12-29,2800.HK,26.6200008392334,26.780000686645508,26.600000381469727,26.739999771118164,23.054027557373047,73601104
2020-12-30,2800.HK,26.799999237060547,27.360000610351562,26.799999237060547,27.34000015258789,23.571319580078125,154202172
2020-12-31,2800.HK,27.440000534057617,27.440000534057617,27.440000534057617,27.440000534057617,23.65753746032715,0
2021-01-04,2800.HK,27.360000610351562,27.68000030517578,27.31999969482422,27.639999389648438,23.829967498779297,228402605
2021-01-05,2800.HK,27.479999542236328,27.8799991607666,27.34000015258789,27.739999771118164,23.916181564331055,139782911
2021-01-06,2800.HK,27.799999237060547,27.940000534057617,27.579999923706055,27.84000015258789,24.002395629882812,145424037
2021-01-07,2800.HK,27.84000015258789,27.920000076293945,27.6200008392334,27.700000762939453,23.881696701049805,134972086
2021-01-08,2800.HK,27.719999313354492,28.1200008392334,27.719999313354492,28.020000457763672,24.1575870513916,137061944
2021-01-11,2800.HK,28.1200008392334,28.34000015258789,27.920000076293945,28.1200008392334,24.24380111694336,181701554
2021-01-12,2800.HK,28.0,28.440000534057617,27.940000534057617,28.399999618530273,24.485204696655273,93943696
2021-01-13,2800.HK,28.399999618530273,28.559999465942383,28.31999969482422,28.399999618530273,24.485204696655273,83291762
2021-01-14,2800.HK,28.520000457763672,28.68000030517578,28.440000534057617,28.639999389648438,24.692121505737305,68101095
2021-01-15,2800.HK,28.600000381469727,28.84000015258789,28.479999542236328,28.780000686645508,24.81282615661621,119929592
2021-01-18,2800.HK,28.579999923706055,29.020000457763672,28.559999465942383,29.0,25.00249671936035,113377041
2021-01-19,2800.HK,29.219999313354492,30.079999923706055,29.219999313354492,29.799999237060547,25.69222068786621,199207037
2021-01-20,2800.HK,29.799999237060547,30.15999984741211,29.799999237060547,30.079999923706055,25.933622360229492,109706843
2021-01-21,2800.HK,30.1200008392334,30.34000015258789,29.959999084472656,30.059999465942383,25.916379928588867,141578283
2021-01-22,2800.HK,30.0,30.059999465942383,29.579999923706055,29.6200008392334,25.537033081054688,115067230
2021-01-25,2800.HK,29.81999969482422,30.360000610351562,29.81999969482422,30.280000686645508,26.10605812072754,87663207
2021-01-26,2800.HK,30.100000381469727,30.139999389648438,29.520000457763672,29.559999465942383,25.485305786132812,149976152
2021-01-27,2800.HK,29.6200008392334,29.799999237060547,29.3799991607666,29.459999084472656,25.39908790588379,95880766
2021-01-28,2800.HK,29.1200008392334,29.31999969482422,28.600000381469727,28.700000762939453,24.743852615356445,247389991
2021-01-29,2800.HK,28.899999618530273,29.079999923706055,28.420000076293945,28.459999084472656,24.53693389892578,141637546
2021-02-01,2800.HK,28.540000915527344,29.15999984741211,28.540000915527344,29.059999465942383,25.05422592163086,129783654
2021-02-02,2800.HK,29.260000228881836,29.65999984741211,29.260000228881836,29.420000076293945,25.364604949951172,81083580
2021-02-03,2800.HK,29.479999542236328,29.479999542236328,29.1200008392334,29.459999084472656,25.39908790588379,95317398
2021-02-04,2800.HK,29.31999969482422,29.579999923706055,28.940000534057617,29.239999771118164,25.209415435791016,107379704
2021-02-05,2800.HK,29.459999084472656,29.65999984741211,29.34000015258789,29.479999542236328,25.416332244873047,174172378
2021-02-08,2800.HK,29.719999313354492,29.8799991607666,29.440000534057617,29.5,25.43357276916504,152370247
2021-02-09,2800.HK,29.540000915527344,29.700000762939453,29.440000534057617,29.579999923706055,25.502548217773438,106806595
2021-02-10,2800.HK,29.860000610351562,30.280000686645508,29.860000610351562,30.260000228881836,26.08881378173828,102634411
2021-02-11,2800.HK,30.31999969482422,30.31999969482422,30.31999969482422,30.31999969482422,26.140544891357422,0
2021-02-16,2800.HK,30.719999313354492,30.979999542236328,30.68000030517578,30.899999618530273,26.640592575073242,146038534
2021-02-17,2800.HK,30.700000762939453,31.34000015258789,30.639999389648438,31.239999771118164,26.933725357055664,156462589
2021-02-18,2800.HK,31.299999237060547,31.299999237060547,30.719999313354492,30.780000686645508,26.537132263183594,278673260
2021-02-19,2800.HK,30.700000762939453,30.860000610351562,30.260000228881836,30.799999237060547,26.55437469482422,176854354
2021-02-22,2800.HK,31.020000457763672,31.18000030517578,30.440000534057617,30.520000457763672,26.312973022460938,170119979
2021-02-23,2800.HK,30.399999618530273,31.139999389648438,30.34000015258789,30.799999237060547,26.55437469482422,139979605
2021-02-24,2800.HK,31.0,31.0,29.739999771118164,29.8799991607666,25.761194229125977,340256196
2021-02-25,2800.HK,30.239999771118164,30.6200008392334,30.0,30.31999969482422,26.140544891357422,260385453
2021-02-26,2800.HK,29.700000762939453,29.760000228881836,29.18000030517578,29.219999313354492,25.192171096801758,265158847
2021-03-01,2800.HK,29.540000915527344,29.68000030517578,29.360000610351562,29.579999923706055,25.502548217773438,63139114
2021-03-02,2800.HK,29.739999771118164,29.920000076293945,29.1200008392334,29.239999771118164,25.209415435791016,307064616
2021-03-03,2800.HK,29.299999237060547,30.100000381469727,29.299999237060547,30.0,25.864652633666992,144071549
2021-03-04,2800.HK,29.579999923706055,29.760000228881836,29.260000228881836,29.420000076293945,25.364604949951172,159091833
2021-03-05,2800.HK,29.0,29.559999465942383,28.700000762939453,29.239999771118164,25.209415435791016,259968152
2021-03-08,2800.HK,29.579999923706055,29.579999923706055,28.600000381469727,28.739999771118164,24.778335571289062,92655836
2021-03-09,2800.HK,28.860000610351562,29.239999771118164,28.559999465942383,28.959999084472656,24.9680118560791,136263489
2021-03-10,2800.HK,29.299999237060547,29.34000015258789,28.940000534057617,29.139999389648438,25.123201370239258,65562530
2021-03-11,2800.HK,29.18000030517578,29.68000030517578,29.18000030517578,29.579999923706055,25.502548217773438,77424032
2021-03-12,2800.HK,29.799999237060547,29.799999237060547,28.979999542236328,29.0,25.00249671936035,93625000
2021-03-15,2800.HK,29.15999984741211,29.420000076293945,28.899999618530273,29.1200008392334,25.10595703125,123480221
2021-03-16,2800.HK,29.31999969482422,29.3799991607666,29.1200008392334,29.260000228881836,25.226659774780273,82439909
2021-03-17,2800.HK,29.280000686645508,29.440000534057617,29.040000915527344,29.299999237060547,25.26114273071289,107180831
2021-03-18,2800.HK,29.579999923706055,29.84000015258789,29.579999923706055,29.65999984741211,25.57151985168457,115320699
2021-03-19,2800.HK,29.479999542236328,29.520000457763672,29.0,29.18000030517578,25.157686233520508,65560557
2021-03-22,2800.HK,29.079999923706055,29.399999618530273,29.059999465942383,29.100000381469727,25.088714599609375,52206663
2021-03-23,2800.HK,29.18000030517578,29.260000228881836,28.6200008392334,28.799999237060547,24.830066680908203,130071848
2021-03-24,2800.HK,28.719999313354492,28.760000228881836,28.059999465942383,28.1200008392334,24.24380111694336,73412137
2021-03-25,2800.HK,27.979999542236328,28.260000228881836,27.780000686645508,28.15999984741211,24.27828598022461,75622007
2021-03-26,2800.HK,28.260000228881836,28.68000030517578,28.260000228881836,28.559999465942383,24.623149871826172,60283922
2021-03-29,2800.HK,28.559999465942383,28.760000228881836,28.3799991607666,28.6200008392334,24.674880981445312,71440110
2021-03-30,2800.HK,28.68000030517578,28.979999542236328,28.639999389648438,28.81999969482422,24.84731101989746,70138159
2021-03-31,2800.HK,29.0,29.040000915527344,28.600000381469727,28.65999984741211,24.709365844726562,51539018
2021-04-01,2800.HK,28.81999969482422,29.219999313354492,28.760000228881836,29.15999984741211,25.14044189453125,119073490
2021-04-07,2800.HK,29.31999969482422,29.360000610351562,28.860000610351562,28.899999618530273,24.91628074645996,70149604
2021-04-08,2800.HK,28.760000228881836,29.34000015258789,28.760000228881836,29.280000686645508,25.243900299072266,61542723
2021-04-09,2800.HK,29.31999969482422,29.31999969482422,28.860000610351562,29.0,25.00249671936035,109682038
2021-04-12,2800.HK,29.0,29.059999465942383,28.540000915527344,28.639999389648438,24.692121505737305,92656958
2021-04-13,2800.HK,28.780000686645508,29.139999389648438,28.700000762939453,28.920000076293945,24.93352508544922,97292551
2021-04-14,2800.HK,29.0,29.260000228881836,28.940000534057617,29.200000762939453,25.174930572509766,111558109
2021-04-15,2800.HK,29.139999389648438,29.139999389648438,28.780000686645508,29.020000457763672,25.01974105834961,74662090
2021-04-16,2800.HK,29.079999923706055,29.34000015258789,28.959999084472656,29.239999771118164,25.209415435791016,138701013
2021-04-19,2800.HK,29.239999771118164,29.600000381469727,29.040000915527344,29.3799991607666,25.330116271972656,68458582
2021-04-20,2800.HK,29.200000762939453,29.479999542236328,29.1200008392334,29.360000610351562,25.31287384033203,82873525
2021-04-21,2800.HK,29.020000457763672,29.020000457763672,28.760000228881836,28.899999618530273,24.91628074645996,113423937
2021-04-22,2800.HK,28.979999542236328,29.100000381469727,28.860000610351562,29.0,25.00249671936035,111073126
2021-04-23,2800.HK,29.0,29.3799991607666,29.0,29.360000610351562,25.31287384033203,66272214
2021-04-26,2800.HK,29.360000610351562,29.540000915527344,29.18000030517578,29.219999313354492,25.192171096801758,96886088
2021-04-27,2800.HK,29.15999984741211,29.31999969482422,29.100000381469727,29.15999984741211,25.14044189453125,84068362
2021-04-28,2800.HK,29.200000762939453,29.34000015258789,29.15999984741211,29.34000015258789,25.29562759399414,69781158
2021-04-29,2800.HK,29.34000015258789,29.579999923706055,29.31999969482422,29.459999084472656,25.512126922607422,86663710
2021-04-30,2800.HK,29.260000228881836,29.280000686645508,28.799999237060547,28.799999237060547,24.940574645996094,92409350
2021-05-03,2800.HK,28.860000610351562,28.860000610351562,28.399999618530273,28.479999542236328,24.6634578704834,127876293
2021-05-04,2800.HK,28.5,28.780000686645508,28.479999542236328,28.780000686645508,24.923255920410156,64161714
2021-05-05,2800.HK,28.600000381469727,28.860000610351562,28.5,28.639999389648438,24.80201530456543,76845974
2021-05-06,2800.HK,28.739999771118164,28.959999084472656,28.540000915527344,28.780000686645508,24.923255920410156,109670006
2021-05-07,2800.HK,28.940000534057617,29.059999465942383,28.719999313354492,28.81999969482422,24.95789337158203,136163189
2021-05-10,2800.HK,28.959999084472656,29.040000915527344,28.639999389648438,28.739999771118164,24.888612747192383,54038944
2021-05-11,2800.HK,28.440000534057617,28.440000534057617,28.079999923706055,28.1200008392334,24.351699829101562,213603503
2021-05-12,2800.HK,28.18000030517578,28.399999618530273,28.059999465942383,28.399999618530273,24.59417724609375,223281629
2021-05-13,2800.HK,28.100000381469727,28.239999771118164,27.899999618530273,27.979999542236328,24.230457305908203,153172831
2021-05-14,2800.HK,28.100000381469727,28.260000228881836,27.899999618530273,28.200000762939453,24.42098045349121,132378939
2021-05-17,2800.HK,28.299999237060547,28.459999084472656,28.239999771118164,28.3799991607666,24.576858520507812,142414904
2021-05-18,2800.HK,28.520000457763672,28.84000015258789,28.520000457763672,28.780000686645508,24.923255920410156,99167757
2021-05-20,2800.HK,28.520000457763672,28.700000762939453,28.479999542236328,28.6200008392334,24.78469467163086,121690206
2021-05-21,2800.HK,28.719999313354492,28.780000686645508,28.5,28.639999389648438,24.80201530456543,147652140
2021-05-24,2800.HK,28.639999389648438,28.68000030517578,28.420000076293945,28.65999984741211,24.8193359375,54810736
2021-05-25,2800.HK,28.700000762939453,29.200000762939453,28.700000762939453,29.18000030517578,25.269651412963867,122001934
2021-05-26,2800.HK,29.219999313354492,29.559999465942383,29.219999313354492,29.3799991607666,25.442846298217773,164987331
2021-05-27,2800.HK,29.3799991607666,29.459999084472656,29.260000228881836,29.3799991607666,25.442846298217773,168068872
2021-05-28,2800.HK,29.440000534057617,29.65999984741211,29.360000610351562,29.420000076293945,25.477489471435547,118076804
2021-05-31,2800.HK,29.420000076293945,29.459999084472656,29.219999313354492,29.399999618530273,25.460168838500977,112240105
2021-06-01,2800.HK,29.399999618530273,29.799999237060547,29.360000610351562,29.780000686645508,25.78924560546875,98728369
2021-06-02,2800.HK,29.760000228881836,29.81999969482422,29.520000457763672,29.579999923706055,25.616046905517578,90801081
2021-06-03,2800.HK,29.579999923706055,29.700000762939453,29.239999771118164,29.260000228881836,25.33893394470215,98427372
2021-06-04,2800.HK,29.139999389648438,29.3799991607666,29.079999923706055,29.239999771118164,25.321611404418945,111515232
2021-06-07,2800.HK,29.299999237060547,29.34000015258789,28.979999542236328,29.139999389648438,25.23501205444336,88395722
2021-06-08,2800.HK,29.219999313354492,29.34000015258789,28.979999542236328,29.1200008392334,25.21769142150879,131938862
2021-06-09,2800.HK,29.139999389648438,29.200000762939453,29.020000457763672,29.100000381469727,25.20037078857422,55672011
2021-06-10,2800.HK,29.100000381469727,29.299999237060547,29.0,29.079999923706055,25.18305206298828,85369409
2021-06-11,2800.HK,29.15999984741211,29.31999969482422,29.079999923706055,29.200000762939453,25.286972045898438,90191570
2021-06-15,2800.HK,29.260000228881836,29.260000228881836,28.799999237060547,29.0,25.113771438598633,108019194
2021-06-16,2800.HK,29.0,29.0,28.780000686645508,28.799999237060547,24.940574645996094,72146050
2021-06-17,2800.HK,28.65999984741211,28.8799991607666,28.540000915527344,28.8799991607666,25.00985336303711,85506564
2021-06-18,2800.HK,28.899999618530273,29.18000030517578,28.860000610351562,29.15999984741211,25.252330780029297,120050435
2021-06-21,2800.HK,28.920000076293945,28.959999084472656,28.700000762939453,28.860000610351562,24.992536544799805,128110956
2021-06-22,2800.HK,28.940000534057617,28.940000534057617,28.639999389648438,28.65999984741211,24.8193359375,72478803
2021-06-23,2800.HK,28.799999237060547,29.280000686645508,28.780000686645508,29.219999313354492,25.304292678833008,98731810
2021-06-24,2800.HK,29.219999313354492,29.360000610351562,29.15999984741211,29.280000686645508,25.356250762939453,82759202
2021-06-25,2800.HK,29.360000610351562,29.700000762939453,29.34000015258789,29.6200008392334,25.65069007873535,97693380
2021-06-28,2800.HK,29.639999389648438,29.760000228881836,29.639999389648438,29.639999389648438,25.668006896972656,30504304
2021-06-29,2800.HK,29.639999389648438,29.68000030517578,29.34000015258789,29.420000076293945,25.477489471435547,88806525
2021-06-30,2800.HK,29.479999542236328,29.559999465942383,29.239999771118164,29.239999771118164,25.321611404418945,53109935
2021-07-02,2800.HK,29.239999771118164,29.239999771118164,28.68000030517578,28.739999771118164,24.888612747192383,119439414
2021-07-05,2800.HK,28.700000762939453,28.780000686645508,28.520000457763672,28.639999389648438,24.80201530456543,103797915
2021-07-06,2800.HK,28.639999389648438,28.639999389648438,28.34000015258789,28.559999465942383,24.732736587524414,135749753
2021-07-07,2800.HK,28.479999542236328,28.540000915527344,28.260000228881836,28.540000915527344,24.71541404724121,122170518
2021-07-08,2800.HK,28.399999618530273,28.440000534057617,27.639999389648438,27.739999771118164,24.02262306213379,196854803
2021-07-09,2800.HK,27.739999771118164,28.0,27.399999618530273,27.940000534057617,24.195823669433594,124739519
2021-07-12,2800.HK,28.139999389648438,28.239999771118164,27.940000534057617,28.100000381469727,24.334381103515625,112584027
2021-07-13,2800.HK,28.200000762939453,28.559999465942383,28.15999984741211,28.479999542236328,24.6634578704834,129453937
2021-07-14,2800.HK,28.440000534057617,28.440000534057617,28.219999313354492,28.299999237060547,24.507579803466797,136726760
2021-07-15,2800.HK,28.299999237060547,28.719999313354492,28.280000686645508,28.5,24.680776596069336,129869836
2021-07-16,2800.HK,28.420000076293945,28.760000228881836,28.3799991607666,28.600000381469727,24.767375946044922,174129857
2021-07-19,2800.HK,28.280000686645508,28.280000686645508,27.920000076293945,28.0,24.247779846191406,129778315
2021-07-20,2800.HK,27.899999618530273,28.079999923706055,27.639999389648438,27.760000228881836,24.03994369506836,195598372
2021-07-21,2800.HK,27.899999618530273,27.899999618530273,27.479999542236328,27.760000228881836,24.03994369506836,206168694
2021-07-22,2800.HK,27.959999084472656,28.299999237060547,27.959999084472656,28.239999771118164,24.455617904663086,96105716
2021-07-23,2800.HK,28.239999771118164,28.239999771118164,27.739999771118164,27.860000610351562,24.126543045043945,142216153
2021-07-26,2800.HK,27.5,27.5,26.700000762939453,26.700000762939453,23.121990203857422,304025928
2021-07-27,2800.HK,26.540000915527344,26.860000610351562,25.260000228881836,25.65999984741211,22.221359252929688,392320825
2021-07-28,2800.HK,26.0,26.040000915527344,25.360000610351562,26.040000915527344,22.550437927246094,224807879
2021-07-29,2800.HK,26.6200008392334,26.860000610351562,26.360000610351562,26.84000015258789,23.243228912353516,287262714
2021-07-30,2800.HK,26.559999465942383,26.68000030517578,26.15999984741211,26.520000457763672,22.966114044189453,170931870
2021-08-02,2800.HK,26.559999465942383,26.84000015258789,26.280000686645508,26.719999313354492,23.139310836791992,132804970
2021-08-03,2800.HK,26.739999771118164,26.780000686645508,26.299999237060547,26.68000030517578,23.104671478271484,163455490
2021-08-04,2800.HK,26.6200008392334,27.15999984741211,26.520000457763672,26.940000534057617,23.3298282623291,104254517
2021-08-05,2800.HK,26.920000076293945,27.079999923706055,26.639999389648438,26.719999313354492,23.139310836791992,139972359
2021-08-06,2800.HK,26.719999313354492,26.799999237060547,26.5,26.700000762939453,23.121990203857422,141828729
2021-08-09,2800.HK,26.5,27.040000915527344,26.420000076293945,26.760000228881836,23.173948287963867,110178501
2021-08-10,2800.HK,26.940000534057617,27.1200008392334,26.639999389648438,27.079999923706055,23.451068878173828,202917571
2021-08-11,2800.HK,27.0,27.34000015258789,26.940000534057617,27.139999389648438,23.50302505493164,158300464
2021-08-12,2800.HK,27.139999389648438,27.219999313354492,26.899999618530273,26.979999542236328,23.364469528198242,123058958
2021-08-13,2800.HK,26.8799991607666,27.059999465942383,26.719999313354492,26.899999618530273,23.295188903808594,155368775
2021-08-16,2800.HK,26.8799991607666,26.979999542236328,26.579999923706055,26.719999313354492,23.139310836791992,58478965
2021-08-17,2800.HK,26.700000762939453,26.780000686645508,26.139999389648438,26.260000228881836,22.740955352783203,174872152
2021-08-18,2800.HK,26.31999969482422,26.540000915527344,26.239999771118164,26.3799991607666,22.844871520996094,169612853
2021-08-19,2800.HK,26.299999237060547,26.360000610351562,25.739999771118164,25.84000015258789,22.37723731994629,216318363
2021-08-20,2800.HK,25.84000015258789,25.84000015258789,25.1200008392334,25.3799991607666,21.9788818359375,249303762
2021-08-23,2800.HK,25.68000030517578,26.020000457763672,25.579999923706055,25.68000030517578,22.238677978515625,152536673
2021-08-24,2800.HK,25.979999542236328,26.239999771118164,25.899999618530273,26.239999771118164,22.7236328125,130935414
2021-08-25,2800.HK,26.420000076293945,26.559999465942383,26.139999389648438,26.260000228881836,22.740955352783203,103494422
2021-08-26,2800.HK,26.139999389648438,26.280000686645508,25.84000015258789,25.979999542236328,22.498476028442383,105433988
2021-08-27,2800.HK,25.979999542236328,26.239999771118164,25.899999618530273,25.959999084472656,22.481157302856445,43539144
2021-08-30,2800.HK,25.979999542236328,26.15999984741211,25.780000686645508,26.100000381469727,22.60239601135254,28772276
2021-08-31,2800.HK,26.079999923706055,26.420000076293945,25.700000762939453,26.420000076293945,22.879512786865234,91394001
2021-09-01,2800.HK,26.399999618530273,26.68000030517578,26.260000228881836,26.600000381469727,23.035390853881836,186144619
2021-09-02,2800.HK,26.719999313354492,26.979999542236328,26.600000381469727,26.700000762939453,23.121990203857422,127276466
2021-09-03,2800.HK,26.579999923706055,26.700000762939453,26.440000534057617,26.540000915527344,22.983434677124023,32987358
2021-09-06,2800.HK,26.540000915527344,26.799999237060547,26.459999084472656,26.760000228881836,23.173948287963867,69575356
2021-09-07,2800.HK,26.799999237060547,27.079999923706055,26.719999313354492,26.979999542236328,23.364469528198242,123919910
2021-09-08,2800.HK,26.979999542236328,27.18000030517578,26.799999237060547,26.899999618530273,23.295188903808594,125152959
2021-09-09,2800.HK,26.719999313354492,26.760000228881836,26.280000686645508,26.34000015258789,22.81023406982422,75659942
2021-09-10,2800.HK,26.479999542236328,26.860000610351562,26.479999542236328,26.84000015258789,23.243228912353516,170895552
2021-09-13,2800.HK,26.540000915527344,26.540000915527344,26.219999313354492,26.459999084472656,22.914154052734375,202536124
2021-09-14,2800.HK,26.479999542236328,26.559999465942383,26.020000457763672,26.15999984741211,22.654356002807617,185164908
2021-09-15,2800.HK,26.0,26.079999923706055,25.639999389648438,25.780000686645508,22.32527732849121,204130999
2021-09-16,2800.HK,25.700000762939453,25.700000762939453,25.15999984741211,25.360000610351562,21.961559295654297,127594016
2021-09-17,2800.HK,25.299999237060547,25.579999923706055,25.079999923706055,25.579999923706055,22.152080535888672,84603738
2021-09-20,2800.HK,25.34000015258789,25.34000015258789,24.520000457763672,24.760000228881836,21.441965103149414,292965897
2021-09-21,2800.HK,24.559999465942383,24.920000076293945,24.440000534057617,24.860000610351562,21.528566360473633,218963432
2021-09-23,2800.HK,25.18000030517578,25.479999542236328,24.959999084472656,25.18000030517578,21.805683135986328,187960886
2021-09-24,2800.HK,25.100000381469727,25.280000686645508,24.719999313354492,24.860000610351562,21.528566360473633,83459287
2021-09-27,2800.HK,24.799999237060547,25.15999984741211,24.799999237060547,24.81999969482422,21.493927001953125,104754659
2021-09-28,2800.HK,24.899999618530273,25.31999969482422,24.8799991607666,25.1200008392334,21.753725051879883,235192042
2021-09-29,2800.HK,24.979999542236328,25.360000610351562,24.700000762939453,25.31999969482422,21.926921844482422,212061623
2021-09-30,2800.HK,25.15999984741211,25.31999969482422,25.0,25.219999313354492,21.840320587158203,71078931
2021-10-04,2800.HK,25.15999984741211,25.15999984741211,24.559999465942383,24.719999313354492,21.407325744628906,149813771
2021-10-05,2800.HK,24.440000534057617,24.860000610351562,24.360000610351562,24.760000228881836,21.441965103149414,180428381
2021-10-06,2800.HK,24.8799991607666,24.8799991607666,24.459999084472656,24.6200008392334,21.320730209350586,242161618
2021-10-07,2800.HK,24.940000534057617,25.420000076293945,24.940000534057617,25.360000610351562,21.961559295654297,71846188
2021-10-08,2800.HK,25.6200008392334,25.639999389648438,25.280000686645508,25.479999542236328,22.065479278564453,258944983
2021-10-11,2800.HK,25.700000762939453,26.100000381469727,25.700000762939453,25.940000534057617,22.463838577270508,126088908
2021-10-12,2800.HK,25.700000762939453,25.84000015258789,25.540000915527344,25.600000381469727,22.169401168823242,144967252
2021-10-15,2800.HK,25.81999969482422,25.979999542236328,25.579999923706055,25.979999542236328,22.498476028442383,198904310
2021-10-18,2800.HK,26.079999923706055,26.100000381469727,25.780000686645508,26.100000381469727,22.60239601135254,169890340
2021-10-19,2800.HK,26.15999984741211,26.5,26.139999389648438,26.440000534057617,22.896835327148438,109018342
2021-10-20,2800.HK,26.65999984741211,26.8799991607666,26.559999465942383,26.81999969482422,23.225908279418945,168641518
2021-10-21,2800.HK,26.799999237060547,26.899999618530273,26.5,26.6200008392334,23.05271339416504,203081360
2021-10-22,2800.HK,26.760000228881836,26.84000015258789,26.639999389648438,26.760000228881836,23.173948287963867,114325908
2021-10-25,2800.HK,26.68000030517578,26.8799991607666,26.579999923706055,26.780000686645508,23.191268920898438,63407691
2021-10-26,2800.HK,26.8799991607666,26.8799991607666,26.559999465942383,26.68000030517578,23.104671478271484,112252731
2021-10-27,2800.HK,26.440000534057617,26.440000534057617,26.219999313354492,26.280000686645508,22.758272171020508,100978240
2021-10-28,2800.HK,26.280000686645508,26.399999618530273,26.1200008392334,26.18000030517578,22.671674728393555,133484358
2021-10-29,2800.HK,25.639999389648438,25.639999389648438,25.440000534057617,25.520000457763672,22.565567016601562,119120618
2021-11-01,2800.HK,25.420000076293945,25.440000534057617,25.100000381469727,25.299999237060547,22.371034622192383,119223633
2021-11-02,2800.HK,25.639999389648438,25.760000228881836,25.15999984741211,25.299999237060547,22.371034622192383,118401062
2021-11-03,2800.HK,25.18000030517578,25.31999969482422,24.920000076293945,25.15999984741211,22.247243881225586,126020555
2021-11-04,2800.HK,25.260000228881836,25.3799991607666,25.1200008392334,25.3799991607666,22.4417724609375,80502478
2021-11-05,2800.HK,25.1200008392334,25.18000030517578,24.84000015258789,25.079999923706055,22.176504135131836,158204889
2021-11-08,2800.HK,24.979999542236328,24.979999542236328,24.799999237060547,24.959999084472656,22.070398330688477,155069948
2021-11-09,2800.HK,25.059999465942383,25.100000381469727,24.81999969482422,24.959999084472656,22.070398330688477,83223048
2021-11-10,2800.HK,24.899999618530273,25.15999984741211,24.600000381469727,25.15999984741211,22.247243881225586,208461285
2021-11-11,2800.HK,25.020000457763672,25.479999542236328,24.940000534057617,25.440000534057617,22.494829177856445,92441060
2021-11-12,2800.HK,25.65999984741211,25.65999984741211,25.34000015258789,25.5,22.547882080078125,105369599
2021-11-15,2800.HK,25.559999465942383,25.600000381469727,25.360000610351562,25.559999465942383,22.600934982299805,91847053
2021-11-16,2800.HK,25.600000381469727,25.899999618530273,25.540000915527344,25.799999237060547,22.813152313232422,106885999
2021-11-17,2800.HK,25.739999771118164,25.799999237060547,25.639999389648438,25.780000686645508,22.795469284057617,136394741
2021-11-18,2800.HK,25.520000457763672,25.559999465942383,25.360000610351562,25.399999618530273,22.459457397460938,125771052
2021-11-19,2800.HK,25.100000381469727,25.219999313354492,24.940000534057617,25.18000030517578,22.264928817749023,156635814
2021-11-22,2800.HK,25.200000762939453,25.260000228881836,25.020000457763672,25.100000381469727,22.194189071655273,90297639
2021-11-23,2800.HK,24.860000610351562,24.959999084472656,24.739999771118164,24.81999969482422,21.946605682373047,125764402
2021-11-24,2800.HK,24.8799991607666,25.0,24.700000762939453,24.860000610351562,21.981975555419922,91987875
2021-11-25,2800.HK,24.81999969482422,24.920000076293945,24.65999984741211,24.920000076293945,22.035030364990234,120091303
2021-11-26,2800.HK,24.68000030517578,24.68000030517578,24.200000762939453,24.260000228881836,21.451435089111328,127849172
2021-11-29,2800.HK,24.1200008392334,24.299999237060547,23.899999618530273,24.139999389648438,21.345327377319336,209546164
2021-11-30,2800.HK,24.100000381469727,24.100000381469727,23.299999237060547,23.6200008392334,20.885528564453125,228092887
2021-12-01,2800.HK,23.719999313354492,24.020000457763672,23.700000762939453,23.84000015258789,21.08005714416504,69429514
2021-12-02,2800.HK,23.739999771118164,23.959999084472656,23.65999984741211,23.959999084472656,21.186166763305664,120228802
2021-12-03,2800.HK,23.8799991607666,23.959999084472656,23.579999923706055,23.920000076293945,21.15079689025879,137673000
2021-12-06,2800.HK,23.600000381469727,23.780000686645508,23.459999084472656,23.5,20.779420852661133,156605173
2021-12-07,2800.HK,23.81999969482422,24.139999389648438,23.65999984741211,24.139999389648438,21.345327377319336,119866887
2021-12-08,2800.HK,24.200000762939453,24.219999313354492,24.040000915527344,24.15999984741211,21.363014221191406,87442525
2021-12-09,2800.HK,24.299999237060547,24.459999084472656,24.299999237060547,24.3799991607666,21.55754280090332,85882002
2021-12-10,2800.HK,24.219999313354492,24.3799991607666,24.059999465942383,24.1200008392334,21.327646255493164,116763136
2021-12-13,2800.HK,24.360000610351562,24.520000457763672,24.079999923706055,24.139999389648438,21.345327377319336,104282674
2021-12-14,2800.HK,23.84000015258789,23.959999084472656,23.719999313354492,23.760000228881836,21.009321212768555,109230893
2021-12-15,2800.HK,23.81999969482422,23.8799991607666,23.479999542236328,23.579999923706055,20.85015869140625,119409660
2021-12-16,2800.HK,23.520000457763672,23.68000030517578,23.299999237060547,23.65999984741211,20.920896530151367,188671973
2021-12-17,2800.HK,23.639999389648438,23.639999389648438,23.299999237060547,23.34000015258789,20.6379451751709,172463532
2021-12-20,2800.HK,23.219999313354492,23.299999237060547,22.81999969482422,22.899999618530273,20.248882293701172,120704654
2021-12-21,2800.HK,22.920000076293945,23.219999313354492,22.8799991607666,23.100000381469727,20.425729751586914,144791716
2021-12-22,2800.HK,23.31999969482422,23.3799991607666,23.1200008392334,23.200000762939453,20.5141544342041,61533742
2021-12-23,2800.HK,23.299999237060547,23.399999618530273,23.18000030517578,23.34000015258789,20.6379451751709,96107039
2021-12-24,2800.HK,23.520000457763672,23.520000457763672,23.31999969482422,23.3799991607666,20.673315048217773,23398952
2021-12-28,2800.HK,23.399999618530273,23.459999084472656,23.239999771118164,23.420000076293945,20.708683013916016,89272826
2021-12-29,2800.HK,23.3799991607666,23.3799991607666,23.139999389648438,23.200000762939453,20.5141544342041,103755282
2021-12-30,2800.HK,23.219999313354492,23.399999618530273,23.1200008392334,23.280000686645508,20.58489227294922,177232854
2021-12-31,2800.HK,23.639999389648438,23.739999771118164,23.520000457763672,23.520000457763672,20.79710578918457,47803685
2022-01-03,2800.HK,23.65999984741211,23.760000228881836,23.34000015258789,23.399999618530273,20.690996170043945,100227198
2022-01-04,2800.HK,23.520000457763672,23.579999923706055,23.280000686645508,23.440000534057617,20.726369857788086,74708335
2022-01-05,2800.HK,23.440000534057617,23.440000534057617,23.0,23.040000915527344,20.3726749420166,149530742
2022-01-06,2800.HK,23.0,23.219999313354492,22.860000610351562,23.219999313354492,20.531835556030273,116238361
2022-01-07,2800.HK,23.399999618530273,23.65999984741211,23.280000686645508,23.639999389648438,20.903213500976562,169287010
2022-01-10,2800.HK,23.6200008392334,23.920000076293945,23.540000915527344,23.84000015258789,21.08005714416504,187033452
2022-01-11,2800.HK,23.81999969482422,24.0,23.700000762939453,23.860000610351562,21.09774398803711,139938734
2022-01-12,2800.HK,24.1200008392334,24.520000457763672,24.1200008392334,24.5,21.663650512695312,193702156
2022-01-13,2800.HK,24.639999389648438,24.68000030517578,24.440000534057617,24.559999465942383,21.716705322265625,136488810
2022-01-14,2800.HK,24.299999237060547,24.520000457763672,24.280000686645508,24.479999542236328,21.645967483520508,163330265
2022-01-17,2800.HK,24.479999542236328,24.540000915527344,24.239999771118164,24.34000015258789,21.522174835205078,133736058
2022-01-18,2800.HK,24.3799991607666,24.540000915527344,24.15999984741211,24.260000228881836,21.451435089111328,121488166
2022-01-19,2800.HK,24.260000228881836,24.420000076293945,24.100000381469727,24.219999313354492,21.416067123413086,86583949
2022-01-20,2800.HK,24.360000610351562,25.100000381469727,24.360000610351562,25.079999923706055,22.176504135131836,120509638
2022-01-21,2800.HK,25.0,25.1200008392334,24.8799991607666,25.059999465942383,22.15882110595703,68885753
2022-01-24,2800.HK,24.899999618530273,24.940000534057617,24.719999313354492,24.799999237060547,21.928918838500977,112373404
2022-01-25,2800.HK,24.360000610351562,24.520000457763672,24.139999389648438,24.399999618530273,21.575227737426758,293789413
2022-01-26,2800.HK,24.5,24.6200008392334,24.260000228881836,24.399999618530273,21.575227737426758,180807801
2022-01-27,2800.HK,24.260000228881836,24.260000228881836,23.700000762939453,23.920000076293945,21.15079689025879,291671561
2022-01-28,2800.HK,23.979999542236328,24.020000457763672,23.639999389648438,23.68000030517578,20.93858528137207,162818577
2022-01-31,2800.HK,24.0,24.0,24.0,24.0,21.22153663635254,0
2022-02-04,2800.HK,24.3799991607666,24.760000228881836,24.280000686645508,24.700000762939453,21.840497970581055,220027120
2022-02-07,2800.HK,24.68000030517578,24.739999771118164,24.5,24.68000030517578,21.822813034057617,147467524
2022-02-08,2800.HK,24.68000030517578,24.700000762939453,24.299999237060547,24.479999542236328,21.645967483520508,112232200
2022-02-09,2800.HK,24.860000610351562,25.040000915527344,24.81999969482422,24.959999084472656,22.070398330688477,108838723
2022-02-10,2800.HK,25.15999984741211,25.15999984741211,24.799999237060547,25.040000915527344,22.141138076782227,165812867
2022-02-11,2800.HK,24.959999084472656,25.100000381469727,24.8799991607666,25.020000457763672,22.12345314025879,161166266
2022-02-14,2800.HK,24.81999969482422,24.8799991607666,24.6200008392334,24.68000030517578,21.822813034057617,117839230
2022-02-15,2800.HK,24.600000381469727,24.719999313354492,24.360000610351562,24.459999084472656,21.62828254699707,97270099
2022-02-16,2800.HK,24.719999313354492,24.899999618530273,24.68000030517578,24.81999969482422,21.946605682373047,83316978
2022-02-17,2800.HK,24.8799991607666,25.020000457763672,24.65999984741211,24.920000076293945,22.035030364990234,79639813
2022-02-18,2800.HK,24.84000015258789,24.899999618530273,24.420000076293945,24.479999542236328,21.645967483520508,157742281
2022-02-21,2800.HK,24.239999771118164,24.360000610351562,24.139999389648438,24.34000015258789,21.522174835205078,206095688
2022-02-22,2800.HK,23.899999618530273,23.959999084472656,23.479999542236328,23.6200008392334,20.885528564453125,245696511
2022-02-23,2800.HK,23.700000762939453,23.8799991607666,23.639999389648438,23.799999237060547,21.044689178466797,105482891
2022-02-24,2800.HK,23.34000015258789,23.5,22.920000076293945,23.059999465942383,20.390356063842773,275542543
2022-02-25,2800.HK,23.079999923706055,23.18000030517578,22.860000610351562,22.920000076293945,20.26656723022461,161061239
2022-02-28,2800.HK,22.899999618530273,22.920000076293945,22.540000915527344,22.8799991607666,20.231197357177734,150645680
2022-03-01,2800.HK,22.8799991607666,23.059999465942383,22.700000762939453,22.8799991607666,20.231197357177734,79088077
2022-03-02,2800.HK,22.68000030517578,22.81999969482422,22.420000076293945,22.5,19.895191192626953,76953861
2022-03-03,2800.HK,22.579999923706055,22.65999984741211,22.5,22.639999389648438,20.01898193359375,94225845
2022-03-04,2800.HK,22.1200008392334,22.15999984741211,21.959999084472656,22.059999465942383,19.506128311157227,192679175
2022-03-07,2800.HK,21.5,21.5,20.959999084472656,21.219999313354492,18.76337432861328,217260223
2022-03-08,2800.HK,21.280000686645508,21.440000534057617,20.760000228881836,20.8799991607666,18.46273422241211,262888986
2022-03-09,2800.HK,21.0,21.1200008392334,20.239999771118164,20.780000686645508,18.374313354492188,385661835
2022-03-10,2800.HK,21.18000030517578,21.299999237060547,20.899999618530273,21.100000381469727,18.657268524169922,189308317
2022-03-11,2800.HK,20.600000381469727,20.979999542236328,20.260000228881836,20.799999237060547,18.391998291015625,299614705
2022-03-14,2800.HK,20.420000076293945,20.420000076293945,19.6200008392334,19.799999237060547,17.507768630981445,374531525
2022-03-15,2800.HK,19.299999237060547,19.59000015258789,18.440000534057617,18.649999618530273,16.490903854370117,725229821
2022-03-16,2800.HK,19.149999618530273,20.31999969482422,18.760000228881836,20.239999771118164,17.89682960510254,959365527
2022-03-17,2800.HK,21.399999618530273,21.68000030517578,20.959999084472656,21.68000030517578,19.170122146606445,446335081
2022-03-18,2800.HK,21.399999618530273,21.84000015258789,21.1200008392334,21.65999984741211,19.152437210083008,346781338
2022-03-21,2800.HK,22.0,22.0,21.280000686645508,21.399999618530273,18.922534942626953,156740616
2022-03-22,2800.HK,21.540000915527344,22.1200008392334,21.459999084472656,22.079999923706055,19.523813247680664,134745528
2022-03-23,2800.HK,22.219999313354492,22.600000381469727,22.15999984741211,22.31999969482422,19.73603057861328,162530898
2022-03-24,2800.HK,22.139999389648438,22.420000076293945,22.079999923706055,22.139999389648438,19.576866149902344,89109173
2022-03-25,2800.HK,21.959999084472656,22.139999389648438,21.479999542236328,21.579999923706055,19.081697463989258,132397848
2022-03-28,2800.HK,21.600000381469727,21.979999542236328,21.420000076293945,21.8799991607666,19.346969604492188,91437684
2022-03-29,2800.HK,21.979999542236328,22.1200008392334,21.920000076293945,22.1200008392334,19.55918312072754,151972062
2022-03-30,2800.HK,22.299999237060547,22.579999923706055,22.239999771118164,22.399999618530273,19.8067684173584,123674302
2022-03-31,2800.HK,22.399999618530273,22.420000076293945,22.100000381469727,22.280000686645508,19.700660705566406,67751408
2022-04-01,2800.HK,21.899999618530273,22.260000228881836,21.739999771118164,22.260000228881836,19.68297576904297,150712483
2022-04-04,2800.HK,22.440000534057617,22.739999771118164,22.31999969482422,22.700000762939453,20.07203483581543,141865829
2022-04-06,2800.HK,22.459999084472656,22.459999084472656,22.219999313354492,22.260000228881836,19.68297576904297,93337163
2022-04-07,2800.HK,22.139999389648438,22.420000076293945,21.959999084472656,22.020000457763672,19.47075843811035,158108533
2022-04-08,2800.HK,21.959999084472656,22.100000381469727,21.760000228881836,22.100000381469727,19.5414981842041,159529589
2022-04-11,2800.HK,21.8799991607666,21.8799991607666,21.34000015258789,21.420000076293945,18.940221786499023,229730506
2022-04-12,2800.HK,21.479999542236328,21.719999313354492,21.18000030517578,21.520000457763672,19.02864646911621,160726582
2022-04-13,2800.HK,21.420000076293945,21.719999313354492,21.31999969482422,21.579999923706055,19.081697463989258,165232208
2022-04-14,2800.HK,21.6200008392334,21.799999237060547,21.559999465942383,21.719999313354492,19.205488204956055,160482665
2022-04-19,2800.HK,21.360000610351562,21.399999618530273,21.059999465942383,21.219999313354492,18.76337432861328,223582735
2022-04-20,2800.HK,21.15999984741211,21.420000076293945,21.079999923706055,21.1200008392334,18.67495346069336,100551024
2022-04-21,2800.HK,21.059999465942383,21.1200008392334,20.700000762939453,20.8799991607666,18.46273422241211,255424874
2022-04-22,2800.HK,20.6200008392334,20.920000076293945,20.3799991607666,20.84000015258789,18.4273681640625,198194659
2022-04-25,2800.HK,20.459999084472656,20.459999084472656,20.0,20.15999984741211,17.826091766357422,335529767
2022-04-26,2800.HK,20.219999313354492,20.459999084472656,20.040000915527344,20.139999389648438,17.808406829833984,177785714
2022-04-27,2800.HK,19.950000762939453,20.239999771118164,19.8799991607666,20.139999389648438,17.808406829833984,208013046
2022-04-28,2800.HK,20.219999313354492,20.399999618530273,20.059999465942383,20.3799991607666,18.092483520507812,238588290
2022-04-29,2800.HK,20.299999237060547,21.299999237060547,20.139999389648438,21.219999313354492,18.83820343017578,206283784
2022-05-03,2800.HK,21.040000915527344,21.420000076293945,20.739999771118164,21.219999313354492,18.83820343017578,107559286
2022-05-04,2800.HK,21.219999313354492,21.219999313354492,20.899999618530273,20.979999542236328,18.625141143798828,90084634
2022-05-05,2800.HK,21.280000686645508,21.399999618530273,20.8799991607666,20.8799991607666,18.53636360168457,126517083
2022-05-06,2800.HK,20.3799991607666,20.440000534057617,20.079999923706055,20.139999389648438,17.879426956176758,212494873
2022-05-10,2800.HK,19.459999084472656,19.8700008392334,19.299999237060547,19.719999313354492,17.506567001342773,167354025
2022-05-11,2800.HK,19.670000076293945,20.200000762939453,19.579999923706055,19.959999084472656,17.719629287719727,168822870
2022-05-12,2800.HK,19.6299991607666,19.829999923706055,19.459999084472656,19.469999313354492,17.28462791442871,103657448
2022-05-13,2800.HK,19.670000076293945,20.059999465942383,19.670000076293945,20.0,17.75514030456543,117490271
2022-05-16,2800.HK,20.200000762939453,20.280000686645508,19.8799991607666,20.059999465942383,17.80840492248535,48172951
2022-05-17,2800.HK,20.1200008392334,20.739999771118164,20.1200008392334,20.719999313354492,18.394325256347656,98356864
2022-05-18,2800.HK,20.700000762939453,20.84000015258789,20.5,20.739999771118164,18.412080764770508,142581838
2022-05-19,2800.HK,20.260000228881836,20.420000076293945,20.040000915527344,20.280000686645508,18.003713607788086,133236386
2022-05-20,2800.HK,20.600000381469727,20.940000534057617,20.540000915527344,20.860000610351562,18.518611907958984,160190938
2022-05-23,2800.HK,20.799999237060547,20.799999237060547,20.440000534057617,20.6200008392334,18.30554962158203,150373246
2022-05-24,2800.HK,20.6200008392334,20.700000762939453,20.15999984741211,20.31999969482422,18.039220809936523,198966206
2022-05-25,2800.HK,20.31999969482422,20.579999923706055,20.280000686645508,20.3799991607666,18.092483520507812,112669338
2022-05-26,2800.HK,20.479999542236328,20.479999542236328,20.079999923706055,20.299999237060547,18.021465301513672,174165709
2022-05-27,2800.HK,20.799999237060547,21.0,20.719999313354492,20.920000076293945,18.571874618530273,214806299
2022-05-30,2800.HK,21.139999389648438,21.3799991607666,21.100000381469727,21.31999969482422,18.926977157592773,265929929
2022-05-31,2800.HK,21.299999237060547,21.639999389648438,21.260000228881836,21.6200008392334,19.19330596923828,190120151
2022-06-01,2800.HK,21.68000030517578,21.68000030517578,21.420000076293945,21.520000457763672,19.10453224182129,123915116
2022-06-02,2800.HK,21.280000686645508,21.3799991607666,21.1200008392334,21.34000015258789,18.94473648071289,81242588
2022-06-06,2800.HK,21.5,21.959999084472656,21.280000686645508,21.899999618530273,19.44188117980957,175221440
2022-06-07,2800.HK,21.760000228881836,22.020000457763672,21.65999984741211,21.799999237060547,19.353099822998047,109107533
2022-06-08,2800.HK,22.040000915527344,22.34000015258789,22.0,22.260000228881836,19.761470794677734,134122104
2022-06-09,2800.HK,22.299999237060547,22.440000534057617,22.059999465942383,22.15999984741211,19.672691345214844,144656622
2022-06-10,2800.HK,21.84000015258789,22.239999771118164,21.799999237060547,22.1200008392334,19.63718605041504,163233429
2022-06-13,2800.HK,21.459999084472656,21.6200008392334,21.299999237060547,21.34000015258789,18.94473648071289,177929084
2022-06-14,2800.HK,21.139999389648438,21.479999542236328,21.040000915527344,21.360000610351562,18.962488174438477,183426553
2022-06-15,2800.HK,21.3799991607666,21.739999771118164,21.3799991607666,21.639999389648438,19.211063385009766,205830198
2022-06-16,2800.HK,21.81999969482422,21.84000015258789,21.0,21.15999984741211,18.78493881225586,216838412
2022-06-17,2800.HK,21.079999923706055,21.479999542236328,21.040000915527344,21.459999084472656,19.051265716552734,143787848
2022-06-20,2800.HK,21.399999618530273,21.520000457763672,21.18000030517578,21.520000457763672,19.10453224182129,148421430
2022-06-21,2800.HK,21.6200008392334,21.899999618530273,21.5,21.8799991607666,19.42412567138672,109510200
2022-06-22,2800.HK,21.799999237060547,21.81999969482422,21.34000015258789,21.34000015258789,18.94473648071289,146217481
2022-06-23,2800.HK,21.479999542236328,21.799999237060547,21.360000610351562,21.6200008392334,19.19330596923828,75195644
2022-06-24,2800.HK,21.780000686645508,22.100000381469727,21.760000228881836,22.040000915527344,19.566165924072266,160960759
2022-06-27,2800.HK,22.299999237060547,22.739999771118164,22.299999237060547,22.579999923706055,20.04555320739746,228885478
2022-06-28,2800.HK,22.5,22.799999237060547,22.299999237060547,22.719999313354492,20.169837951660156,129104801
2022-06-29,2800.HK,22.5,22.700000762939453,22.260000228881836,22.3799991607666,19.868000030517578,189812471
2022-06-30,2800.HK,22.3799991607666,22.520000457763672,22.1200008392334,22.280000686645508,19.779226303100586,135900539
2022-07-04,2800.HK,22.200000762939453,22.360000610351562,21.899999618530273,22.280000686645508,19.779226303100586,117672839
2022-07-05,2800.HK,22.540000915527344,22.65999984741211,22.280000686645508,22.31999969482422,19.81473731994629,142234384
2022-07-06,2800.HK,22.239999771118164,22.299999237060547,21.760000228881836,22.020000457763672,19.54840850830078,195911748
2022-07-07,2800.HK,21.959999084472656,22.18000030517578,21.739999771118164,22.18000030517578,19.690452575683594,111410111
2022-07-08,2800.HK,22.479999542236328,22.5,22.139999389648438,22.219999313354492,19.72595977783203,241540824
2022-07-11,2800.HK,22.0,22.0,21.520000457763672,21.639999389648438,19.211063385009766,181809122
2022-07-12,2800.HK,21.5,21.600000381469727,21.299999237060547,21.360000610351562,18.962488174438477,223568540
2022-07-13,2800.HK,21.3799991607666,21.559999465942383,21.260000228881836,21.34000015258789,18.94473648071289,126107341
2022-07-14,2800.HK,21.299999237060547,21.399999618530273,21.059999465942383,21.239999771118164,18.855958938598633,180926111
2022-07-15,2800.HK,21.040000915527344,21.18000030517578,20.719999313354492,20.84000015258789,18.500856399536133,237612829
2022-07-18,2800.HK,20.940000534057617,21.399999618530273,20.81999969482422,21.360000610351562,18.962488174438477,347911100
2022-07-19,2800.HK,21.239999771118164,21.280000686645508,21.059999465942383,21.219999313354492,18.83820343017578,148132638
2022-07-20,2800.HK,21.440000534057617,21.639999389648438,21.399999618530273,21.440000534057617,19.033512115478516,148406712
2022-07-21,2800.HK,21.31999969482422,21.34000015258789,21.020000457763672,21.079999923706055,18.713918685913086,154950274
2022-07-22,2800.HK,21.18000030517578,21.31999969482422,21.040000915527344,21.100000381469727,18.731674194335938,150992320
2022-07-25,2800.HK,20.959999084472656,21.1200008392334,20.860000610351562,21.1200008392334,18.74942970275879,275555313
2022-07-26,2800.HK,21.1200008392334,21.479999542236328,21.1200008392334,21.459999084472656,19.051265716552734,350877249
2022-07-27,2800.HK,21.260000228881836,21.299999237060547,21.100000381469727,21.200000762939453,18.820449829101562,225013358
2022-07-28,2800.HK,21.280000686645508,21.299999237060547,21.040000915527344,21.1200008392334,18.74942970275879,109339105
2022-07-29,2800.HK,21.1200008392334,21.18000030517578,20.559999465942383,20.68000030517578,18.358814239501953,263380071
2022-08-01,2800.HK,20.540000915527344,20.760000228881836,20.399999618530273,20.68000030517578,18.358814239501953,204872347
2022-08-02,2800.HK,20.420000076293945,20.420000076293945,20.020000457763672,20.200000762939453,17.93269157409668,212381789
2022-08-03,2800.HK,20.399999618530273,20.440000534057617,20.200000762939453,20.280000686645508,18.003713607788086,113976872
2022-08-04,2800.HK,20.479999542236328,20.739999771118164,20.479999542236328,20.68000030517578,18.358814239501953,120567418
2022-08-05,2800.HK,20.739999771118164,20.799999237060547,20.600000381469727,20.700000762939453,18.376571655273438,74586466
2022-08-08,2800.HK,20.6200008392334,20.700000762939453,20.459999084472656,20.559999465942383,18.252283096313477,133055217
2022-08-09,2800.HK,20.559999465942383,20.780000686645508,20.360000610351562,20.5,18.199018478393555,99052923
2022-08-10,2800.HK,20.479999542236328,20.479999542236328,19.989999771118164,20.139999389648438,17.879426956176758,112519454
2022-08-11,2800.HK,20.360000610351562,20.600000381469727,20.31999969482422,20.579999923706055,18.27004051208496,107900523
2022-08-12,2800.HK,20.579999923706055,20.739999771118164,20.540000915527344,20.719999313354492,18.394325256347656,177748177
2022-08-15,2800.HK,20.579999923706055,20.780000686645508,20.5,20.579999923706055,18.27004051208496,90812276
2022-08-16,2800.HK,20.600000381469727,20.700000762939453,20.200000762939453,20.34000015258789,18.056976318359375,108748831
2022-08-17,2800.HK,20.5,20.600000381469727,20.31999969482422,20.420000076293945,18.12799644470215,66299725
2022-08-18,2800.HK,20.520000457763672,20.520000457763672,20.200000762939453,20.280000686645508,18.003713607788086,126065303
2022-08-19,2800.HK,20.200000762939453,20.440000534057617,20.18000030517578,20.31999969482422,18.039220809936523,125036387
2022-08-22,2800.HK,20.15999984741211,20.3799991607666,20.100000381469727,20.280000686645508,18.003713607788086,75218569
2022-08-23,2800.HK,20.18000030517578,20.239999771118164,19.90999984741211,20.040000915527344,17.7906494140625,210017061
2022-08-24,2800.HK,20.079999923706055,20.079999923706055,19.719999313354492,19.799999237060547,17.57758903503418,124167267
2022-08-25,2800.HK,19.959999084472656,20.520000457763672,19.959999084472656,20.5,18.199018478393555,122769830
2022-08-26,2800.HK,20.700000762939453,20.739999771118164,20.600000381469727,20.700000762939453,18.376571655273438,158081097
2022-08-29,2800.HK,20.479999542236328,20.6200008392334,20.420000076293945,20.520000457763672,18.216772079467773,105587191
2022-08-30,2800.HK,20.520000457763672,20.579999923706055,20.18000030517578,20.5,18.199018478393555,123537922
2022-08-31,2800.HK,20.15999984741211,20.719999313354492,20.100000381469727,20.5,18.199018478393555,82764525
2022-09-01,2800.HK,20.31999969482422,20.399999618530273,20.100000381469727,20.200000762939453,17.93269157409668,143801531
2022-09-02,2800.HK,20.200000762939453,20.200000762939453,19.90999984741211,20.040000915527344,17.7906494140625,177306346
2022-09-05,2800.HK,19.84000015258789,19.8700008392334,19.6299991607666,19.799999237060547,17.57758903503418,105819505
2022-09-06,2800.HK,19.8799991607666,19.969999313354492,19.709999084472656,19.809999465942383,17.586463928222656,160937964
2022-09-07,2800.HK,19.489999771118164,19.700000762939453,19.420000076293945,19.670000076293945,17.462181091308594,191017912
2022-09-08,2800.HK,19.690000534057617,19.690000534057617,19.43000030517578,19.479999542236328,17.29350471496582,103353915
2022-09-09,2800.HK,19.540000915527344,20.059999465942383,19.540000915527344,20.0,17.75514030456543,156423869
2022-09-13,2800.HK,20.059999465942383,20.139999389648438,19.940000534057617,19.969999313354492,17.72850799560547,123836680
2022-09-14,2800.HK,19.549999237060547,19.6200008392334,19.43000030517578,19.5,17.311262130737305,317277119
2022-09-15,2800.HK,19.5,19.649999618530273,19.489999771118164,19.559999465942383,17.36452865600586,82111227
2022-09-16,2800.HK,19.389999389648438,19.559999465942383,19.309999465942383,19.399999618530273,17.222484588623047,215903004
2022-09-19,2800.HK,19.360000610351562,19.360000610351562,19.139999389648438,19.190000534057617,17.03605842590332,373475875
2022-09-20,2800.HK,19.360000610351562,19.520000457763672,19.329999923706055,19.440000534057617,17.257997512817383,49941489
2022-09-21,2800.HK,19.299999237060547,19.299999237060547,19.09000015258789,19.110000610351562,16.965036392211914,255186950
2022-09-22,2800.HK,18.75,18.84000015258789,18.6200008392334,18.809999465942383,16.69870948791504,133429891
2022-09-23,2800.HK,18.719999313354492,18.81999969482422,18.579999923706055,18.579999923706055,16.494522094726562,106938227
2022-09-26,2800.HK,18.440000534057617,18.729999542236328,18.3799991607666,18.5,16.423505783081055,143362187
2022-09-27,2800.HK,18.520000457763672,18.559999465942383,18.299999237060547,18.520000457763672,16.441259384155273,330720570
2022-09-28,2800.HK,18.329999923706055,18.329999923706055,17.81999969482422,17.899999618530273,15.890848159790039,361393488
2022-09-29,2800.HK,18.200000762939453,18.280000686645508,17.670000076293945,17.799999237060547,15.802074432373047,160991346
2022-09-30,2800.HK,17.799999237060547,17.989999771118164,17.68000030517578,17.889999389648438,15.881974220275879,108560912
2022-10-03,2800.HK,17.700000762939453,17.899999618530273,17.559999465942383,17.709999084472656,15.722176551818848,189921232
2022-10-05,2800.HK,18.43000030517578,18.829999923706055,18.31999969482422,18.729999542236328,16.627687454223633,264927739
2022-10-06,2800.HK,18.729999542236328,18.799999237060547,18.6200008392334,18.65999984741211,16.5655460357666,94240881
2022-10-07,2800.HK,18.489999771118164,18.540000915527344,18.3799991607666,18.3799991607666,16.316972732543945,137434083
2022-10-10,2800.HK,18.18000030517578,18.18000030517578,17.829999923706055,17.850000381469727,15.846463203430176,257758343
2022-10-11,2800.HK,17.850000381469727,17.8700008392334,17.440000534057617,17.489999771118164,15.52686882019043,289600361
2022-10-12,2800.HK,17.399999618530273,17.690000534057617,17.09000015258789,17.350000381469727,15.40258502960205,285393191
2022-10-13,2800.HK,17.350000381469727,17.3700008392334,17.049999237060547,17.059999465942383,15.145133972167969,147101583
2022-10-14,2800.HK,17.31999969482422,17.68000030517578,17.18000030517578,17.229999542236328,15.296052932739258,164354900
2022-10-17,2800.HK,17.139999389648438,17.40999984741211,16.969999313354492,17.239999771118164,15.304931640625,286880367
2022-10-18,2800.HK,17.549999237060547,17.559999465942383,17.200000762939453,17.559999465942383,15.58901309967041,206136837
2022-10-19,2800.HK,17.459999084472656,17.59000015258789,17.15999984741211,17.170000076293945,15.242786407470703,155581296
2022-10-20,2800.HK,16.899999618530273,17.110000610351562,16.670000076293945,16.920000076293945,15.020849227905273,342339454
2022-10-21,2800.HK,16.979999542236328,17.020000457763672,16.780000686645508,16.8700008392334,14.976460456848145,378234002
2022-10-24,2800.HK,16.600000381469727,16.649999618530273,15.739999771118164,15.819999694824219,14.044315338134766,317425889
2022-10-25,2800.HK,15.899999618530273,16.079999923706055,15.59000015258789,15.819999694824219,14.044315338134766,340821044
2022-10-26,2800.HK,15.75,16.229999542236328,15.680000305175781,15.970000267028809,14.17747974395752,201901447
2022-10-27,2800.HK,16.34000015258789,16.479999542236328,16.059999465942383,16.06999969482422,14.266254425048828,508498271
2022-10-28,2800.HK,15.5,15.539999961853027,14.859999656677246,14.9399995803833,13.741963386535645,388117611
2022-10-31,2800.HK,14.890000343322754,15.199999809265137,14.680000305175781,14.819999694824219,13.631586074829102,363565312
2022-11-01,2800.HK,14.920000076293945,15.710000038146973,14.920000076293945,15.550000190734863,14.303047180175781,216915104
2022-11-02,2800.HK,15.479999542236328,15.949999809265137,15.359999656677246,15.90999984741211,14.634180068969727,154594846
2022-11-03,2800.HK,15.510000228881836,15.699999809265137,15.380000114440918,15.420000076293945,14.183473587036133,144894094
2022-11-04,2800.HK,15.539999961853027,16.610000610351562,15.529999732971191,16.229999542236328,14.92851734161377,484977332
2022-11-07,2800.HK,16.100000381469727,16.93000030517578,16.040000915527344,16.68000030517578,15.342432975769043,347634420
2022-11-08,2800.HK,16.729999542236328,16.81999969482422,16.530000686645508,16.670000076293945,15.333234786987305,349329022
2022-11-09,2800.HK,16.649999618530273,16.84000015258789,16.309999465942383,16.459999084472656,15.140073776245117,366932326
2022-11-10,2800.HK,16.25,16.25,16.030000686645508,16.200000762939453,14.900925636291504,155635904
2022-11-11,2800.HK,17.020000457763672,17.469999313354492,16.940000534057617,17.420000076293945,16.02309226989746,263096115
2022-11-14,2800.HK,17.920000076293945,18.1200008392334,17.6299991607666,17.700000762939453,16.2806396484375,259607090
2022-11-15,2800.HK,17.780000686645508,18.459999084472656,17.65999984741211,18.450000762939453,16.970500946044922,556637525
2022-11-16,2800.HK,18.260000228881836,18.520000457763672,18.139999389648438,18.360000610351562,16.887712478637695,498628718
2022-11-17,2800.HK,18.139999389648438,18.34000015258789,17.81999969482422,18.149999618530273,16.69455337524414,490982278
2022-11-18,2800.HK,18.420000076293945,18.489999771118164,18.0,18.079999923706055,16.63016700744629,340531577
2022-11-21,2800.HK,17.729999542236328,17.8700008392334,17.489999771118164,17.770000457763672,16.345027923583984,554634830
2022-11-22,2800.HK,17.709999084472656,17.8700008392334,17.399999618530273,17.520000457763672,16.115076065063477,684833985
2022-11-23,2800.HK,17.6200008392334,17.75,17.479999542236328,17.6200008392334,16.207054138183594,222595272
2022-11-24,2800.HK,17.799999237060547,17.8799991607666,17.639999389648438,17.780000686645508,16.354223251342773,359464122
2022-11-25,2800.HK,17.780000686645508,17.780000686645508,17.530000686645508,17.68000030517578,16.262243270874023,318242452
2022-11-28,2800.HK,17.200000762939453,17.479999542236328,16.940000534057617,17.420000076293945,16.02309226989746,455560618
2022-11-29,2800.HK,17.649999618530273,18.31999969482422,17.649999618530273,18.31999969482422,16.850919723510742,615673674
2022-11-30,2800.HK,18.200000762939453,18.770000457763672,18.15999984741211,18.700000762939453,17.200450897216797,337073093
2022-12-01,2800.HK,19.149999618530273,19.350000381469727,18.790000915527344,18.920000076293945,17.402807235717773,470487008
2022-12-02,2800.HK,18.8700008392334,18.959999084472656,18.65999984741211,18.770000457763672,17.26483726501465,249037031
2022-12-05,2800.HK,19.31999969482422,19.65999984741211,19.139999389648438,19.56999969482422,18.00068473815918,317881961
2022-12-06,2800.HK,19.34000015258789,19.690000534057617,19.31999969482422,19.579999923706055,18.00988006591797,549876044
2022-12-07,2800.HK,19.5,19.860000610351562,18.920000076293945,18.979999542236328,17.457996368408203,555736713
2022-12-08,2800.HK,19.06999969482422,19.6299991607666,19.06999969482422,19.559999465942383,17.991487503051758,440705021
2022-12-09,2800.HK,19.600000381469727,20.059999465942383,19.520000457763672,20.0,18.396203994750977,484624668
2022-12-12,2800.HK,19.739999771118164,19.860000610351562,19.5,19.579999923706055,18.00988006591797,455217803
2022-12-13,2800.HK,19.68000030517578,19.84000015258789,19.510000228881836,19.729999542236328,18.14785385131836,110411391
2022-12-14,2800.HK,19.850000381469727,20.0,19.649999618530273,19.799999237060547,18.21224021911621,448417039
2022-12-15,2800.HK,19.75,19.799999237060547,19.360000610351562,19.510000228881836,17.945497512817383,189624944
2022-12-16,2800.HK,19.450000762939453,19.760000228881836,19.260000228881836,19.6200008392334,18.046674728393555,226653781
2022-12-19,2800.HK,19.6200008392334,19.90999984741211,19.389999389648438,19.510000228881836,17.945497512817383,89029468
2022-12-20,2800.HK,19.34000015258789,19.420000076293945,19.020000457763672,19.209999084472656,17.6695499420166,66809845
2022-12-21,2800.HK,19.219999313354492,19.389999389648438,19.190000534057617,19.290000915527344,17.74313735961914,171217871
2022-12-22,2800.HK,19.6299991607666,19.8799991607666,19.610000610351562,19.790000915527344,18.203044891357422,105832842
2022-12-23,2800.HK,19.5,19.81999969482422,19.489999771118164,19.700000762939453,18.120258331298828,203925621
2022-12-28,2800.HK,19.899999618530273,20.239999771118164,19.899999618530273,20.040000915527344,18.43299674987793,175890371
2022-12-29,2800.HK,19.780000686645508,19.899999618530273,19.68000030517578,19.850000381469727,18.258230209350586,80841439
2022-12-30,2800.HK,20.0,20.219999313354492,19.920000076293945,19.920000076293945,18.32261848449707,146012035
2023-01-03,2800.HK,19.729999542236328,20.360000610351562,19.40999984741211,20.260000228881836,18.635353088378906,276470119
2023-01-04,2800.HK,20.420000076293945,20.920000076293945,20.360000610351562,20.920000076293945,19.242429733276367,221589355
2023-01-05,2800.HK,21.31999969482422,21.520000457763672,21.079999923706055,21.18000030517578,19.481578826904297,333239898
2023-01-06,2800.HK,21.360000610351562,21.420000076293945,21.0,21.1200008392334,19.426389694213867,247652051
2023-01-09,2800.HK,21.440000534057617,21.6200008392334,21.34000015258789,21.5,19.775917053222656,481092577
2023-01-10,2800.HK,21.5,21.559999465942383,21.31999969482422,21.459999084472656,19.739126205444336,96693133
2023-01-11,2800.HK,21.579999923706055,21.81999969482422,21.459999084472656,21.579999923706055,19.849502563476562,202421884
2023-01-12,2800.HK,21.719999313354492,21.84000015258789,21.360000610351562,21.639999389648438,19.90468978881836,371843928
2023-01-13,2800.HK,21.739999771118164,21.920000076293945,21.600000381469727,21.860000610351562,20.1070499420166,412522503
2023-01-16,2800.HK,21.959999084472656,22.079999923706055,21.719999313354492,21.84000015258789,20.088651657104492,84303288
2023-01-17,2800.HK,21.81999969482422,21.920000076293945,21.559999465942383,21.700000762939453,19.959880828857422,344850970
2023-01-18,2800.HK,21.68000030517578,21.81999969482422,21.559999465942383,21.81999969482422,20.07025718688965,289978559
2023-01-19,2800.HK,21.6200008392334,21.899999618530273,21.520000457763672,21.780000686645508,20.033466339111328,322888850
2023-01-20,2800.HK,21.940000534057617,22.200000762939453,21.8799991607666,22.18000030517578,20.401390075683594,142972830
2023-01-26,2800.HK,22.540000915527344,22.719999313354492,22.479999542236328,22.719999313354492,20.898086547851562,229743869
2023-01-27,2800.HK,22.739999771118164,22.81999969482422,22.639999389648438,22.780000686645508,20.95327377319336,272920637
2023-01-30,2800.HK,22.739999771118164,22.799999237060547,22.139999389648438,22.219999313354492,20.43817901611328,184341573
2023-01-31,2800.HK,22.299999237060547,22.420000076293945,21.760000228881836,22.0,20.235820770263672,503572809
2023-02-01,2800.HK,22.079999923706055,22.219999313354492,21.84000015258789,22.18000030517578,20.401390075683594,479666800
2023-02-02,2800.HK,22.399999618530273,22.459999084472656,22.059999465942383,22.079999923706055,20.309406280517578,391605251
2023-02-03,2800.HK,21.940000534057617,21.959999084472656,21.579999923706055,21.780000686645508,20.033466339111328,180283045
2023-02-06,2800.HK,21.479999542236328,21.479999542236328,21.219999313354492,21.360000610351562,19.647144317626953,315579676
2023-02-07,2800.HK,21.440000534057617,21.639999389648438,21.399999618530273,21.420000076293945,19.70233154296875,149808429
2023-02-08,2800.HK,21.420000076293945,21.579999923706055,21.299999237060547,21.420000076293945,19.70233154296875,165030479
2023-02-09,2800.HK,21.280000686645508,21.780000686645508,21.280000686645508,21.760000228881836,20.01506805419922,204724850
2023-02-10,2800.HK,21.700000762939453,21.719999313354492,21.280000686645508,21.299999237060547,19.591957092285156,227810882
2023-02-13,2800.HK,21.020000457763672,21.3799991607666,20.940000534057617,21.34000015258789,19.628747940063477,317660809
2023-02-14,2800.HK,21.399999618530273,21.399999618530273,21.200000762939453,21.239999771118164,19.536766052246094,378970189
2023-02-15,2800.HK,21.200000762939453,21.239999771118164,20.84000015258789,20.940000534057617,19.26082420349121,354149899
2023-02-16,2800.HK,21.059999465942383,21.440000534057617,21.020000457763672,21.139999389648438,19.444787979125977,364618674
2023-02-17,2800.HK,21.1200008392334,21.200000762939453,20.84000015258789,20.8799991607666,19.20563507080078,173965448
2023-02-20,2800.HK,20.799999237060547,21.100000381469727,20.719999313354492,21.0,19.316015243530273,653519042
2023-02-21,2800.HK,21.0,21.100000381469727,20.6200008392334,20.68000030517578,19.02167510986328,145615058
2023-02-22,2800.HK,20.600000381469727,20.760000228881836,20.479999542236328,20.540000915527344,18.892902374267578,213586028
2023-02-23,2800.HK,20.520000457763672,20.739999771118164,20.459999084472656,20.479999542236328,18.837709426879883,209489211
2023-02-24,2800.HK,20.31999969482422,20.360000610351562,20.1200008392334,20.239999771118164,18.616958618164062,347656987
2023-02-27,2800.HK,20.020000457763672,20.219999313354492,19.940000534057617,20.079999923706055,18.469789505004883,251802151
2023-02-28,2800.HK,20.15999984741211,20.31999969482422,19.899999618530273,19.989999771118164,18.38700294494629,502112871
2023-03-01,2800.HK,19.989999771118164,20.799999237060547,19.989999771118164,20.760000228881836,19.095260620117188,309216606
2023-03-02,2800.HK,20.559999465942383,20.719999313354492,20.5,20.600000381469727,18.948089599609375,150089673
2023-03-03,2800.HK,20.920000076293945,20.920000076293945,20.68000030517578,20.780000686645508,19.11365509033203,137181461
2023-03-06,2800.HK,20.600000381469727,20.899999618530273,20.600000381469727,20.799999237060547,19.132049560546875,230436832
2023-03-07,2800.HK,20.799999237060547,21.219999313354492,20.540000915527344,20.719999313354492,19.05846405029297,199281776
2023-03-08,2800.HK,20.420000076293945,20.479999542236328,20.18000030517578,20.239999771118164,18.616958618164062,354663901
2023-03-09,2800.HK,20.239999771118164,20.360000610351562,20.100000381469727,20.15999984741211,18.543373107910156,387519706
2023-03-10,2800.HK,19.799999237060547,19.850000381469727,19.479999542236328,19.489999771118164,17.927099227905273,260518243
2023-03-13,2800.HK,19.6200008392334,19.989999771118164,19.559999465942383,19.920000076293945,18.32261848449707,347296917
2023-03-14,2800.HK,19.729999542236328,19.84000015258789,19.31999969482422,19.459999084472656,17.899503707885742,135327100
2023-03-15,2800.HK,19.719999313354492,19.950000762939453,19.6299991607666,19.780000686645508,18.193843841552734,247232332
2023-03-16,2800.HK,19.399999618530273,19.59000015258789,19.299999237060547,19.43000030517578,17.871912002563477,120045940
2023-03-17,2800.HK,19.639999389648438,19.809999465942383,19.520000457763672,19.739999771118164,18.15705108642578,231217004
2023-03-20,2800.HK,19.559999465942383,19.579999923706055,19.030000686645508,19.209999084472656,17.6695499420166,430944986
2023-03-21,2800.HK,19.309999465942383,19.479999542236328,19.219999313354492,19.459999084472656,17.899503707885742,247110624
2023-03-22,2800.HK,19.639999389648438,19.979999542236328,19.639999389648438,19.799999237060547,18.21224021911621,159994115
2023-03-23,2800.HK,19.809999465942383,20.260000228881836,19.719999313354492,20.260000228881836,18.635353088378906,260537182
2023-03-24,2800.HK,20.079999923706055,20.31999969482422,20.040000915527344,20.100000381469727,18.488182067871094,213011092
2023-03-27,2800.HK,20.059999465942383,20.139999389648438,19.700000762939453,19.770000457763672,18.18464469909668,165110708
2023-03-28,2800.HK,19.90999984741211,20.079999923706055,19.760000228881836,20.0,18.396203994750977,205814172
2023-03-29,2800.HK,20.540000915527344,20.68000030517578,20.31999969482422,20.3799991607666,18.745729446411133,322605982
2023-03-30,2800.HK,20.399999618530273,20.540000915527344,20.200000762939453,20.520000457763672,18.87450408935547,344243012
2023-03-31,2800.HK,20.739999771118164,20.920000076293945,20.540000915527344,20.579999923706055,18.9296932220459,156412220
2023-04-03,2800.HK,20.520000457763672,20.68000030517578,20.420000076293945,20.600000381469727,18.948089599609375,234054366
2023-04-04,2800.HK,20.600000381469727,20.600000381469727,20.34000015258789,20.479999542236328,18.837709426879883,223329400
2023-04-06,2800.HK,20.299999237060547,20.559999465942383,20.299999237060547,20.540000915527344,18.892902374267578,210402648
2023-04-11,2800.HK,20.799999237060547,20.979999542236328,20.520000457763672,20.719999313354492,19.05846405029297,158114196
2023-04-12,2800.HK,20.719999313354492,20.719999313354492,20.440000534057617,20.520000457763672,18.87450408935547,96233364
2023-04-13,2800.HK,20.15999984741211,20.559999465942383,20.079999923706055,20.559999465942383,18.91129493713379,208886068
2023-04-14,2800.HK,20.65999984741211,20.700000762939453,20.5,20.700000762939453,19.040071487426758,281900103
2023-04-17,2800.HK,20.559999465942383,21.079999923706055,20.520000457763672,21.020000457763672,19.334409713745117,725077383
2023-04-18,2800.HK,20.899999618530273,20.959999084472656,20.739999771118164,20.84000015258789,19.16884422302246,203561673
2023-04-19,2800.HK,20.799999237060547,20.81999969482422,20.520000457763672,20.559999465942383,18.91129493713379,153282896
2023-04-20,2800.HK,20.579999923706055,20.68000030517578,20.520000457763672,20.600000381469727,18.948089599609375,314734746
2023-04-21,2800.HK,20.520000457763672,20.600000381469727,20.18000030517578,20.239999771118164,18.616958618164062,196293627
2023-04-24,2800.HK,20.200000762939453,20.34000015258789,19.940000534057617,20.15999984741211,18.543373107910156,163737900
2023-04-25,2800.HK,20.100000381469727,20.1200008392334,19.729999542236328,19.81999969482422,18.230634689331055,230233426
2023-04-26,2800.HK,19.709999084472656,20.1200008392334,19.709999084472656,19.93000030517578,18.331815719604492,176644453
2023-04-27,2800.HK,19.920000076293945,20.100000381469727,19.860000610351562,20.040000915527344,18.43299674987793,190272742
2023-04-28,2800.HK,20.040000915527344,20.280000686645508,19.969999313354492,20.0,18.488460540771484,128675561
2023-05-02,2800.HK,20.200000762939453,20.399999618530273,19.8700008392334,19.989999771118164,18.479215621948242,252649888
2023-05-03,2800.HK,19.799999237060547,19.829999923706055,19.6299991607666,19.780000686645508,18.28508758544922,310312104
2023-05-04,2800.HK,19.780000686645508,20.100000381469727,19.780000686645508,20.059999465942383,18.54392433166504,141165404
2023-05-05,2800.HK,20.200000762939453,20.31999969482422,20.059999465942383,20.15999984741211,18.636369705200195,216764011
2023-05-08,2800.HK,20.239999771118164,20.440000534057617,20.18000030517578,20.399999618530273,18.85822868347168,109428230
2023-05-09,2800.HK,20.3799991607666,20.420000076293945,19.93000030517578,19.959999084472656,18.45148468017578,159758803
2023-05-10,2800.HK,20.0,20.0,19.790000915527344,19.8700008392334,18.368288040161133,202367318
2023-05-11,2800.HK,19.959999084472656,19.989999771118164,19.690000534057617,19.860000610351562,18.359039306640625,330161088
2023-05-12,2800.HK,19.979999542236328,19.989999771118164,19.729999542236328,19.75,18.257354736328125,318326205
2023-05-15,2800.HK,19.649999618530273,20.219999313354492,19.6299991607666,20.1200008392334,18.599393844604492,195937519
2023-05-16,2800.HK,20.299999237060547,20.299999237060547,20.020000457763672,20.1200008392334,18.599393844604492,204127050
2023-05-17,2800.HK,20.100000381469727,20.139999389648438,19.65999984741211,19.690000534057617,18.20189094543457,449271304
2023-05-18,2800.HK,19.850000381469727,20.040000915527344,19.760000228881836,19.8799991607666,18.377531051635742,236438991
2023-05-19,2800.HK,19.719999313354492,19.760000228881836,19.489999771118164,19.600000381469727,18.118690490722656,378944154
2023-05-22,2800.HK,19.6200008392334,19.969999313354492,19.56999969482422,19.84000015258789,18.340553283691406,388058397
2023-05-23,2800.HK,19.8799991607666,19.969999313354492,19.549999237060547,19.600000381469727,18.118690490722656,313538897
2023-05-24,2800.HK,19.489999771118164,19.510000228881836,19.229999542236328,19.309999465942383,17.850608825683594,533606839
2023-05-25,2800.HK,19.139999389648438,19.139999389648438,18.81999969482422,18.969999313354492,17.536304473876953,557416519
2023-05-29,2800.HK,19.049999237060547,19.09000015258789,18.719999313354492,18.780000686645508,17.360666275024414,197088444
2023-05-30,2800.HK,18.799999237060547,18.8799991607666,18.59000015258789,18.81999969482422,17.397642135620117,256067879
2023-05-31,2800.HK,18.579999923706055,18.6200008392334,18.25,18.479999542236328,17.083337783813477,222913831
2023-06-01,2800.HK,18.469999313354492,18.670000076293945,18.389999389648438,18.43000030517578,17.0371150970459,972365534
2023-06-02,2800.HK,18.780000686645508,19.229999542236328,18.75,19.190000534057617,17.73967933654785,325044386
2023-06-05,2800.HK,19.25,19.360000610351562,19.110000610351562,19.350000381469727,17.88758659362793,632101444
2023-06-06,2800.HK,19.350000381469727,19.600000381469727,19.239999771118164,19.309999465942383,17.850608825683594,631530343
2023-06-07,2800.HK,19.59000015258789,19.639999389648438,19.440000534057617,19.489999771118164,18.017005920410156,112064082
2023-06-08,2800.HK,19.479999542236328,19.610000610351562,19.350000381469727,19.549999237060547,18.072471618652344,328051399
2023-06-09,2800.HK,19.6299991607666,19.75,19.5,19.65999984741211,18.174158096313477,312754300
2023-06-12,2800.HK,19.670000076293945,19.729999542236328,19.530000686645508,19.700000762939453,18.21113395690918,293890909
2023-06-13,2800.HK,19.639999389648438,19.8799991607666,19.549999237060547,19.829999923706055,18.33130645751953,446592302
2023-06-14,2800.HK,19.81999969482422,19.950000762939453,19.65999984741211,19.700000762939453,18.21113395690918,87887808
2023-06-15,2800.HK,19.899999618530273,20.15999984741211,19.81999969482422,20.139999389648438,18.61787986755371,416576436
2023-06-16,2800.HK,20.200000762939453,20.479999542236328,20.18000030517578,20.34000015258789,18.802766799926758,815067789
2023-06-19,2800.HK,20.299999237060547,20.31999969482422,20.020000457763672,20.200000762939453,18.67334747314453,617238240
2023-06-20,2800.HK,20.18000030517578,20.18000030517578,19.829999923706055,19.920000076293945,18.414508819580078,219533744
2023-06-21,2800.HK,19.6299991607666,19.709999084472656,19.5,19.549999237060547,18.072471618652344,266208924
2023-06-23,2800.HK,19.489999771118164,19.520000457763672,19.1200008392334,19.219999313354492,17.767410278320312,82896056
2023-06-26,2800.HK,19.200000762939453,19.34000015258789,19.100000381469727,19.149999618530273,17.702701568603516,183616061
2023-06-27,2800.HK,19.200000762939453,19.559999465942383,19.200000762939453,19.479999542236328,18.007761001586914,456535342
2023-06-28,2800.HK,19.459999084472656,19.559999465942383,19.360000610351562,19.530000686645508,18.05398178100586,315358228
2023-06-29,2800.HK,19.510000228881836,19.549999237060547,19.18000030517578,19.270000457763672,17.81363296508789,363420085
2023-06-30,2800.HK,19.200000762939453,19.420000076293945,19.18000030517578,19.25,17.795143127441406,129218673
2023-07-03,2800.HK,19.389999389648438,19.729999542236328,19.350000381469727,19.639999389648438,18.155670166015625,308600242
2023-07-04,2800.HK,19.639999389648438,19.799999237060547,19.59000015258789,19.760000228881836,18.266599655151367,227023243
2023-07-05,2800.HK,19.65999984741211,19.739999771118164,19.450000762939453,19.469999313354492,17.998517990112305,629768055
2023-07-06,2800.HK,19.350000381469727,19.479999542236328,18.969999313354492,19.020000457763672,17.58252716064453,244211077
2023-07-07,2800.HK,18.959999084472656,19.020000457763672,18.760000228881836,18.860000610351562,17.434619903564453,401349044
2023-07-10,2800.HK,19.200000762939453,19.280000686645508,18.90999984741211,18.979999542236328,17.545549392700195,269779640
2023-07-11,2800.HK,19.15999984741211,19.309999465942383,19.06999969482422,19.139999389648438,17.693456649780273,423014228
2023-07-12,2800.HK,19.280000686645508,19.440000534057617,19.229999542236328,19.360000610351562,17.89682960510254,351760241
2023-07-13,2800.HK,19.670000076293945,19.889999389648438,19.65999984741211,19.850000381469727,18.349796295166016,274863326
2023-07-14,2800.HK,20.0,20.040000915527344,19.8799991607666,19.899999618530273,18.396018981933594,168726686
2023-07-18,2800.HK,19.81999969482422,19.81999969482422,19.469999313354492,19.510000228881836,18.035493850708008,215593203
2023-07-19,2800.HK,19.3799991607666,19.520000457763672,19.190000534057617,19.440000534057617,17.97078514099121,1023772248
2023-07-20,2800.HK,19.5,19.739999771118164,19.3799991607666,19.399999618530273,17.933809280395508,1013803278
2023-07-21,2800.HK,19.40999984741211,19.68000030517578,19.389999389648438,19.59000015258789,18.109447479248047,328799422
2023-07-24,2800.HK,19.299999237060547,19.450000762939453,19.040000915527344,19.15999984741211,17.711946487426758,591502767
2023-07-25,2800.HK,19.690000534057617,19.969999313354492,19.6200008392334,19.920000076293945,18.414508819580078,456645140
2023-07-26,2800.HK,19.81999969482422,19.920000076293945,19.75,19.860000610351562,18.359039306640625,314329303
2023-07-27,2800.HK,20.020000457763672,20.219999313354492,20.0,20.1200008392334,18.599393844604492,231852778
2023-07-28,2800.HK,19.8799991607666,20.459999084472656,19.8799991607666,20.420000076293945,18.876720428466797,212127578
2023-07-31,2800.HK,20.700000762939453,20.8799991607666,20.520000457763672,20.540000915527344,18.98764991760254,466228318
2023-08-01,2800.HK,20.700000762939453,20.84000015258789,20.399999618530273,20.540000915527344,18.98764991760254,513183289
2023-08-02,2800.HK,20.3799991607666,20.5,19.979999542236328,19.989999771118164,18.479215621948242,120327476
2023-08-03,2800.HK,19.90999984741211,20.18000030517578,19.8700008392334,19.899999618530273,18.396018981933594,175571888
2023-08-04,2800.HK,20.18000030517578,20.3799991607666,19.959999084472656,20.040000915527344,18.525440216064453,448273938
2023-08-07,2800.HK,20.0,20.079999923706055,19.84000015258789,20.040000915527344,18.525440216064453,196709793
2023-08-08,2800.HK,19.889999389648438,19.889999389648438,19.600000381469727,19.690000534057617,18.20189094543457,336072058
2023-08-09,2800.HK,19.559999465942383,19.770000457763672,19.540000915527344,19.760000228881836,18.266599655151367,305526372
2023-08-10,2800.HK,19.639999389648438,19.84000015258789,19.549999237060547,19.780000686645508,18.28508758544922,165410716
2023-08-11,2800.HK,19.780000686645508,19.84000015258789,19.56999969482422,19.6200008392334,18.137178421020508,287674371
2023-08-14,2800.HK,19.209999084472656,19.329999923706055,19.079999923706055,19.299999237060547,17.84136199951172,366771421
2023-08-15,2800.HK,19.149999618530273,19.260000228881836,19.030000686645508,19.110000610351562,17.665725708007812,182198357
2023-08-16,2800.HK,18.850000381469727,18.959999084472656,18.770000457763672,18.850000381469727,17.42537498474121,518942582
2023-08-17,2800.HK,18.56999969482422,18.93000030517578,18.40999984741211,18.8799991607666,17.453105926513672,467951166
2023-08-18,2800.HK,18.729999542236328,18.84000015258789,18.440000534057617,18.479999542236328,17.083337783813477,525717257
2023-08-21,2800.HK,18.350000381469727,18.389999389648438,18.110000610351562,18.149999618530273,16.778276443481445,393977100
2023-08-22,2800.HK,18.200000762939453,18.489999771118164,18.079999923706055,18.31999969482422,16.935428619384766,407702553
2023-08-23,2800.HK,18.31999969482422,18.520000457763672,18.239999771118164,18.40999984741211,17.018627166748047,156962054
2023-08-24,2800.HK,18.549999237060547,18.799999237060547,18.459999084472656,18.760000228881836,17.34217643737793,176309640
2023-08-25,2800.HK,18.579999923706055,18.670000076293945,18.479999542236328,18.510000228881836,17.11107063293457,171633199
2023-08-28,2800.HK,19.079999923706055,19.079999923706055,18.639999389648438,18.649999618530273,17.240489959716797,188287947
2023-08-29,2800.HK,18.809999465942383,19.1299991607666,18.790000915527344,19.030000686645508,17.591772079467773,204289780
2023-08-30,2800.HK,19.170000076293945,19.290000915527344,18.959999084472656,19.0,17.56403923034668,167047577
2023-08-31,2800.HK,19.1200008392334,19.209999084472656,18.860000610351562,18.93000030517578,17.49932861328125,171923101
2023-09-04,2800.HK,19.139999389648438,19.489999771118164,19.139999389648438,19.420000076293945,17.952295303344727,327943959
2023-09-05,2800.HK,19.290000915527344,19.290000915527344,19.0,19.020000457763672,17.58252716064453,473452386
2023-09-06,2800.HK,18.979999542236328,19.079999923706055,18.829999923706055,19.020000457763672,17.58252716064453,119992179
2023-09-07,2800.HK,19.020000457763672,19.020000457763672,18.770000457763672,18.790000915527344,17.369911193847656,263244686
2023-09-11,2800.HK,18.639999389648438,18.799999237060547,18.459999084472656,18.719999313354492,17.305198669433594,825041742
2023-09-12,2800.HK,18.6299991607666,18.780000686645508,18.510000228881836,18.65999984741211,17.249732971191406,323343860
2023-09-13,2800.HK,18.780000686645508,18.829999923706055,18.56999969482422,18.649999618530273,17.240489959716797,231467019
2023-09-14,2800.HK,18.700000762939453,18.809999465942383,18.559999465942383,18.700000762939453,17.286712646484375,178512576
2023-09-15,2800.HK,18.799999237060547,19.020000457763672,18.670000076293945,18.799999237060547,17.379152297973633,313573668
2023-09-18,2800.HK,18.68000030517578,18.739999771118164,18.5,18.540000915527344,17.138805389404297,514782092
2023-09-19,2800.HK,18.600000381469727,18.649999618530273,18.459999084472656,18.6299991607666,17.222000122070312,284211524
2023-09-20,2800.HK,18.579999923706055,18.639999389648438,18.459999084472656,18.510000228881836,17.11107063293457,188319963
2023-09-21,2800.HK,18.469999313354492,18.469999313354492,18.25,18.280000686645508,16.898454666137695,161053437
2023-09-22,2800.HK,18.200000762939453,18.709999084472656,18.200000762939453,18.700000762939453,17.286712646484375,723638920
2023-09-25,2800.HK,18.469999313354492,18.65999984741211,18.34000015258789,18.34000015258789,16.95391845703125,244693864
2023-09-26,2800.HK,18.280000686645508,18.350000381469727,17.989999771118164,18.09000015258789,16.72281265258789,230331169
2023-09-27,2800.HK,18.110000610351562,18.299999237060547,18.110000610351562,18.25,16.8707218170166,161808669
2023-09-28,2800.HK,18.25,18.25,17.969999313354492,18.0,16.639616012573242,216644621
2023-09-29,2800.HK,18.1299991607666,18.579999923706055,18.1200008392334,18.440000534057617,17.04636001586914,139874906
2023-10-03,2800.HK,18.200000762939453,18.200000762939453,17.81999969482422,17.940000534057617,16.584148406982422,690388145
2023-10-04,2800.HK,17.8799991607666,17.90999984741211,17.719999313354492,17.809999465942383,16.46397590637207,182050965
2023-10-05,2800.HK,17.8799991607666,17.959999084472656,17.829999923706055,17.84000015258789,16.491708755493164,152787666
2023-10-06,2800.HK,17.959999084472656,18.260000228881836,17.959999084472656,18.139999389648438,16.769033432006836,77106910
2023-10-09,2800.HK,18.139999389648438,18.270000457763672,18.06999969482422,18.170000076293945,16.79676628112793,40302890
2023-10-10,2800.HK,18.350000381469727,18.56999969482422,18.280000686645508,18.31999969482422,16.935428619384766,369540767
2023-10-11,2800.HK,18.600000381469727,18.670000076293945,18.540000915527344,18.549999237060547,17.148046493530273,147403103
2023-10-12,2800.HK,18.809999465942383,18.940000534057617,18.809999465942383,18.860000610351562,17.434619903564453,334156238
2023-10-13,2800.HK,18.559999465942383,18.649999618530273,18.420000076293945,18.440000534057617,17.04636001586914,247678645
2023-10-16,2800.HK,18.420000076293945,18.489999771118164,18.239999771118164,18.270000457763672,16.889209747314453,242846599
2023-10-17,2800.HK,18.450000762939453,18.459999084472656,18.31999969482422,18.399999618530273,17.009382247924805,120914997
2023-10-18,2800.HK,18.350000381469727,18.479999542236328,18.260000228881836,18.3799991607666,16.990894317626953,472089717
2023-10-19,2800.HK,18.170000076293945,18.170000076293945,17.90999984741211,17.90999984741211,16.556415557861328,191685343
2023-10-20,2800.HK,17.770000457763672,17.940000534057617,17.75,17.790000915527344,16.445486068725586,221931358
2023-10-24,2800.HK,17.700000762939453,17.770000457763672,17.510000228881836,17.600000381469727,16.269845962524414,264512215
2023-10-25,2800.HK,18.100000381469727,18.1200008392334,17.6299991607666,17.739999771118164,16.399263381958008,137411043
2023-10-26,2800.HK,17.700000762939453,17.809999465942383,17.549999237060547,17.690000534057617,16.353044509887695,250348482
2023-10-27,2800.HK,17.81999969482422,18.149999618530273,17.729999542236328,18.079999923706055,16.71356964111328,114675391
2023-10-30,2800.HK,17.329999923706055,17.530000686645508,17.31999969482422,17.530000686645508,16.71356964111328,255953762
2023-10-31,2800.HK,17.459999084472656,17.459999084472656,17.1200008392334,17.219999313354492,16.418004989624023,267187394
2023-11-01,2800.HK,17.229999542236328,17.270000457763672,17.06999969482422,17.190000534057617,16.389404296875,154884055
2023-11-02,2800.HK,17.290000915527344,17.559999465942383,17.270000457763672,17.329999923706055,16.522884368896484,220458464
2023-11-03,2800.HK,17.549999237060547,17.81999969482422,17.469999313354492,17.760000228881836,16.932857513427734,197431010
2023-11-06,2800.HK,18.0,18.149999618530273,17.969999313354492,18.06999969482422,17.228418350219727,210117883
2023-11-07,2800.HK,17.959999084472656,18.0,17.760000228881836,17.760000228881836,16.932857513427734,534482625
2023-11-08,2800.HK,17.770000457763672,17.860000610351562,17.639999389648438,17.649999618530273,16.827980041503906,437278114
2023-11-09,2800.HK,17.719999313354492,17.75,17.56999969482422,17.6299991607666,16.808910369873047,324937161
2023-11-10,2800.HK,17.5,17.5,17.290000915527344,17.309999465942383,16.503814697265625,239999973
2023-11-13,2800.HK,17.399999618530273,17.59000015258789,17.239999771118164,17.559999465942383,16.742170333862305,343157684
2023-11-14,2800.HK,17.6299991607666,17.700000762939453,17.479999542236328,17.530000686645508,16.71356964111328,354507016
2023-11-15,2800.HK,17.979999542236328,18.239999771118164,17.899999618530273,18.200000762939453,17.352365493774414,907647461
2023-11-16,2800.HK,18.299999237060547,18.299999237060547,17.84000015258789,17.950000762939453,17.1140079498291,848837317
2023-11-17,2800.HK,17.700000762939453,17.760000228881836,17.540000915527344,17.56999969482422,16.751705169677734,225959683
2023-11-20,2800.HK,17.770000457763672,17.920000076293945,17.670000076293945,17.899999618530273,17.066335678100586,639682092
2023-11-21,2800.HK,18.06999969482422,18.209999084472656,17.81999969482422,17.84000015258789,17.009130477905273,268441843
2023-11-22,2800.HK,17.84000015258789,17.940000534057617,17.780000686645508,17.860000610351562,17.028200149536133,514745241
2023-11-23,2800.HK,17.790000915527344,18.079999923706055,17.719999313354492,18.059999465942383,17.218883514404297,919745413
2023-11-24,2800.HK,17.969999313354492,17.969999313354492,17.68000030517578,17.690000534057617,16.866117477416992,938030971
2023-11-27,2800.HK,17.770000457763672,17.809999465942383,17.489999771118164,17.670000076293945,16.847047805786133,164804297
2023-11-28,2800.HK,17.670000076293945,17.670000076293945,17.440000534057617,17.5,16.684967041015625,507069409
2023-11-29,2800.HK,17.510000228881836,17.510000228881836,17.010000228881836,17.1299991607666,16.332197189331055,606102838
2023-11-30,2800.HK,17.15999984741211,17.209999084472656,17.0,17.190000534057617,16.389404296875,194941881
2023-12-01,2800.HK,17.190000534057617,17.190000534057617,16.959999084472656,16.969999313354492,16.179649353027344,494693968
2023-12-04,2800.HK,17.1200008392334,17.139999389648438,16.760000228881836,16.790000915527344,16.008033752441406,270670855
2023-12-05,2800.HK,16.760000228881836,16.760000228881836,16.360000610351562,16.459999084472656,15.693402290344238,601193390
2023-12-06,2800.HK,16.5,16.729999542236328,16.3700008392334,16.59000015258789,15.817347526550293,419242811
2023-12-07,2800.HK,16.540000915527344,16.540000915527344,16.280000686645508,16.469999313354492,15.702935218811035,494626123
2023-12-08,2800.HK,16.5,16.600000381469727,16.3799991607666,16.459999084472656,15.693402290344238,363929355
2023-12-11,2800.HK,16.290000915527344,16.40999984741211,16.100000381469727,16.34000015258789,15.578991889953613,536724283
2023-12-12,2800.HK,16.3700008392334,16.559999465942383,16.290000915527344,16.510000228881836,15.741073608398438,473276553
2023-12-13,2800.HK,16.469999313354492,16.469999313354492,16.270000457763672,16.360000610351562,15.598060607910156,157262316
2023-12-14,2800.HK,16.559999465942383,16.719999313354492,16.440000534057617,16.540000915527344,15.769678115844727,805975469
2023-12-15,2800.HK,16.75,17.110000610351562,16.75,16.940000534057617,16.15104866027832,237209711
2023-12-18,2800.HK,16.860000610351562,16.860000610351562,16.709999084472656,16.760000228881836,15.979430198669434,863403982
2023-12-19,2800.HK,16.65999984741211,16.719999313354492,16.540000915527344,16.6299991607666,15.855484008789062,243998860
2023-12-20,2800.HK,16.790000915527344,16.889999389648438,16.690000534057617,16.760000228881836,15.979430198669434,874490854
2023-12-21,2800.HK,16.579999923706055,16.809999465942383,16.579999923706055,16.780000686645508,15.99850082397461,161895043
2023-12-22,2800.HK,16.84000015258789,17.020000457763672,16.40999984741211,16.469999313354492,15.702935218811035,240449710
2023-12-27,2800.HK,16.700000762939453,16.829999923706055,16.59000015258789,16.760000228881836,15.979430198669434,144053187
2023-12-28,2800.HK,16.799999237060547,17.25,16.799999237060547,17.229999542236328,16.427539825439453,536991024
2023-12-29,2800.HK,17.229999542236328,17.25,17.100000381469727,17.190000534057617,16.389404296875,191767914
2024-01-02,2800.HK,17.280000686645508,17.280000686645508,16.8700008392334,16.940000534057617,16.15104866027832,211687554
2024-01-03,2800.HK,16.719999313354492,16.809999465942383,16.709999084472656,16.790000915527344,16.008033752441406,455797370
2024-01-04,2800.HK,16.809999465942383,16.84000015258789,16.65999984741211,16.809999465942383,16.027099609375,155435833
2024-01-05,2800.HK,16.700000762939453,16.899999618530273,16.600000381469727,16.68000030517578,15.903155326843262,165704759
2024-01-08,2800.HK,16.700000762939453,16.75,16.290000915527344,16.360000610351562,15.598060607910156,236970949
2024-01-09,2800.HK,16.389999389648438,16.56999969482422,16.34000015258789,16.34000015258789,15.578991889953613,378125063
2024-01-10,2800.HK,16.25,16.399999618530273,16.18000030517578,16.25,15.493182182312012,171575584
2024-01-11,2800.HK,16.270000457763672,16.610000610351562,16.239999771118164,16.459999084472656,15.693402290344238,687918853
2024-01-12,2800.HK,16.329999923706055,16.540000915527344,16.299999237060547,16.389999389648438,15.62666130065918,251086507
2024-01-15,2800.HK,16.3700008392334,16.3700008392334,16.3700008392334,16.3700008392334,15.60759449005127,0
2024-01-16,2800.HK,16.149999618530273,16.350000381469727,15.970000267028809,16.0,15.254826545715332,266675580
2024-01-17,2800.HK,15.90999984741211,15.90999984741211,15.329999923706055,15.399999618530273,14.682769775390625,587194679
2024-01-18,2800.HK,15.449999809265137,15.609999656677246,15.329999923706055,15.529999732971191,14.806715965270996,695132787
2024-01-19,2800.HK,15.550000190734863,15.680000305175781,15.350000381469727,15.4399995803833,14.720907211303711,530324886
2024-01-22,2800.HK,15.510000228881836,15.510000228881836,14.930000305175781,15.109999656677246,14.406275749206543,409948350
2024-01-23,2800.HK,15.140000343322754,15.670000076293945,15.140000343322754,15.479999542236328,14.75904369354248,787479261
2024-01-24,2800.HK,15.75,16.1299991607666,15.550000190734863,16.059999465942383,15.312030792236328,546118980
2024-01-25,2800.HK,16.149999618530273,16.399999618530273,15.970000267028809,16.350000381469727,15.588525772094727,443366611
2024-01-26,2800.HK,16.299999237060547,16.399999618530273,16.030000686645508,16.100000381469727,15.35016918182373,844648268
2024-01-29,2800.HK,16.200000762939453,16.43000030517578,16.170000076293945,16.229999542236328,15.474113464355469,216706047
2024-01-30,2800.HK,16.049999237060547,16.049999237060547,15.8100004196167,15.829999923706055,15.092743873596191,249140131
2024-01-31,2800.HK,15.829999923706055,15.890000343322754,15.5600004196167,15.619999885559082,14.892522811889648,349971375
2024-02-01,2800.HK,15.65999984741211,15.949999809265137,15.569999694824219,15.739999771118164,15.006935119628906,455771115
2024-02-02,2800.HK,15.880000114440918,16.059999465942383,15.579999923706055,15.65999984741211,14.93066120147705,482018510
2024-02-05,2800.HK,15.430000305175781,15.829999923706055,15.430000305175781,15.630000114440918,14.902058601379395,564432159
2024-02-06,2800.HK,15.699999809265137,16.309999465942383,15.699999809265137,16.280000686645508,15.521785736083984,808282257
2024-02-07,2800.HK,16.420000076293945,16.56999969482422,16.190000534057617,16.200000762939453,15.445511817932129,213129859
2024-02-08,2800.HK,16.139999389648438,16.239999771118164,15.949999809265137,16.0,15.254826545715332,215848103
2024-02-09,2800.HK,15.880000114440918,15.880000114440918,15.880000114440918,15.880000114440918,15.14041519165039,0
2024-02-14,2800.HK,15.670000076293945,16.059999465942383,15.579999923706055,16.020000457763672,15.273895263671875,148668461
2024-02-15,2800.HK,16.0,16.190000534057617,15.880000114440918,16.079999923706055,15.331100463867188,111821027
2024-02-16,2800.HK,16.139999389648438,16.559999465942383,16.079999923706055,16.5,15.731539726257324,339327420
2024-02-19,2800.HK,16.459999084472656,16.459999084472656,16.290000915527344,16.290000915527344,15.531320571899414,254655211
2024-02-20,2800.HK,16.309999465942383,16.440000534057617,16.200000762939453,16.3799991607666,15.617128372192383,184979983
2024-02-21,2800.HK,16.360000610351562,16.920000076293945,16.299999237060547,16.649999618530273,15.874552726745605,362191294
2024-02-22,2800.HK,16.6200008392334,16.920000076293945,16.56999969482422,16.920000076293945,16.13197898864746,437260817
2024-02-23,2800.HK,16.799999237060547,17.049999237060547,16.799999237060547,16.8799991607666,16.093841552734375,379113911
2024-02-26,2800.HK,16.799999237060547,16.920000076293945,16.739999771118164,16.770000457763672,15.988965034484863,381195456
2024-02-27,2800.HK,16.790000915527344,16.989999771118164,16.600000381469727,16.959999084472656,16.170114517211914,201600462
2024-02-28,2800.HK,16.989999771118164,17.020000457763672,16.68000030517578,16.68000030517578,15.903155326843262,209706387
2024-02-29,2800.HK,16.600000381469727,16.850000381469727,16.600000381469727,16.6299991607666,15.855484008789062,112258275
2024-03-01,2800.HK,16.579999923706055,16.799999237060547,16.399999618530273,16.719999313354492,15.941292762756348,452944275
2024-03-04,2800.HK,16.770000457763672,16.809999465942383,16.6200008392334,16.739999771118164,15.96036148071289,352047294
2024-03-05,2800.HK,16.479999542236328,16.600000381469727,16.229999542236328,16.299999237060547,15.540853500366211,676077518
2024-03-06,2800.HK,16.350000381469727,16.709999084472656,16.290000915527344,16.600000381469727,15.826882362365723,300081377
2024-03-07,2800.HK,16.610000610351562,16.729999542236328,16.329999923706055,16.420000076293945,15.655265808105469,304578897
2024-03-08,2800.HK,16.479999542236328,16.709999084472656,16.479999542236328,16.559999465942383,15.78874397277832,272656127
2024-03-11,2800.HK,16.600000381469727,16.84000015258789,16.600000381469727,16.790000915527344,16.008033752441406,225373397
2024-03-12,2800.HK,16.90999984741211,17.389999389648438,16.829999923706055,17.31999969482422,16.513349533081055,411092698
2024-03-13,2800.HK,17.299999237060547,17.450000762939453,17.25,17.31999969482422,16.513349533081055,617441619
2024-03-14,2800.HK,17.31999969482422,17.440000534057617,17.100000381469727,17.170000076293945,16.370336532592773,616833825
2024-03-15,2800.HK,16.979999542236328,17.040000915527344,16.760000228881836,16.950000762939453,16.16058349609375,330559551
2024-03-18,2800.HK,16.920000076293945,17.030000686645508,16.860000610351562,16.959999084472656,16.170114517211914,194656206
2024-03-19,2800.HK,16.799999237060547,16.920000076293945,16.700000762939453,16.75,15.96989631652832,215202128
2024-03-20,2800.HK,16.799999237060547,16.8799991607666,16.639999389648438,16.770000457763672,15.988965034484863,253911377
2024-03-21,2800.HK,16.979999542236328,17.209999084472656,16.979999542236328,17.100000381469727,16.3035945892334,439043557
2024-03-22,2800.HK,16.989999771118164,16.989999771118164,16.559999465942383,16.709999084472656,15.931758880615234,1134022866
2024-03-25,2800.HK,16.729999542236328,16.84000015258789,16.649999618530273,16.68000030517578,15.903155326843262,828535739
2024-03-26,2800.HK,16.799999237060547,16.959999084472656,16.670000076293945,16.84000015258789,16.055706024169922,242545213
2024-03-27,2800.HK,16.75,16.84000015258789,16.559999465942383,16.6200008392334,15.845952033996582,504021414
2024-03-28,2800.HK,16.6299991607666,16.950000762939453,16.559999465942383,16.75,15.96989631652832,179881274
2024-04-02,2800.HK,17.0,17.25,17.0,17.149999618530273,16.351266860961914,496261016
2024-04-03,2800.HK,17.149999618530273,17.149999618530273,16.90999984741211,16.940000534057617,16.15104866027832,471759595
2024-04-05,2800.HK,17.0,17.079999923706055,16.709999084472656,16.940000534057617,16.15104866027832,230532156
2024-04-08,2800.HK,16.940000534057617,17.149999618530273,16.799999237060547,16.969999313354492,16.179649353027344,200519338
2024-04-09,2800.HK,17.0,17.260000228881836,17.0,17.079999923706055,16.284526824951172,130287957
2024-04-10,2800.HK,17.139999389648438,17.43000030517578,17.139999389648438,17.389999389648438,16.580089569091797,241889170
2024-04-11,2800.HK,17.15999984741211,17.389999389648438,17.049999237060547,17.34000015258789,16.53241729736328,372151039
2024-04-12,2800.HK,17.200000762939453,17.260000228881836,16.950000762939453,16.969999313354492,16.179649353027344,365681226
2024-04-15,2800.HK,16.700000762939453,16.889999389648438,16.700000762939453,16.81999969482422,16.036636352539062,332436979
2024-04-16,2800.HK,16.549999237060547,16.68000030517578,16.440000534057617,16.489999771118164,15.722005844116211,514127050
2024-04-17,2800.HK,16.489999771118164,16.540000915527344,16.3799991607666,16.479999542236328,15.712470054626465,813184002
2024-04-18,2800.HK,16.469999313354492,16.739999771118164,16.420000076293945,16.6299991607666,15.855484008789062,233224819
2024-04-19,2800.HK,16.40999984741211,16.489999771118164,16.270000457763672,16.469999313354492,15.702935218811035,254360072
2024-04-22,2800.HK,16.639999389648438,16.8799991607666,16.639999389648438,16.709999084472656,15.931758880615234,385186717
2024-04-23,2800.HK,16.899999618530273,17.09000015258789,16.84000015258789,17.059999465942383,16.265459060668945,334399778
2024-04-24,2800.HK,17.200000762939453,17.459999084472656,17.170000076293945,17.43000030517578,16.618227005004883,364930057
2024-04-25,2800.HK,17.350000381469727,17.690000534057617,17.350000381469727,17.510000228881836,16.694499969482422,240893326
2024-04-26,2800.HK,17.549999237060547,18.020000457763672,17.549999237060547,17.899999618530273,17.066335678100586,407601899
2024-04-29,2800.HK,17.780000686645508,18.139999389648438,17.760000228881836,17.81999969482422,17.13364028930664,367713285
2024-04-30,2800.HK,17.899999618530273,18.0,17.780000686645508,17.84000015258789,17.152870178222656,655559166
2024-05-02,2800.HK,17.84000015258789,18.31999969482422,17.84000015258789,18.309999465942383,17.604766845703125,330749349
2024-05-03,2800.HK,18.549999237060547,18.700000762939453,18.459999084472656,18.559999465942383,17.845136642456055,417187951
2024-05-06,2800.HK,18.56999969482422,18.700000762939453,18.489999771118164,18.68000030517578,17.96051597595215,521576858
2024-05-07,2800.HK,18.68000030517578,18.739999771118164,18.510000228881836,18.559999465942383,17.845136642456055,429029834
2024-05-08,2800.HK,18.600000381469727,18.709999084472656,18.399999618530273,18.40999984741211,17.700916290283203,469654765
2024-05-09,2800.HK,18.450000762939453,18.719999313354492,18.43000030517578,18.670000076293945,17.95090103149414,709941817
2024-05-10,2800.HK,18.790000915527344,19.15999984741211,18.780000686645508,19.1200008392334,18.383569717407227,451702917
2024-05-13,2800.HK,19.040000915527344,19.299999237060547,18.979999542236328,19.270000457763672,18.52779197692871,540880566
2024-05-14,2800.HK,19.360000610351562,19.469999313354492,19.229999542236328,19.229999542236328,18.48933219909668,405339577
2024-05-16,2800.HK,19.399999618530273,19.6200008392334,19.290000915527344,19.530000686645508,18.77777862548828,594786291
2024-05-17,2800.HK,19.649999618530273,19.799999237060547,19.530000686645508,19.719999313354492,18.960458755493164,460751749
2024-05-20,2800.HK,19.799999237060547,19.889999389648438,19.760000228881836,19.809999465942383,19.046993255615234,545314720
2024-05-21,2800.HK,19.68000030517578,19.68000030517578,19.350000381469727,19.350000381469727,18.604711532592773,599867769
2024-05-22,2800.HK,19.399999618530273,19.540000915527344,19.329999923706055,19.34000015258789,18.595094680786133,403776785
2024-05-23,2800.HK,19.219999313354492,19.229999542236328,18.959999084472656,19.020000457763672,18.28742218017578,346759597
2024-05-24,2800.HK,18.899999618530273,19.049999237060547,18.719999313354492,18.790000915527344,18.066280364990234,199343699
2024-05-27,2800.HK,18.799999237060547,19.059999465942383,18.709999084472656,19.0,18.268190383911133,214395872
2024-05-28,2800.HK,18.989999771118164,19.200000762939453,18.969999313354492,19.020000457763672,18.28742218017578,363947385
2024-05-29,2800.HK,18.8799991607666,18.90999984741211,18.65999984741211,18.709999084472656,17.989360809326172,383525265
2024-05-30,2800.HK,18.6299991607666,18.760000228881836,18.399999618530273,18.459999084472656,17.74898910522461,485621355
2024-05-31,2800.HK,18.639999389648438,18.780000686645508,18.299999237060547,18.299999237060547,17.595151901245117,403077617
2024-06-03,2800.HK,18.489999771118164,18.809999465942383,18.489999771118164,18.6200008392334,17.902828216552734,451095984
2024-06-04,2800.HK,18.520000457763672,18.770000457763672,18.520000457763672,18.65999984741211,17.941287994384766,253778474
2024-06-05,2800.HK,18.700000762939453,18.969999313354492,18.610000610351562,18.65999984741211,17.941287994384766,398831900
2024-06-06,2800.HK,18.84000015258789,18.969999313354492,18.649999618530273,18.760000228881836,18.03743553161621,378311746
2024-06-07,2800.HK,18.850000381469727,18.860000610351562,18.56999969482422,18.65999984741211,17.941287994384766,413473726
2024-06-11,2800.HK,18.479999542236328,18.56999969482422,18.280000686645508,18.5,17.78744888305664,423427829
2024-06-12,2800.HK,18.3799991607666,18.3799991607666,18.170000076293945,18.290000915527344,17.585538864135742,425828150
2024-06-13,2800.HK,18.479999542236328,18.530000686645508,18.309999465942383,18.459999084472656,17.74898910522461,271308949
2024-06-14,2800.HK,18.31999969482422,18.450000762939453,18.260000228881836,18.270000457763672,17.566308975219727,475315102
2024-06-17,2800.HK,18.190000534057617,18.489999771118164,18.079999923706055,18.299999237060547,17.595151901245117,272965236
2024-06-18,2800.HK,18.350000381469727,18.399999618530273,18.200000762939453,18.290000915527344,17.585538864135742,241885757
2024-06-19,2800.HK,18.420000076293945,18.809999465942383,18.399999618530273,18.809999465942383,18.085508346557617,268955458
2024-06-20,2800.HK,18.799999237060547,18.8799991607666,18.6299991607666,18.709999084472656,17.989360809326172,509410120
2024-06-21,2800.HK,18.549999237060547,18.579999923706055,18.329999923706055,18.399999618530273,17.691299438476562,325028014
2024-06-24,2800.HK,18.239999771118164,18.399999618530273,18.139999389648438,18.399999618530273,17.691299438476562,395728234
2024-06-25,2800.HK,18.440000534057617,18.600000381469727,18.309999465942383,18.43000030517578,17.72014617919922,250792675
2024-06-26,2800.HK,18.280000686645508,18.540000915527344,18.270000457763672,18.469999313354492,17.758604049682617,388358559
2024-06-27,2800.HK,18.350000381469727,18.350000381469727,18.059999465942383,18.1299991607666,17.431699752807617,199198076
2024-06-28,2800.HK,18.0,18.270000457763672,17.959999084472656,18.1200008392334,17.42208480834961,229398336
2024-07-02,2800.HK,18.040000915527344,18.389999389648438,18.040000915527344,18.190000534057617,17.489389419555664,368453142
2024-07-03,2800.HK,18.25,18.440000534057617,18.209999084472656,18.399999618530273,17.691299438476562,169117813
2024-07-04,2800.HK,18.549999237060547,18.6200008392334,18.40999984741211,18.510000228881836,17.79706382751465,204797113
2024-07-05,2800.HK,18.5,18.579999923706055,18.260000228881836,18.260000228881836,17.55669403076172,219186586
2024-07-08,2800.HK,18.219999313354492,18.280000686645508,18.010000228881836,18.079999923706055,17.38362693786621,196236475
2024-07-09,2800.HK,18.079999923706055,18.18000030517578,17.920000076293945,18.049999237060547,17.354782104492188,242972138
2024-07-10,2800.HK,18.170000076293945,18.31999969482422,17.989999771118164,18.020000457763672,17.325937271118164,350071676
2024-07-11,2800.HK,18.190000534057617,18.43000030517578,18.15999984741211,18.399999618530273,17.691299438476562,336921947
2024-07-12,2800.HK,18.56999969482422,18.889999389648438,18.56999969482422,18.860000610351562,18.13358497619629,224187914
2024-07-15,2800.HK,18.739999771118164,18.799999237060547,18.5,18.579999923706055,17.864368438720703,341142858
2024-07-16,2800.HK,18.450000762939453,18.450000762939453,18.280000686645508,18.280000686645508,17.5759220123291,247617005
2024-07-17,2800.HK,18.34000015258789,18.3799991607666,18.219999313354492,18.280000686645508,17.5759220123291,267478673
2024-07-18,2800.HK,18.239999771118164,18.43000030517578,18.18000030517578,18.329999923706055,17.62399673461914,363824156
2024-07-19,2800.HK,18.149999618530273,18.18000030517578,17.93000030517578,17.979999542236328,17.287477493286133,295965131
2024-07-22,2800.HK,18.010000228881836,18.260000228881836,17.8700008392334,18.219999313354492,17.518232345581055,362859594
2024-07-23,2800.HK,18.260000228881836,18.270000457763672,18.0,18.020000457763672,17.325937271118164,344541219
2024-07-24,2800.HK,18.010000228881836,18.06999969482422,17.809999465942383,17.8799991607666,17.191329956054688,196191396
2024-07-25,2800.HK,17.81999969482422,17.850000381469727,17.520000457763672,17.56999969482422,16.893268585205078,370533851
2024-07-26,2800.HK,17.6299991607666,17.780000686645508,17.479999542236328,17.549999237060547,16.874040603637695,956949896
2024-07-29,2800.HK,17.770000457763672,17.920000076293945,17.709999084472656,17.84000015258789,17.152870178222656,237657987
2024-07-30,2800.HK,17.809999465942383,17.809999465942383,17.520000457763672,17.549999237060547,16.874040603637695,383790188
2024-07-31,2800.HK,17.639999389648438,17.959999084472656,17.559999465942383,17.959999084472656,17.268247604370117,606636376
2024-08-01,2800.HK,17.899999618530273,17.969999313354492,17.799999237060547,17.850000381469727,17.162485122680664,459645828
2024-08-02,2800.HK,17.559999465942383,17.6299991607666,17.420000076293945,17.510000228881836,16.835580825805664,342239382
2024-08-05,2800.HK,17.209999084472656,17.5,17.0,17.25,16.585594177246094,495676769
2024-08-06,2800.HK,17.40999984741211,17.469999313354492,17.170000076293945,17.200000762939453,16.537521362304688,390617563
2024-08-07,2800.HK,17.229999542236328,17.56999969482422,17.229999542236328,17.43000030517578,16.758663177490234,668315717
2024-08-08,2800.HK,17.329999923706055,17.600000381469727,17.219999313354492,17.440000534057617,16.768278121948242,1021600323
2024-08-09,2800.HK,17.649999618530273,17.81999969482422,17.639999389648438,17.65999984741211,16.97980308532715,160674070
2024-08-12,2800.HK,17.65999984741211,17.719999313354492,17.559999465942383,17.65999984741211,16.97980308532715,191585213
2024-08-13,2800.HK,17.719999313354492,17.81999969482422,17.6299991607666,17.729999542236328,17.04710578918457,188282606
2024-08-14,2800.HK,17.809999465942383,17.829999923706055,17.6200008392334,17.65999984741211,16.97980308532715,188395452
2024-08-15,2800.HK,17.59000015258789,17.889999389648438,17.5,17.690000534057617,17.008647918701172,337636423
2024-08-16,2800.HK,17.8799991607666,18.079999923706055,17.84000015258789,18.010000228881836,17.316322326660156,459204716
2024-08-19,2800.HK,18.15999984741211,18.280000686645508,18.1299991607666,18.149999618530273,17.450929641723633,512957125
2024-08-20,2800.HK,18.25,18.25,18.040000915527344,18.079999923706055,17.38362693786621,150290091
2024-08-21,2800.HK,17.920000076293945,18.0,17.829999923706055,17.959999084472656,17.268247604370117,435509310
2024-08-22,2800.HK,18.059999465942383,18.25,17.969999313354492,18.219999313354492,17.518232345581055,215083033
2024-08-23,2800.HK,18.09000015258789,18.229999542236328,18.06999969482422,18.209999084472656,17.50861930847168,202677733
2024-08-26,2800.HK,18.280000686645508,18.420000076293945,18.280000686645508,18.3700008392334,17.662458419799805,309817056
2024-08-27,2800.HK,18.270000457763672,18.479999542236328,18.209999084472656,18.469999313354492,17.758604049682617,320916252
2024-08-28,2800.HK,18.43000030517578,18.479999542236328,18.25,18.299999237060547,17.595151901245117,264021009
2024-08-29,2800.HK,18.219999313354492,18.399999618530273,18.100000381469727,18.3700008392334,17.662458419799805,427174728
2024-08-30,2800.HK,18.3700008392334,18.809999465942383,18.3700008392334,18.610000610351562,17.893213272094727,320944264
2024-09-02,2800.HK,18.479999542236328,18.479999542236328,18.25,18.299999237060547,17.595151901245117,1004120316
2024-09-03,2800.HK,18.299999237060547,18.360000610351562,18.209999084472656,18.280000686645508,17.5759220123291,304286823
2024-09-04,2800.HK,18.110000610351562,18.18000030517578,17.969999313354492,18.079999923706055,17.38362693786621,603902054
2024-09-05,2800.HK,18.1200008392334,18.209999084472656,17.979999542236328,18.09000015258789,17.39324188232422,265962094
2024-09-09,2800.HK,17.940000534057617,17.979999542236328,17.739999771118164,17.84000015258789,17.152870178222656,594295182
2024-09-10,2800.HK,17.8799991607666,17.969999313354492,17.799999237060547,17.90999984741211,17.220172882080078,172906415
2024-09-11,2800.HK,17.700000762939453,17.799999237060547,17.6299991607666,17.770000457763672,17.085567474365234,632923871
2024-09-12,2800.HK,17.860000610351562,18.040000915527344,17.829999923706055,17.940000534057617,17.249019622802734,287812592
2024-09-13,2800.HK,18.0,18.260000228881836,18.0,18.06999969482422,17.37401008605957,464894416
2024-09-16,2800.HK,17.979999542236328,18.1299991607666,17.8799991607666,18.1299991607666,17.431699752807617,116789964
2024-09-17,2800.HK,18.1200008392334,18.43000030517578,18.09000015258789,18.350000381469727,17.643226623535156,115538370
2024-09-19,2800.HK,18.329999923706055,18.790000915527344,18.299999237060547,18.719999313354492,17.998973846435547,445539243
2024-09-20,2800.HK,18.81999969482422,19.079999923706055,18.75,18.940000534057617,18.21050262451172,789319539
2024-09-23,2800.HK,18.950000762939453,19.149999618530273,18.93000030517578,18.950000762939453,18.220117568969727,722945475
2024-09-24,2800.HK,19.299999237060547,19.739999771118164,19.260000228881836,19.739999771118164,18.97968864440918,1377940588
2024-09-25,2800.HK,20.299999237060547,20.31999969482422,19.809999465942383,19.84000015258789,19.075838088989258,947464869
2024-09-26,2800.HK,20.040000915527344,20.700000762939453,19.90999984741211,20.65999984741211,19.864253997802734,955178436
2024-09-27,2800.HK,21.100000381469727,21.479999542236328,20.979999542236328,21.34000015258789,20.518062591552734,1122154583
2024-09-30,2800.HK,21.799999237060547,22.200000762939453,21.520000457763672,21.81999969482422,20.97957420349121,1648283680
2024-10-02,2800.HK,21.979999542236328,23.420000076293945,21.979999542236328,23.139999389648438,22.248733520507812,1179458060
2024-10-03,2800.HK,23.200000762939453,23.200000762939453,22.15999984741211,22.81999969482422,21.941059112548828,893034562
2024-10-04,2800.HK,22.700000762939453,23.5,22.520000457763672,23.459999084472656,22.556407928466797,424259038
2024-10-07,2800.HK,23.700000762939453,23.979999542236328,23.459999084472656,23.799999237060547,22.883312225341797,434896579
2024-10-08,2800.HK,23.6200008392334,23.68000030517578,21.459999084472656,21.639999389648438,20.806507110595703,1523344647
2024-10-09,2800.HK,21.940000534057617,22.15999984741211,20.920000076293945,21.31999969482422,20.49883270263672,1182668564
2024-10-10,2800.HK,21.799999237060547,22.34000015258789,21.700000762939453,21.959999084472656,21.11418342590332,1654312095
2024-10-14,2800.HK,21.959999084472656,22.079999923706055,21.420000076293945,21.799999237060547,20.960346221923828,1080978539
2024-10-15,2800.HK,21.799999237060547,21.81999969482422,20.8799991607666,21.059999465942383,20.24884796142578,1167803921
2024-10-16,2800.HK,20.860000610351562,21.280000686645508,20.860000610351562,20.979999542236328,20.17192840576172,910468295
2024-10-17,2800.HK,21.15999984741211,21.5,20.700000762939453,20.760000228881836,19.96040153503418,595509035
2024-10-18,2800.HK,20.84000015258789,21.65999984741211,20.760000228881836,21.5,20.671899795532227,1112980756
2024-10-21,2800.HK,21.459999084472656,21.559999465942383,21.139999389648438,21.200000762939453,20.383455276489258,635997978
2024-10-22,2800.HK,21.1200008392334,21.34000015258789,21.079999923706055,21.219999313354492,20.402685165405273,558959577
2024-10-23,2800.HK,21.239999771118164,21.68000030517578,21.18000030517578,21.479999542236328,20.65266990661621,561661355
2024-10-24,2800.HK,21.34000015258789,21.420000076293945,21.15999984741211,21.219999313354492,20.402685165405273,834289547
2024-10-25,2800.HK,21.18000030517578,21.5,21.18000030517578,21.34000015258789,20.518062591552734,636711101
2024-10-28,2800.HK,21.31999969482422,21.399999618530273,21.15999984741211,21.31999969482422,20.49883270263672,183097052
2024-10-29,2800.HK,21.440000534057617,21.639999389648438,21.280000686645508,21.420000076293945,20.594980239868164,299725366
2024-10-30,2800.HK,20.81999969482422,20.81999969482422,20.3799991607666,20.459999084472656,20.258331298828125,524241059
2024-10-31,2800.HK,20.520000457763672,20.68000030517578,20.440000534057617,20.459999084472656,20.258331298828125,501846908
2024-11-01,2800.HK,20.559999465942383,20.780000686645508,20.459999084472656,20.6200008392334,20.416757583618164,326208458
2024-11-04,2800.HK,20.65999984741211,20.739999771118164,20.540000915527344,20.68000030517578,20.476165771484375,430111503
2024-11-05,2800.HK,20.5,21.1200008392334,20.5,21.1200008392334,20.911828994750977,377633522
2024-11-06,2800.HK,20.940000534057617,20.979999542236328,20.459999084472656,20.639999389648438,20.43655776977539,1044516062
2024-11-07,2800.HK,20.559999465942383,21.1200008392334,20.479999542236328,21.079999923706055,20.872220993041992,576528653
2024-11-08,2800.HK,21.299999237060547,21.479999542236328,20.81999969482422,20.81999969482422,20.614784240722656,1154783820
2024-11-11,2800.HK,20.299999237060547,20.639999389648438,20.280000686645508,20.559999465942383,20.35734748840332,768034431
2024-11-12,2800.HK,20.479999542236328,20.65999984741211,19.889999389648438,19.969999313354492,19.773162841796875,1298875466
2024-11-13,2800.HK,19.81999969482422,19.959999084472656,19.719999313354492,19.940000534057617,19.743459701538086,1400205509
2024-11-14,2800.HK,19.780000686645508,19.979999542236328,19.520000457763672,19.549999237060547,19.357301712036133,533493652
2024-11-15,2800.HK,19.639999389648438,19.739999771118164,19.459999084472656,19.549999237060547,19.357301712036133,542625889
2024-11-18,2800.HK,19.729999542236328,19.90999984741211,19.610000610351562,19.709999084472656,19.515724182128906,383149628
2024-11-19,2800.HK,19.829999923706055,19.90999984741211,19.649999618530273,19.790000915527344,19.594938278198242,403314587
2024-11-20,2800.HK,19.75,19.899999618530273,19.709999084472656,19.81999969482422,19.62464141845703,160569634
2024-11-21,2800.HK,19.770000457763672,19.90999984741211,19.68000030517578,19.719999313354492,19.52562713623047,575424576
2024-11-22,2800.HK,19.729999542236328,19.850000381469727,19.260000228881836,19.34000015258789,19.149372100830078,254743932
2024-11-25,2800.HK,19.420000076293945,19.5,19.239999771118164,19.290000915527344,19.09986686706543,444906364
2024-11-26,2800.HK,19.18000030517578,19.43000030517578,19.18000030517578,19.270000457763672,19.080062866210938,295647667
2024-11-27,2800.HK,19.309999465942383,19.809999465942383,19.200000762939453,19.760000228881836,19.56523323059082,637938530
2024-11-28,2800.HK,19.719999313354492,19.719999313354492,19.450000762939453,19.5,19.30779457092285,305977714
2024-11-29,2800.HK,19.510000228881836,19.809999465942383,19.450000762939453,19.600000381469727,19.406810760498047,624580782
2024-12-02,2800.HK,19.610000610351562,19.84000015258789,19.540000915527344,19.739999771118164,19.545429229736328,1118702236
2024-12-03,2800.HK,19.729999542236328,19.93000030517578,19.530000686645508,19.8799991607666,19.684049606323242,211016638
2024-12-04,2800.HK,19.8799991607666,19.979999542236328,19.75,19.8799991607666,19.684049606323242,838357673
2024-12-05,2800.HK,19.739999771118164,19.780000686645508,19.600000381469727,19.719999313354492,19.52562713623047,228389189
2024-12-06,2800.HK,19.760000228881836,20.100000381469727,19.719999313354492,20.040000915527344,19.84247398376465,249203527
2024-12-09,2800.HK,19.889999389648438,20.600000381469727,19.84000015258789,20.559999465942383,20.35734748840332,1016455601
2024-12-10,2800.HK,21.260000228881836,21.260000228881836,20.440000534057617,20.479999542236328,20.278135299682617,1029705420
2024-12-11,2800.HK,20.5,20.639999389648438,20.239999771118164,20.31999969482422,20.119712829589844,761761550
2024-12-12,2800.HK,20.34000015258789,20.700000762939453,20.280000686645508,20.540000915527344,20.33754539489746,447918360
2024-12-13,2800.HK,20.3799991607666,20.3799991607666,20.059999465942383,20.079999923706055,19.882078170776367,549319852
2024-12-16,2800.HK,20.079999923706055,20.200000762939453,19.860000610351562,19.93000030517578,19.733556747436523,382532251
2024-12-17,2800.HK,19.799999237060547,20.079999923706055,19.760000228881836,19.899999618530273,19.7038516998291,458928689
2024-12-18,2800.HK,20.0,20.100000381469727,19.950000762939453,20.040000915527344,19.84247398376465,251666158
2024-12-19,2800.HK,19.729999542236328,20.0,19.719999313354492,19.920000076293945,19.723655700683594,659020953
2024-12-20,2800.HK,19.81999969482422,20.040000915527344,19.81999969482422,19.889999389648438,19.693950653076172,506686414
2024-12-23,2800.HK,20.020000457763672,20.100000381469727,19.899999618530273,20.020000457763672,19.822669982910156,424028518
2024-12-24,2800.HK,20.280000686645508,20.280000686645508,20.280000686645508,20.280000686645508,20.080108642578125,0
2024-12-27,2800.HK,20.299999237060547,20.34000015258789,20.15999984741211,20.219999313354492,20.02069854736328,337262793
2024-12-30,2800.HK,20.239999771118164,20.360000610351562,20.100000381469727,20.18000030517578,19.98109245300293,321793355
2024-12-31,2800.HK,20.239999771118164,20.239999771118164,20.239999771118164,20.239999771118164,20.04050064086914,0
2025-01-02,2800.HK,20.200000762939453,20.200000762939453,19.719999313354492,19.780000686645508,19.585037231445312,734152691
2025-01-03,2800.HK,19.860000610351562,20.079999923706055,19.809999465942383,19.940000534057617,19.743459701538086,915065591
2025-01-06,2800.HK,20.040000915527344,20.059999465942383,19.81999969482422,19.8799991607666,19.684049606323242,431445923
2025-01-07,2800.HK,19.719999313354492,19.850000381469727,19.420000076293945,19.6299991607666,19.436513900756836,839235856
2025-01-08,2800.HK,19.600000381469727,19.68000030517578,19.299999237060547,19.469999313354492,19.278091430664062,487094129
2025-01-09,2800.HK,19.469999313354492,19.59000015258789,19.40999984741211,19.43000030517578,19.23848533630371,392403165
2025-01-10,2800.HK,19.5,19.559999465942383,19.219999313354492,19.270000457763672,19.080062866210938,481235691
2025-01-13,2800.HK,19.1200008392334,19.139999389648438,18.8700008392334,19.09000015258789,18.901836395263672,305879838
2025-01-14,2800.HK,19.110000610351562,19.530000686645508,19.100000381469727,19.440000534057617,19.248388290405273,447237024
2025-01-15,2800.HK,19.399999618530273,19.520000457763672,19.350000381469727,19.479999542236328,19.287992477416992,542969877
2025-01-16,2800.HK,19.65999984741211,19.8799991607666,19.549999237060547,19.75,19.55533218383789,412713020
2025-01-17,2800.HK,19.719999313354492,19.860000610351562,19.6200008392334,19.790000915527344,19.594938278198242,393760291
2025-01-20,2800.HK,19.979999542236328,20.34000015258789,19.979999542236328,20.1200008392334,19.92168426513672,446697004
2025-01-21,2800.HK,20.34000015258789,20.440000534057617,20.139999389648438,20.31999969482422,20.119712829589844,421996452
2025-01-22,2800.HK,20.200000762939453,20.239999771118164,19.940000534057617,19.969999313354492,19.773162841796875,451566395
2025-01-23,2800.HK,20.1200008392334,20.260000228881836,19.850000381469727,19.899999618530273,19.7038516998291,635273514
2025-01-24,2800.HK,20.040000915527344,20.3799991607666,19.979999542236328,20.260000228881836,20.060304641723633,600583271
2025-01-27,2800.HK,20.260000228881836,20.520000457763672,20.260000228881836,20.399999618530273,20.198925018310547,615308663
2025-01-28,2800.HK,20.459999084472656,20.459999084472656,20.459999084472656,20.459999084472656,20.258331298828125,0
2025-02-03,2800.HK,20.1200008392334,20.459999084472656,19.950000762939453,20.440000534057617,20.2385311126709,197669615
2025-02-04,2800.HK,20.68000030517578,21.1200008392334,20.5,21.0,20.793010711669922,572053107
2025-02-05,2800.HK,21.079999923706055,21.079999923706055,20.6200008392334,20.799999237060547,20.594980239868164,800947550
2025-02-06,2800.HK,20.84000015258789,21.100000381469727,20.739999771118164,21.100000381469727,20.892024993896484,641936187
2025-02-07,2800.HK,21.100000381469727,21.440000534057617,21.020000457763672,21.34000015258789,21.12965965270996,547215187
2025-02-10,2800.HK,21.420000076293945,21.780000686645508,21.420000076293945,21.719999313354492,21.50591278076172,980562853
2025-02-11,2800.HK,21.860000610351562,21.899999618530273,21.5,21.520000457763672,21.307886123657227,678252780
2025-02-12,2800.HK,21.739999771118164,22.079999923706055,21.639999389648438,22.059999465942383,21.842561721801758,907939931
2025-02-13,2800.HK,22.18000030517578,22.760000228881836,21.940000534057617,22.0,21.783153533935547,1079287181
2025-02-14,2800.HK,22.200000762939453,22.81999969482422,22.200000762939453,22.81999969482422,22.59507179260254,1309369295
2025-02-17,2800.HK,22.899999618530273,23.200000762939453,22.540000915527344,22.81999969482422,22.59507179260254,627545761
2025-02-18,2800.HK,22.8799991607666,23.360000610351562,22.84000015258789,23.18000030517578,22.951522827148438,1642722445
2025-02-19,2800.HK,23.0,23.200000762939453,22.84000015258789,23.139999389648438,22.911916732788086,703999557
2025-02-20,2800.HK,22.940000534057617,23.059999465942383,22.65999984741211,22.760000228881836,22.535663604736328,1250401013
2025-02-21,2800.HK,23.200000762939453,23.700000762939453,23.1200008392334,23.68000030517578,23.44659423828125,767688287
2025-02-24,2800.HK,23.600000381469727,23.899999618530273,23.440000534057617,23.540000915527344,23.30797576904297,1118792745
2025-02-25,2800.HK,23.020000457763672,23.459999084472656,22.940000534057617,23.239999771118164,23.01093101501465,1034972264
2025-02-26,2800.HK,23.459999084472656,24.219999313354492,23.459999084472656,23.959999084472656,23.723833084106445,1038332418
2025-02-27,2800.HK,24.0,24.280000686645508,23.700000762939453,23.940000534057617,23.70403289794922,888637690
2025-02-28,2800.HK,23.780000686645508,23.799999237060547,23.0,23.15999984741211,22.931720733642578,1300162241
2025-03-03,2800.HK,23.299999237060547,23.6200008392334,23.079999923706055,23.219999313354492,22.99112892150879,826659364
2025-03-04,2800.HK,22.940000534057617,23.260000228881836,22.780000686645508,23.139999389648438,22.911916732788086,992652447
2025-03-05,2800.HK,23.459999084472656,23.860000610351562,23.31999969482422,23.799999237060547,23.565410614013672,463664800
2025-03-06,2800.HK,24.239999771118164,24.719999313354492,24.239999771118164,24.6200008392334,24.377330780029297,824147203
2025-03-07,2800.HK,24.5,24.959999084472656,24.360000610351562,24.520000457763672,24.278316497802734,1118032260
2025-03-10,2800.HK,24.420000076293945,24.600000381469727,23.920000076293945,24.079999923706055,23.8426513671875,1595584998
2025-03-11,2800.HK,23.600000381469727,24.139999389648438,23.540000915527344,24.040000915527344,23.80304718017578,1694149865
2025-03-12,2800.HK,24.1200008392334,24.239999771118164,23.65999984741211,23.979999542236328,23.743637084960938,1019412728
2025-03-13,2800.HK,23.920000076293945,24.020000457763672,23.479999542236328,23.760000228881836,23.525806427001953,508912566
2025-03-14,2800.HK,24.0,24.440000534057617,23.780000686645508,24.260000228881836,24.020877838134766,534695389
2025-03-17,2800.HK,24.5,24.68000030517578,24.360000610351562,24.459999084472656,24.21890640258789,398860540
2025-03-18,2800.HK,25.0,25.059999465942383,24.799999237060547,25.040000915527344,24.793190002441406,613042301
2025-03-19,2800.HK,25.040000915527344,25.200000762939453,24.899999618530273,25.079999923706055,24.832796096801758,620146056
2025-03-20,2800.HK,25.040000915527344,25.040000915527344,24.520000457763672,24.540000915527344,24.298118591308594,507973866
2025-03-21,2800.HK,24.440000534057617,24.540000915527344,23.899999618530273,24.0,23.76344108581543,825452011
2025-03-24,2800.HK,23.979999542236328,24.280000686645508,23.860000610351562,24.200000762939453,23.961469650268555,617017044
2025-03-25,2800.HK,23.920000076293945,24.059999465942383,23.6200008392334,23.65999984741211,23.42679214477539,523359286
2025-03-26,2800.HK,23.780000686645508,23.899999618530273,23.65999984741211,23.780000686645508,23.545610427856445,528372414
2025-03-27,2800.HK,23.84000015258789,24.18000030517578,23.68000030517578,23.8799991607666,23.644622802734375,690605273
2025-03-28,2800.HK,24.0,24.059999465942383,23.540000915527344,23.719999313354492,23.4862003326416,735446362
2025-03-31,2800.HK,23.520000457763672,23.700000762939453,23.280000686645508,23.459999084472656,23.228761672973633,733147731
2025-04-01,2800.HK,23.520000457763672,23.760000228881836,23.420000076293945,23.5,23.268369674682617,1032472228
2025-04-02,2800.HK,23.459999084472656,23.700000762939453,23.280000686645508,23.520000457763672,23.288171768188477,574945709
2025-04-03,2800.HK,23.0,23.280000686645508,22.940000534057617,23.139999389648438,22.911916732788086,1124892812
2025-04-07,2800.HK,21.399999618530273,21.440000534057617,19.979999542236328,20.040000915527344,19.84247398376465,2471470999
2025-04-08,2800.HK,20.34000015258789,20.739999771118164,20.020000457763672,20.31999969482422,20.119712829589844,1772571466
2025-04-09,2800.HK,19.610000610351562,20.760000228881836,19.459999084472656,20.540000915527344,20.33754539489746,1604766778
2025-04-10,2800.HK,21.040000915527344,21.520000457763672,20.780000686645508,21.0,20.793010711669922,2307230982
2025-04-11,2800.HK,20.860000610351562,21.440000534057617,20.739999771118164,21.219999313354492,21.010841369628906,568409769
2025-04-14,2800.HK,21.68000030517578,21.84000015258789,21.520000457763672,21.719999313354492,21.50591278076172,909274093
2025-04-15,2800.HK,21.899999618530273,21.899999618530273,21.600000381469727,21.760000228881836,21.54551887512207,698664561
2025-04-16,2800.HK,21.6200008392334,21.68000030517578,21.15999984741211,21.34000015258789,21.12965965270996,598599624
2025-04-17,2800.HK,21.3799991607666,21.739999771118164,21.34000015258789,21.719999313354492,21.50591278076172,732250974
2025-04-22,2800.HK,21.579999923706055,21.940000534057617,21.520000457763672,21.899999618530273,21.684139251708984,1179726467
2025-04-23,2800.HK,22.440000534057617,22.479999542236328,22.200000762939453,22.399999618530273,22.179210662841797,895546548
2025-04-24,2800.HK,22.3799991607666,22.420000076293945,22.040000915527344,22.219999313354492,22.00098419189453,663535114
2025-04-25,2800.HK,22.420000076293945,22.600000381469727,22.260000228881836,22.31999969482422,22.100000381469727,546516176
2025-04-28,2800.HK,22.440000534057617,22.440000534057617,22.139999389648438,22.31999969482422,22.100000381469727,412271184
2025-04-29,2800.HK,22.219999313354492,22.31999969482422,22.040000915527344,22.139999389648438,22.139999389648438,817974221
2025-04-30,2800.HK,22.1200008392334,22.280000686645508,21.979999542236328,22.260000228881836,22.260000228881836,435499109
2025-05-02,2800.HK,22.360000610351562,22.700000762939453,22.200000762939453,22.65999984741211,22.65999984741211,438876401
2025-05-06,2800.HK,22.700000762939453,22.920000076293945,22.579999923706055,22.84000015258789,22.84000015258789,810315625
2025-05-07,2800.HK,23.31999969482422,23.399999618530273,22.84000015258789,22.84000015258789,22.84000015258789,573657132
2025-05-08,2800.HK,22.760000228881836,23.18000030517578,22.760000228881836,22.940000534057617,22.940000534057617,413368794
2025-05-09,2800.HK,23.020000457763672,23.079999923706055,22.860000610351562,23.059999465942383,23.059999465942383,404335497
2025-05-12,2800.HK,23.31999969482422,23.8799991607666,23.139999389648438,23.739999771118164,23.739999771118164,1201652979
2025-05-13,2800.HK,23.700000762939453,23.700000762939453,23.239999771118164,23.260000228881836,23.260000228881836,579179829
2025-05-14,2800.HK,23.5,23.81999969482422,23.459999084472656,23.81999969482422,23.81999969482422,897301102
2025-05-15,2800.HK,23.81999969482422,23.920000076293945,23.579999923706055,23.65999984741211,23.65999984741211,501098571
2025-05-16,2800.HK,23.5,23.600000381469727,23.399999618530273,23.559999465942383,23.559999465942383,531676305
2025-05-19,2800.HK,23.399999618530273,23.639999389648438,23.260000228881836,23.540000915527344,23.540000915527344,416926480
2025-05-20,2800.HK,23.579999923706055,23.940000534057617,23.579999923706055,23.8799991607666,23.8799991607666,475994531
2025-05-21,2800.HK,23.940000534057617,24.15999984741211,23.920000076293945,24.059999465942383,24.059999465942383,528749975
2025-05-22,2800.HK,23.979999542236328,24.020000457763672,23.700000762939453,23.760000228881836,23.760000228881836,418622921
2025-05-23,2800.HK,23.940000534057617,24.020000457763672,23.739999771118164,23.81999969482422,23.81999969482422,493986666
2025-05-26,2800.HK,23.799999237060547,23.84000015258789,23.479999542236328,23.520000457763672,23.520000457763672,638286962
2025-05-27,2800.HK,23.479999542236328,23.700000762939453,23.420000076293945,23.65999984741211,23.65999984741211,849853645
2025-05-28,2800.HK,23.68000030517578,23.760000228881836,23.459999084472656,23.559999465942383,23.559999465942383,394284543
2025-05-29,2800.HK,23.540000915527344,23.899999618530273,23.5,23.860000610351562,23.860000610351562,425558255
2025-05-30,2800.HK,23.600000381469727,23.65999984741211,23.440000534057617,23.579999923706055,23.579999923706055,419808960
2025-06-02,2800.HK,23.34000015258789,23.479999542236328,22.940000534057617,23.479999542236328,23.479999542236328,421831313
2025-06-03,2800.HK,23.559999465942383,23.81999969482422,23.559999465942383,23.81999969482422,23.81999969482422,487510097
2025-06-04,2800.HK,23.81999969482422,24.020000457763672,23.780000686645508,23.959999084472656,23.959999084472656,351581363
2025-06-05,2800.HK,24.1200008392334,24.239999771118164,24.020000457763672,24.200000762939453,24.200000762939453,486308077
2025-06-06,2800.HK,24.239999771118164,24.280000686645508,24.100000381469727,24.15999984741211,24.15999984741211,547961158
2025-06-09,2800.HK,24.31999969482422,24.520000457763672,24.299999237060547,24.5,24.5,492821317
2025-06-10,2800.HK,24.5,24.65999984741211,24.34000015258789,24.5,24.5,673436934
2025-06-11,2800.HK,24.559999465942383,24.84000015258789,24.540000915527344,24.739999771118164,24.739999771118164,473980700
2025-06-12,2800.HK,24.600000381469727,24.700000762939453,24.399999618530273,24.459999084472656,24.459999084472656,354469140
2025-06-13,2800.HK,24.31999969482422,24.5,24.15999984741211,24.260000228881836,24.260000228881836,465255612
2025-06-16,2800.HK,24.200000762939453,24.540000915527344,24.1200008392334,24.479999542236328,24.479999542236328,360551270
2025-06-17,2800.HK,24.5,24.559999465942383,24.280000686645508,24.399999618530273,24.399999618530273,347727220
2025-06-18,2800.HK,24.280000686645508,24.299999237060547,24.040000915527344,24.1200008392334,24.1200008392334,278452564
2025-06-19,2800.HK,24.0,24.079999923706055,23.600000381469727,23.639999389648438,23.639999389648438,253956495
2025-06-20,2800.HK,23.719999313354492,23.940000534057617,23.700000762939453,23.920000076293945,23.920000076293945,286707282
2025-06-23,2800.HK,23.739999771118164,24.1200008392334,23.68000030517578,24.100000381469727,24.100000381469727,375897022
2025-06-24,2800.HK,24.280000686645508,24.65999984741211,24.280000686645508,24.600000381469727,24.600000381469727,500633829
2025-06-25,2800.HK,24.780000686645508,24.979999542236328,24.700000762939453,24.899999618530273,24.899999618530273,562729622
2025-06-26,2800.HK,24.799999237060547,24.860000610351562,24.65999984741211,24.760000228881836,24.760000228881836,296372932
2025-06-27,2800.HK,24.860000610351562,24.920000076293945,24.639999389648438,24.700000762939453,24.700000762939453,575109253
2025-06-30,2800.HK,24.739999771118164,24.739999771118164,24.5,24.520000457763672,24.520000457763672,392856904
2025-07-02,2800.HK,24.780000686645508,24.860000610351562,24.579999923706055,24.639999389648438,24.639999389648438,513428488
2025-07-03,2800.HK,24.65999984741211,24.760000228881836,24.399999618530273,24.540000915527344,24.540000915527344,399754891
2025-07-04,2800.HK,24.360000610351562,24.579999923706055,24.18000030517578,24.399999618530273,24.399999618530273,376198953
2025-07-07,2800.HK,24.34000015258789,24.399999618530273,24.18000030517578,24.360000610351562,24.360000610351562,515416864
2025-07-08,2800.HK,24.440000534057617,24.65999984741211,24.3799991607666,24.639999389648438,24.639999389648438,384155269
2025-07-09,2800.HK,24.600000381469727,24.600000381469727,24.299999237060547,24.3799991607666,24.3799991607666,381470620
2025-07-10,2800.HK,24.360000610351562,24.559999465942383,24.299999237060547,24.520000457763672,24.520000457763672,462069935
2025-07-11,2800.HK,24.520000457763672,25.020000457763672,24.520000457763672,24.6200008392334,24.6200008392334,693364922
2025-07-14,2800.HK,24.600000381469727,24.760000228881836,24.559999465942383,24.700000762939453,24.700000762939453,333722495
2025-07-15,2800.HK,24.84000015258789,25.079999923706055,24.6200008392334,25.079999923706055,25.079999923706055,615710476
2025-07-16,2800.HK,25.100000381469727,25.360000610351562,24.979999542236328,24.979999542236328,24.979999542236328,464945760
2025-07-17,2800.HK,25.059999465942383,25.15999984741211,24.940000534057617,25.0,25.0,509136310
2025-07-18,2800.HK,25.239999771118164,25.31999969482422,25.1200008392334,25.31999969482422,25.31999969482422,482272646
2025-07-21,2800.HK,25.479999542236328,25.5,25.34000015258789,25.459999084472656,25.459999084472656,368603716
2025-07-22,2800.HK,25.520000457763672,25.639999389648438,25.399999618530273,25.600000381469727,25.600000381469727,367824249
2025-07-23,2800.HK,25.81999969482422,26.040000915527344,25.719999313354492,26.020000457763672,26.020000457763672,652964810
2025-07-24,2800.HK,26.020000457763672,26.239999771118164,26.0,26.15999984741211,26.15999984741211,593351016
2025-07-25,2800.HK,26.040000915527344,26.079999923706055,25.860000610351562,25.8799991607666,25.8799991607666,866870589
2025-07-28,2800.HK,25.959999084472656,26.18000030517578,25.899999618530273,26.059999465942383,26.059999465942383,489641435
2025-07-29,2800.HK,25.920000076293945,26.040000915527344,25.739999771118164,26.020000457763672,26.020000457763672,344361284
2025-07-30,2800.HK,25.84000015258789,26.0,25.579999923706055,25.65999984741211,25.65999984741211,562786102
2025-07-31,2800.HK,25.5,25.5,25.239999771118164,25.260000228881836,25.260000228881836,710522379
2025-08-01,2800.HK,25.260000228881836,25.34000015258789,24.979999542236328,24.979999542236328,24.979999542236328,648334350
2025-08-04,2800.HK,24.940000534057617,25.239999771118164,24.860000610351562,25.200000762939453,25.200000762939453,1268421096
2025-08-05,2800.HK,25.239999771118164,25.420000076293945,25.15999984741211,25.360000610351562,25.360000610351562,719225265
2025-08-06,2800.HK,25.360000610351562,25.479999542236328,25.299999237060547,25.420000076293945,25.420000076293945,375381501
2025-08-07,2800.HK,25.479999542236328,25.6200008392334,25.31999969482422,25.559999465942383,25.559999465942383,712918410
2025-08-08,2800.HK,25.440000534057617,25.5,25.299999237060547,25.3799991607666,25.3799991607666,277719840
2025-08-11,2800.HK,25.420000076293945,25.479999542236328,25.260000228881836,25.399999618530273,25.399999618530273,245268393
2025-08-12,2800.HK,25.31999969482422,25.520000457763672,25.299999237060547,25.479999542236328,25.479999542236328,423826074
2025-08-13,2800.HK,25.65999984741211,26.1200008392334,25.65999984741211,26.079999923706055,26.079999923706055,587026141
2025-08-14,2800.HK,26.260000228881836,26.280000686645508,26.0,26.020000457763672,26.020000457763672,326527721
2025-08-15,2800.HK,25.81999969482422,25.860000610351562,25.65999984741211,25.799999237060547,25.799999237060547,1148485892
2025-08-18,2800.HK,25.799999237060547,25.979999542236328,25.65999984741211,25.65999984741211,25.65999984741211,813235288
2025-08-19,2800.HK,25.719999313354492,25.780000686645508,25.579999923706055,25.6200008392334,25.6200008392334,853082233
2025-08-20,2800.HK,25.479999542236328,25.719999313354492,25.3799991607666,25.65999984741211,25.65999984741211,978589542
2025-08-21,2800.HK,25.700000762939453,25.719999313354492,25.5,25.6200008392334,25.6200008392334,430233565
2025-08-22,2800.HK,25.719999313354492,25.8799991607666,25.65999984741211,25.84000015258789,25.84000015258789,418385265
2025-08-25,2800.HK,26.1200008392334,26.459999084472656,26.100000381469727,26.360000610351562,26.360000610351562,579142778
2025-08-26,2800.HK,26.239999771118164,26.34000015258789,26.020000457763672,26.020000457763672,26.020000457763672,624979956
2025-08-27,2800.HK,26.1200008392334,26.18000030517578,25.65999984741211,25.700000762939453,25.700000762939453,1499351764
2025-08-28,2800.HK,25.579999923706055,25.6200008392334,25.31999969482422,25.5,25.5,1239398431
2025-08-29,2800.HK,25.639999389648438,25.81999969482422,25.579999923706055,25.6200008392334,25.6200008392334,430581163
2025-09-01,2800.HK,25.979999542236328,26.200000762939453,25.979999542236328,26.15999984741211,26.15999984741211,652840138
2025-09-02,2800.HK,26.1200008392334,26.299999237060547,25.979999542236328,26.040000915527344,26.040000915527344,790950619
2025-09-03,2800.HK,26.239999771118164,26.360000610351562,25.81999969482422,25.899999618530273,25.899999618530273,748231421
2025-09-04,2800.HK,26.020000457763672,26.079999923706055,25.579999923706055,25.6200008392334,25.6200008392334,684501542
2025-09-05,2800.HK,25.719999313354492,26.059999465942383,25.68000030517578,25.979999542236328,25.979999542236328,416425409
2025-09-08,2800.HK,25.979999542236328,26.260000228881836,25.979999542236328,26.200000762939453,26.200000762939453,348908241
2025-09-09,2800.HK,26.31999969482422,26.65999984741211,26.260000228881836,26.540000915527344,26.540000915527344,378083282
2025-09-10,2800.HK,26.68000030517578,26.940000534057617,26.6200008392334,26.799999237060547,26.799999237060547,378558857
2025-09-11,2800.HK,26.600000381469727,26.899999618530273,26.520000457763672,26.719999313354492,26.719999313354492,609924629
2025-09-12,2800.HK,27.1200008392334,27.239999771118164,26.979999542236328,27.0,27.0,672662847
2025-09-15,2800.HK,26.979999542236328,27.200000762939453,26.940000534057617,27.079999923706055,27.079999923706055,761799977
2025-09-16,2800.HK,27.15999984741211,27.260000228881836,26.979999542236328,27.059999465942383,27.059999465942383,781077699
2025-09-17,2800.HK,27.15999984741211,27.600000381469727,27.15999984741211,27.520000457763672,27.520000457763672,562368205
2025-09-18,2800.HK,27.479999542236328,27.700000762939453,26.979999542236328,27.18000030517578,27.18000030517578,689600694
2025-09-19,2800.HK,27.200000762939453,27.280000686645508,27.040000915527344,27.200000762939453,27.200000762939453,838709787
2025-09-22,2800.HK,27.100000381469727,27.100000381469727,26.84000015258789,26.959999084472656,26.959999084472656,641796749
2025-09-23,2800.HK,27.040000915527344,27.079999923706055,26.639999389648438,26.799999237060547,26.799999237060547,898889030
2025-09-24,2800.HK,26.760000228881836,27.200000762939453,26.700000762939453,27.18000030517578,27.18000030517578,355369907
2025-09-25,2800.HK,27.059999465942383,27.280000686645508,27.040000915527344,27.139999389648438,27.139999389648438,556140759
2025-09-26,2800.HK,26.979999542236328,27.059999465942383,26.719999313354492,26.780000686645508,26.780000686645508,565463647
2025-09-29,2800.HK,27.0,27.34000015258789,26.979999542236328,27.239999771118164,27.239999771118164,698376064
2025-09-30,2800.HK,27.280000686645508,27.559999465942383,27.200000762939453,27.520000457763672,27.520000457763672,383166715
2025-10-02,2800.HK,27.520000457763672,28.040000915527344,27.520000457763672,27.959999084472656,27.959999084472656,465975893
2025-10-03,2800.HK,27.8799991607666,27.920000076293945,27.600000381469727,27.780000686645508,27.780000686645508,164529440
2025-10-06,2800.HK,27.700000762939453,27.799999237060547,27.520000457763672,27.579999923706055,27.579999923706055,245943534
2025-10-08,2800.HK,27.559999465942383,27.559999465942383,27.15999984741211,27.459999084472656,27.459999084472656,378935610
2025-10-09,2800.HK,27.520000457763672,27.639999389648438,27.1200008392334,27.399999618530273,27.399999618530273,449791347
2025-10-10,2800.HK,27.15999984741211,27.219999313354492,26.899999618530273,26.959999084472656,26.959999084472656,375135392
