date,ticker,open,high,low,close,adj_close,volume
,,2800.HK,2800.HK,2800.HK,2800.HK,2800.HK,2800.HK
2015-01-02,2800.HK,23.899999618530273,24.100000381469727,23.850000381469727,24.049999237060547,16.502012252807617,21618598
2015-01-05,2800.HK,23.950000762939453,24.25,23.850000381469727,23.950000762939453,16.433399200439453,71563266
2015-01-06,2800.HK,23.700000762939453,23.850000381469727,23.5,23.649999618530273,16.227550506591797,78830872
2015-01-07,2800.HK,23.600000381469727,24.0,23.549999237060547,23.899999618530273,16.39908790588379,63966468
2015-01-08,2800.HK,23.899999618530273,24.149999618530273,23.899999618530273,24.100000381469727,16.536319732666016,39175442
2015-01-09,2800.HK,24.25,24.450000762939453,24.100000381469727,24.200000762939453,16.60493278503418,115008933
2015-01-12,2800.HK,24.350000381469727,24.350000381469727,24.149999618530273,24.299999237060547,16.673547744750977,64722540
2015-01-13,2800.HK,24.299999237060547,24.549999237060547,24.200000762939453,24.5,16.810779571533203,92820459
2015-01-14,2800.HK,24.5,24.600000381469727,24.299999237060547,24.350000381469727,16.70785903930664,76283584
2015-01-15,2800.HK,24.350000381469727,24.649999618530273,24.350000381469727,24.600000381469727,16.879398345947266,79577612
2015-01-16,2800.HK,24.450000762939453,24.549999237060547,24.350000381469727,24.350000381469727,16.70785903930664,60709059
2015-01-19,2800.HK,24.399999618530273,24.399999618530273,23.850000381469727,23.950000762939453,16.433399200439453,68038355
2015-01-20,2800.HK,24.0,24.25,24.0,24.200000762939453,16.60493278503418,41367658
2015-01-21,2800.HK,24.200000762939453,24.649999618530273,24.200000762939453,24.600000381469727,16.879398345947266,55942805
2015-01-22,2800.HK,24.600000381469727,24.850000381469727,24.600000381469727,24.799999237060547,17.016626358032227,60237147
2015-01-23,2800.HK,25.0,25.149999618530273,24.950000762939453,25.049999237060547,17.188161849975586,58373085
2015-01-26,2800.HK,25.149999618530273,25.200000762939453,25.0,25.149999618530273,17.256784439086914,71997010
2015-01-27,2800.HK,25.200000762939453,25.200000762939453,24.950000762939453,25.049999237060547,17.188161849975586,62181387
2015-01-28,2800.HK,24.950000762939453,25.25,24.950000762939453,25.100000381469727,17.22247314453125,85360324
2015-01-29,2800.HK,24.950000762939453,25.0,24.799999237060547,24.850000381469727,17.050933837890625,64542179
2015-01-30,2800.HK,24.950000762939453,25.0,24.649999618530273,24.75,16.982316970825195,36695583
2015-02-02,2800.HK,24.649999618530273,24.75,24.549999237060547,24.700000762939453,16.948013305664062,44562527
2015-02-03,2800.HK,24.75,24.850000381469727,24.5,24.75,16.982316970825195,40205831
2015-02-04,2800.HK,24.950000762939453,25.100000381469727,24.850000381469727,24.899999618530273,17.08524513244629,34560575
2015-02-05,2800.HK,25.200000762939453,25.350000381469727,24.850000381469727,25.049999237060547,17.188161849975586,39700053
2015-02-06,2800.HK,25.0,25.049999237060547,24.899999618530273,24.950000762939453,17.119552612304688,26271430
2015-02-09,2800.HK,24.799999237060547,24.899999618530273,24.649999618530273,24.75,16.982316970825195,45061422
2015-02-10,2800.HK,24.75,24.850000381469727,24.649999618530273,24.799999237060547,17.016626358032227,39302993
2015-02-11,2800.HK,24.75,24.799999237060547,24.5,24.549999237060547,16.84508514404297,34015341
2015-02-12,2800.HK,24.549999237060547,24.799999237060547,24.5,24.700000762939453,16.948013305664062,37751888
2015-02-13,2800.HK,24.799999237060547,25.0,24.75,24.950000762939453,17.119552612304688,24749786
2015-02-16,2800.HK,25.0,25.049999237060547,24.950000762939453,25.0,17.153858184814453,12280952
2015-02-17,2800.HK,24.899999618530273,25.149999618530273,24.899999618530273,25.100000381469727,17.22247314453125,29451251
2015-02-18,2800.HK,25.100000381469727,25.149999618530273,25.049999237060547,25.049999237060547,17.188161849975586,11617860
2015-02-23,2800.HK,25.149999618530273,25.149999618530273,24.899999618530273,25.100000381469727,17.22247314453125,25245980
2015-02-24,2800.HK,25.0,25.100000381469727,24.950000762939453,25.0,17.153858184814453,25475516
2015-02-25,2800.HK,25.049999237060547,25.149999618530273,24.950000762939453,25.0,17.153858184814453,40879625
2015-02-26,2800.HK,25.0,25.299999237060547,25.0,25.200000762939453,17.291093826293945,31095454
2015-02-27,2800.HK,25.200000762939453,25.399999618530273,25.049999237060547,25.100000381469727,17.22247314453125,39779922
2015-03-02,2800.HK,25.200000762939453,25.299999237060547,24.950000762939453,25.100000381469727,17.22247314453125,28683418
2015-03-03,2800.HK,25.149999618530273,25.200000762939453,24.899999618530273,24.950000762939453,17.119552612304688,23893503
2015-03-04,2800.HK,25.100000381469727,25.100000381469727,24.649999618530273,24.649999618530273,16.913707733154297,44861353
2015-03-05,2800.HK,24.649999618530273,24.700000762939453,24.399999618530273,24.450000762939453,16.776472091674805,83908538
2015-03-06,2800.HK,24.5,24.600000381469727,24.399999618530273,24.5,16.810779571533203,23264096
2015-03-09,2800.HK,24.350000381469727,24.549999237060547,24.200000762939453,24.450000762939453,16.776472091674805,25660186
2015-03-10,2800.HK,24.450000762939453,24.5,24.200000762939453,24.25,16.639244079589844,33249631
2015-03-11,2800.HK,24.149999618530273,24.25,24.0,24.049999237060547,16.502012252807617,40762719
2015-03-12,2800.HK,24.0,24.200000762939453,24.0,24.149999618530273,16.57062530517578,43202760
2015-03-13,2800.HK,24.200000762939453,24.25,24.049999237060547,24.149999618530273,16.57062530517578,43234704
2015-03-16,2800.HK,24.049999237060547,24.299999237060547,24.0,24.299999237060547,16.673547744750977,48774676
2015-03-17,2800.HK,24.350000381469727,24.399999618530273,24.100000381469727,24.299999237060547,16.673547744750977,31606569
2015-03-18,2800.HK,24.299999237060547,24.600000381469727,24.25,24.5,16.810779571533203,34180686
2015-03-19,2800.HK,24.700000762939453,24.850000381469727,24.600000381469727,24.799999237060547,17.016626358032227,37376194
2015-03-20,2800.HK,24.700000762939453,24.850000381469727,24.700000762939453,24.75,16.982316970825195,30088393
2015-03-23,2800.HK,24.899999618530273,24.899999618530273,24.75,24.850000381469727,17.050933837890625,21553855
2015-03-24,2800.HK,24.799999237060547,24.799999237060547,24.649999618530273,24.75,16.982316970825195,37065819
2015-03-25,2800.HK,24.75,25.0,24.75,24.950000762939453,17.119552612304688,46192372
2015-03-26,2800.HK,24.75,25.0,24.75,24.899999618530273,17.08524513244629,29179186
2015-03-27,2800.HK,24.899999618530273,24.950000762939453,24.799999237060547,24.850000381469727,17.050933837890625,44410060
2015-03-30,2800.HK,24.950000762939453,25.350000381469727,24.950000762939453,25.25,17.325397491455078,69552891
2015-03-31,2800.HK,25.299999237060547,25.399999618530273,25.25,25.299999237060547,17.359704971313477,32542277
2015-04-01,2800.HK,25.299999237060547,25.5,25.299999237060547,25.450000762939453,17.46263313293457,44438723
2015-04-02,2800.HK,25.549999237060547,25.700000762939453,25.5,25.649999618530273,17.599857330322266,43522241
2015-04-08,2800.HK,25.899999618530273,26.700000762939453,25.899999618530273,26.600000381469727,18.2517032623291,83910248
2015-04-09,2800.HK,27.100000381469727,28.350000381469727,27.100000381469727,27.299999237060547,18.732013702392578,119993307
2015-04-10,2800.HK,27.899999618530273,27.899999618530273,27.25,27.649999618530273,18.972166061401367,69126661
2015-04-13,2800.HK,27.950000762939453,28.450000762939453,27.649999618530273,28.450000762939453,19.521089553833008,112795543
2015-04-14,2800.HK,28.200000762939453,28.299999237060547,27.899999618530273,28.0,19.212322235107422,104916876
2015-04-15,2800.HK,28.149999618530273,28.200000762939453,27.799999237060547,28.049999237060547,19.24662971496582,104446463
2015-04-16,2800.HK,28.0,28.200000762939453,27.850000381469727,28.149999618530273,19.315242767333984,115226347
2015-04-17,2800.HK,28.149999618530273,28.399999618530273,28.0,28.100000381469727,19.28093719482422,121685235
2015-04-20,2800.HK,28.149999618530273,28.149999618530273,27.350000381469727,27.5,18.869243621826172,65282620
2015-04-21,2800.HK,27.799999237060547,28.350000381469727,27.799999237060547,28.299999237060547,19.41816520690918,64256351
2015-04-22,2800.HK,28.350000381469727,28.5,28.149999618530273,28.350000381469727,19.452472686767578,61286689
2015-04-23,2800.HK,28.350000381469727,28.600000381469727,28.200000762939453,28.200000762939453,19.34955406188965,46039011
2015-04-24,2800.HK,28.299999237060547,28.450000762939453,27.950000762939453,28.450000762939453,19.521089553833008,64192539
2015-04-27,2800.HK,28.600000381469727,29.049999237060547,28.600000381469727,28.899999618530273,19.82986068725586,78794500
2015-04-28,2800.HK,28.899999618530273,28.950000762939453,28.649999618530273,28.899999618530273,19.82986068725586,49246212
2015-04-29,2800.HK,28.700000762939453,28.700000762939453,28.399999618530273,28.649999618530273,19.78152847290039,49868116
2015-04-30,2800.HK,28.549999237060547,28.600000381469727,28.200000762939453,28.350000381469727,19.57438850402832,92137872
2015-05-04,2800.HK,28.399999618530273,28.649999618530273,28.25,28.399999618530273,19.608911514282227,46455946
2015-05-05,2800.HK,28.549999237060547,28.549999237060547,27.799999237060547,28.0,19.332733154296875,137236834
2015-05-06,2800.HK,27.899999618530273,28.350000381469727,27.799999237060547,27.899999618530273,19.263689041137695,94552059
2015-05-07,2800.HK,27.899999618530273,27.899999618530273,27.399999618530273,27.5,18.987504959106445,77277208
2015-05-08,2800.HK,27.600000381469727,27.899999618530273,27.600000381469727,27.799999237060547,19.19464111328125,57023501
2015-05-11,2800.HK,28.0,28.049999237060547,27.799999237060547,27.950000762939453,19.2982120513916,69786124
2015-05-12,2800.HK,27.950000762939453,27.950000762939453,27.600000381469727,27.649999618530273,19.09107208251953,75166020
2015-05-13,2800.HK,27.649999618530273,27.799999237060547,27.399999618530273,27.5,18.987504959106445,94717299
2015-05-14,2800.HK,27.600000381469727,27.600000381469727,27.399999618530273,27.549999237060547,19.02202606201172,52276065
2015-05-15,2800.HK,27.649999618530273,28.200000762939453,27.549999237060547,28.049999237060547,19.36725425720215,75900263
2015-05-18,2800.HK,28.049999237060547,28.049999237060547,27.649999618530273,27.799999237060547,19.19464111328125,46481730
2015-05-19,2800.HK,27.799999237060547,28.0,27.75,27.950000762939453,19.2982120513916,65892865
2015-05-20,2800.HK,28.0,28.0,27.700000762939453,27.850000381469727,19.229162216186523,42803191
2015-05-21,2800.HK,27.950000762939453,27.950000762939453,27.700000762939453,27.799999237060547,19.19464111328125,77449269
2015-05-22,2800.HK,27.950000762939453,28.399999618530273,27.950000762939453,28.299999237060547,19.539867401123047,60343530
2015-05-26,2800.HK,28.75,28.899999618530273,28.600000381469727,28.649999618530273,19.78152847290039,84193730
2015-05-27,2800.HK,28.649999618530273,28.649999618530273,28.350000381469727,28.399999618530273,19.608911514282227,50618980
2015-05-28,2800.HK,28.5,28.600000381469727,27.549999237060547,28.5,19.677959442138672,99097165
2015-05-29,2800.HK,28.0,28.0,27.649999618530273,27.799999237060547,19.19464111328125,65042773
2015-06-01,2800.HK,27.75,28.149999618530273,27.600000381469727,28.0,19.332733154296875,86966751
2015-06-02,2800.HK,27.950000762939453,27.950000762939453,27.700000762939453,27.850000381469727,19.229162216186523,49283418
2015-06-03,2800.HK,27.850000381469727,28.100000381469727,27.75,28.0,19.332733154296875,51145173
2015-06-04,2800.HK,28.0,28.25,27.299999237060547,27.950000762939453,19.2982120513916,89563718
2015-06-05,2800.HK,27.899999618530273,28.0,27.549999237060547,27.600000381469727,19.056550979614258,80126885
2015-06-08,2800.HK,27.600000381469727,27.799999237060547,27.399999618530273,27.700000762939453,19.125598907470703,113414968
2015-06-09,2800.HK,27.700000762939453,27.700000762939453,27.299999237060547,27.399999618530273,18.918460845947266,129911538
2015-06-10,2800.HK,27.350000381469727,27.5,26.899999618530273,27.049999237060547,18.676801681518555,69806276
2015-06-11,2800.HK,27.200000762939453,27.350000381469727,27.200000762939453,27.350000381469727,18.883939743041992,65899510
2015-06-12,2800.HK,27.450000762939453,27.75,27.350000381469727,27.700000762939453,19.125598907470703,96735611
2015-06-15,2800.HK,27.549999237060547,27.549999237060547,27.149999618530273,27.200000762939453,18.78036880493164,59344210
2015-06-16,2800.HK,27.100000381469727,27.25,26.899999618530273,26.950000762939453,18.607757568359375,84162909
2015-06-17,2800.HK,26.950000762939453,27.25,26.899999618530273,27.100000381469727,18.71132469177246,76450606
2015-06-18,2800.HK,27.0,27.25,26.950000762939453,27.100000381469727,18.71132469177246,81211373
2015-06-19,2800.HK,27.299999237060547,27.399999618530273,27.049999237060547,27.200000762939453,18.78036880493164,95175530
2015-06-22,2800.HK,27.200000762939453,27.600000381469727,27.200000762939453,27.549999237060547,19.02202606201172,71145559
2015-06-23,2800.HK,27.5,27.950000762939453,27.5,27.799999237060547,19.19464111328125,56190663
2015-06-24,2800.HK,27.799999237060547,27.950000762939453,27.799999237060547,27.899999618530273,19.263689041137695,49331083
2015-06-25,2800.HK,27.850000381469727,27.899999618530273,27.649999618530273,27.75,19.160120010375977,50712702
2015-06-26,2800.HK,27.700000762939453,27.700000762939453,27.0,27.25,18.814889907836914,103389262
2015-06-29,2800.HK,27.350000381469727,27.350000381469727,26.200000762939453,26.600000381469727,18.3660945892334,118276262
2015-06-30,2800.HK,26.600000381469727,27.100000381469727,26.5,26.850000381469727,18.538707733154297,109049979
2015-07-02,2800.HK,26.950000762939453,27.049999237060547,26.75,26.899999618530273,18.573230743408203,79130955
2015-07-03,2800.HK,26.950000762939453,27.0,26.5,26.649999618530273,18.400619506835938,80711364
2015-07-06,2800.HK,26.600000381469727,26.950000762939453,25.299999237060547,25.850000381469727,17.848257064819336,156294596
2015-07-07,2800.HK,25.950000762939453,26.049999237060547,25.450000762939453,25.549999237060547,17.641122817993164,83812655
2015-07-08,2800.HK,25.0,25.0,23.299999237060547,24.100000381469727,16.63995933532715,259271729
2015-07-09,2800.HK,23.850000381469727,25.299999237060547,23.850000381469727,25.0,17.26136589050293,157032398
2015-07-10,2800.HK,25.100000381469727,25.600000381469727,24.950000762939453,25.5,17.60659408569336,87671403
2015-07-13,2800.HK,25.350000381469727,25.899999618530273,25.149999618530273,25.850000381469727,17.848257064819336,129426165
2015-07-14,2800.HK,25.950000762939453,25.950000762939453,25.450000762939453,25.700000762939453,17.744688034057617,47767570
2015-07-15,2800.HK,25.700000762939453,25.75,25.399999618530273,25.649999618530273,17.710163116455078,50546820
2015-07-16,2800.HK,25.600000381469727,25.75,25.399999618530273,25.75,17.779211044311523,64650455
2015-07-17,2800.HK,25.75,26.100000381469727,25.75,26.049999237060547,17.986343383789062,37894052
2015-07-20,2800.HK,26.100000381469727,26.100000381469727,25.899999618530273,26.0,17.95182228088379,25768668
2015-07-21,2800.HK,25.950000762939453,26.25,25.899999618530273,26.149999618530273,18.055391311645508,34287269
2015-07-22,2800.HK,25.950000762939453,26.0,25.75,25.899999618530273,17.88277816772461,34852149
2015-07-23,2800.HK,25.899999618530273,26.100000381469727,25.850000381469727,26.0,17.95182228088379,27075079
2015-07-24,2800.HK,25.950000762939453,25.950000762939453,25.649999618530273,25.700000762939453,17.744688034057617,30261802
2015-07-27,2800.HK,25.5,25.5,24.799999237060547,24.950000762939453,17.226848602294922,61389898
2015-07-28,2800.HK,24.950000762939453,25.549999237060547,24.75,25.149999618530273,17.364940643310547,61802013
2015-07-29,2800.HK,25.350000381469727,25.350000381469727,25.049999237060547,25.25,17.43398094177246,38072742
2015-07-30,2800.HK,25.350000381469727,25.5,25.0,25.100000381469727,17.330413818359375,27506315
2015-07-31,2800.HK,25.25,25.25,25.100000381469727,25.200000762939453,17.399463653564453,27328001
2015-08-03,2800.HK,25.200000762939453,25.200000762939453,24.799999237060547,25.0,17.26136589050293,39848388
2015-08-04,2800.HK,24.950000762939453,25.149999618530273,24.799999237060547,25.0,17.26136589050293,29938391
2015-08-05,2800.HK,25.049999237060547,25.149999618530273,24.950000762939453,25.100000381469727,17.330413818359375,35075503
2015-08-06,2800.HK,25.149999618530273,25.149999618530273,24.899999618530273,25.0,17.26136589050293,30844055
2015-08-07,2800.HK,25.0,25.25,25.0,25.100000381469727,17.330413818359375,23160856
2015-08-10,2800.HK,25.100000381469727,25.200000762939453,24.649999618530273,25.049999237060547,17.295886993408203,42853662
2015-08-11,2800.HK,25.25,25.5,25.0,25.100000381469727,17.330413818359375,30357669
2015-08-12,2800.HK,24.899999618530273,24.950000762939453,24.399999618530273,24.5,16.9161376953125,66695652
2015-08-13,2800.HK,24.399999618530273,24.75,24.399999618530273,24.649999618530273,17.019712448120117,64044001
2015-08-14,2800.HK,24.75,24.799999237060547,24.549999237060547,24.649999618530273,17.019712448120117,21950196
2015-08-17,2800.HK,24.549999237060547,24.600000381469727,24.299999237060547,24.5,16.9161376953125,21238217
2015-08-18,2800.HK,24.5,24.649999618530273,24.049999237060547,24.100000381469727,16.63995933532715,43588888
2015-08-19,2800.HK,24.200000762939453,24.200000762939453,23.75,23.799999237060547,16.43282127380371,90647199
2015-08-20,2800.HK,23.600000381469727,23.649999618530273,23.200000762939453,23.450000762939453,16.191164016723633,97922462
2015-08-21,2800.HK,23.0,23.149999618530273,22.75,23.100000381469727,15.949508666992188,90521095
2015-08-24,2800.HK,22.200000762939453,22.350000381469727,21.75,21.899999618530273,15.120957374572754,142584680
2015-08-25,2800.HK,21.899999618530273,22.549999237060547,21.5,22.100000381469727,15.259044647216797,125727724
2015-08-26,2800.HK,22.25,22.399999618530273,21.649999618530273,21.700000762939453,14.982869148254395,71149644
2015-08-27,2800.HK,22.200000762939453,22.649999618530273,22.049999237060547,22.549999237060547,15.569753646850586,63298351
2015-08-28,2800.HK,22.700000762939453,22.899999618530273,22.200000762939453,22.399999618530273,15.4661865234375,51312615
2015-08-31,2800.HK,22.399999618530273,22.649999618530273,22.049999237060547,22.350000381469727,15.431663513183594,38414955
2015-09-01,2800.HK,22.25,22.299999237060547,21.75,21.799999237060547,15.05191421508789,40415347
2015-09-02,2800.HK,21.700000762939453,22.0,21.399999618530273,21.600000381469727,14.913822174072266,61742900
2015-09-04,2800.HK,21.75,21.799999237060547,21.299999237060547,21.5,14.844779014587402,38721766
2015-09-07,2800.HK,21.299999237060547,21.75,21.25,21.299999237060547,14.706680297851562,31513532
2015-09-08,2800.HK,21.350000381469727,22.149999618530273,21.149999618530273,22.0,15.190001487731934,63396567
2015-09-09,2800.HK,22.200000762939453,23.0,22.149999618530273,22.850000381469727,15.776886940002441,49299341
2015-09-10,2800.HK,22.399999618530273,22.5,22.149999618530273,22.299999237060547,15.397139549255371,40731703
2015-09-11,2800.HK,22.399999618530273,22.649999618530273,22.149999618530273,22.25,15.36262035369873,37402266
2015-09-14,2800.HK,22.399999618530273,22.5,22.149999618530273,22.350000381469727,15.431663513183594,25114740
2015-09-15,2800.HK,22.299999237060547,22.399999618530273,22.100000381469727,22.149999618530273,15.293573379516602,37560698
2015-09-16,2800.HK,22.450000762939453,22.850000381469727,22.299999237060547,22.700000762939453,15.673321723937988,46111333
2015-09-17,2800.HK,22.850000381469727,22.950000762939453,22.350000381469727,22.549999237060547,15.569753646850586,102736108
2015-09-18,2800.HK,22.399999618530273,22.850000381469727,22.399999618530273,22.75,15.707846641540527,93528341
2015-09-21,2800.HK,22.399999618530273,22.600000381469727,22.299999237060547,22.5,15.535229682922363,67613531
2015-09-22,2800.HK,22.600000381469727,22.950000762939453,22.5,22.549999237060547,15.569753646850586,46905142
2015-09-23,2800.HK,22.350000381469727,22.350000381469727,21.75,22.100000381469727,15.259044647216797,106493447
2015-09-24,2800.HK,22.100000381469727,22.200000762939453,21.799999237060547,21.899999618530273,15.120957374572754,61124460
2015-09-25,2800.HK,21.850000381469727,22.100000381469727,21.700000762939453,22.0,15.190001487731934,44871266
2015-09-29,2800.HK,21.5,21.75,21.149999618530273,21.299999237060547,14.706680297851562,55844099
2015-09-30,2800.HK,21.5,21.75,21.5,21.600000381469727,14.913822174072266,36199806
2015-10-02,2800.HK,21.899999618530273,22.350000381469727,21.899999618530273,22.299999237060547,15.397139549255371,34729841
2015-10-05,2800.HK,22.450000762939453,22.799999237060547,22.450000762939453,22.649999618530273,15.638798713684082,47639580
2015-10-06,2800.HK,22.899999618530273,22.899999618530273,22.450000762939453,22.600000381469727,15.604278564453125,23269058
2015-10-07,2800.HK,22.549999237060547,23.350000381469727,22.549999237060547,23.299999237060547,16.08759117126465,71918222
2015-10-08,2800.HK,23.350000381469727,23.350000381469727,22.950000762939453,23.149999618530273,15.984029769897461,40407925
2015-10-09,2800.HK,23.350000381469727,23.600000381469727,23.149999618530273,23.200000762939453,16.018550872802734,63077048
2015-10-12,2800.HK,23.399999618530273,23.600000381469727,23.299999237060547,23.549999237060547,16.260208129882812,36161779
2015-10-13,2800.HK,23.5,23.600000381469727,23.299999237060547,23.399999618530273,16.156644821166992,29495592
2015-10-14,2800.HK,23.25,23.399999618530273,23.100000381469727,23.200000762939453,16.018550872802734,39917296
2015-10-15,2800.HK,23.450000762939453,23.75,23.350000381469727,23.700000762939453,16.363779067993164,39857515
2015-10-16,2800.HK,23.850000381469727,23.950000762939453,23.700000762939453,23.850000381469727,16.467344284057617,40266751
2015-10-19,2800.HK,23.850000381469727,23.899999618530273,23.649999618530273,23.850000381469727,16.467344284057617,25030596
2015-10-20,2800.HK,23.75,23.850000381469727,23.600000381469727,23.75,16.39830207824707,37443730
2015-10-22,2800.HK,23.700000762939453,23.700000762939453,23.549999237060547,23.649999618530273,16.329254150390625,34820127
2015-10-23,2800.HK,24.0,24.049999237060547,23.899999618530273,24.0,16.570911407470703,25210592
2015-10-26,2800.HK,24.149999618530273,24.200000762939453,23.850000381469727,23.899999618530273,16.50186538696289,33771055
2015-10-27,2800.HK,23.899999618530273,23.950000762939453,23.700000762939453,23.950000762939453,16.536396026611328,37565268
2015-10-28,2800.HK,23.899999618530273,23.950000762939453,23.75,23.75,16.39830207824707,19729716
2015-10-29,2800.HK,23.350000381469727,23.350000381469727,22.950000762939453,22.950000762939453,16.277725219726562,41611762
2015-10-30,2800.HK,22.899999618530273,23.049999237060547,22.799999237060547,22.850000381469727,16.20679473876953,40042887
2015-11-02,2800.HK,22.649999618530273,22.799999237060547,22.5,22.549999237060547,15.99401569366455,24430555
2015-11-03,2800.HK,22.700000762939453,22.899999618530273,22.700000762939453,22.799999237060547,16.17133140563965,18278677
2015-11-04,2800.HK,22.899999618530273,23.549999237060547,22.899999618530273,23.25,16.49049949645996,66878725
2015-11-05,2800.HK,23.25,23.399999618530273,23.149999618530273,23.200000762939453,16.45503807067871,37408762
2015-11-06,2800.HK,23.149999618530273,23.149999618530273,22.950000762939453,23.049999237060547,16.348649978637695,31624063
2015-11-09,2800.HK,22.950000762939453,23.200000762939453,22.850000381469727,22.850000381469727,16.20679473876953,28308748
2015-11-10,2800.HK,22.75,22.75,22.450000762939453,22.600000381469727,16.029481887817383,69106911
2015-11-11,2800.HK,22.549999237060547,22.649999618530273,22.450000762939453,22.549999237060547,15.99401569366455,71094685
2015-11-12,2800.HK,22.600000381469727,23.200000762939453,22.600000381469727,23.149999618530273,16.419580459594727,83030970
2015-11-13,2800.HK,22.799999237060547,22.799999237060547,22.450000762939453,22.600000381469727,16.029481887817383,52999266
2015-11-16,2800.HK,22.200000762939453,22.299999237060547,22.100000381469727,22.200000762939453,15.745773315429688,99822331
2015-11-17,2800.HK,22.5,22.700000762939453,22.450000762939453,22.5,15.958550453186035,73531572
2015-11-18,2800.HK,22.600000381469727,22.600000381469727,22.299999237060547,22.399999618530273,15.887628555297852,44201856
2015-11-19,2800.HK,22.649999618530273,22.75,22.600000381469727,22.700000762939453,16.100406646728516,39487786
2015-11-20,2800.HK,22.75,23.049999237060547,22.600000381469727,22.950000762939453,16.277725219726562,51920070
2015-11-23,2800.HK,23.100000381469727,23.100000381469727,22.799999237060547,22.899999618530273,16.24226188659668,78464075
2015-11-24,2800.HK,22.899999618530273,22.899999618530273,22.600000381469727,22.799999237060547,16.17133140563965,40529098
2015-11-25,2800.HK,22.700000762939453,22.850000381469727,22.649999618530273,22.75,16.13587188720703,33008754
2015-11-26,2800.HK,22.850000381469727,23.049999237060547,22.649999618530273,22.75,16.13587188720703,50606521
2015-11-27,2800.HK,22.850000381469727,22.850000381469727,22.200000762939453,22.299999237060547,15.816699981689453,63910988
2015-11-30,2800.HK,22.200000762939453,22.399999618530273,22.100000381469727,22.200000762939453,15.745773315429688,27857783
2015-12-01,2800.HK,22.399999618530273,22.700000762939453,22.350000381469727,22.600000381469727,16.029481887817383,67165283
2015-12-02,2800.HK,22.700000762939453,22.799999237060547,22.549999237060547,22.700000762939453,16.100406646728516,33638173
2015-12-03,2800.HK,22.5,22.700000762939453,22.5,22.600000381469727,16.029481887817383,24334299
2015-12-04,2800.HK,22.350000381469727,22.450000762939453,22.299999237060547,22.450000762939453,15.923088073730469,23508274
2015-12-07,2800.HK,22.549999237060547,22.600000381469727,22.399999618530273,22.5,15.958550453186035,16538987
2015-12-08,2800.HK,22.350000381469727,22.350000381469727,21.950000762939453,22.100000381469727,15.67484188079834,54104196
2015-12-09,2800.HK,22.0,22.100000381469727,21.950000762939453,22.0,15.60391616821289,36320280
2015-12-10,2800.HK,21.950000762939453,22.100000381469727,21.850000381469727,21.899999618530273,15.532997131347656,41925033
2015-12-11,2800.HK,22.0,22.0,21.600000381469727,21.700000762939453,15.391138076782227,67619899
2015-12-14,2800.HK,21.350000381469727,21.600000381469727,21.200000762939453,21.549999237060547,15.284749984741211,100611601
2015-12-15,2800.HK,21.5,21.649999618530273,21.399999618530273,21.5,15.249286651611328,39441120
2015-12-16,2800.HK,21.75,22.0,21.75,21.950000762939453,15.568452835083008,47088717
2015-12-17,2800.HK,21.950000762939453,22.25,21.950000762939453,22.100000381469727,15.67484188079834,52584629
2015-12-18,2800.HK,22.0,22.149999618530273,21.799999237060547,22.0,15.60391616821289,46012932
2015-12-21,2800.HK,21.850000381469727,22.049999237060547,21.799999237060547,22.0,15.60391616821289,52415733
2015-12-22,2800.HK,22.049999237060547,22.049999237060547,21.899999618530273,22.0,15.60391616821289,23403737
2015-12-23,2800.HK,22.100000381469727,22.350000381469727,22.049999237060547,22.200000762939453,15.745773315429688,36438257
2015-12-24,2800.HK,22.399999618530273,22.450000762939453,22.299999237060547,22.299999237060547,15.816699981689453,18630740
2015-12-28,2800.HK,22.299999237060547,22.299999237060547,22.049999237060547,22.100000381469727,15.67484188079834,29362226
2015-12-29,2800.HK,22.149999618530273,22.25,22.049999237060547,22.200000762939453,15.745773315429688,28497694
2015-12-30,2800.HK,22.299999237060547,22.299999237060547,22.049999237060547,22.149999618530273,15.710310935974121,48363192
2015-12-31,2800.HK,22.149999618530273,22.200000762939453,22.049999237060547,22.100000381469727,15.67484188079834,12839342
2016-01-04,2800.HK,22.100000381469727,22.100000381469727,21.350000381469727,21.450000762939453,15.21381950378418,58772507
2016-01-05,2800.HK,21.450000762939453,21.649999618530273,21.25,21.399999618530273,15.17835807800293,43628149
2016-01-06,2800.HK,21.350000381469727,21.399999618530273,21.100000381469727,21.149999618530273,15.001039505004883,46978098
2016-01-07,2800.HK,21.0,21.049999237060547,20.450000762939453,20.549999237060547,14.575475692749023,107875623
2016-01-08,2800.HK,20.549999237060547,20.850000381469727,20.5,20.700000762939453,14.681872367858887,83833158
2016-01-11,2800.HK,20.25,20.299999237060547,20.0,20.100000381469727,14.256306648254395,91255758
2016-01-12,2800.HK,20.200000762939453,20.299999237060547,19.860000610351562,19.899999618530273,14.114456176757812,71228404
2016-01-13,2800.HK,20.200000762939453,20.450000762939453,20.0,20.200000762939453,14.327235221862793,58289457
2016-01-14,2800.HK,19.899999618530273,20.100000381469727,19.68000030517578,20.049999237060547,14.220839500427246,75287598
2016-01-15,2800.HK,20.0,20.0,19.68000030517578,19.700000762939453,13.972602844238281,63720152
2016-01-18,2800.HK,19.5,19.639999389648438,19.34000015258789,19.459999084472656,13.802373886108398,56196650
2016-01-19,2800.HK,19.520000457763672,19.860000610351562,19.3799991607666,19.84000015258789,14.071898460388184,53162156
2016-01-20,2800.HK,19.600000381469727,19.600000381469727,19.0,19.059999465942383,13.51866626739502,113992590
2016-01-21,2800.HK,19.219999313354492,19.459999084472656,18.739999771118164,18.760000228881836,13.305887222290039,79507874
2016-01-22,2800.HK,19.200000762939453,19.360000610351562,18.959999084472656,19.31999969482422,13.703078269958496,69839040
2016-01-25,2800.HK,19.5,19.68000030517578,19.459999084472656,19.540000915527344,13.859115600585938,47961472
2016-01-26,2800.HK,19.139999389648438,19.280000686645508,18.979999542236328,19.020000457763672,13.490297317504883,70659097
2016-01-27,2800.HK,19.34000015258789,19.420000076293945,19.100000381469727,19.219999313354492,13.632148742675781,51441996
2016-01-28,2800.HK,19.299999237060547,19.420000076293945,19.15999984741211,19.399999618530273,13.759818077087402,42626614
2016-01-29,2800.HK,19.360000610351562,19.860000610351562,19.280000686645508,19.84000015258789,14.071898460388184,92664704
2016-02-01,2800.HK,19.860000610351562,19.899999618530273,19.600000381469727,19.739999771118164,14.000968933105469,46156782
2016-02-02,2800.HK,19.65999984741211,19.799999237060547,19.559999465942383,19.6200008392334,13.915857315063477,36096150
2016-02-03,2800.HK,19.200000762939453,19.219999313354492,18.940000534057617,19.200000762939453,13.617963790893555,50339669
2016-02-04,2800.HK,19.360000610351562,19.540000915527344,19.34000015258789,19.3799991607666,13.74563217163086,59491629
2016-02-05,2800.HK,19.399999618530273,19.600000381469727,19.399999618530273,19.479999542236328,13.816560745239258,43078196
2016-02-11,2800.HK,18.700000762939453,18.799999237060547,18.5,18.700000762939453,13.263328552246094,85507056
2016-02-12,2800.HK,18.5,18.68000030517578,18.479999542236328,18.520000457763672,13.135663986206055,62498112
2016-02-15,2800.HK,18.81999969482422,19.1200008392334,18.81999969482422,19.1200008392334,13.561225891113281,35468047
2016-02-16,2800.HK,19.219999313354492,19.459999084472656,19.1200008392334,19.299999237060547,13.688894271850586,49544223
2016-02-17,2800.HK,19.399999618530273,19.5,19.059999465942383,19.100000381469727,13.547041893005371,39261858
2016-02-18,2800.HK,19.520000457763672,19.639999389648438,19.459999084472656,19.559999465942383,13.873302459716797,50154218
2016-02-19,2800.HK,19.559999465942383,19.559999465942383,19.399999618530273,19.440000534057617,13.788190841674805,33495178
2016-02-22,2800.HK,19.559999465942383,19.719999313354492,19.559999465942383,19.65999984741211,13.94422721862793,35201857
2016-02-23,2800.HK,19.700000762939453,19.719999313354492,19.5,19.6200008392334,13.915857315063477,34659690
2016-02-24,2800.HK,19.579999923706055,19.579999923706055,19.260000228881836,19.360000610351562,13.731449127197266,67498696
2016-02-25,2800.HK,19.360000610351562,19.3799991607666,19.020000457763672,19.079999923706055,13.532854080200195,82418753
2016-02-26,2800.HK,19.260000228881836,19.65999984741211,19.260000228881836,19.579999923706055,13.887487411499023,59425632
2016-02-29,2800.HK,19.559999465942383,19.559999465942383,19.239999771118164,19.299999237060547,13.688894271850586,33206916
2016-03-01,2800.HK,19.399999618530273,19.579999923706055,19.280000686645508,19.559999465942383,13.873302459716797,31693151
2016-03-02,2800.HK,19.899999618530273,20.299999237060547,19.899999618530273,20.200000762939453,14.327235221862793,66397464
2016-03-03,2800.HK,20.25,20.350000381469727,20.0,20.149999618530273,14.291770935058594,39342556
2016-03-04,2800.HK,20.25,20.450000762939453,20.200000762939453,20.399999618530273,14.469088554382324,49517038
2016-03-07,2800.HK,20.399999618530273,20.600000381469727,20.350000381469727,20.450000762939453,14.504555702209473,26206843
2016-03-08,2800.HK,20.399999618530273,20.399999618530273,20.149999618530273,20.299999237060547,14.398163795471191,25378897
2016-03-09,2800.HK,20.149999618530273,20.299999237060547,20.100000381469727,20.299999237060547,14.398163795471191,43236198
2016-03-10,2800.HK,20.299999237060547,20.5,20.149999618530273,20.299999237060547,14.398163795471191,36528694
2016-03-11,2800.HK,20.200000762939453,20.549999237060547,20.100000381469727,20.5,14.540013313293457,70743257
2016-03-14,2800.HK,20.649999618530273,20.799999237060547,20.600000381469727,20.700000762939453,14.681872367858887,45681542
2016-03-15,2800.HK,20.600000381469727,20.649999618530273,20.5,20.600000381469727,14.610939979553223,71182411
2016-03-16,2800.HK,20.600000381469727,20.700000762939453,20.450000762939453,20.549999237060547,14.575475692749023,63571682
2016-03-17,2800.HK,20.850000381469727,20.899999618530273,20.700000762939453,20.75,14.717329978942871,49906105
2016-03-18,2800.HK,20.75,20.950000762939453,20.75,20.950000762939453,14.859185218811035,62141544
2016-03-21,2800.HK,21.0,21.049999237060547,20.850000381469727,20.899999618530273,14.823722839355469,65759319
2016-03-22,2800.HK,21.0,21.049999237060547,20.850000381469727,20.899999618530273,14.823722839355469,28379258
2016-03-23,2800.HK,20.899999618530273,20.950000762939453,20.75,20.899999618530273,14.823722839355469,39971225
2016-03-24,2800.HK,20.700000762939453,20.75,20.5,20.600000381469727,14.610939979553223,49922818
2016-03-29,2800.HK,20.600000381469727,20.700000762939453,20.5,20.600000381469727,14.610939979553223,35777351
2016-03-30,2800.HK,20.799999237060547,21.149999618530273,20.799999237060547,21.149999618530273,15.001039505004883,46422152
2016-03-31,2800.HK,21.149999618530273,21.200000762939453,20.950000762939453,21.049999237060547,14.930112838745117,47471004
2016-04-01,2800.HK,21.049999237060547,21.100000381469727,20.75,20.75,14.717329978942871,53165708
2016-04-05,2800.HK,20.649999618530273,20.649999618530273,20.350000381469727,20.399999618530273,14.469088554382324,62437371
2016-04-06,2800.HK,20.299999237060547,20.549999237060547,20.299999237060547,20.5,14.540013313293457,45409500
2016-04-07,2800.HK,20.549999237060547,20.649999618530273,20.399999618530273,20.549999237060547,14.575475692749023,68201366
2016-04-08,2800.HK,20.200000762939453,20.700000762939453,20.200000762939453,20.649999618530273,14.646404266357422,44048246
2016-04-11,2800.HK,20.549999237060547,20.899999618530273,20.5,20.799999237060547,14.752798080444336,55621612
2016-04-12,2800.HK,20.75,20.899999618530273,20.700000762939453,20.799999237060547,14.752798080444336,35160410
2016-04-13,2800.HK,21.0,21.549999237060547,21.0,21.5,15.249286651611328,84339638
2016-04-14,2800.HK,21.700000762939453,21.850000381469727,21.600000381469727,21.700000762939453,15.391138076782227,68933088
2016-04-15,2800.HK,21.600000381469727,21.700000762939453,21.549999237060547,21.600000381469727,15.320210456848145,57827051
2016-04-18,2800.HK,21.299999237060547,21.5,21.299999237060547,21.450000762939453,15.21381950378418,65688573
2016-04-19,2800.HK,21.799999237060547,21.799999237060547,21.549999237060547,21.75,15.426602363586426,24090930
2016-04-20,2800.HK,21.75,21.75,21.399999618530273,21.5,15.249286651611328,58942678
2016-04-21,2800.HK,21.700000762939453,21.950000762939453,21.649999618530273,21.950000762939453,15.568452835083008,57776071
2016-04-22,2800.HK,21.700000762939453,21.799999237060547,21.600000381469727,21.799999237060547,15.462063789367676,97501032
2016-04-25,2800.HK,21.700000762939453,21.75,21.549999237060547,21.549999237060547,15.284749984741211,88426969
2016-04-26,2800.HK,21.549999237060547,21.75,21.350000381469727,21.700000762939453,15.391138076782227,106686605
2016-04-27,2800.HK,21.700000762939453,21.75,21.600000381469727,21.649999618530273,15.355673789978027,73439175
2016-04-28,2800.HK,21.700000762939453,21.850000381469727,21.399999618530273,21.5,15.362821578979492,52592519
2016-04-29,2800.HK,21.350000381469727,21.350000381469727,21.149999618530273,21.149999618530273,15.112728118896484,74894925
2016-05-03,2800.HK,21.149999618530273,21.149999618530273,20.75,20.75,14.826906204223633,132543141
2016-05-04,2800.HK,20.649999618530273,20.75,20.549999237060547,20.700000762939453,14.791181564331055,102214112
2016-05-05,2800.HK,20.549999237060547,20.700000762939453,20.5,20.549999237060547,14.683995246887207,134965863
2016-05-06,2800.HK,20.450000762939453,20.549999237060547,20.149999618530273,20.200000762939453,14.433905601501465,104158826
2016-05-09,2800.HK,20.399999618530273,20.450000762939453,20.200000762939453,20.299999237060547,14.505361557006836,143398575
2016-05-10,2800.HK,20.200000762939453,20.5,20.149999618530273,20.450000762939453,14.61254596710205,138354778
2016-05-11,2800.HK,20.5,20.5,20.149999618530273,20.200000762939453,14.433905601501465,229013028
2016-05-12,2800.HK,20.200000762939453,20.25,20.0,20.049999237060547,14.326720237731934,53817884
2016-05-13,2800.HK,20.0,20.049999237060547,19.719999313354492,19.8799991607666,14.205251693725586,127148800
2016-05-16,2800.HK,19.860000610351562,20.149999618530273,19.84000015258789,20.049999237060547,14.326720237731934,79146468
2016-05-17,2800.HK,20.200000762939453,20.299999237060547,20.0,20.299999237060547,14.505361557006836,58256460
2016-05-18,2800.HK,20.049999237060547,20.100000381469727,19.920000076293945,19.959999084472656,14.26241397857666,96816798
2016-05-19,2800.HK,20.0,20.0,19.84000015258789,19.8799991607666,14.205251693725586,63562422
2016-05-20,2800.HK,19.860000610351562,20.25,19.860000610351562,20.149999618530273,14.398179054260254,41871506
2016-05-23,2800.HK,20.100000381469727,20.200000762939453,19.979999542236328,20.0,14.290996551513672,36913043
2016-05-24,2800.HK,20.0,20.149999618530273,19.959999084472656,20.100000381469727,14.362449645996094,39932112
2016-05-25,2800.HK,20.299999237060547,20.700000762939453,20.299999237060547,20.600000381469727,14.719722747802734,35470654
2016-05-26,2800.HK,20.600000381469727,20.700000762939453,20.5,20.649999618530273,14.755451202392578,21859753
2016-05-27,2800.HK,20.600000381469727,20.899999618530273,20.549999237060547,20.799999237060547,14.86263656616211,40134608
2016-05-30,2800.HK,20.799999237060547,21.049999237060547,20.75,20.850000381469727,14.898365020751953,33495326
2016-05-31,2800.HK,20.950000762939453,21.25,20.850000381469727,21.100000381469727,15.077000617980957,36022044
2016-06-01,2800.HK,20.950000762939453,21.200000762939453,20.950000762939453,21.0,15.00554084777832,44248480
2016-06-02,2800.HK,21.0,21.200000762939453,21.0,21.149999618530273,15.112728118896484,36012100
2016-06-03,2800.HK,21.200000762939453,21.399999618530273,21.200000762939453,21.25,15.184181213378906,20344873
2016-06-06,2800.HK,21.25,21.350000381469727,21.149999618530273,21.350000381469727,15.255640029907227,14968301
2016-06-07,2800.HK,21.5,21.700000762939453,21.450000762939453,21.600000381469727,15.434274673461914,46657113
2016-06-08,2800.HK,21.600000381469727,21.700000762939453,21.5,21.649999618530273,15.470003128051758,28872708
2016-06-10,2800.HK,21.649999618530273,21.700000762939453,21.350000381469727,21.399999618530273,15.291366577148438,40538401
2016-06-13,2800.HK,21.049999237060547,21.100000381469727,20.75,20.899999618530273,14.934090614318848,55454841
2016-06-14,2800.HK,20.75,20.899999618530273,20.700000762939453,20.799999237060547,14.86263656616211,21332553
2016-06-15,2800.HK,20.600000381469727,20.950000762939453,20.5,20.799999237060547,14.86263656616211,40015770
2016-06-16,2800.HK,20.799999237060547,20.799999237060547,20.350000381469727,20.450000762939453,14.61254596710205,56917621
2016-06-17,2800.HK,20.600000381469727,20.700000762939453,20.5,20.600000381469727,14.719722747802734,38024834
2016-06-20,2800.HK,20.799999237060547,21.0,20.649999618530273,20.850000381469727,14.898365020751953,42725255
2016-06-21,2800.HK,20.899999618530273,21.100000381469727,20.899999618530273,21.049999237060547,15.041271209716797,31905974
2016-06-22,2800.HK,21.0,21.350000381469727,20.950000762939453,21.299999237060547,15.219908714294434,26480536
2016-06-23,2800.HK,21.399999618530273,21.399999618530273,21.25,21.350000381469727,15.255640029907227,27709948
2016-06-24,2800.HK,20.799999237060547,21.549999237060547,20.100000381469727,20.75,14.826906204223633,151484080
2016-06-27,2800.HK,20.450000762939453,20.850000381469727,20.450000762939453,20.700000762939453,14.791181564331055,63231953
2016-06-28,2800.HK,20.5,20.75,20.399999618530273,20.700000762939453,14.791181564331055,63372401
2016-06-29,2800.HK,21.0,21.049999237060547,20.799999237060547,21.0,15.00554084777832,31229658
2016-06-30,2800.HK,21.200000762939453,21.399999618530273,21.149999618530273,21.350000381469727,15.255640029907227,56627376
2016-07-04,2800.HK,21.450000762939453,21.75,21.399999618530273,21.649999618530273,15.470003128051758,45745979
2016-07-05,2800.HK,21.549999237060547,21.549999237060547,21.25,21.299999237060547,15.219908714294434,32480069
2016-07-06,2800.HK,21.100000381469727,21.149999618530273,20.850000381469727,21.049999237060547,15.041271209716797,35227516
2016-07-07,2800.HK,21.149999618530273,21.299999237060547,21.100000381469727,21.25,15.184181213378906,22656399
2016-07-08,2800.HK,21.200000762939453,21.200000762939453,21.0,21.149999618530273,15.112728118896484,25980061
2016-07-11,2800.HK,21.5,21.600000381469727,21.399999618530273,21.399999618530273,15.291366577148438,23257639
2016-07-12,2800.HK,21.549999237060547,21.850000381469727,21.549999237060547,21.799999237060547,15.577184677124023,51403931
2016-07-13,2800.HK,21.950000762939453,22.0,21.850000381469727,21.899999618530273,15.64864444732666,48224626
2016-07-14,2800.HK,21.899999618530273,22.149999618530273,21.799999237060547,22.149999618530273,15.82728099822998,52709415
2016-07-15,2800.HK,22.149999618530273,22.350000381469727,22.049999237060547,22.299999237060547,15.934460639953613,95202538
2016-07-18,2800.HK,22.200000762939453,22.450000762939453,22.200000762939453,22.350000381469727,15.970190048217773,45256223
2016-07-19,2800.HK,22.399999618530273,22.399999618530273,22.200000762939453,22.200000762939453,15.863003730773926,38200803
2016-07-20,2800.HK,22.200000762939453,22.5,22.200000762939453,22.5,16.077369689941406,28306528
2016-07-21,2800.HK,22.549999237060547,22.700000762939453,22.450000762939453,22.549999237060547,16.113096237182617,36257152
2016-07-22,2800.HK,22.450000762939453,22.549999237060547,22.399999618530273,22.5,16.077369689941406,33759998
2016-07-25,2800.HK,22.600000381469727,22.600000381469727,22.450000762939453,22.549999237060547,16.113096237182617,76034712
2016-07-26,2800.HK,22.450000762939453,22.899999618530273,22.450000762939453,22.75,16.256010055541992,141018552
2016-07-27,2800.HK,22.799999237060547,22.899999618530273,22.600000381469727,22.649999618530273,16.184551239013672,157592608
2016-07-28,2800.HK,22.700000762939453,22.799999237060547,22.600000381469727,22.75,16.256010055541992,107126265
2016-07-29,2800.HK,22.649999618530273,22.75,22.399999618530273,22.450000762939453,16.041637420654297,224328787
2016-08-01,2800.HK,22.5,22.899999618530273,22.5,22.75,16.256010055541992,80898532
2016-08-02,2800.HK,22.75,22.75,22.75,22.75,16.256010055541992,0
2016-08-03,2800.HK,22.450000762939453,22.450000762939453,22.25,22.299999237060547,15.934460639953613,95129230
2016-08-04,2800.HK,22.450000762939453,22.5,22.350000381469727,22.399999618530273,16.005918502807617,66358570
2016-08-05,2800.HK,22.5,22.799999237060547,22.5,22.75,16.256010055541992,65572540
2016-08-08,2800.HK,22.899999618530273,23.100000381469727,22.799999237060547,23.049999237060547,16.47037124633789,76199301
2016-08-09,2800.HK,23.049999237060547,23.100000381469727,23.0,23.049999237060547,16.47037124633789,30523129
2016-08-10,2800.HK,23.100000381469727,23.25,22.950000762939453,23.049999237060547,16.47037124633789,48850828
2016-08-11,2800.HK,23.0,23.350000381469727,22.950000762939453,23.149999618530273,16.54183006286621,136013508
2016-08-12,2800.HK,23.299999237060547,23.450000762939453,23.299999237060547,23.350000381469727,16.684738159179688,175983539
2016-08-15,2800.HK,23.399999618530273,23.649999618530273,23.399999618530273,23.600000381469727,16.863378524780273,208184567
2016-08-16,2800.HK,23.649999618530273,23.700000762939453,23.450000762939453,23.5,16.791919708251953,218552306
2016-08-17,2800.HK,23.600000381469727,23.700000762939453,23.399999618530273,23.399999618530273,16.72046661376953,198264547
2016-08-18,2800.HK,23.549999237060547,23.850000381469727,23.549999237060547,23.700000762939453,16.934829711914062,236638934
2016-08-19,2800.HK,23.75,23.75,23.5,23.549999237060547,16.827646255493164,195148730
2016-08-22,2800.HK,23.600000381469727,23.649999618530273,23.399999618530273,23.649999618530273,16.899099349975586,316603209
2016-08-23,2800.HK,23.5,23.649999618530273,23.5,23.649999618530273,16.899099349975586,78661628
2016-08-24,2800.HK,23.600000381469727,23.700000762939453,23.350000381469727,23.450000762939453,16.756193161010742,108488509
2016-08-25,2800.HK,23.450000762939453,23.549999237060547,23.350000381469727,23.450000762939453,16.756193161010742,92133461
2016-08-26,2800.HK,23.450000762939453,23.649999618530273,23.450000762939453,23.600000381469727,16.863378524780273,61704544
2016-08-29,2800.HK,23.549999237060547,23.600000381469727,23.399999618530273,23.5,16.791919708251953,60725041
2016-08-30,2800.HK,23.600000381469727,23.75,23.5,23.649999618530273,16.899099349975586,32985266
2016-08-31,2800.HK,23.549999237060547,23.700000762939453,23.549999237060547,23.649999618530273,16.899099349975586,51555491
2016-09-01,2800.HK,23.600000381469727,23.899999618530273,23.5,23.899999618530273,17.077739715576172,30866866
2016-09-02,2800.HK,23.899999618530273,24.0,23.850000381469727,23.899999618530273,17.077739715576172,32938050
2016-09-05,2800.HK,24.100000381469727,24.399999618530273,24.100000381469727,24.299999237060547,17.36355972290039,87513443
2016-09-06,2800.HK,24.399999618530273,24.5,24.25,24.450000762939453,17.47074317932129,77969123
2016-09-07,2800.HK,24.450000762939453,24.5,24.350000381469727,24.450000762939453,17.47074317932129,61707307
2016-09-08,2800.HK,24.399999618530273,24.600000381469727,24.350000381469727,24.549999237060547,17.542194366455078,77478375
2016-09-09,2800.HK,24.600000381469727,25.100000381469727,24.600000381469727,24.850000381469727,17.756563186645508,167051300
2016-09-12,2800.HK,24.399999618530273,24.399999618530273,24.0,24.049999237060547,17.184921264648438,154917555
2016-09-13,2800.HK,24.299999237060547,24.350000381469727,23.899999618530273,24.0,17.14919090270996,128903120
2016-09-14,2800.HK,24.0,24.100000381469727,23.899999618530273,23.950000762939453,17.113468170166016,51933053
2016-09-15,2800.HK,24.0,24.200000762939453,23.899999618530273,24.100000381469727,17.220651626586914,55984567
2016-09-19,2800.HK,24.100000381469727,24.399999618530273,24.100000381469727,24.25,17.32783317565918,28059184
2016-09-20,2800.HK,24.25,24.299999237060547,24.100000381469727,24.299999237060547,17.36355972290039,40001269
2016-09-21,2800.HK,24.299999237060547,24.5,24.149999618530273,24.350000381469727,17.399288177490234,57490435
2016-09-22,2800.HK,24.600000381469727,24.850000381469727,24.399999618530273,24.5,17.506473541259766,188092044
2016-09-23,2800.HK,24.5,24.600000381469727,24.350000381469727,24.350000381469727,17.399288177490234,79429257
2016-09-26,2800.HK,24.299999237060547,24.299999237060547,24.0,24.100000381469727,17.220651626586914,67299708
2016-09-27,2800.HK,24.0,24.399999618530273,24.0,24.299999237060547,17.36355972290039,80222003
2016-09-28,2800.HK,24.25,24.350000381469727,24.100000381469727,24.350000381469727,17.399288177490234,69869124
2016-09-29,2800.HK,24.5,24.600000381469727,24.350000381469727,24.5,17.506473541259766,137371202
2016-09-30,2800.HK,24.299999237060547,24.299999237060547,23.950000762939453,24.0,17.14919090270996,95961278
2016-10-03,2800.HK,24.299999237060547,24.450000762939453,24.200000762939453,24.299999237060547,17.36355972290039,51231690
2016-10-04,2800.HK,24.299999237060547,24.450000762939453,24.25,24.399999618530273,17.435016632080078,53267036
2016-10-05,2800.HK,24.299999237060547,24.600000381469727,24.299999237060547,24.5,17.506473541259766,35252945
2016-10-06,2800.HK,24.549999237060547,24.75,24.549999237060547,24.700000762939453,17.649383544921875,28591970
2016-10-07,2800.HK,24.600000381469727,24.700000762939453,24.5,24.600000381469727,17.57792091369629,37530798
2016-10-11,2800.HK,24.75,24.850000381469727,24.149999618530273,24.25,17.32783317565918,67262281
2016-10-12,2800.HK,24.049999237060547,24.200000762939453,24.0,24.149999618530273,17.256376266479492,32927101
2016-10-13,2800.HK,24.049999237060547,24.149999618530273,23.700000762939453,23.799999237060547,17.00628662109375,53171952
2016-10-14,2800.HK,23.850000381469727,24.100000381469727,23.850000381469727,24.0,17.14919090270996,29445059
2016-10-17,2800.HK,24.0,24.0,23.700000762939453,23.799999237060547,17.00628662109375,39154138
2016-10-18,2800.HK,23.799999237060547,24.200000762939453,23.799999237060547,24.149999618530273,17.256376266479492,33673163
2016-10-19,2800.HK,24.149999618530273,24.25,23.950000762939453,24.049999237060547,17.184921264648438,65754671
2016-10-20,2800.HK,24.100000381469727,24.299999237060547,24.100000381469727,24.149999618530273,17.256376266479492,33182799
2016-10-21,2800.HK,24.149999618530273,24.149999618530273,24.149999618530273,24.149999618530273,17.256376266479492,0
2016-10-24,2800.HK,24.149999618530273,24.450000762939453,24.0,24.399999618530273,17.435016632080078,41032973
2016-10-25,2800.HK,24.399999618530273,24.450000762939453,24.25,24.350000381469727,17.399288177490234,29934465
2016-10-26,2800.HK,24.200000762939453,24.25,24.049999237060547,24.100000381469727,17.220651626586914,29897298
2016-10-27,2800.HK,24.149999618530273,24.149999618530273,23.75,23.899999618530273,17.077739715576172,35548544
2016-10-28,2800.HK,23.899999618530273,23.950000762939453,23.600000381469727,23.75,16.97056007385254,52198034
2016-10-31,2800.HK,23.0,23.25,22.950000762939453,23.100000381469727,16.94854736328125,34857489
2016-11-01,2800.HK,23.100000381469727,23.450000762939453,23.100000381469727,23.299999237060547,17.095285415649414,84410266
2016-11-02,2800.HK,23.100000381469727,23.100000381469727,22.899999618530273,23.0,16.87517738342285,53455882
2016-11-03,2800.HK,22.950000762939453,23.049999237060547,22.799999237060547,22.899999618530273,16.801807403564453,40350783
2016-11-04,2800.HK,22.850000381469727,22.950000762939453,22.75,22.850000381469727,16.765117645263672,40369177
2016-11-07,2800.HK,22.899999618530273,23.049999237060547,22.799999237060547,23.0,16.87517738342285,49486707
2016-11-08,2800.HK,23.149999618530273,23.200000762939453,22.950000762939453,23.049999237060547,16.911861419677734,98809224
2016-11-09,2800.HK,23.200000762939453,23.200000762939453,22.049999237060547,22.600000381469727,16.58169937133789,152208712
2016-11-10,2800.HK,23.0,23.100000381469727,22.950000762939453,23.049999237060547,16.911861419677734,72611325
2016-11-11,2800.HK,23.0,23.0,22.600000381469727,22.700000762939453,16.655067443847656,85793089
2016-11-14,2800.HK,22.5,22.549999237060547,22.299999237060547,22.399999618530273,16.434953689575195,99265954
2016-11-15,2800.HK,22.399999618530273,22.600000381469727,22.350000381469727,22.5,16.50832176208496,42368189
2016-11-16,2800.HK,22.600000381469727,22.649999618530273,22.450000762939453,22.5,16.50832176208496,48450322
2016-11-17,2800.HK,22.399999618530273,22.549999237060547,22.25,22.399999618530273,16.434953689575195,45236231
2016-11-18,2800.HK,22.399999618530273,22.549999237060547,22.299999237060547,22.450000762939453,16.471637725830078,80280340
2016-11-21,2800.HK,22.450000762939453,22.649999618530273,22.350000381469727,22.549999237060547,16.54500961303711,58965629
2016-11-22,2800.HK,22.600000381469727,22.899999618530273,22.600000381469727,22.899999618530273,16.801807403564453,40363889
2016-11-23,2800.HK,22.850000381469727,23.0,22.799999237060547,22.899999618530273,16.801807403564453,44258079
2016-11-24,2800.HK,22.850000381469727,22.850000381469727,22.600000381469727,22.75,16.69175148010254,55790696
2016-11-25,2800.HK,22.799999237060547,22.950000762939453,22.75,22.899999618530273,16.801807403564453,32710491
2016-11-28,2800.HK,22.950000762939453,23.149999618530273,22.950000762939453,23.0,16.87517738342285,51894396
2016-11-29,2800.HK,22.950000762939453,23.049999237060547,22.850000381469727,22.899999618530273,16.801807403564453,40316127
2016-11-30,2800.HK,22.899999618530273,23.100000381469727,22.899999618530273,23.0,16.87517738342285,35282598
2016-12-01,2800.HK,23.100000381469727,23.200000762939453,23.0,23.100000381469727,16.94854736328125,71073522
2016-12-02,2800.HK,23.0,23.0,22.700000762939453,22.75,16.69175148010254,43786485
2016-12-05,2800.HK,22.75,22.799999237060547,22.5,22.700000762939453,16.655067443847656,89185245
2016-12-06,2800.HK,22.799999237060547,22.950000762939453,22.799999237060547,22.850000381469727,16.765117645263672,47698221
2016-12-07,2800.HK,22.950000762939453,23.0,22.899999618530273,23.0,16.87517738342285,31532326
2016-12-08,2800.HK,23.200000762939453,23.299999237060547,22.950000762939453,23.0,16.87517738342285,63960160
2016-12-09,2800.HK,23.0,23.0,22.850000381469727,22.950000762939453,16.83849334716797,102257410
2016-12-12,2800.HK,23.0,23.0,22.5,22.549999237060547,16.54500961303711,110000259
2016-12-13,2800.HK,22.600000381469727,22.600000381469727,22.399999618530273,22.600000381469727,16.58169937133789,105176983
2016-12-14,2800.HK,22.700000762939453,22.799999237060547,22.600000381469727,22.649999618530273,16.618379592895508,41020332
2016-12-15,2800.HK,22.399999618530273,22.450000762939453,22.100000381469727,22.200000762939453,16.2882137298584,109230892
2016-12-16,2800.HK,22.200000762939453,22.299999237060547,22.100000381469727,22.200000762939453,16.2882137298584,59625748
2016-12-19,2800.HK,22.100000381469727,22.100000381469727,21.899999618530273,22.0,16.1414737701416,81475522
2016-12-20,2800.HK,22.0,22.049999237060547,21.799999237060547,21.899999618530273,16.068105697631836,67689031
2016-12-21,2800.HK,22.0,22.100000381469727,21.899999618530273,22.0,16.1414737701416,58657457
2016-12-22,2800.HK,21.950000762939453,22.0,21.75,21.850000381469727,16.031421661376953,51835797
2016-12-23,2800.HK,21.75,21.75,21.600000381469727,21.75,15.958046913146973,71044699
2016-12-28,2800.HK,21.75,21.950000762939453,21.600000381469727,21.850000381469727,16.031421661376953,47506920
2016-12-29,2800.HK,21.75,21.950000762939453,21.700000762939453,21.950000762939453,16.104785919189453,39813776
2016-12-30,2800.HK,22.0,22.200000762939453,22.0,22.100000381469727,16.214841842651367,43932522
2017-01-03,2800.HK,22.149999618530273,22.350000381469727,22.0,22.299999237060547,16.36158561706543,29012900
2017-01-04,2800.HK,22.350000381469727,22.399999618530273,22.200000762939453,22.299999237060547,16.36158561706543,31030187
2017-01-05,2800.HK,22.399999618530273,22.649999618530273,22.350000381469727,22.600000381469727,16.58169937133789,71271231
2017-01-06,2800.HK,22.700000762939453,22.799999237060547,22.600000381469727,22.649999618530273,16.618379592895508,45848822
2017-01-09,2800.HK,22.700000762939453,22.799999237060547,22.600000381469727,22.75,16.69175148010254,46482044
2017-01-10,2800.HK,22.700000762939453,22.899999618530273,22.700000762939453,22.850000381469727,16.765117645263672,58447424
2017-01-11,2800.HK,23.0,23.149999618530273,22.899999618530273,23.100000381469727,16.94854736328125,75629699
2017-01-12,2800.HK,23.100000381469727,23.149999618530273,22.950000762939453,23.049999237060547,16.911861419677734,57438677
2017-01-13,2800.HK,23.049999237060547,23.149999618530273,23.049999237060547,23.100000381469727,16.94854736328125,37351433
2017-01-16,2800.HK,23.0,23.100000381469727,22.799999237060547,22.899999618530273,16.801807403564453,40987990
2017-01-17,2800.HK,22.950000762939453,23.049999237060547,22.899999618530273,23.049999237060547,16.911861419677734,27108530
2017-01-18,2800.HK,23.049999237060547,23.350000381469727,23.049999237060547,23.25,17.05860137939453,90804068
2017-01-19,2800.HK,23.200000762939453,23.25,23.100000381469727,23.25,17.05860137939453,34395435
2017-01-20,2800.HK,23.149999618530273,23.149999618530273,23.0,23.100000381469727,16.94854736328125,23520415
2017-01-23,2800.HK,23.100000381469727,23.299999237060547,23.0,23.049999237060547,16.911861419677734,118103301
2017-01-24,2800.HK,23.100000381469727,23.149999618530273,23.049999237060547,23.100000381469727,16.94854736328125,50938146
2017-01-25,2800.HK,23.200000762939453,23.25,23.100000381469727,23.200000762939453,17.021915435791016,81816675
2017-01-26,2800.HK,23.350000381469727,23.600000381469727,23.299999237060547,23.549999237060547,17.278711318969727,50079737
2017-01-27,2800.HK,23.5,23.600000381469727,23.450000762939453,23.549999237060547,17.278711318969727,11589221
2017-02-01,2800.HK,23.399999618530273,23.5,23.25,23.5,17.242029190063477,43792011
2017-02-02,2800.HK,23.399999618530273,23.600000381469727,23.25,23.350000381469727,17.13197135925293,30430621
2017-02-03,2800.HK,23.399999618530273,23.450000762939453,23.149999618530273,23.25,17.05860137939453,28727953
2017-02-06,2800.HK,23.399999618530273,23.549999237060547,23.299999237060547,23.5,17.242029190063477,88692045
2017-02-07,2800.HK,23.5,23.600000381469727,23.399999618530273,23.5,17.242029190063477,52035324
2017-02-08,2800.HK,23.450000762939453,23.75,23.299999237060547,23.700000762939453,17.388769149780273,66984961
2017-02-09,2800.HK,23.700000762939453,23.799999237060547,23.600000381469727,23.700000762939453,17.388769149780273,94732489
2017-02-10,2800.HK,23.799999237060547,23.899999618530273,23.75,23.799999237060547,17.462141036987305,53713471
2017-02-13,2800.HK,23.899999618530273,23.950000762939453,23.799999237060547,23.850000381469727,17.49882698059082,70458590
2017-02-14,2800.HK,23.850000381469727,23.950000762939453,23.799999237060547,23.899999618530273,17.53550910949707,202223487
2017-02-15,2800.HK,23.950000762939453,24.25,23.950000762939453,24.149999618530273,17.71893310546875,105509426
2017-02-16,2800.HK,24.25,24.350000381469727,24.200000762939453,24.299999237060547,17.828989028930664,196485396
2017-02-17,2800.HK,24.299999237060547,24.350000381469727,24.149999618530273,24.25,17.792308807373047,117604909
2017-02-20,2800.HK,24.149999618530273,24.399999618530273,24.149999618530273,24.350000381469727,17.865678787231445,142711663
2017-02-21,2800.HK,24.350000381469727,24.399999618530273,24.100000381469727,24.200000762939453,17.755624771118164,113272475
2017-02-22,2800.HK,24.25,24.399999618530273,24.200000762939453,24.350000381469727,17.865678787231445,100973162
2017-02-23,2800.HK,24.350000381469727,24.450000762939453,24.299999237060547,24.350000381469727,17.865678787231445,101330869
2017-02-24,2800.HK,24.350000381469727,24.399999618530273,24.200000762939453,24.299999237060547,17.828989028930664,135511906
2017-02-27,2800.HK,24.200000762939453,24.350000381469727,24.100000381469727,24.25,17.792308807373047,148092879
2017-02-28,2800.HK,24.25,24.299999237060547,23.950000762939453,24.049999237060547,17.645566940307617,55670393
2017-03-01,2800.HK,24.049999237060547,24.100000381469727,24.0,24.049999237060547,17.645566940307617,128064949
2017-03-02,2800.HK,24.350000381469727,24.399999618530273,23.950000762939453,23.950000762939453,17.572195053100586,84471402
2017-03-03,2800.HK,23.850000381469727,23.899999618530273,23.75,23.850000381469727,17.49882698059082,97701601
2017-03-06,2800.HK,23.850000381469727,23.950000762939453,23.850000381469727,23.850000381469727,17.49882698059082,75373574
2017-03-07,2800.HK,23.899999618530273,24.0,23.850000381469727,23.950000762939453,17.572195053100586,54742970
2017-03-08,2800.HK,23.950000762939453,24.100000381469727,23.799999237060547,24.0,17.608871459960938,57724930
2017-03-09,2800.HK,23.950000762939453,23.950000762939453,23.700000762939453,23.799999237060547,17.462141036987305,84240663
2017-03-10,2800.HK,23.75,23.850000381469727,23.700000762939453,23.850000381469727,17.49882698059082,63323483
2017-03-13,2800.HK,23.899999618530273,24.149999618530273,23.850000381469727,24.100000381469727,17.6822509765625,214740391
2017-03-14,2800.HK,24.100000381469727,24.200000762939453,24.0,24.100000381469727,17.6822509765625,50699062
2017-03-15,2800.HK,24.049999237060547,24.149999618530273,23.899999618530273,24.100000381469727,17.6822509765625,126575691
2017-03-16,2800.HK,24.200000762939453,24.600000381469727,24.200000762939453,24.549999237060547,18.012413024902344,193592936
2017-03-17,2800.HK,24.600000381469727,24.700000762939453,24.5,24.600000381469727,18.04909896850586,382854317
2017-03-20,2800.HK,24.600000381469727,24.799999237060547,24.600000381469727,24.75,18.159156799316406,81944859
2017-03-21,2800.HK,24.799999237060547,24.950000762939453,24.799999237060547,24.850000381469727,18.232526779174805,151739241
2017-03-22,2800.HK,24.600000381469727,24.700000762939453,24.5,24.600000381469727,18.04909896850586,214529718
2017-03-23,2800.HK,24.649999618530273,24.75,24.549999237060547,24.600000381469727,18.04909896850586,87470254
2017-03-24,2800.HK,24.700000762939453,24.75,24.549999237060547,24.700000762939453,18.12247657775879,144225146
2017-03-27,2800.HK,24.549999237060547,24.700000762939453,24.450000762939453,24.5,17.975732803344727,151651793
2017-03-28,2800.HK,24.600000381469727,24.649999618530273,24.549999237060547,24.649999618530273,18.085790634155273,67046507
2017-03-29,2800.HK,24.700000762939453,24.75,24.600000381469727,24.649999618530273,18.085790634155273,155804685
2017-03-30,2800.HK,24.700000762939453,24.700000762939453,24.5,24.600000381469727,18.04909896850586,100483543
2017-03-31,2800.HK,24.600000381469727,24.600000381469727,24.350000381469727,24.450000762939453,17.939044952392578,173399086
2017-04-03,2800.HK,24.450000762939453,24.549999237060547,24.450000762939453,24.5,17.975732803344727,28223111
2017-04-05,2800.HK,24.549999237060547,24.700000762939453,24.399999618530273,24.649999618530273,18.085790634155273,129098715
2017-04-06,2800.HK,24.649999618530273,24.700000762939453,24.450000762939453,24.549999237060547,18.012413024902344,276077589
2017-04-07,2800.HK,24.549999237060547,24.600000381469727,24.200000762939453,24.549999237060547,18.012413024902344,325090912
2017-04-10,2800.HK,24.600000381469727,24.649999618530273,24.5,24.549999237060547,18.012413024902344,163104093
2017-04-11,2800.HK,24.549999237060547,24.600000381469727,24.25,24.399999618530273,17.902360916137695,166881309
2017-04-12,2800.HK,24.299999237060547,24.600000381469727,24.25,24.600000381469727,18.04909896850586,145384234
2017-04-13,2800.HK,24.450000762939453,24.700000762939453,24.399999618530273,24.549999237060547,18.012413024902344,109733534
2017-04-18,2800.HK,24.549999237060547,24.600000381469727,24.149999618530273,24.149999618530273,17.71893310546875,121680898
2017-04-19,2800.HK,24.100000381469727,24.149999618530273,24.0,24.149999618530273,17.71893310546875,95098876
2017-04-20,2800.HK,24.100000381469727,24.399999618530273,24.100000381469727,24.350000381469727,17.865678787231445,86475019
2017-04-21,2800.HK,24.399999618530273,24.5,24.25,24.299999237060547,17.828989028930664,78744123
2017-04-24,2800.HK,24.450000762939453,24.5,24.25,24.450000762939453,17.939044952392578,121607581
2017-04-25,2800.HK,24.5,24.799999237060547,24.5,24.75,18.159156799316406,87684282
2017-04-26,2800.HK,24.799999237060547,25.0,24.799999237060547,24.850000381469727,18.232526779174805,30258424
2017-04-27,2800.HK,24.75,24.899999618530273,24.600000381469727,24.850000381469727,18.34325408935547,43242588
2017-04-28,2800.HK,24.850000381469727,24.850000381469727,24.75,24.799999237060547,18.306346893310547,48199765
2017-05-02,2800.HK,24.799999237060547,24.950000762939453,24.700000762939453,24.799999237060547,18.306346893310547,47656373
2017-05-04,2800.HK,24.799999237060547,24.899999618530273,24.700000762939453,24.899999618530273,18.380163192749023,64275858
2017-05-05,2800.HK,24.75,24.799999237060547,24.5,24.649999618530273,18.195621490478516,68396992
2017-05-08,2800.HK,24.700000762939453,24.799999237060547,24.600000381469727,24.75,18.26943588256836,74634326
2017-05-09,2800.HK,24.700000762939453,25.100000381469727,24.649999618530273,25.049999237060547,18.490882873535156,76719386
2017-05-10,2800.HK,25.149999618530273,25.350000381469727,25.149999618530273,25.149999618530273,18.5647029876709,90001078
2017-05-11,2800.HK,25.200000762939453,25.399999618530273,25.149999618530273,25.299999237060547,18.675424575805664,75673596
2017-05-12,2800.HK,25.200000762939453,25.399999618530273,25.200000762939453,25.350000381469727,18.712326049804688,70013851
2017-05-15,2800.HK,25.399999618530273,25.600000381469727,25.399999618530273,25.600000381469727,18.896873474121094,60114830
2017-05-16,2800.HK,25.600000381469727,25.649999618530273,25.450000762939453,25.600000381469727,18.896873474121094,46249849
2017-05-17,2800.HK,25.549999237060547,25.600000381469727,25.450000762939453,25.600000381469727,18.896873474121094,37290435
2017-05-18,2800.HK,25.299999237060547,25.5,25.299999237060547,25.399999618530273,18.749238967895508,53675106
2017-05-19,2800.HK,25.399999618530273,25.5,25.350000381469727,25.450000762939453,18.786148071289062,48186049
2017-05-22,2800.HK,25.5,25.700000762939453,25.450000762939453,25.649999618530273,18.933780670166016,66640075
2017-05-23,2800.HK,25.700000762939453,25.75,25.549999237060547,25.700000762939453,18.97068977355957,68345804
2017-05-24,2800.HK,25.649999618530273,25.700000762939453,25.549999237060547,25.649999618530273,18.933780670166016,97045574
2017-05-25,2800.HK,25.700000762939453,25.950000762939453,25.700000762939453,25.850000381469727,19.08141326904297,155524940
2017-05-26,2800.HK,25.899999618530273,26.0,25.850000381469727,25.899999618530273,19.118318557739258,100654107
2017-05-29,2800.HK,25.899999618530273,26.049999237060547,25.899999618530273,26.0,19.1921329498291,77150452
2017-05-31,2800.HK,25.950000762939453,26.100000381469727,25.899999618530273,26.0,19.1921329498291,69519834
2017-06-01,2800.HK,26.0,26.100000381469727,25.899999618530273,26.0,19.1921329498291,68398618
2017-06-02,2800.HK,26.100000381469727,26.25,26.100000381469727,26.25,19.376672744750977,103048374
2017-06-05,2800.HK,26.25,26.299999237060547,26.100000381469727,26.200000762939453,19.339767456054688,109319314
2017-06-06,2800.HK,26.100000381469727,26.350000381469727,26.100000381469727,26.299999237060547,19.41358184814453,75312571
2017-06-07,2800.HK,26.299999237060547,26.399999618530273,26.200000762939453,26.299999237060547,19.41358184814453,77661281
2017-06-08,2800.HK,26.299999237060547,26.450000762939453,26.25,26.399999618530273,19.487396240234375,58273602
2017-06-09,2800.HK,26.399999618530273,26.450000762939453,26.25,26.399999618530273,19.487396240234375,88537976
2017-06-12,2800.HK,26.299999237060547,26.350000381469727,26.049999237060547,26.149999618530273,19.302854537963867,83680024
2017-06-13,2800.HK,26.149999618530273,26.299999237060547,26.100000381469727,26.25,19.376672744750977,49137675
2017-06-14,2800.HK,26.25,26.25,26.049999237060547,26.25,19.376672744750977,93246217
2017-06-15,2800.HK,26.200000762939453,26.200000762939453,25.899999618530273,25.950000762939453,19.155229568481445,69742702
2017-06-16,2800.HK,26.0,26.100000381469727,25.950000762939453,26.0,19.1921329498291,62471969
2017-06-19,2800.HK,26.0,26.299999237060547,26.0,26.299999237060547,19.41358184814453,67558385
2017-06-20,2800.HK,26.299999237060547,26.399999618530273,26.149999618530273,26.200000762939453,19.339767456054688,55852454
2017-06-21,2800.HK,26.100000381469727,26.25,25.899999618530273,26.049999237060547,19.229040145874023,112943093
2017-06-22,2800.HK,26.100000381469727,26.299999237060547,26.049999237060547,26.149999618530273,19.302854537963867,67459914
2017-06-23,2800.HK,26.149999618530273,26.25,26.049999237060547,26.200000762939453,19.339767456054688,91653362
2017-06-26,2800.HK,26.100000381469727,26.350000381469727,26.100000381469727,26.299999237060547,19.41358184814453,62477948
2017-06-27,2800.HK,26.350000381469727,26.399999618530273,26.200000762939453,26.25,19.376672744750977,77038266
2017-06-28,2800.HK,26.200000762939453,26.25,26.049999237060547,26.200000762939453,19.339767456054688,53644102
2017-06-29,2800.HK,26.25,26.450000762939453,26.25,26.350000381469727,19.45049285888672,32533410
2017-06-30,2800.HK,26.149999618530273,26.299999237060547,26.100000381469727,26.25,19.376672744750977,71878895
2017-07-03,2800.HK,26.149999618530273,26.350000381469727,26.149999618530273,26.25,19.376672744750977,31188812
2017-07-04,2800.HK,26.299999237060547,26.350000381469727,25.799999237060547,26.0,19.1921329498291,60073259
2017-07-05,2800.HK,25.899999618530273,26.149999618530273,25.75,26.100000381469727,19.265949249267578,74896016
2017-07-06,2800.HK,26.149999618530273,26.200000762939453,26.049999237060547,26.149999618530273,19.302854537963867,62236297
2017-07-07,2800.HK,25.950000762939453,26.049999237060547,25.899999618530273,26.0,19.1921329498291,51507271
2017-07-10,2800.HK,26.0,26.25,25.950000762939453,26.149999618530273,19.302854537963867,52669050
2017-07-11,2800.HK,26.200000762939453,26.600000381469727,26.200000762939453,26.549999237060547,19.59812355041504,88494754
2017-07-12,2800.HK,26.549999237060547,26.799999237060547,26.549999237060547,26.700000762939453,19.70884895324707,38781831
2017-07-13,2800.HK,26.950000762939453,27.049999237060547,26.899999618530273,27.0,19.930294036865234,73955604
2017-07-14,2800.HK,27.049999237060547,27.100000381469727,26.950000762939453,27.049999237060547,19.967199325561523,36579922
2017-07-17,2800.HK,27.200000762939453,27.299999237060547,27.0,27.149999618530273,20.041017532348633,55073798
2017-07-18,2800.HK,27.100000381469727,27.200000762939453,27.049999237060547,27.149999618530273,20.041017532348633,62520374
2017-07-19,2800.HK,27.149999618530273,27.350000381469727,27.149999618530273,27.299999237060547,20.1517391204834,66040233
2017-07-20,2800.HK,27.399999618530273,27.450000762939453,27.299999237060547,27.350000381469727,20.188648223876953,42871659
2017-07-21,2800.HK,27.399999618530273,27.450000762939453,27.299999237060547,27.399999618530273,20.225557327270508,20459943
2017-07-24,2800.HK,27.350000381469727,27.549999237060547,27.350000381469727,27.549999237060547,20.336278915405273,72108172
2017-07-25,2800.HK,27.549999237060547,27.549999237060547,27.450000762939453,27.5,20.299375534057617,53904925
2017-07-26,2800.HK,27.549999237060547,27.649999618530273,27.450000762939453,27.600000381469727,20.37318992614746,45766746
2017-07-27,2800.HK,27.600000381469727,27.850000381469727,27.600000381469727,27.799999237060547,20.52082061767578,55518277
2017-07-28,2800.HK,27.700000762939453,27.700000762939453,27.600000381469727,27.649999618530273,20.410097122192383,34306109
2017-07-31,2800.HK,27.649999618530273,28.0,27.649999618530273,27.899999618530273,20.594636917114258,27891058
2017-08-01,2800.HK,28.0,28.25,27.950000762939453,28.200000762939453,20.816083908081055,49841747
2017-08-02,2800.HK,28.25,28.399999618530273,28.200000762939453,28.25,20.85299301147461,67905298
2017-08-03,2800.HK,28.149999618530273,28.299999237060547,28.100000381469727,28.25,20.85299301147461,36354213
2017-08-04,2800.HK,28.25,28.299999237060547,28.200000762939453,28.25,20.85299301147461,63531092
2017-08-07,2800.HK,28.299999237060547,28.450000762939453,28.299999237060547,28.350000381469727,20.92680549621582,38444693
2017-08-08,2800.HK,28.350000381469727,28.549999237060547,28.25,28.549999237060547,21.074440002441406,45442458
2017-08-09,2800.HK,28.450000762939453,28.549999237060547,28.25,28.450000762939453,21.000627517700195,40255760
2017-08-10,2800.HK,28.450000762939453,28.450000762939453,27.950000762939453,28.149999618530273,20.7791748046875,82341380
2017-08-11,2800.HK,27.75,27.899999618530273,27.549999237060547,27.649999618530273,20.410097122192383,106937639
2017-08-14,2800.HK,27.700000762939453,28.0,27.700000762939453,27.899999618530273,20.594636917114258,45376523
2017-08-15,2800.HK,28.0,28.100000381469727,27.850000381469727,27.850000381469727,20.55773162841797,50360870
2017-08-16,2800.HK,27.850000381469727,28.149999618530273,27.850000381469727,28.100000381469727,20.742271423339844,54347221
2017-08-17,2800.HK,28.200000762939453,28.299999237060547,27.950000762939453,28.049999237060547,20.70535659790039,39063479
2017-08-18,2800.HK,27.799999237060547,27.950000762939453,27.649999618530273,27.75,20.483917236328125,25915795
2017-08-21,2800.HK,27.75,27.950000762939453,27.75,27.899999618530273,20.594636917114258,21099955
2017-08-22,2800.HK,28.0,28.25,28.0,28.149999618530273,20.7791748046875,21326440
2017-08-23,2800.HK,28.149999618530273,28.149999618530273,28.149999618530273,28.149999618530273,20.7791748046875,0
2017-08-24,2800.HK,28.149999618530273,28.350000381469727,28.149999618530273,28.200000762939453,20.816083908081055,33181360
2017-08-25,2800.HK,28.200000762939453,28.600000381469727,28.149999618530273,28.549999237060547,21.074440002441406,31409978
2017-08-28,2800.HK,28.600000381469727,28.799999237060547,28.5,28.649999618530273,21.148256301879883,17863047
2017-08-29,2800.HK,28.5,28.600000381469727,28.399999618530273,28.5,21.03753089904785,52203203
2017-08-30,2800.HK,28.549999237060547,28.899999618530273,28.549999237060547,28.850000381469727,21.295886993408203,25447121
2017-08-31,2800.HK,28.850000381469727,28.850000381469727,28.700000762939453,28.75,21.222070693969727,22870015
2017-09-01,2800.HK,28.799999237060547,28.950000762939453,28.700000762939453,28.75,21.222070693969727,19969886
2017-09-04,2800.HK,28.649999618530273,28.75,28.450000762939453,28.600000381469727,21.111351013183594,44058920
2017-09-05,2800.HK,28.600000381469727,28.700000762939453,28.549999237060547,28.600000381469727,21.111351013183594,29798262
2017-09-06,2800.HK,28.5,28.549999237060547,28.25,28.450000762939453,21.000627517700195,33338989
2017-09-07,2800.HK,28.600000381469727,28.700000762939453,28.299999237060547,28.399999618530273,20.963714599609375,25967135
2017-09-08,2800.HK,28.399999618530273,28.549999237060547,28.399999618530273,28.549999237060547,21.074440002441406,27038466
2017-09-11,2800.HK,28.600000381469727,28.899999618530273,28.600000381469727,28.850000381469727,21.295886993408203,32609621
2017-09-12,2800.HK,28.899999618530273,28.950000762939453,28.75,28.850000381469727,21.295886993408203,21077910
2017-09-13,2800.HK,28.850000381469727,28.850000381469727,28.600000381469727,28.75,21.222070693969727,18348759
2017-09-14,2800.HK,28.700000762939453,28.75,28.549999237060547,28.700000762939453,21.185165405273438,24967935
2017-09-15,2800.HK,28.649999618530273,28.799999237060547,28.350000381469727,28.700000762939453,21.185165405273438,41347325
2017-09-18,2800.HK,28.75,29.049999237060547,28.75,29.0,21.406612396240234,38822888
2017-09-19,2800.HK,29.0,29.100000381469727,28.899999618530273,28.950000762939453,21.369705200195312,8465531
2017-09-20,2800.HK,28.950000762939453,29.0,28.850000381469727,29.0,21.406612396240234,5168089
2017-09-21,2800.HK,29.0,29.049999237060547,28.899999618530273,29.0,21.406612396240234,14030715
2017-09-22,2800.HK,28.850000381469727,28.850000381469727,28.700000762939453,28.75,21.222070693969727,28689827
2017-09-25,2800.HK,28.75,28.75,28.350000381469727,28.450000762939453,21.000627517700195,39796933
2017-09-26,2800.HK,28.25,28.5,28.200000762939453,28.5,21.03753089904785,32825809
2017-09-27,2800.HK,28.399999618530273,28.600000381469727,28.399999618530273,28.600000381469727,21.111351013183594,28484299
2017-09-28,2800.HK,28.549999237060547,28.549999237060547,28.299999237060547,28.299999237060547,20.8898983001709,11718415
2017-09-29,2800.HK,28.350000381469727,28.5,28.25,28.399999618530273,20.963714599609375,24219321
2017-10-03,2800.HK,28.600000381469727,29.100000381469727,28.600000381469727,29.049999237060547,21.443517684936523,57172938
2017-10-04,2800.HK,29.149999618530273,29.450000762939453,29.149999618530273,29.25,21.59115219116211,20538286
2017-10-06,2800.HK,29.450000762939453,29.549999237060547,29.299999237060547,29.350000381469727,21.664966583251953,24867265
2017-10-09,2800.HK,29.350000381469727,29.399999618530273,29.149999618530273,29.25,21.59115219116211,35210320
2017-10-10,2800.HK,29.25,29.399999618530273,29.200000762939453,29.399999618530273,21.701871871948242,22031757
2017-10-11,2800.HK,29.5,29.549999237060547,29.200000762939453,29.25,21.59115219116211,27103487
2017-10-12,2800.HK,29.350000381469727,29.5,29.299999237060547,29.399999618530273,21.701871871948242,31186795
2017-10-13,2800.HK,29.399999618530273,29.450000762939453,29.299999237060547,29.399999618530273,21.701871871948242,31955612
2017-10-16,2800.HK,29.5,29.75,29.5,29.600000381469727,21.849506378173828,29436057
2017-10-17,2800.HK,29.700000762939453,29.700000762939453,29.549999237060547,29.649999618530273,21.88641929626465,25877513
2017-10-18,2800.HK,29.600000381469727,29.649999618530273,29.549999237060547,29.649999618530273,21.88641929626465,15560777
2017-10-19,2800.HK,29.649999618530273,29.75,29.0,29.149999618530273,21.517330169677734,44461114
2017-10-20,2800.HK,29.350000381469727,29.5,29.25,29.450000762939453,21.73878288269043,57082765
2017-10-23,2800.HK,29.5,29.5,29.149999618530273,29.25,21.59115219116211,51245177
2017-10-24,2800.HK,29.200000762939453,29.299999237060547,29.0,29.149999618530273,21.517330169677734,45003409
2017-10-25,2800.HK,29.149999618530273,29.299999237060547,29.100000381469727,29.25,21.59115219116211,35911871
2017-10-26,2800.HK,29.149999618530273,29.25,29.049999237060547,29.149999618530273,21.517330169677734,41698341
2017-10-27,2800.HK,29.25,29.450000762939453,29.25,29.350000381469727,21.664966583251953,40539268
2017-10-30,2800.HK,29.5,29.600000381469727,29.25,29.299999237060547,21.6280574798584,44684466
2017-10-31,2800.HK,28.5,28.549999237060547,28.299999237060547,28.450000762939453,21.574974060058594,21227110
2017-11-01,2800.HK,28.5,28.799999237060547,28.5,28.75,21.802478790283203,38044301
2017-11-02,2800.HK,28.75,28.799999237060547,28.600000381469727,28.649999618530273,21.726642608642578,40367785
2017-11-03,2800.HK,28.700000762939453,28.799999237060547,28.700000762939453,28.799999237060547,21.840396881103516,12737658
2017-11-06,2800.HK,28.799999237060547,28.850000381469727,28.25,28.799999237060547,21.840396881103516,68556514
2017-11-07,2800.HK,28.850000381469727,29.200000762939453,28.850000381469727,29.200000762939453,22.143735885620117,37960691
2017-11-08,2800.HK,29.149999618530273,29.299999237060547,29.049999237060547,29.149999618530273,22.105815887451172,49188654
2017-11-09,2800.HK,29.200000762939453,29.350000381469727,29.100000381469727,29.299999237060547,22.21957015991211,53596061
2017-11-10,2800.HK,29.200000762939453,29.350000381469727,29.200000762939453,29.350000381469727,22.257490158081055,37621748
2017-11-13,2800.HK,29.299999237060547,29.399999618530273,29.299999237060547,29.399999618530273,22.295400619506836,34388131
2017-11-14,2800.HK,29.350000381469727,29.450000762939453,29.299999237060547,29.399999618530273,22.295400619506836,46025199
2017-11-15,2800.HK,29.350000381469727,29.350000381469727,29.049999237060547,29.100000381469727,22.06789779663086,66458235
2017-11-16,2800.HK,29.200000762939453,29.25,29.049999237060547,29.200000762939453,22.143735885620117,29574061
2017-11-17,2800.HK,29.399999618530273,29.5,29.299999237060547,29.350000381469727,22.257490158081055,11226153
2017-11-20,2800.HK,29.399999618530273,29.450000762939453,29.25,29.350000381469727,22.257490158081055,13845985
2017-11-21,2800.HK,29.5,30.0,29.450000762939453,29.950000762939453,22.712493896484375,29964506
2017-11-22,2800.HK,30.200000762939453,30.399999618530273,30.100000381469727,30.25,22.93999481201172,25243730
2017-11-23,2800.HK,30.25,30.350000381469727,29.799999237060547,29.899999618530273,22.674577713012695,13775239
2017-11-24,2800.HK,29.950000762939453,30.149999618530273,29.899999618530273,30.049999237060547,22.788331985473633,36494919
2017-11-27,2800.HK,30.049999237060547,30.049999237060547,29.850000381469727,29.899999618530273,22.674577713012695,34294159
2017-11-28,2800.HK,29.899999618530273,29.899999618530273,29.549999237060547,29.850000381469727,22.636661529541016,45356252
2017-11-29,2800.HK,30.0,30.049999237060547,29.75,29.850000381469727,22.636661529541016,45722278
2017-11-30,2800.HK,29.700000762939453,29.700000762939453,29.299999237060547,29.450000762939453,22.333322525024414,34617494
2017-12-01,2800.HK,29.450000762939453,29.549999237060547,29.200000762939453,29.299999237060547,22.21957015991211,49539368
2017-12-04,2800.HK,29.200000762939453,29.5,28.950000762939453,29.350000381469727,22.257490158081055,47962279
2017-12-05,2800.HK,29.100000381469727,29.299999237060547,29.0,29.049999237060547,22.029983520507812,15762191
2017-12-06,2800.HK,29.049999237060547,29.100000381469727,28.350000381469727,28.399999618530273,21.53705596923828,94199671
2017-12-07,2800.HK,28.450000762939453,28.649999618530273,28.299999237060547,28.5,21.612892150878906,42545222
2017-12-08,2800.HK,28.549999237060547,28.899999618530273,28.450000762939453,28.850000381469727,21.87831687927246,68260059
2017-12-11,2800.HK,28.799999237060547,29.149999618530273,28.799999237060547,29.149999618530273,22.105815887451172,38703433
2017-12-12,2800.HK,29.149999618530273,29.200000762939453,28.899999618530273,29.0,21.992063522338867,39971022
2017-12-13,2800.HK,28.950000762939453,29.5,28.950000762939453,29.450000762939453,22.333322525024414,50375724
2017-12-14,2800.HK,29.5,29.600000381469727,29.25,29.299999237060547,22.21957015991211,37047178
2017-12-15,2800.HK,29.299999237060547,29.299999237060547,28.899999618530273,29.049999237060547,22.029983520507812,71183384
2017-12-18,2800.HK,29.049999237060547,29.350000381469727,29.0,29.25,22.181655883789062,37529660
2017-12-19,2800.HK,29.299999237060547,29.549999237060547,29.299999237060547,29.399999618530273,22.295400619506836,45808057
2017-12-20,2800.HK,29.299999237060547,29.5,29.299999237060547,29.450000762939453,22.333322525024414,35051400
2017-12-21,2800.HK,29.299999237060547,29.649999618530273,29.299999237060547,29.549999237060547,22.409154891967773,65152839
2017-12-22,2800.HK,29.649999618530273,29.799999237060547,29.600000381469727,29.700000762939453,22.522911071777344,27021768
2017-12-27,2800.HK,29.799999237060547,29.899999618530273,29.700000762939453,29.799999237060547,22.598745346069336,10739594
2017-12-28,2800.HK,29.850000381469727,30.100000381469727,29.850000381469727,30.049999237060547,22.788331985473633,21982618
2017-12-29,2800.HK,30.0,30.149999618530273,30.0,30.049999237060547,22.788331985473633,13832055
2018-01-02,2800.HK,30.100000381469727,30.700000762939453,30.100000381469727,30.649999618530273,23.24333953857422,46559354
2018-01-03,2800.HK,30.75,30.899999618530273,30.649999618530273,30.700000762939453,23.2812557220459,52440043
2018-01-04,2800.HK,30.850000381469727,31.0,30.75,30.899999618530273,23.43292808532715,54989937
2018-01-05,2800.HK,31.0,31.100000381469727,30.850000381469727,30.950000762939453,23.470842361450195,48615208
2018-01-08,2800.HK,31.049999237060547,31.100000381469727,30.899999618530273,31.049999237060547,23.546674728393555,66816495
2018-01-09,2800.HK,31.149999618530273,31.25,31.0,31.200000762939453,23.660429000854492,51882597
2018-01-10,2800.HK,31.200000762939453,31.450000762939453,31.149999618530273,31.25,23.698345184326172,49200373
2018-01-11,2800.HK,31.25,31.350000381469727,31.149999618530273,31.25,23.698345184326172,35295272
2018-01-12,2800.HK,31.5,31.600000381469727,31.399999618530273,31.5,23.8879337310791,27651562
2018-01-15,2800.HK,31.75,31.950000762939453,31.5,31.549999237060547,23.92584800720215,40728816
2018-01-16,2800.HK,31.549999237060547,32.099998474121094,31.549999237060547,32.04999923706055,24.305025100708008,52376002
2018-01-17,2800.HK,31.950000762939453,32.150001525878906,31.850000381469727,32.099998474121094,24.34294319152832,45588537
2018-01-18,2800.HK,32.349998474121094,32.400001525878906,32.04999923706055,32.29999923706055,24.494611740112305,43298683
2018-01-19,2800.HK,32.20000076293945,32.400001525878906,32.20000076293945,32.400001525878906,24.570446014404297,26346625
2018-01-22,2800.HK,32.5,32.599998474121094,32.20000076293945,32.5,24.646278381347656,64814114
2018-01-23,2800.HK,32.70000076293945,33.150001525878906,32.70000076293945,33.099998474121094,25.101289749145508,75965367
2018-01-24,2800.HK,33.04999923706055,33.25,32.95000076293945,33.150001525878906,25.139209747314453,32914313
2018-01-25,2800.HK,33.20000076293945,33.25,32.849998474121094,32.900001525878906,24.949621200561523,33540703
2018-01-26,2800.HK,33.0,33.45000076293945,33.0,33.349998474121094,25.290870666503906,61051111
2018-01-29,2800.HK,33.5,33.75,33.150001525878906,33.150001525878906,25.139209747314453,52002540
2018-01-30,2800.HK,32.95000076293945,33.25,32.70000076293945,32.849998474121094,24.911699295043945,88758168
2018-01-31,2800.HK,32.54999923706055,33.150001525878906,32.54999923706055,33.099998474121094,25.101289749145508,91977355
2018-02-01,2800.HK,33.04999923706055,33.25,32.849998474121094,32.849998474121094,24.911699295043945,19805785
2018-02-02,2800.HK,32.75,33.0,32.5,32.79999923706055,24.87378692626953,44663023
2018-02-05,2800.HK,31.950000762939453,32.599998474121094,31.950000762939453,32.400001525878906,24.570446014404297,57995620
2018-02-06,2800.HK,31.200000762939453,31.450000762939453,30.75,30.850000381469727,23.395009994506836,127551482
2018-02-07,2800.HK,31.5,31.649999618530273,30.450000762939453,30.450000762939453,23.091670989990234,75200050
2018-02-08,2800.HK,30.700000762939453,30.899999618530273,30.399999618530273,30.600000381469727,23.20542335510254,40970585
2018-02-09,2800.HK,29.950000762939453,29.950000762939453,29.350000381469727,29.649999618530273,22.484996795654297,59792893
2018-02-12,2800.HK,29.850000381469727,30.0,29.649999618530273,29.649999618530273,22.484996795654297,32231898
2018-02-13,2800.HK,30.0,30.350000381469727,29.950000762939453,30.100000381469727,22.826248168945312,46140170
2018-02-14,2800.HK,30.200000762939453,30.850000381469727,30.149999618530273,30.700000762939453,23.2812557220459,26672821
2018-02-15,2800.HK,31.0,31.350000381469727,31.0,31.25,23.698345184326172,14758784
2018-02-20,2800.HK,31.25,31.549999237060547,30.899999618530273,31.049999237060547,23.546674728393555,41325408
2018-02-21,2800.HK,31.100000381469727,31.700000762939453,31.100000381469727,31.649999618530273,24.001684188842773,38760906
2018-02-22,2800.HK,31.450000762939453,31.450000762939453,31.200000762939453,31.200000762939453,23.660429000854492,17562205
2018-02-23,2800.HK,31.549999237060547,31.649999618530273,31.399999618530273,31.5,23.8879337310791,46697507
2018-02-26,2800.HK,31.700000762939453,31.850000381469727,31.549999237060547,31.799999237060547,24.115436553955078,28906529
2018-02-27,2800.HK,32.0,32.099998474121094,31.399999618530273,31.549999237060547,23.92584800720215,33354886
2018-02-28,2800.HK,31.200000762939453,31.350000381469727,30.950000762939453,31.100000381469727,23.5845947265625,42720665
2018-03-01,2800.HK,30.799999237060547,31.350000381469727,30.649999618530273,31.299999237060547,23.73626708984375,18758817
2018-03-02,2800.HK,30.950000762939453,30.950000762939453,30.75,30.899999618530273,23.43292808532715,38867932
2018-03-05,2800.HK,30.700000762939453,30.950000762939453,30.100000381469727,30.200000762939453,22.902084350585938,58585844
2018-03-06,2800.HK,30.649999618530273,30.899999618530273,30.399999618530273,30.799999237060547,23.357086181640625,50727076
2018-03-07,2800.HK,30.450000762939453,30.899999618530273,30.350000381469727,30.5,23.129587173461914,48762654
2018-03-08,2800.HK,30.75,31.049999237060547,30.700000762939453,31.0,23.508760452270508,35415450
2018-03-09,2800.HK,31.200000762939453,31.350000381469727,31.149999618530273,31.299999237060547,23.73626708984375,53307178
2018-03-12,2800.HK,31.799999237060547,31.950000762939453,31.700000762939453,31.850000381469727,24.153356552124023,19166922
2018-03-13,2800.HK,31.850000381469727,32.0,31.799999237060547,31.899999618530273,24.191272735595703,21880880
2018-03-14,2800.HK,31.600000381469727,31.799999237060547,31.450000762939453,31.799999237060547,24.115436553955078,32366152
2018-03-15,2800.HK,31.5,31.950000762939453,31.350000381469727,31.850000381469727,24.153356552124023,16714392
2018-03-16,2800.HK,31.799999237060547,31.899999618530273,31.600000381469727,31.799999237060547,24.115436553955078,21741746
2018-03-19,2800.HK,31.799999237060547,32.0,31.5,31.850000381469727,24.153356552124023,38171863
2018-03-20,2800.HK,31.600000381469727,31.899999618530273,31.450000762939453,31.899999618530273,24.191272735595703,29435475
2018-03-21,2800.HK,32.0,32.349998474121094,31.649999618530273,31.700000762939453,24.03960418701172,23039992
2018-03-22,2800.HK,31.850000381469727,32.0,31.299999237060547,31.399999618530273,23.812101364135742,21056707
2018-03-23,2800.HK,30.200000762939453,30.649999618530273,30.200000762939453,30.549999237060547,23.16750144958496,65122840
2018-03-26,2800.HK,30.5,30.899999618530273,30.25,30.899999618530273,23.43292808532715,53318098
2018-03-27,2800.HK,31.25,31.299999237060547,31.049999237060547,31.100000381469727,23.5845947265625,28238379
2018-03-28,2800.HK,31.100000381469727,31.100000381469727,30.299999237060547,30.350000381469727,23.01583480834961,21777028
2018-03-29,2800.HK,30.450000762939453,30.549999237060547,30.100000381469727,30.399999618530273,23.053752899169922,18121038
2018-04-03,2800.HK,30.200000762939453,30.649999618530273,30.100000381469727,30.549999237060547,23.16750144958496,27962097
2018-04-04,2800.HK,30.600000381469727,30.649999618530273,29.75,29.75,22.56082534790039,31304976
2018-04-06,2800.HK,30.0,30.350000381469727,29.899999618530273,30.100000381469727,22.826248168945312,46989359
2018-04-09,2800.HK,30.399999618530273,30.899999618530273,30.25,30.600000381469727,23.20542335510254,43085634
2018-04-10,2800.HK,30.549999237060547,31.149999618530273,30.5,31.049999237060547,23.546674728393555,25432664
2018-04-11,2800.HK,31.100000381469727,31.350000381469727,31.049999237060547,31.25,23.698345184326172,27557981
2018-04-12,2800.HK,31.399999618530273,31.450000762939453,30.950000762939453,31.200000762939453,23.660429000854492,21109234
2018-04-13,2800.HK,31.299999237060547,31.399999618530273,31.049999237060547,31.149999618530273,23.62251091003418,34519410
2018-04-16,2800.HK,31.149999618530273,31.200000762939453,30.5,30.600000381469727,23.20542335510254,26781837
2018-04-17,2800.HK,30.700000762939453,30.850000381469727,30.299999237060547,30.350000381469727,23.01583480834961,25302991
2018-04-18,2800.HK,30.75,30.799999237060547,30.299999237060547,30.649999618530273,23.24333953857422,27272872
2018-04-19,2800.HK,30.799999237060547,31.100000381469727,30.799999237060547,31.100000381469727,23.5845947265625,21355053
2018-04-20,2800.HK,31.0,31.200000762939453,30.649999618530273,30.700000762939453,23.2812557220459,14061929
2018-04-23,2800.HK,30.649999618530273,30.799999237060547,30.5,30.549999237060547,23.16750144958496,29557816
2018-04-24,2800.HK,30.649999618530273,31.049999237060547,30.600000381469727,30.950000762939453,23.470842361450195,24016171
2018-04-25,2800.HK,30.75,30.799999237060547,30.549999237060547,30.649999618530273,23.24333953857422,12396065
2018-04-26,2800.HK,30.700000762939453,30.75,30.200000762939453,30.350000381469727,23.01583480834961,33039003
2018-04-27,2800.HK,30.399999618530273,30.5,30.200000762939453,30.399999618530273,23.175931930541992,10546646
2018-04-30,2800.HK,30.5,31.100000381469727,30.5,31.049999237060547,23.671466827392578,18577585
2018-05-02,2800.HK,30.899999618530273,31.0,30.75,30.850000381469727,23.519001007080078,23424478
2018-05-03,2800.HK,30.649999618530273,30.649999618530273,30.25,30.450000762939453,23.214054107666016,28370444
2018-05-04,2800.HK,30.450000762939453,30.5,30.0,30.100000381469727,22.947223663330078,34000669
2018-05-07,2800.HK,30.25,30.350000381469727,29.950000762939453,30.200000762939453,23.023462295532227,29914659
2018-05-08,2800.HK,30.200000762939453,30.649999618530273,30.200000762939453,30.649999618530273,23.36652183532715,32614462
2018-05-09,2800.HK,30.549999237060547,30.799999237060547,30.5,30.75,23.442758560180664,23385415
2018-05-10,2800.HK,30.899999618530273,31.049999237060547,30.899999618530273,31.0,23.63335418701172,19681763
2018-05-11,2800.HK,31.25,31.5,31.200000762939453,31.299999237060547,23.862062454223633,53215176
2018-05-14,2800.HK,31.649999618530273,31.850000381469727,31.649999618530273,31.75,24.205127716064453,13573161
2018-05-15,2800.HK,31.75,31.799999237060547,31.399999618530273,31.450000762939453,23.97641372680664,15518986
2018-05-16,2800.HK,31.299999237060547,31.450000762939453,31.0,31.350000381469727,23.90018081665039,33330892
2018-05-17,2800.HK,31.649999618530273,31.649999618530273,31.200000762939453,31.25,23.823942184448242,14247502
2018-05-18,2800.HK,31.299999237060547,31.450000762939453,31.200000762939453,31.350000381469727,23.90018081665039,33824807
2018-05-21,2800.HK,31.649999618530273,31.799999237060547,31.5,31.600000381469727,24.090768814086914,17456502
2018-05-23,2800.HK,31.450000762939453,31.450000762939453,31.0,31.0,23.63335418701172,17692129
2018-05-24,2800.HK,31.049999237060547,31.149999618530273,30.899999618530273,31.100000381469727,23.7095890045166,16795196
2018-05-25,2800.HK,31.100000381469727,31.149999618530273,30.899999618530273,31.049999237060547,23.671466827392578,26487440
2018-05-28,2800.HK,31.100000381469727,31.25,30.899999618530273,31.200000762939453,23.785825729370117,13590401
2018-05-29,2800.HK,30.950000762939453,31.049999237060547,30.799999237060547,30.899999618530273,23.557113647460938,18599659
2018-05-30,2800.HK,30.600000381469727,30.600000381469727,30.299999237060547,30.399999618530273,23.175931930541992,26741374
2018-05-31,2800.HK,30.549999237060547,30.950000762939453,30.5,30.950000762939453,23.595233917236328,29689767
2018-06-01,2800.HK,30.899999618530273,31.0,30.799999237060547,30.950000762939453,23.595233917236328,14308680
2018-06-04,2800.HK,31.200000762939453,31.450000762939453,31.149999618530273,31.399999618530273,23.93829917907715,12518062
2018-06-05,2800.HK,31.350000381469727,31.649999618530273,31.299999237060547,31.5,24.01453399658203,16806651
2018-06-06,2800.HK,31.5,31.799999237060547,31.5,31.700000762939453,24.167011260986328,22993630
2018-06-07,2800.HK,31.899999618530273,32.04999923706055,31.850000381469727,31.950000762939453,24.35759925842285,40929963
2018-06-08,2800.HK,31.950000762939453,31.950000762939453,31.299999237060547,31.350000381469727,23.90018081665039,73818023
2018-06-11,2800.HK,31.350000381469727,31.600000381469727,31.299999237060547,31.549999237060547,24.052654266357422,22359616
2018-06-12,2800.HK,31.5,31.700000762939453,31.350000381469727,31.600000381469727,24.090768814086914,8261719
2018-06-13,2800.HK,31.600000381469727,31.600000381469727,31.100000381469727,31.200000762939453,23.785825729370117,12378484
2018-06-14,2800.HK,31.200000762939453,31.25,30.75,30.950000762939453,23.595233917236328,26703231
2018-06-15,2800.HK,30.799999237060547,31.0,30.700000762939453,30.75,23.442758560180664,74894967
2018-06-19,2800.HK,30.399999618530273,30.450000762939453,29.75,30.0,22.870986938476562,74766797
2018-06-20,2800.HK,30.0,30.450000762939453,29.850000381469727,30.25,23.061574935913086,69265984
2018-06-21,2800.HK,30.25,30.350000381469727,29.700000762939453,29.75,22.680395126342773,36466670
2018-06-22,2800.HK,29.700000762939453,29.950000762939453,29.549999237060547,29.850000381469727,22.756629943847656,49098972
2018-06-25,2800.HK,29.850000381469727,29.899999618530273,29.350000381469727,29.5,22.48979949951172,57382623
2018-06-26,2800.HK,29.450000762939453,29.549999237060547,28.950000762939453,29.399999618530273,22.413562774658203,75067202
2018-06-27,2800.HK,29.450000762939453,29.450000762939453,28.75,28.850000381469727,21.9942626953125,52727703
2018-06-28,2800.HK,28.850000381469727,29.100000381469727,28.649999618530273,29.0,22.108619689941406,49425387
2018-06-29,2800.HK,29.0,29.5,29.0,29.450000762939453,22.451688766479492,37786918
2018-07-03,2800.HK,29.100000381469727,29.100000381469727,28.450000762939453,29.100000381469727,22.18485450744629,127885876
2018-07-04,2800.HK,28.950000762939453,29.100000381469727,28.600000381469727,28.75,21.918025970458984,51023460
2018-07-05,2800.HK,28.75,28.950000762939453,28.399999618530273,28.799999237060547,21.956144332885742,55733041
2018-07-06,2800.HK,28.899999618530273,29.149999618530273,28.5,28.899999618530273,22.03238296508789,54747664
2018-07-09,2800.HK,29.299999237060547,29.549999237060547,29.25,29.450000762939453,22.451688766479492,33654997
2018-07-10,2800.HK,29.600000381469727,29.700000762939453,29.399999618530273,29.399999618530273,22.413562774658203,19363754
2018-07-11,2800.HK,28.799999237060547,29.049999237060547,28.700000762939453,29.0,22.108619689941406,29132237
2018-07-12,2800.HK,28.850000381469727,29.350000381469727,28.850000381469727,29.200000762939453,22.26109504699707,31528970
2018-07-13,2800.HK,29.450000762939453,29.450000762939453,29.200000762939453,29.25,22.29921531677246,29301875
2018-07-16,2800.HK,29.350000381469727,29.399999618530273,29.0,29.25,22.29921531677246,30439288
2018-07-17,2800.HK,29.149999618530273,29.200000762939453,28.799999237060547,28.950000762939453,22.07050323486328,20609440
2018-07-18,2800.HK,29.0,29.100000381469727,28.700000762939453,28.799999237060547,21.956144332885742,25275539
2018-07-19,2800.HK,28.899999618530273,29.0,28.649999618530273,28.700000762939453,21.87990951538086,23540047
2018-07-20,2800.HK,28.75,29.049999237060547,28.450000762939453,28.950000762939453,22.07050323486328,39789099
2018-07-23,2800.HK,29.0,29.100000381469727,28.799999237060547,29.0,22.108619689941406,26254434
2018-07-24,2800.HK,29.0,29.450000762939453,29.0,29.399999618530273,22.413562774658203,27599821
2018-07-25,2800.HK,29.549999237060547,29.700000762939453,29.450000762939453,29.700000762939453,22.642276763916016,32040262
2018-07-26,2800.HK,29.799999237060547,29.799999237060547,29.350000381469727,29.450000762939453,22.451688766479492,20093833
2018-07-27,2800.HK,29.450000762939453,29.600000381469727,29.299999237060547,29.450000762939453,22.451688766479492,15979465
2018-07-30,2800.HK,29.350000381469727,29.600000381469727,29.25,29.399999618530273,22.413562774658203,9693197
2018-07-31,2800.HK,29.399999618530273,29.450000762939453,29.25,29.299999237060547,22.337329864501953,18652240
2018-08-01,2800.HK,29.450000762939453,29.5,28.950000762939453,29.0,22.108619689941406,33151972
2018-08-02,2800.HK,28.899999618530273,28.950000762939453,28.299999237060547,28.399999618530273,21.651195526123047,42612518
2018-08-03,2800.HK,28.5,28.5,28.299999237060547,28.350000381469727,21.613082885742188,23309565
2018-08-06,2800.HK,28.549999237060547,28.799999237060547,28.450000762939453,28.549999237060547,21.765554428100586,40723378
2018-08-07,2800.HK,28.600000381469727,29.0,28.600000381469727,28.950000762939453,22.07050323486328,24903270
2018-08-08,2800.HK,29.100000381469727,29.149999618530273,28.950000762939453,29.049999237060547,22.146738052368164,17444081
2018-08-09,2800.HK,29.0,29.5,28.899999618530273,29.299999237060547,22.337329864501953,32699746
2018-08-10,2800.HK,29.200000762939453,29.399999618530273,28.950000762939453,29.0,22.108619689941406,39406551
2018-08-13,2800.HK,28.75,28.850000381469727,28.5,28.649999618530273,21.8417911529541,36061490
2018-08-14,2800.HK,28.700000762939453,28.700000762939453,28.25,28.5,21.727436065673828,33529674
2018-08-15,2800.HK,28.5,28.5,27.950000762939453,28.0,21.34625244140625,33717225
2018-08-16,2800.HK,27.700000762939453,28.200000762939453,27.649999618530273,27.899999618530273,21.2700138092041,57313611
2018-08-17,2800.HK,28.100000381469727,28.149999618530273,27.799999237060547,27.950000762939453,21.308135986328125,47682830
2018-08-20,2800.HK,27.950000762939453,28.399999618530273,27.950000762939453,28.350000381469727,21.613082885742188,37677927
2018-08-21,2800.HK,28.350000381469727,28.549999237060547,28.25,28.5,21.727436065673828,41901056
2018-08-22,2800.HK,28.549999237060547,28.75,28.299999237060547,28.649999618530273,21.8417911529541,32419579
2018-08-23,2800.HK,28.75,28.799999237060547,28.399999618530273,28.450000762939453,21.68931770324707,16944229
2018-08-24,2800.HK,28.350000381469727,28.600000381469727,28.25,28.399999618530273,21.651195526123047,33373902
2018-08-27,2800.HK,28.700000762939453,29.100000381469727,28.700000762939453,29.049999237060547,22.146738052368164,27677424
2018-08-28,2800.HK,29.299999237060547,29.350000381469727,29.0,29.149999618530273,22.222970962524414,32946545
2018-08-29,2800.HK,29.149999618530273,29.299999237060547,29.100000381469727,29.200000762939453,22.26109504699707,38020384
2018-08-30,2800.HK,29.350000381469727,29.350000381469727,28.950000762939453,28.950000762939453,22.07050323486328,18759017
2018-08-31,2800.HK,28.700000762939453,28.799999237060547,28.549999237060547,28.649999618530273,21.8417911529541,18186125
2018-09-03,2800.HK,28.549999237060547,28.649999618530273,28.399999618530273,28.549999237060547,21.765554428100586,16668435
2018-09-04,2800.HK,28.5,28.850000381469727,28.350000381469727,28.850000381469727,21.9942626953125,27221499
2018-09-05,2800.HK,28.700000762939453,28.75,28.0,28.049999237060547,21.38437271118164,17687587
2018-09-06,2800.HK,28.0,28.149999618530273,27.649999618530273,27.899999618530273,21.2700138092041,64871578
2018-09-07,2800.HK,27.75,28.100000381469727,27.5,27.799999237060547,21.19378089904785,46308835
2018-09-10,2800.HK,27.799999237060547,27.799999237060547,27.25,27.549999237060547,21.003189086914062,60239653
2018-09-11,2800.HK,27.549999237060547,27.549999237060547,27.25,27.299999237060547,20.812597274780273,58487241
2018-09-12,2800.HK,27.299999237060547,27.350000381469727,27.100000381469727,27.299999237060547,20.812597274780273,52090318
2018-09-13,2800.HK,27.649999618530273,27.899999618530273,27.5,27.899999618530273,21.2700138092041,66895740
2018-09-14,2800.HK,28.100000381469727,28.25,27.899999618530273,28.149999618530273,21.460609436035156,27859212
2018-09-17,2800.HK,27.950000762939453,27.950000762939453,27.600000381469727,27.799999237060547,21.19378089904785,25553112
2018-09-18,2800.HK,27.649999618530273,28.100000381469727,27.5,27.950000762939453,21.308135986328125,47387470
2018-09-19,2800.HK,28.100000381469727,28.450000762939453,27.950000762939453,28.25,21.53684425354004,23592408
2018-09-20,2800.HK,28.450000762939453,28.549999237060547,28.200000762939453,28.350000381469727,21.613082885742188,30929885
2018-09-21,2800.HK,28.549999237060547,28.899999618530273,28.450000762939453,28.850000381469727,21.9942626953125,30086529
2018-09-24,2800.HK,28.700000762939453,28.700000762939453,28.299999237060547,28.350000381469727,21.613082885742188,19311933
2018-09-26,2800.HK,28.5,28.950000762939453,28.5,28.700000762939453,21.87990951538086,60717513
2018-09-27,2800.HK,28.700000762939453,28.899999618530273,28.549999237060547,28.600000381469727,21.80367088317871,22237506
2018-09-28,2800.HK,28.700000762939453,28.850000381469727,28.549999237060547,28.649999618530273,21.8417911529541,15401563
2018-10-02,2800.HK,28.700000762939453,28.700000762939453,27.899999618530273,28.0,21.34625244140625,40245736
2018-10-03,2800.HK,28.0,28.200000762939453,27.850000381469727,27.950000762939453,21.308135986328125,17791324
2018-10-04,2800.HK,27.850000381469727,27.850000381469727,27.450000762939453,27.549999237060547,21.003189086914062,50821476
2018-10-05,2800.HK,27.5,27.600000381469727,27.299999237060547,27.5,20.965068817138672,56076873
2018-10-08,2800.HK,27.600000381469727,27.649999618530273,27.049999237060547,27.149999618530273,20.698240280151367,22045948
2018-10-09,2800.HK,27.200000762939453,27.299999237060547,26.950000762939453,27.100000381469727,20.660123825073242,68161159
2018-10-10,2800.HK,27.25,27.450000762939453,27.100000381469727,27.149999618530273,20.698240280151367,38162063
2018-10-11,2800.HK,26.399999618530273,26.399999618530273,26.049999237060547,26.149999618530273,19.935874938964844,51547431
2018-10-12,2800.HK,26.350000381469727,26.75,26.200000762939453,26.700000762939453,20.355178833007812,55927242
2018-10-15,2800.HK,26.5,26.600000381469727,26.299999237060547,26.350000381469727,20.088348388671875,36366251
2018-10-16,2800.HK,26.399999618530273,26.649999618530273,26.149999618530273,26.399999618530273,20.126468658447266,41896981
2018-10-18,2800.HK,26.549999237060547,26.549999237060547,26.149999618530273,26.350000381469727,20.088348388671875,45646237
2018-10-19,2800.HK,26.149999618530273,26.700000762939453,26.049999237060547,26.5,20.20270538330078,34421788
2018-10-22,2800.HK,26.649999618530273,27.200000762939453,26.5,27.100000381469727,20.660123825073242,79521211
2018-10-23,2800.HK,27.0,27.0,26.25,26.299999237060547,20.05023193359375,57069044
2018-10-24,2800.HK,26.399999618530273,26.649999618530273,26.149999618530273,26.25,20.012113571166992,40800433
2018-10-25,2800.HK,26.0,26.0,25.600000381469727,26.0,19.821517944335938,87206397
2018-10-26,2800.HK,26.0,26.0,25.5,25.649999618530273,19.554691314697266,41468121
2018-10-29,2800.HK,25.850000381469727,25.899999618530273,25.600000381469727,25.799999237060547,19.669048309326172,109020673
2018-10-30,2800.HK,25.75,25.899999618530273,25.5,25.600000381469727,19.51657485961914,40959234
2018-10-31,2800.HK,25.100000381469727,25.149999618530273,24.850000381469727,25.049999237060547,19.705366134643555,33907533
2018-11-01,2800.HK,25.25,25.700000762939453,25.25,25.5,20.05936050415039,50251232
2018-11-02,2800.HK,26.0,26.700000762939453,26.0,26.600000381469727,20.924665451049805,69382374
2018-11-05,2800.HK,26.200000762939453,26.299999237060547,25.850000381469727,26.049999237060547,20.492008209228516,37975291
2018-11-06,2800.HK,26.149999618530273,26.350000381469727,26.0,26.25,20.649337768554688,20856923
2018-11-07,2800.HK,26.299999237060547,26.700000762939453,26.049999237060547,26.299999237060547,20.688671112060547,26627612
2018-11-08,2800.HK,26.450000762939453,26.700000762939453,26.299999237060547,26.399999618530273,20.767333984375,21623897
2018-11-09,2800.HK,26.100000381469727,26.100000381469727,25.600000381469727,25.75,20.256017684936523,25376943
2018-11-12,2800.HK,25.799999237060547,25.950000762939453,25.700000762939453,25.799999237060547,20.29534912109375,40928763
2018-11-13,2800.HK,25.299999237060547,26.0,25.25,26.0,20.452674865722656,45718957
2018-11-14,2800.HK,26.0,26.049999237060547,25.600000381469727,25.850000381469727,20.334680557250977,14630420
2018-11-15,2800.HK,26.049999237060547,26.350000381469727,25.75,26.299999237060547,20.688671112060547,21185928
2018-11-16,2800.HK,26.299999237060547,26.399999618530273,26.0,26.299999237060547,20.688671112060547,21363911
2018-11-19,2800.HK,26.399999618530273,26.600000381469727,26.299999237060547,26.450000762939453,20.806665420532227,54388175
2018-11-20,2800.HK,26.200000762939453,26.299999237060547,25.899999618530273,26.049999237060547,20.492008209228516,20233506
2018-11-21,2800.HK,25.649999618530273,26.200000762939453,25.649999618530273,26.149999618530273,20.570674896240234,17531076
2018-11-22,2800.HK,26.299999237060547,26.299999237060547,26.049999237060547,26.200000762939453,20.610004425048828,5971054
2018-11-23,2800.HK,26.200000762939453,26.200000762939453,25.950000762939453,26.149999618530273,20.570674896240234,9910067
2018-11-26,2800.HK,26.25,26.649999618530273,26.25,26.549999237060547,20.88532829284668,55260927
2018-11-27,2800.HK,26.5,26.649999618530273,26.350000381469727,26.450000762939453,20.806665420532227,18987671
2018-11-28,2800.HK,26.5,26.899999618530273,26.5,26.799999237060547,21.081989288330078,15968179
2018-11-29,2800.HK,27.049999237060547,27.100000381469727,26.549999237060547,26.649999618530273,20.963993072509766,28267210
2018-11-30,2800.HK,26.799999237060547,26.899999618530273,26.600000381469727,26.700000762939453,21.003326416015625,15400878
2018-12-03,2800.HK,27.399999618530273,27.5,27.200000762939453,27.399999618530273,21.55397605895996,26530663
2018-12-04,2800.HK,27.350000381469727,27.450000762939453,27.200000762939453,27.450000762939453,21.593305587768555,37793365
2018-12-05,2800.HK,26.950000762939453,27.149999618530273,26.950000762939453,27.0,21.239320755004883,25859367
2018-12-06,2800.HK,26.649999618530273,26.649999618530273,26.149999618530273,26.350000381469727,20.72800064086914,50739152
2018-12-07,2800.HK,26.399999618530273,26.5,26.200000762939453,26.200000762939453,20.610004425048828,17307224
2018-12-10,2800.HK,25.950000762939453,26.049999237060547,25.700000762939453,26.0,20.452674865722656,32736794
2018-12-11,2800.HK,25.899999618530273,26.049999237060547,25.799999237060547,25.950000762939453,20.413345336914062,33501421
2018-12-12,2800.HK,26.299999237060547,26.5,26.200000762939453,26.5,20.845998764038086,36466322
2018-12-13,2800.HK,26.549999237060547,26.850000381469727,26.5,26.799999237060547,21.081989288330078,17674482
2018-12-14,2800.HK,26.549999237060547,26.549999237060547,26.200000762939453,26.299999237060547,20.688671112060547,19437243
2018-12-17,2800.HK,26.350000381469727,26.399999618530273,26.200000762939453,26.350000381469727,20.72800064086914,14451769
2018-12-18,2800.HK,26.149999618530273,26.399999618530273,25.850000381469727,26.0,20.452674865722656,25972375
2018-12-19,2800.HK,26.049999237060547,26.149999618530273,26.0,26.049999237060547,20.492008209228516,14318548
2018-12-20,2800.HK,25.950000762939453,26.049999237060547,25.549999237060547,25.850000381469727,20.334680557250977,18945946
2018-12-21,2800.HK,25.75,26.0,25.5,25.950000762939453,20.413345336914062,23380506
2018-12-24,2800.HK,25.950000762939453,25.950000762939453,25.950000762939453,25.950000762939453,20.413345336914062,0
2018-12-27,2800.HK,26.049999237060547,26.149999618530273,25.600000381469727,25.600000381469727,20.138017654418945,20125814
2018-12-28,2800.HK,25.649999618530273,25.799999237060547,25.600000381469727,25.649999618530273,20.177350997924805,7255484
2018-12-31,2800.HK,26.0,26.149999618530273,25.899999618530273,26.049999237060547,20.492008209228516,9066033
2019-01-02,2800.HK,25.950000762939453,26.0,25.200000762939453,25.25,19.862695693969727,45382671
2019-01-03,2800.HK,25.350000381469727,25.450000762939453,25.049999237060547,25.25,19.862695693969727,31838388
2019-01-04,2800.HK,25.149999618530273,25.850000381469727,25.100000381469727,25.799999237060547,20.29534912109375,34747027
2019-01-07,2800.HK,26.200000762939453,26.25,25.899999618530273,26.049999237060547,20.492008209228516,25451594
2019-01-08,2800.HK,26.100000381469727,26.200000762939453,25.899999618530273,26.0,20.452674865722656,35756830
2019-01-09,2800.HK,26.299999237060547,26.850000381469727,26.299999237060547,26.649999618530273,20.963993072509766,54203075
2019-01-10,2800.HK,26.600000381469727,26.799999237060547,26.399999618530273,26.75,21.04265594482422,29548145
2019-01-11,2800.HK,26.850000381469727,26.899999618530273,26.700000762939453,26.799999237060547,21.081989288330078,78966700
2019-01-14,2800.HK,26.799999237060547,26.799999237060547,26.350000381469727,26.450000762939453,20.806665420532227,10818037
2019-01-15,2800.HK,26.600000381469727,27.049999237060547,26.600000381469727,27.0,21.239320755004883,33768417
2019-01-16,2800.HK,26.899999618530273,27.149999618530273,26.75,27.100000381469727,21.317983627319336,58283159
2019-01-17,2800.HK,27.100000381469727,27.25,26.850000381469727,27.0,21.239320755004883,21888289
2019-01-18,2800.HK,27.200000762939453,27.350000381469727,27.100000381469727,27.25,21.435977935791016,14958359
2019-01-21,2800.HK,27.299999237060547,27.549999237060547,27.25,27.350000381469727,21.514646530151367,42403962
2019-01-22,2800.HK,27.450000762939453,27.450000762939453,27.0,27.149999618530273,21.35731315612793,27734125
2019-01-23,2800.HK,27.100000381469727,27.350000381469727,27.100000381469727,27.200000762939453,21.396648406982422,38904933
2019-01-24,2800.HK,27.25,27.350000381469727,27.049999237060547,27.299999237060547,21.475309371948242,16384103
2019-01-25,2800.HK,27.399999618530273,27.799999237060547,27.399999618530273,27.799999237060547,21.868633270263672,30322399
2019-01-28,2800.HK,27.850000381469727,28.049999237060547,27.649999618530273,27.75,21.829301834106445,52666587
2019-01-29,2800.HK,27.600000381469727,27.799999237060547,27.549999237060547,27.700000762939453,21.789966583251953,43617030
2019-01-30,2800.HK,27.75,27.899999618530273,27.600000381469727,27.799999237060547,21.868633270263672,64822212
2019-01-31,2800.HK,28.049999237060547,28.25,27.950000762939453,28.149999618530273,22.143957138061523,22534645
2019-02-01,2800.HK,28.399999618530273,28.399999618530273,28.0,28.100000381469727,22.104623794555664,15610049
2019-02-04,2800.HK,28.100000381469727,28.200000762939453,28.049999237060547,28.149999618530273,22.143957138061523,9131935
2019-02-08,2800.HK,28.0,28.200000762939453,27.700000762939453,28.149999618530273,22.143957138061523,22082199
2019-02-11,2800.HK,28.149999618530273,28.350000381469727,28.0,28.350000381469727,22.301284790039062,11382441
2019-02-12,2800.HK,28.299999237060547,28.450000762939453,28.200000762939453,28.399999618530273,22.34061622619629,22837666
2019-02-13,2800.HK,28.399999618530273,28.799999237060547,28.350000381469727,28.700000762939453,22.576608657836914,51906940
2019-02-14,2800.HK,28.600000381469727,28.75,28.450000762939453,28.649999618530273,22.537277221679688,23277220
2019-02-15,2800.HK,28.450000762939453,28.5,28.0,28.100000381469727,22.104623794555664,62278109
2019-02-18,2800.HK,28.450000762939453,28.649999618530273,28.399999618530273,28.600000381469727,22.497943878173828,43738344
2019-02-19,2800.HK,28.600000381469727,28.75,28.399999618530273,28.5,22.419279098510742,77014017
2019-02-20,2800.HK,28.600000381469727,28.850000381469727,28.600000381469727,28.75,22.61594009399414,53047109
2019-02-21,2800.HK,28.75,29.049999237060547,28.649999618530273,28.899999618530273,22.733938217163086,47112221
2019-02-22,2800.HK,28.75,29.100000381469727,28.700000762939453,29.100000381469727,22.891263961791992,62791893
2019-02-25,2800.HK,29.25,29.299999237060547,29.0,29.25,23.009265899658203,56704571
2019-02-26,2800.HK,29.299999237060547,29.299999237060547,29.0,29.049999237060547,22.8519344329834,21857675
2019-02-27,2800.HK,29.100000381469727,29.350000381469727,28.950000762939453,29.049999237060547,22.8519344329834,76329805
2019-02-28,2800.HK,29.0,29.200000762939453,28.850000381469727,28.899999618530273,22.733938217163086,20148523
2019-03-01,2800.HK,28.899999618530273,29.149999618530273,28.899999618530273,29.100000381469727,22.891263961791992,17626149
2019-03-04,2800.HK,29.100000381469727,29.549999237060547,29.0,29.200000762939453,22.96993064880371,57965297
2019-03-05,2800.HK,29.049999237060547,29.299999237060547,28.950000762939453,29.25,23.009265899658203,22813106
2019-03-06,2800.HK,29.25,29.399999618530273,29.149999618530273,29.299999237060547,23.048593521118164,22885496
2019-03-07,2800.HK,29.299999237060547,29.299999237060547,29.0,29.0,22.812599182128906,28442202
2019-03-08,2800.HK,28.700000762939453,28.799999237060547,28.450000762939453,28.5,22.419279098510742,29736709
2019-03-11,2800.HK,28.5,28.850000381469727,28.5,28.799999237060547,22.6552734375,22618894
2019-03-12,2800.HK,29.049999237060547,29.299999237060547,29.049999237060547,29.299999237060547,23.048593521118164,29612879
2019-03-13,2800.HK,29.200000762939453,29.25,29.0,29.100000381469727,22.891263961791992,53898316
2019-03-14,2800.HK,29.100000381469727,29.25,29.0,29.200000762939453,22.96993064880371,13802818
2019-03-15,2800.HK,29.200000762939453,29.549999237060547,29.149999618530273,29.399999618530273,23.127254486083984,72078293
2019-03-18,2800.HK,29.399999618530273,29.75,29.350000381469727,29.700000762939453,23.363252639770508,46145492
2019-03-19,2800.HK,29.700000762939453,29.799999237060547,29.600000381469727,29.799999237060547,23.441917419433594,45936173
2019-03-20,2800.HK,29.799999237060547,29.799999237060547,29.549999237060547,29.649999618530273,23.32392120361328,43388017
2019-03-21,2800.HK,29.600000381469727,29.799999237060547,29.350000381469727,29.399999618530273,23.127254486083984,73070426
2019-03-22,2800.HK,29.5,29.600000381469727,29.149999618530273,29.399999618530273,23.127254486083984,53851634
2019-03-25,2800.HK,28.850000381469727,29.0,28.75,28.850000381469727,22.694602966308594,22386487
2019-03-26,2800.HK,28.950000762939453,29.0,28.75,28.850000381469727,22.694602966308594,24999083
2019-03-27,2800.HK,28.850000381469727,29.149999618530273,28.850000381469727,29.100000381469727,22.891263961791992,30970153
2019-03-28,2800.HK,28.899999618530273,29.149999618530273,28.850000381469727,29.049999237060547,22.8519344329834,14063585
2019-03-29,2800.HK,29.100000381469727,29.450000762939453,29.049999237060547,29.399999618530273,23.127254486083984,24919355
2019-04-01,2800.HK,29.700000762939453,29.950000762939453,29.700000762939453,29.899999618530273,23.52057647705078,81545076
2019-04-02,2800.HK,29.950000762939453,30.0,29.850000381469727,29.950000762939453,23.55990982055664,35496292
2019-04-03,2800.HK,30.049999237060547,30.350000381469727,30.0,30.25,23.795900344848633,44981281
2019-04-04,2800.HK,30.25,30.399999618530273,30.100000381469727,30.299999237060547,23.835233688354492,47273297
2019-04-08,2800.HK,30.399999618530273,30.5,30.25,30.399999618530273,23.913898468017578,29510722
2019-04-09,2800.HK,30.399999618530273,30.600000381469727,30.350000381469727,30.5,23.992565155029297,52429902
2019-04-10,2800.HK,30.399999618530273,30.5,30.200000762939453,30.450000762939453,23.95323371887207,68252367
2019-04-11,2800.HK,30.450000762939453,30.5,30.049999237060547,30.149999618530273,23.71723747253418,46720510
2019-04-12,2800.HK,30.149999618530273,30.200000762939453,30.0,30.200000762939453,23.756574630737305,67985512
2019-04-15,2800.HK,30.399999618530273,30.649999618530273,30.100000381469727,30.100000381469727,23.677907943725586,95154337
2019-04-16,2800.HK,30.100000381469727,30.5,30.0,30.450000762939453,23.95323371887207,51990716
2019-04-17,2800.HK,30.399999618530273,30.5,30.299999237060547,30.450000762939453,23.95323371887207,26343751
2019-04-18,2800.HK,30.399999618530273,30.399999618530273,30.200000762939453,30.25,23.795900344848633,25731339
2019-04-23,2800.HK,30.200000762939453,30.350000381469727,30.049999237060547,30.25,23.795900344848633,25872869
2019-04-24,2800.HK,30.299999237060547,30.399999618530273,30.0,30.100000381469727,23.677907943725586,21245563
2019-04-25,2800.HK,30.0,30.200000762939453,29.799999237060547,29.899999618530273,23.52057647705078,29247126
2019-04-26,2800.HK,29.75,30.0,29.75,29.899999618530273,23.52057647705078,12249407
2019-04-29,2800.HK,29.850000381469727,30.100000381469727,29.799999237060547,30.100000381469727,23.79729461669922,7773742
2019-04-30,2800.HK,30.0,30.0,29.75,29.850000381469727,23.599641799926758,20677348
2019-05-02,2800.HK,29.899999618530273,30.149999618530273,29.850000381469727,30.100000381469727,23.79729461669922,14225420
2019-05-03,2800.HK,30.0,30.299999237060547,29.799999237060547,30.25,23.91588020324707,27041403
2019-05-06,2800.HK,29.600000381469727,29.600000381469727,29.100000381469727,29.399999618530273,23.243864059448242,37688116
2019-05-07,2800.HK,29.5,29.649999618530273,29.299999237060547,29.5,23.322925567626953,28951042
2019-05-08,2800.HK,29.149999618530273,29.399999618530273,29.100000381469727,29.149999618530273,23.04620933532715,41512093
2019-05-09,2800.HK,29.0,29.049999237060547,28.399999618530273,28.5,22.532318115234375,47354229
2019-05-10,2800.HK,28.700000762939453,29.0,28.350000381469727,28.700000762939453,22.690439224243164,117249027
2019-05-14,2800.HK,28.200000762939453,28.399999618530273,28.100000381469727,28.299999237060547,22.374195098876953,90162513
2019-05-15,2800.HK,28.350000381469727,28.600000381469727,28.299999237060547,28.399999618530273,22.453258514404297,145965806
2019-05-16,2800.HK,28.350000381469727,28.600000381469727,28.25,28.450000762939453,22.492788314819336,118796760
2019-05-17,2800.HK,28.649999618530273,28.649999618530273,28.100000381469727,28.200000762939453,22.295137405395508,120707511
2019-05-20,2800.HK,28.200000762939453,28.25,27.950000762939453,28.049999237060547,22.176546096801758,93531291
2019-05-21,2800.HK,28.0,28.25,27.850000381469727,28.0,22.13701629638672,88121128
2019-05-22,2800.HK,28.100000381469727,28.149999618530273,27.899999618530273,27.950000762939453,22.097488403320312,69607436
2019-05-23,2800.HK,27.899999618530273,27.899999618530273,27.5,27.649999618530273,21.860301971435547,111842220
2019-05-24,2800.HK,27.649999618530273,27.850000381469727,27.649999618530273,27.75,21.93936538696289,47376015
2019-05-27,2800.HK,27.649999618530273,27.75,27.450000762939453,27.649999618530273,21.860301971435547,113636723
2019-05-28,2800.HK,27.700000762939453,27.899999618530273,27.600000381469727,27.75,21.93936538696289,67972961
2019-05-29,2800.HK,27.649999618530273,27.799999237060547,27.549999237060547,27.649999618530273,21.860301971435547,70109245
2019-05-30,2800.HK,27.75,27.75,27.399999618530273,27.549999237060547,21.781240463256836,106684208
2019-05-31,2800.HK,27.5,27.549999237060547,27.25,27.350000381469727,21.62312126159668,69225871
2019-06-03,2800.HK,27.200000762939453,27.399999618530273,27.149999618530273,27.299999237060547,21.583589553833008,95488842
2019-06-04,2800.HK,27.399999618530273,27.399999618530273,27.100000381469727,27.200000762939453,21.50452995300293,91913124
2019-06-05,2800.HK,27.5,27.600000381469727,27.25,27.399999618530273,21.662649154663086,102181856
2019-06-06,2800.HK,27.350000381469727,27.450000762939453,27.299999237060547,27.399999618530273,21.662649154663086,62418590
2019-06-10,2800.HK,27.649999618530273,28.100000381469727,27.649999618530273,28.049999237060547,22.176546096801758,57213749
2019-06-11,2800.HK,28.149999618530273,28.350000381469727,28.049999237060547,28.25,22.33466911315918,54029805
2019-06-12,2800.HK,28.149999618530273,28.149999618530273,27.700000762939453,27.799999237060547,21.978897094726562,70457963
2019-06-13,2800.HK,27.700000762939453,27.799999237060547,27.25,27.799999237060547,21.978897094726562,124864320
2019-06-14,2800.HK,27.649999618530273,27.75,27.5,27.600000381469727,21.82077407836914,59104603
2019-06-17,2800.HK,27.75,28.049999237060547,27.700000762939453,27.75,21.93936538696289,105330604
2019-06-18,2800.HK,27.75,28.149999618530273,27.700000762939453,27.950000762939453,22.097488403320312,61279965
2019-06-19,2800.HK,28.5,28.799999237060547,28.5,28.649999618530273,22.650911331176758,98045818
2019-06-20,2800.HK,28.850000381469727,29.100000381469727,28.799999237060547,29.100000381469727,23.006683349609375,79654880
2019-06-21,2800.HK,29.049999237060547,29.100000381469727,28.850000381469727,29.0,22.927623748779297,54400240
2019-06-24,2800.HK,29.0,29.200000762939453,28.899999618530273,29.0,22.927623748779297,39360948
2019-06-25,2800.HK,29.100000381469727,29.100000381469727,28.700000762939453,28.700000762939453,22.690439224243164,76386034
2019-06-26,2800.HK,28.600000381469727,28.850000381469727,28.600000381469727,28.75,22.72997283935547,55590046
2019-06-27,2800.HK,28.899999618530273,29.25,28.850000381469727,29.200000762939453,23.08574676513672,76040099
2019-06-28,2800.HK,29.200000762939453,29.200000762939453,29.0,29.100000381469727,23.006683349609375,49621220
2019-07-02,2800.HK,29.549999237060547,29.700000762939453,29.450000762939453,29.600000381469727,23.40199089050293,82008431
2019-07-03,2800.HK,29.5,29.600000381469727,29.399999618530273,29.549999237060547,23.362455368041992,57369022
2019-07-04,2800.HK,29.600000381469727,29.700000762939453,29.5,29.549999237060547,23.362455368041992,82141431
2019-07-05,2800.HK,29.5,29.549999237060547,29.399999618530273,29.5,23.322925567626953,40524502
2019-07-08,2800.HK,29.350000381469727,29.350000381469727,28.850000381469727,29.0,22.927623748779297,77235774
2019-07-09,2800.HK,29.0,29.0,28.75,28.799999237060547,22.769500732421875,93461068
2019-07-10,2800.HK,28.899999618530273,29.0,28.799999237060547,28.899999618530273,22.84856414794922,60675238
2019-07-11,2800.HK,29.049999237060547,29.299999237060547,29.049999237060547,29.100000381469727,23.006683349609375,99624506
2019-07-12,2800.HK,29.100000381469727,29.299999237060547,29.049999237060547,29.200000762939453,23.08574676513672,43453623
2019-07-15,2800.HK,29.049999237060547,29.299999237060547,28.75,29.25,23.12527847290039,80949345
2019-07-16,2800.HK,29.299999237060547,29.350000381469727,29.149999618530273,29.299999237060547,23.164804458618164,47780898
2019-07-17,2800.HK,29.149999618530273,29.299999237060547,29.049999237060547,29.299999237060547,23.164804458618164,37860500
2019-07-18,2800.HK,29.149999618530273,29.200000762939453,29.049999237060547,29.149999618530273,23.04620933532715,68641832
2019-07-19,2800.HK,29.299999237060547,29.549999237060547,29.25,29.450000762939453,23.283395767211914,49637468
2019-07-22,2800.HK,29.350000381469727,29.350000381469727,28.950000762939453,29.0,22.927623748779297,65010954
2019-07-23,2800.HK,29.049999237060547,29.200000762939453,29.0,29.149999618530273,23.04620933532715,42408832
2019-07-24,2800.HK,29.25,29.5,29.200000762939453,29.200000762939453,23.08574676513672,53588682
2019-07-25,2800.HK,29.25,29.350000381469727,29.200000762939453,29.299999237060547,23.164804458618164,52637537
2019-07-26,2800.HK,29.149999618530273,29.200000762939453,29.0,29.049999237060547,22.967153549194336,82289514
2019-07-29,2800.HK,29.0,29.049999237060547,28.600000381469727,28.799999237060547,22.769500732421875,53387232
2019-07-30,2800.HK,28.799999237060547,29.0,28.799999237060547,28.850000381469727,22.809032440185547,38203407
2019-07-31,2800.HK,28.649999618530273,28.649999618530273,28.350000381469727,28.5,22.532318115234375,49888937
2019-08-01,2800.HK,28.350000381469727,28.450000762939453,28.149999618530273,28.299999237060547,22.374195098876953,64375664
2019-08-02,2800.HK,27.950000762939453,27.950000762939453,27.5,27.600000381469727,21.82077407836914,74892357
2019-08-05,2800.HK,27.200000762939453,27.200000762939453,26.75,26.850000381469727,21.22781753540039,85864877
2019-08-06,2800.HK,26.299999237060547,26.799999237060547,26.100000381469727,26.75,21.14875602722168,200690347
2019-08-07,2800.HK,26.850000381469727,26.850000381469727,26.399999618530273,26.75,21.14875602722168,103522692
2019-08-08,2800.HK,26.700000762939453,27.0,26.700000762939453,26.850000381469727,21.22781753540039,91018512
2019-08-09,2800.HK,26.950000762939453,27.0,26.600000381469727,26.649999618530273,21.0696964263916,64447175
2019-08-12,2800.HK,26.5,26.799999237060547,26.5,26.5,20.95110321044922,42716756
2019-08-13,2800.HK,26.149999618530273,26.299999237060547,25.899999618530273,26.0,20.555797576904297,132024838
2019-08-14,2800.HK,26.450000762939453,26.450000762939453,25.850000381469727,25.950000762939453,20.51626968383789,87058362
2019-08-15,2800.HK,25.700000762939453,26.299999237060547,25.600000381469727,26.200000762939453,20.71392250061035,115962605
2019-08-16,2800.HK,26.149999618530273,26.549999237060547,26.049999237060547,26.5,20.95110321044922,90216413
2019-08-19,2800.HK,26.700000762939453,27.100000381469727,26.700000762939453,26.950000762939453,21.3068790435791,69817488
2019-08-20,2800.HK,26.899999618530273,27.100000381469727,26.850000381469727,27.0,21.34640884399414,61545686
2019-08-21,2800.HK,26.899999618530273,27.049999237060547,26.799999237060547,27.0,21.34640884399414,94845899
2019-08-22,2800.HK,27.0,27.0,26.649999618530273,26.799999237060547,21.188283920288086,103427228
2019-08-23,2800.HK,26.75,27.0,26.649999618530273,26.899999618530273,21.267345428466797,62635447
2019-08-26,2800.HK,26.100000381469727,26.450000762939453,25.950000762939453,26.450000762939453,20.911575317382812,146369894
2019-08-27,2800.HK,26.450000762939453,26.549999237060547,26.299999237060547,26.399999618530273,20.872041702270508,88264649
2019-08-28,2800.HK,26.5,26.600000381469727,26.299999237060547,26.350000381469727,20.8325138092041,64730790
2019-08-29,2800.HK,26.350000381469727,26.5,26.100000381469727,26.450000762939453,20.911575317382812,61319786
2019-08-30,2800.HK,26.799999237060547,26.799999237060547,26.299999237060547,26.5,20.95110321044922,85223345
2019-09-02,2800.HK,26.350000381469727,26.450000762939453,26.25,26.399999618530273,20.872041702270508,51248932
2019-09-03,2800.HK,26.399999618530273,26.5,26.25,26.299999237060547,20.792984008789062,62159404
2019-09-04,2800.HK,26.399999618530273,27.549999237060547,26.399999618530273,27.299999237060547,21.583589553833008,116406392
2019-09-05,2800.HK,27.350000381469727,27.649999618530273,27.100000381469727,27.399999618530273,21.662649154663086,54012900
2019-09-06,2800.HK,27.600000381469727,27.649999618530273,27.350000381469727,27.450000762939453,21.70218276977539,96897467
2019-09-09,2800.HK,27.549999237060547,27.649999618530273,27.450000762939453,27.549999237060547,21.781240463256836,89071255
2019-09-10,2800.HK,27.649999618530273,27.700000762939453,27.450000762939453,27.549999237060547,21.781240463256836,49071424
2019-09-11,2800.HK,27.649999618530273,28.049999237060547,27.549999237060547,27.950000762939453,22.097488403320312,90324910
2019-09-12,2800.HK,28.200000762939453,28.200000762939453,27.850000381469727,27.950000762939453,22.097488403320312,61080860
2019-09-13,2800.HK,28.049999237060547,28.299999237060547,27.950000762939453,28.200000762939453,22.295137405395508,66372571
2019-09-16,2800.HK,28.100000381469727,28.100000381469727,27.850000381469727,27.950000762939453,22.097488403320312,71374309
2019-09-17,2800.HK,27.899999618530273,27.899999618530273,27.549999237060547,27.649999618530273,21.860301971435547,49162208
2019-09-18,2800.HK,27.700000762939453,27.799999237060547,27.600000381469727,27.649999618530273,21.860301971435547,35200428
2019-09-19,2800.HK,27.649999618530273,27.700000762939453,27.25,27.350000381469727,21.62312126159668,71500202
2019-09-20,2800.HK,27.450000762939453,27.5,27.299999237060547,27.350000381469727,21.62312126159668,107658107
2019-09-23,2800.HK,27.25,27.399999618530273,27.049999237060547,27.100000381469727,21.42547035217285,53140708
2019-09-24,2800.HK,27.200000762939453,27.299999237060547,27.149999618530273,27.200000762939453,21.50452995300293,41105540
2019-09-25,2800.HK,27.049999237060547,27.100000381469727,26.799999237060547,26.850000381469727,21.22781753540039,91839396
2019-09-26,2800.HK,26.899999618530273,27.0,26.799999237060547,26.899999618530273,21.267345428466797,53709197
2019-09-27,2800.HK,26.850000381469727,26.950000762939453,26.700000762939453,26.850000381469727,21.22781753540039,48848050
2019-09-30,2800.HK,26.700000762939453,27.049999237060547,26.649999618530273,26.950000762939453,21.3068790435791,64591820
2019-10-02,2800.HK,26.75,27.0,26.649999618530273,26.899999618530273,21.267345428466797,55845942
2019-10-03,2800.HK,26.700000762939453,27.100000381469727,26.700000762939453,27.0,21.34640884399414,86275240
2019-10-04,2800.HK,27.049999237060547,27.049999237060547,26.450000762939453,26.700000762939453,21.109228134155273,75955344
2019-10-08,2800.HK,26.700000762939453,27.149999618530273,26.600000381469727,26.799999237060547,21.188283920288086,75140488
2019-10-09,2800.HK,26.649999618530273,26.75,26.549999237060547,26.600000381469727,21.030166625976562,56921587
2019-10-10,2800.HK,26.5,26.75,26.450000762939453,26.600000381469727,21.030166625976562,51400322
2019-10-11,2800.HK,26.850000381469727,27.350000381469727,26.850000381469727,27.299999237060547,21.583589553833008,101862855
2019-10-14,2800.HK,27.450000762939453,27.600000381469727,27.299999237060547,27.450000762939453,21.70218276977539,85379861
2019-10-15,2800.HK,27.5,27.549999237060547,27.350000381469727,27.399999618530273,21.662649154663086,48833172
2019-10-16,2800.HK,27.450000762939453,27.649999618530273,27.299999237060547,27.549999237060547,21.781240463256836,90047787
2019-10-17,2800.HK,27.649999618530273,27.899999618530273,27.649999618530273,27.799999237060547,21.978897094726562,73675252
2019-10-18,2800.HK,27.799999237060547,27.950000762939453,27.549999237060547,27.649999618530273,21.860301971435547,79190337
2019-10-21,2800.HK,27.649999618530273,27.75,27.600000381469727,27.600000381469727,21.82077407836914,83895448
2019-10-22,2800.HK,27.700000762939453,27.799999237060547,27.649999618530273,27.700000762939453,21.89983367919922,49147884
2019-10-23,2800.HK,27.700000762939453,27.75,27.399999618530273,27.5,21.741710662841797,85130557
2019-10-24,2800.HK,27.549999237060547,27.799999237060547,27.5,27.649999618530273,21.860301971435547,58403635
2019-10-25,2800.HK,27.700000762939453,27.75,27.549999237060547,27.649999618530273,21.860301971435547,40880957
2019-10-28,2800.HK,27.700000762939453,27.950000762939453,27.700000762939453,27.799999237060547,21.978897094726562,72586937
2019-10-29,2800.HK,28.0,28.0,27.649999618530273,27.75,21.93936538696289,81339245
2019-10-30,2800.HK,27.700000762939453,27.75,27.549999237060547,27.600000381469727,21.82077407836914,78019348
2019-10-31,2800.HK,27.0,27.200000762939453,26.850000381469727,27.049999237060547,22.007898330688477,46923492
2019-11-01,2800.HK,26.950000762939453,27.299999237060547,26.950000762939453,27.299999237060547,22.211301803588867,61181768
2019-11-04,2800.HK,27.5,27.75,27.450000762939453,27.75,22.577423095703125,80437283
2019-11-05,2800.HK,27.899999618530273,27.899999618530273,27.600000381469727,27.850000381469727,22.658782958984375,87727823
2019-11-06,2800.HK,27.799999237060547,27.950000762939453,27.649999618530273,27.850000381469727,22.658782958984375,86210010
2019-11-07,2800.HK,27.799999237060547,28.100000381469727,27.649999618530273,28.0,22.780818939208984,88562441
2019-11-08,2800.HK,28.049999237060547,28.049999237060547,27.75,27.799999237060547,22.618101119995117,70597436
2019-11-11,2800.HK,27.549999237060547,27.549999237060547,26.950000762939453,27.100000381469727,22.048580169677734,100573424
2019-11-12,2800.HK,27.25,27.25,26.950000762939453,27.200000762939453,22.129940032958984,132943563
2019-11-13,2800.HK,26.899999618530273,26.899999618530273,26.600000381469727,26.700000762939453,21.723140716552734,58659960
2019-11-14,2800.HK,26.700000762939453,26.799999237060547,26.350000381469727,26.549999237060547,21.601097106933594,77051222
2019-11-15,2800.HK,26.700000762939453,26.75,26.450000762939453,26.5,21.560420989990234,62294583
2019-11-18,2800.HK,26.600000381469727,26.850000381469727,26.549999237060547,26.799999237060547,21.80449867248535,72785594
2019-11-19,2800.HK,26.799999237060547,27.299999237060547,26.75,27.25,22.17061996459961,85571692
2019-11-20,2800.HK,27.049999237060547,27.149999618530273,26.950000762939453,27.049999237060547,22.007898330688477,44435164
2019-11-21,2800.HK,26.75,26.75,26.450000762939453,26.600000381469727,21.641780853271484,96333978
2019-11-22,2800.HK,26.75,26.850000381469727,26.649999618530273,26.75,21.763818740844727,52534353
2019-11-25,2800.HK,26.850000381469727,27.299999237060547,26.850000381469727,27.149999618530273,22.08926010131836,29884976
2019-11-26,2800.HK,27.399999618530273,27.450000762939453,27.100000381469727,27.100000381469727,22.048580169677734,52343758
2019-11-27,2800.HK,27.100000381469727,27.200000762939453,27.049999237060547,27.149999618530273,22.08926010131836,39484533
2019-11-28,2800.HK,27.0,27.200000762939453,26.950000762939453,27.049999237060547,22.007898330688477,34769427
2019-11-29,2800.HK,27.049999237060547,27.049999237060547,26.450000762939453,26.5,21.560420989990234,80370437
2019-12-02,2800.HK,26.649999618530273,26.700000762939453,26.549999237060547,26.649999618530273,21.68246078491211,38406728
2019-12-03,2800.HK,26.5,26.649999618530273,26.200000762939453,26.549999237060547,21.601097106933594,97660808
2019-12-04,2800.HK,26.200000762939453,26.350000381469727,26.149999618530273,26.25,21.357017517089844,51298151
2019-12-05,2800.HK,26.399999618530273,26.450000762939453,26.25,26.450000762939453,21.51974105834961,27618048
2019-12-06,2800.HK,26.549999237060547,26.75,26.5,26.649999618530273,21.68246078491211,30535397
2019-12-09,2800.HK,26.600000381469727,26.799999237060547,26.600000381469727,26.700000762939453,21.723140716552734,81210016
2019-12-10,2800.HK,26.600000381469727,26.75,26.549999237060547,26.600000381469727,21.641780853271484,47959416
2019-12-11,2800.HK,26.600000381469727,26.899999618530273,26.549999237060547,26.799999237060547,21.80449867248535,98854926
2019-12-12,2800.HK,26.950000762939453,27.25,26.950000762939453,27.200000762939453,22.129940032958984,109595687
2019-12-13,2800.HK,27.700000762939453,27.899999618530273,27.600000381469727,27.850000381469727,22.658782958984375,139479853
2019-12-16,2800.HK,27.799999237060547,27.950000762939453,27.649999618530273,27.700000762939453,22.5367431640625,51941295
2019-12-17,2800.HK,27.899999618530273,28.100000381469727,27.75,28.0,22.780818939208984,100498172
2019-12-18,2800.HK,28.049999237060547,28.200000762939453,27.950000762939453,28.049999237060547,22.821502685546875,107599518
2019-12-19,2800.HK,28.149999618530273,28.149999618530273,27.850000381469727,28.0,22.780818939208984,46900379
2019-12-20,2800.HK,28.0,28.200000762939453,27.950000762939453,28.149999618530273,22.902860641479492,92567777
2019-12-23,2800.HK,28.200000762939453,28.200000762939453,28.0,28.100000381469727,22.862184524536133,65703353
2019-12-24,2800.HK,28.100000381469727,28.149999618530273,27.950000762939453,28.0,22.780818939208984,35644521
2019-12-27,2800.HK,28.299999237060547,28.450000762939453,28.200000762939453,28.399999618530273,23.10626220703125,36697521
2019-12-30,2800.HK,28.450000762939453,28.649999618530273,28.350000381469727,28.549999237060547,23.228303909301758,85592063
2019-12-31,2800.HK,28.549999237060547,28.549999237060547,28.549999237060547,28.549999237060547,23.228303909301758,0
2020-01-02,2800.HK,28.5,28.75,28.399999618530273,28.700000762939453,23.350343704223633,95691454
2020-01-03,2800.HK,29.0,29.100000381469727,28.600000381469727,28.649999618530273,23.309663772583008,112058550
2020-01-06,2800.HK,28.450000762939453,28.600000381469727,28.200000762939453,28.450000762939453,23.146944046020508,107027624
2020-01-07,2800.HK,28.549999237060547,28.700000762939453,28.399999618530273,28.450000762939453,23.146944046020508,54893927
2020-01-08,2800.HK,28.100000381469727,28.399999618530273,28.0,28.25,22.984222412109375,142130403
2020-01-09,2800.HK,28.549999237060547,28.799999237060547,28.5,28.799999237060547,23.431699752807617,67247491
2020-01-10,2800.HK,28.850000381469727,28.899999618530273,28.649999618530273,28.799999237060547,23.431699752807617,69392727
2020-01-13,2800.HK,28.899999618530273,29.200000762939453,28.850000381469727,29.149999618530273,23.716459274291992,102474373
2020-01-14,2800.HK,29.350000381469727,29.350000381469727,29.0,29.049999237060547,23.635103225708008,120942370
2020-01-15,2800.HK,29.100000381469727,29.200000762939453,28.799999237060547,28.950000762939453,23.55374526977539,86418877
2020-01-16,2800.HK,29.0,29.200000762939453,28.899999618530273,29.0,23.59442138671875,85179535
2020-01-17,2800.HK,29.149999618530273,29.299999237060547,29.0,29.200000762939453,23.757144927978516,49843734
2020-01-20,2800.HK,29.299999237060547,29.350000381469727,28.950000762939453,28.950000762939453,23.55374526977539,89520667
2020-01-21,2800.HK,28.799999237060547,28.799999237060547,28.149999618530273,28.149999618530273,22.902860641479492,155784590
2020-01-22,2800.HK,28.299999237060547,28.600000381469727,28.100000381469727,28.549999237060547,23.228303909301758,110731679
2020-01-23,2800.HK,28.25,28.299999237060547,27.850000381469727,28.0,22.780818939208984,143550990
2020-01-24,2800.HK,28.0,28.149999618530273,27.950000762939453,28.100000381469727,22.862184524536133,32397568
2020-01-29,2800.HK,27.25,27.549999237060547,27.25,27.299999237060547,22.211301803588867,101137185
2020-01-30,2800.HK,27.200000762939453,27.350000381469727,26.5,26.649999618530273,21.68246078491211,106728215
2020-01-31,2800.HK,26.899999618530273,27.0,26.450000762939453,26.5,21.560420989990234,98950650
2020-02-03,2800.HK,26.399999618530273,26.700000762939453,26.299999237060547,26.5,21.560420989990234,120022848
2020-02-04,2800.HK,26.649999618530273,26.899999618530273,26.600000381469727,26.850000381469727,21.84518051147461,114514463
2020-02-05,2800.HK,27.049999237060547,27.100000381469727,26.799999237060547,26.950000762939453,21.92654037475586,143123827
2020-02-06,2800.HK,27.100000381469727,27.850000381469727,27.100000381469727,27.700000762939453,22.5367431640625,151770178
2020-02-07,2800.HK,27.5,27.600000381469727,27.399999618530273,27.549999237060547,22.414701461791992,86692761
2020-02-10,2800.HK,27.25,27.5,27.200000762939453,27.399999618530273,22.292659759521484,104720360
2020-02-11,2800.HK,27.649999618530273,27.899999618530273,27.600000381469727,27.75,22.577423095703125,86362866
2020-02-12,2800.HK,27.899999618530273,28.100000381469727,27.799999237060547,28.049999237060547,22.821502685546875,94604806
2020-02-13,2800.HK,28.049999237060547,28.100000381469727,27.850000381469727,27.950000762939453,22.740142822265625,54798571
2020-02-14,2800.HK,27.899999618530273,28.200000762939453,27.899999618530273,28.0,22.780818939208984,55702178
2020-02-17,2800.HK,28.0,28.25,27.950000762939453,28.149999618530273,22.902860641479492,115686010
2020-02-18,2800.HK,27.950000762939453,27.950000762939453,27.700000762939453,27.700000762939453,22.5367431640625,83984895
2020-02-19,2800.HK,27.75,27.950000762939453,27.700000762939453,27.850000381469727,22.658782958984375,105140351
2020-02-20,2800.HK,27.950000762939453,28.0,27.549999237060547,27.75,22.577423095703125,62147226
2020-02-21,2800.HK,27.600000381469727,27.649999618530273,27.450000762939453,27.5,22.374019622802734,60029737
2020-02-24,2800.HK,27.350000381469727,27.350000381469727,26.950000762939453,27.049999237060547,22.007898330688477,169033039
2020-02-25,2800.HK,26.899999618530273,27.100000381469727,26.850000381469727,27.100000381469727,22.048580169677734,122948061
2020-02-26,2800.HK,26.700000762939453,26.950000762939453,26.649999618530273,26.950000762939453,21.92654037475586,144047975
2020-02-27,2800.HK,26.75,27.149999618530273,26.649999618530273,27.149999618530273,22.08926010131836,136083225
2020-02-28,2800.HK,26.5,26.600000381469727,26.200000762939453,26.450000762939453,21.51974105834961,185048108
2020-03-02,2800.HK,26.350000381469727,26.700000762939453,26.350000381469727,26.649999618530273,21.68246078491211,95848245
2020-03-03,2800.HK,27.0,27.0,26.5,26.600000381469727,21.641780853271484,102995570
2020-03-04,2800.HK,26.600000381469727,26.700000762939453,26.25,26.549999237060547,21.601097106933594,91543405
2020-03-05,2800.HK,26.600000381469727,27.100000381469727,26.549999237060547,27.049999237060547,22.007898330688477,97493042
2020-03-06,2800.HK,26.75,26.75,26.299999237060547,26.5,21.560420989990234,60076836
2020-03-09,2800.HK,26.450000762939453,26.450000762939453,26.450000762939453,26.450000762939453,21.51974105834961,0
2020-03-10,2800.HK,25.450000762939453,25.450000762939453,25.450000762939453,25.450000762939453,20.706138610839844,0
2020-03-11,2800.HK,25.75,25.75,25.75,25.75,20.950218200683594,0
2020-03-12,2800.HK,25.549999237060547,25.549999237060547,25.549999237060547,25.549999237060547,20.787498474121094,0
2020-03-13,2800.HK,24.600000381469727,24.600000381469727,24.600000381469727,24.600000381469727,20.014577865600586,0
2020-03-16,2800.HK,24.399999618530273,24.399999618530273,24.399999618530273,24.399999618530273,19.851858139038086,0
2020-03-17,2800.HK,23.350000381469727,23.350000381469727,23.350000381469727,23.350000381469727,18.997575759887695,0
2020-03-18,2800.HK,23.600000381469727,23.600000381469727,23.600000381469727,23.600000381469727,19.20098114013672,0
2020-03-19,2800.HK,22.600000381469727,22.75,21.350000381469727,22.0,17.899219512939453,124290338
2020-03-20,2800.HK,22.450000762939453,23.100000381469727,22.450000762939453,23.100000381469727,18.794179916381836,55333764
2020-03-23,2800.HK,21.950000762939453,22.350000381469727,21.899999618530273,22.0,17.899219512939453,65169679
2020-03-24,2800.HK,22.75,23.049999237060547,22.649999618530273,23.049999237060547,18.75349998474121,71232555
2020-03-25,2800.HK,23.5,23.950000762939453,23.299999237060547,23.799999237060547,19.363698959350586,87995501
2020-03-26,2800.HK,23.549999237060547,23.850000381469727,23.399999618530273,23.600000381469727,19.20098114013672,70464827
2020-03-27,2800.HK,24.100000381469727,24.149999618530273,23.600000381469727,23.75,19.323017120361328,96234849
2020-03-30,2800.HK,23.25,23.75,23.200000762939453,23.399999618530273,19.03826141357422,112256740
2020-03-31,2800.HK,23.799999237060547,23.950000762939453,23.5,23.850000381469727,19.404380798339844,60197538
2020-04-01,2800.HK,23.549999237060547,23.850000381469727,23.149999618530273,23.299999237060547,18.956899642944336,79926471
2020-04-02,2800.HK,23.0,23.5,22.950000762939453,23.5,19.11962127685547,44149742
2020-04-03,2800.HK,23.399999618530273,23.5,23.25,23.450000762939453,19.078941345214844,34328247
2020-04-06,2800.HK,23.799999237060547,24.100000381469727,23.5,23.950000762939453,19.485740661621094,44548477
2020-04-07,2800.HK,24.299999237060547,24.549999237060547,24.0,24.5,19.93321990966797,89159307
2020-04-08,2800.HK,24.350000381469727,24.450000762939453,24.049999237060547,24.200000762939453,19.689138412475586,69780885
2020-04-09,2800.HK,24.399999618530273,24.600000381469727,24.25,24.5,19.93321990966797,68922530
2020-04-14,2800.HK,24.5,24.799999237060547,24.5,24.700000762939453,20.0959415435791,43768033
2020-04-15,2800.HK,24.75,24.899999618530273,24.25,24.299999237060547,19.77050018310547,78414497
2020-04-16,2800.HK,24.200000762939453,24.350000381469727,24.049999237060547,24.25,19.729822158813477,82430263
2020-04-17,2800.HK,24.700000762939453,24.950000762939453,24.5,24.549999237060547,19.973896026611328,99014430
2020-04-20,2800.HK,24.600000381469727,24.75,24.399999618530273,24.600000381469727,20.014577865600586,93356460
2020-04-21,2800.HK,24.450000762939453,24.5,23.850000381469727,24.0,19.526418685913086,87513044
2020-04-22,2800.HK,23.75,24.200000762939453,23.649999618530273,24.100000381469727,19.60778045654297,108986661
2020-04-23,2800.HK,24.200000762939453,24.350000381469727,24.0,24.149999618530273,19.64845848083496,95814392
2020-04-24,2800.HK,24.100000381469727,24.200000762939453,23.950000762939453,24.049999237060547,19.56709861755371,60422794
2020-04-27,2800.HK,24.299999237060547,24.600000381469727,24.299999237060547,24.5,19.93321990966797,70193900
2020-04-28,2800.HK,24.549999237060547,24.799999237060547,24.299999237060547,24.75,20.21086311340332,52651762
2020-04-29,2800.HK,24.850000381469727,25.049999237060547,24.700000762939453,24.75,20.21086311340332,86205347
2020-05-04,2800.HK,24.0,24.0,23.700000762939453,23.75,19.394262313842773,69311051
2020-05-05,2800.HK,23.850000381469727,24.100000381469727,23.799999237060547,24.0,19.598413467407227,46857955
2020-05-06,2800.HK,23.950000762939453,24.399999618530273,23.950000762939453,24.350000381469727,19.88422203063965,82705898
2020-05-07,2800.HK,24.200000762939453,24.25,24.049999237060547,24.149999618530273,19.720903396606445,47857289
2020-05-08,2800.HK,24.350000381469727,24.450000762939453,24.25,24.399999618530273,19.92505645751953,73225297
2020-05-11,2800.HK,24.600000381469727,24.950000762939453,24.600000381469727,24.799999237060547,20.251689910888672,75152415
2020-05-12,2800.HK,24.549999237060547,24.600000381469727,24.25,24.450000762939453,19.965885162353516,65784729
2020-05-13,2800.HK,24.25,24.549999237060547,24.149999618530273,24.350000381469727,19.88422203063965,73324055
2020-05-14,2800.HK,24.25,24.25,23.950000762939453,24.0,19.598413467407227,65820411
2020-05-15,2800.HK,24.0,24.200000762939453,23.850000381469727,24.0,19.598413467407227,89797013
2020-05-18,2800.HK,23.950000762939453,24.200000762939453,23.899999618530273,24.200000762939453,19.76173210144043,42696146
2020-05-19,2800.HK,24.600000381469727,24.799999237060547,24.5,24.600000381469727,20.0883731842041,60472570
2020-05-20,2800.HK,24.600000381469727,24.75,24.5,24.649999618530273,20.12920379638672,52810064
2020-05-21,2800.HK,24.700000762939453,24.75,24.399999618530273,24.450000762939453,19.965885162353516,64763338
2020-05-22,2800.HK,24.049999237060547,24.049999237060547,23.049999237060547,23.149999618530273,18.9043025970459,174610313
2020-05-25,2800.HK,23.0,23.25,22.75,23.149999618530273,18.9043025970459,110547335
2020-05-26,2800.HK,23.399999618530273,23.75,23.399999618530273,23.649999618530273,19.31260108947754,149869942
2020-05-27,2800.HK,23.75,23.75,23.350000381469727,23.5,19.190114974975586,96003774
2020-05-28,2800.HK,23.350000381469727,23.700000762939453,23.0,23.350000381469727,19.0676212310791,208391411
2020-05-29,2800.HK,23.0,23.350000381469727,23.0,23.200000762939453,18.945133209228516,155968233
2020-06-01,2800.HK,23.799999237060547,24.1200008392334,23.799999237060547,23.979999542236328,19.58207893371582,122753194
2020-06-02,2800.HK,24.020000457763672,24.299999237060547,24.0,24.260000228881836,19.81072998046875,176613547
2020-06-03,2800.HK,24.68000030517578,24.719999313354492,24.540000915527344,24.68000030517578,20.153705596923828,124125743
2020-06-04,2800.HK,24.940000534057617,24.979999542236328,24.579999923706055,24.719999313354492,20.186363220214844,156556550
2020-06-05,2800.HK,24.719999313354492,25.219999313354492,24.639999389648438,25.139999389648438,20.52933692932129,115610853
2020-06-08,2800.HK,25.34000015258789,25.420000076293945,25.059999465942383,25.139999389648438,20.52933692932129,114933961
2020-06-09,2800.HK,25.260000228881836,25.639999389648438,25.219999313354492,25.440000534057617,20.77431869506836,67431367
2020-06-10,2800.HK,25.479999542236328,25.719999313354492,25.360000610351562,25.459999084472656,20.790651321411133,129640187
2020-06-11,2800.HK,25.459999084472656,25.479999542236328,24.860000610351562,24.860000610351562,20.300687789916992,128960030
2020-06-12,2800.HK,24.3799991607666,24.739999771118164,24.299999237060547,24.700000762939453,20.17003631591797,65212851
2020-06-15,2800.HK,24.420000076293945,24.65999984741211,24.059999465942383,24.200000762939453,19.76173210144043,67236368
2020-06-16,2800.HK,24.739999771118164,24.940000534057617,24.700000762939453,24.799999237060547,20.251689910888672,54592593
2020-06-17,2800.HK,24.780000686645508,24.940000534057617,24.579999923706055,24.899999618530273,20.333354949951172,38810665
2020-06-18,2800.HK,24.799999237060547,24.8799991607666,24.5,24.8799991607666,20.3170223236084,34244296
2020-06-19,2800.HK,24.860000610351562,25.200000762939453,24.719999313354492,25.059999465942383,20.464012145996094,64024140
2020-06-22,2800.HK,24.979999542236328,25.100000381469727,24.84000015258789,25.0,20.415016174316406,42924172
2020-06-23,2800.HK,24.979999542236328,25.3799991607666,24.6200008392334,25.360000610351562,20.7089900970459,69170630
2020-06-24,2800.HK,25.520000457763672,25.559999465942383,25.239999771118164,25.239999771118164,20.610998153686523,41065891
2020-06-26,2800.HK,25.100000381469727,25.219999313354492,25.0,25.0,20.415016174316406,39282351
2020-06-29,2800.HK,25.0,25.079999923706055,24.559999465942383,24.760000228881836,20.219030380249023,70949437
2020-06-30,2800.HK,25.0,25.079999923706055,24.719999313354492,24.899999618530273,20.333354949951172,47687366
2020-07-02,2800.HK,25.239999771118164,25.739999771118164,25.239999771118164,25.700000762939453,20.986635208129883,56071003
2020-07-03,2800.HK,25.799999237060547,26.079999923706055,25.780000686645508,25.920000076293945,21.166288375854492,76449395
2020-07-06,2800.HK,26.139999389648438,27.100000381469727,26.139999389648438,26.940000534057617,21.999221801757812,164419286
2020-07-07,2800.HK,27.18000030517578,27.459999084472656,26.579999923706055,26.639999389648438,21.75423812866211,112920333
2020-07-08,2800.HK,26.760000228881836,27.0,26.559999465942383,26.739999771118164,21.835901260375977,67476611
2020-07-09,2800.HK,26.979999542236328,27.059999465942383,26.68000030517578,26.8799991607666,21.950223922729492,39781160
2020-07-10,2800.HK,26.600000381469727,26.81999969482422,26.219999313354492,26.34000015258789,21.509258270263672,68037043
2020-07-13,2800.HK,26.5,26.780000686645508,26.399999618530273,26.479999542236328,21.623580932617188,35898160
2020-07-14,2800.HK,26.360000610351562,26.360000610351562,25.920000076293945,26.15999984741211,21.362272262573242,50108482
2020-07-15,2800.HK,26.479999542236328,26.579999923706055,25.979999542236328,26.18000030517578,21.378604888916016,57137181
2020-07-16,2800.HK,26.18000030517578,26.280000686645508,25.579999923706055,25.65999984741211,20.953969955444336,52858074
2020-07-17,2800.HK,25.81999969482422,25.940000534057617,25.68000030517578,25.799999237060547,21.06829071044922,48186109
2020-07-20,2800.HK,25.780000686645508,25.8799991607666,25.399999618530273,25.719999313354492,21.002965927124023,43464011
2020-07-21,2800.HK,26.079999923706055,26.280000686645508,26.020000457763672,26.280000686645508,21.46026039123535,31669935
2020-07-22,2800.HK,26.239999771118164,26.459999084472656,25.68000030517578,25.68000030517578,20.970306396484375,132662202
2020-07-23,2800.HK,25.81999969482422,26.0,25.639999389648438,25.899999618530273,21.14995574951172,18536304
2020-07-24,2800.HK,25.739999771118164,25.799999237060547,25.260000228881836,25.360000610351562,20.7089900970459,50411461
2020-07-27,2800.HK,25.559999465942383,25.65999984741211,25.200000762939453,25.360000610351562,20.7089900970459,44898682
2020-07-28,2800.HK,25.600000381469727,25.6200008392334,25.34000015258789,25.459999084472656,20.790651321411133,30236273
2020-07-29,2800.HK,25.459999084472656,25.579999923706055,25.34000015258789,25.520000457763672,20.839649200439453,23270483
2020-07-30,2800.HK,25.600000381469727,25.8799991607666,25.260000228881836,25.34000015258789,20.69266128540039,63944454
2020-07-31,2800.HK,25.3799991607666,25.639999389648438,25.200000762939453,25.260000228881836,20.627328872680664,45245856
2020-08-03,2800.HK,25.260000228881836,25.280000686645508,24.899999618530273,25.1200008392334,20.51300621032715,34523571
2020-08-04,2800.HK,25.299999237060547,25.760000228881836,25.200000762939453,25.6200008392334,20.921308517456055,42005921
2020-08-05,2800.HK,25.700000762939453,25.860000610351562,25.540000915527344,25.799999237060547,21.06829071044922,41502814
2020-08-06,2800.HK,25.84000015258789,25.8799991607666,25.280000686645508,25.600000381469727,20.90497398376465,47394786
2020-08-07,2800.HK,25.559999465942383,25.559999465942383,24.84000015258789,25.18000030517578,20.56200408935547,50509750
2020-08-10,2800.HK,25.0,25.18000030517578,24.920000076293945,25.100000381469727,20.496675491333008,34776265
2020-08-11,2800.HK,25.239999771118164,25.700000762939453,25.239999771118164,25.559999465942383,20.872312545776367,45879029
2020-08-12,2800.HK,25.5,25.979999542236328,25.34000015258789,25.8799991607666,21.133623123168945,65729272
2020-08-13,2800.HK,26.040000915527344,26.139999389648438,25.799999237060547,25.899999618530273,21.14995574951172,64156897
2020-08-14,2800.HK,25.8799991607666,26.059999465942383,25.739999771118164,25.81999969482422,21.08462142944336,65480833
2020-08-17,2800.HK,25.860000610351562,26.280000686645508,25.860000610351562,26.0,21.23161506652832,80995616
2020-08-18,2800.HK,26.059999465942383,26.139999389648438,25.920000076293945,26.020000457763672,21.24795150756836,57547908
2020-08-19,2800.HK,26.0,26.040000915527344,25.760000228881836,25.8799991607666,21.133623123168945,23154645
2020-08-20,2800.HK,25.700000762939453,25.700000762939453,25.280000686645508,25.440000534057617,20.77431869506836,71184466
2020-08-21,2800.HK,25.600000381469727,25.8799991607666,25.559999465942383,25.780000686645508,21.051959991455078,55746563
2020-08-24,2800.HK,25.979999542236328,26.260000228881836,25.979999542236328,26.18000030517578,21.378604888916016,88492781
2020-08-25,2800.HK,26.280000686645508,26.299999237060547,26.040000915527344,26.15999984741211,21.362272262573242,61338340
2020-08-26,2800.HK,26.18000030517578,26.299999237060547,26.020000457763672,26.1200008392334,21.329607009887695,36487012
2020-08-27,2800.HK,26.15999984741211,26.219999313354492,25.8799991607666,25.959999084472656,21.198949813842773,55921651
2020-08-28,2800.HK,25.940000534057617,26.5,25.940000534057617,26.1200008392334,21.329607009887695,97626559
2020-08-31,2800.HK,26.299999237060547,26.559999465942383,25.84000015258789,25.84000015258789,21.100955963134766,95589601
2020-09-01,2800.HK,25.899999618530273,26.0,25.639999389648438,25.8799991607666,21.133623123168945,63275147
2020-09-02,2800.HK,25.899999618530273,25.979999542236328,25.639999389648438,25.81999969482422,21.08462142944336,79730594
2020-09-03,2800.HK,25.780000686645508,25.979999542236328,25.579999923706055,25.719999313354492,21.002965927124023,66067349
2020-09-04,2800.HK,25.479999542236328,25.600000381469727,25.219999313354492,25.520000457763672,20.839649200439453,142764473
2020-09-07,2800.HK,25.3799991607666,25.65999984741211,25.239999771118164,25.440000534057617,20.77431869506836,92890901
2020-09-08,2800.HK,25.520000457763672,25.540000915527344,25.079999923706055,25.3799991607666,20.725322723388672,109910470
2020-09-09,2800.HK,25.100000381469727,25.280000686645508,24.959999084472656,25.239999771118164,20.610998153686523,105657537
2020-09-10,2800.HK,25.399999618530273,25.399999618530273,25.059999465942383,25.139999389648438,20.52933692932129,45830875
2020-09-11,2800.HK,25.139999389648438,25.34000015258789,25.040000915527344,25.260000228881836,20.627328872680664,46624013
2020-09-14,2800.HK,25.34000015258789,25.520000457763672,25.299999237060547,25.399999618530273,20.741655349731445,45188327
2020-09-15,2800.HK,25.3799991607666,25.579999923706055,25.360000610351562,25.520000457763672,20.839649200439453,45849724
2020-09-16,2800.HK,25.540000915527344,25.639999389648438,25.420000076293945,25.479999542236328,20.806982040405273,40006217
2020-09-17,2800.HK,25.399999618530273,25.479999542236328,25.020000457763672,25.1200008392334,20.51300621032715,64867486
2020-09-18,2800.HK,25.239999771118164,25.260000228881836,25.079999923706055,25.239999771118164,20.610998153686523,48822387
2020-09-21,2800.HK,25.239999771118164,25.360000610351562,24.700000762939453,24.719999313354492,20.186363220214844,124941905
2020-09-22,2800.HK,24.6200008392334,24.68000030517578,24.440000534057617,24.5,20.006715774536133,93247378
2020-09-23,2800.HK,24.479999542236328,24.579999923706055,24.31999969482422,24.520000457763672,20.023048400878906,91849416
2020-09-24,2800.HK,24.34000015258789,24.360000610351562,23.979999542236328,24.1200008392334,19.69640350341797,134397017
2020-09-25,2800.HK,24.219999313354492,24.280000686645508,23.899999618530273,24.059999465942383,19.647409439086914,77083932
2020-09-28,2800.HK,24.239999771118164,24.299999237060547,24.020000457763672,24.280000686645508,19.827058792114258,79254256
2020-09-29,2800.HK,24.34000015258789,24.34000015258789,24.020000457763672,24.079999923706055,19.663740158081055,70395345
2020-09-30,2800.HK,24.200000762939453,24.579999923706055,24.139999389648438,24.280000686645508,19.827058792114258,56320305
2020-10-05,2800.HK,24.719999313354492,24.719999313354492,24.440000534057617,24.520000457763672,20.023048400878906,52447556
2020-10-06,2800.HK,24.6200008392334,24.799999237060547,24.6200008392334,24.780000686645508,20.235363006591797,41529205
2020-10-07,2800.HK,24.780000686645508,25.059999465942383,24.700000762939453,25.059999465942383,20.464012145996094,51322696
2020-10-08,2800.HK,25.040000915527344,25.040000915527344,24.799999237060547,24.940000534057617,20.366016387939453,74046496
2020-10-09,2800.HK,25.100000381469727,25.139999389648438,24.84000015258789,24.979999542236328,20.398681640625,30779128
2020-10-12,2800.HK,25.020000457763672,25.520000457763672,24.979999542236328,25.479999542236328,20.806982040405273,47534936
2020-10-14,2800.HK,25.559999465942383,25.559999465942383,25.280000686645508,25.420000076293945,20.75798797607422,49829090
2020-10-15,2800.HK,25.3799991607666,25.3799991607666,24.8799991607666,24.899999618530273,20.333354949951172,79376147
2020-10-16,2800.HK,25.040000915527344,25.260000228881836,25.0,25.200000762939453,20.578332901000977,52032884
2020-10-19,2800.HK,25.299999237060547,25.579999923706055,25.260000228881836,25.31999969482422,20.67632484436035,54672234
2020-10-20,2800.HK,25.31999969482422,25.399999618530273,25.239999771118164,25.34000015258789,20.69266128540039,66273751
2020-10-21,2800.HK,25.559999465942383,25.65999984741211,25.420000076293945,25.540000915527344,20.855979919433594,83432750
2020-10-22,2800.HK,25.459999084472656,25.6200008392334,25.34000015258789,25.559999465942383,20.872312545776367,51803913
2020-10-23,2800.HK,25.540000915527344,25.780000686645508,25.459999084472656,25.700000762939453,20.986635208129883,48713861
2020-10-27,2800.HK,25.559999465942383,25.639999389648438,25.3799991607666,25.520000457763672,20.839649200439453,37362207
2020-10-28,2800.HK,25.520000457763672,25.6200008392334,25.3799991607666,25.459999084472656,20.790651321411133,62531482
2020-10-29,2800.HK,25.18000030517578,25.459999084472656,25.040000915527344,25.3799991607666,20.725322723388672,78352587
2020-10-30,2800.HK,24.600000381469727,24.719999313354492,24.139999389648438,24.239999771118164,20.322891235351562,79283571
2020-11-02,2800.HK,24.360000610351562,24.6200008392334,24.360000610351562,24.600000381469727,20.624711990356445,46754138
2020-11-03,2800.HK,24.799999237060547,25.219999313354492,24.799999237060547,25.1200008392334,21.060684204101562,84218849
2020-11-04,2800.HK,25.0,25.239999771118164,24.84000015258789,25.0,20.96007537841797,100126031
2020-11-05,2800.HK,25.65999984741211,25.81999969482422,25.459999084472656,25.700000762939453,21.546958923339844,84654671
2020-11-06,2800.HK,25.8799991607666,25.940000534057617,25.700000762939453,25.8799991607666,21.69786834716797,87980136
2020-11-09,2800.HK,26.299999237060547,26.34000015258789,26.100000381469727,26.15999984741211,21.932621002197266,72290066
2020-11-10,2800.HK,26.5,26.600000381469727,26.219999313354492,26.399999618530273,22.133840560913086,83898696
2020-11-11,2800.HK,26.31999969482422,26.600000381469727,26.31999969482422,26.399999618530273,22.133840560913086,97636305
2020-11-12,2800.HK,26.520000457763672,26.639999389648438,26.219999313354492,26.34000015258789,22.08353614807129,166116917
2020-11-13,2800.HK,26.239999771118164,26.31999969482422,26.079999923706055,26.299999237060547,22.049999237060547,91234196
2020-11-16,2800.HK,26.579999923706055,26.579999923706055,26.360000610351562,26.540000915527344,22.251216888427734,92118685
2020-11-17,2800.HK,26.6200008392334,26.68000030517578,26.5,26.579999923706055,22.28474998474121,71577163
2020-11-18,2800.HK,26.579999923706055,26.799999237060547,26.520000457763672,26.68000030517578,22.368593215942383,124478212
2020-11-19,2800.HK,26.6200008392334,26.6200008392334,26.479999542236328,26.520000457763672,22.234447479248047,117289137
2020-11-20,2800.HK,26.579999923706055,26.719999313354492,26.5,26.579999923706055,22.28474998474121,86855298
2020-11-23,2800.HK,26.780000686645508,26.84000015258789,26.540000915527344,26.639999389648438,22.335058212280273,62833738
2020-11-24,2800.HK,26.65999984741211,26.760000228881836,26.579999923706055,26.739999771118164,22.41889762878418,80822471
2020-11-25,2800.HK,26.940000534057617,27.219999313354492,26.760000228881836,26.780000686645508,22.452434539794922,180749789
2020-11-26,2800.HK,26.799999237060547,26.959999084472656,26.799999237060547,26.940000534057617,22.586580276489258,81798731
2020-11-27,2800.HK,26.959999084472656,27.200000762939453,26.8799991607666,27.079999923706055,22.70395278930664,91551465
2020-11-30,2800.HK,27.040000915527344,27.100000381469727,26.520000457763672,26.559999465942383,22.26798439025879,70778729
2020-12-01,2800.HK,26.600000381469727,26.81999969482422,26.559999465942383,26.719999313354492,22.402130126953125,138963572
2020-12-02,2800.HK,26.719999313354492,26.780000686645508,26.520000457763672,26.68000030517578,22.368593215942383,126219020
2020-12-03,2800.HK,26.719999313354492,26.979999542236328,26.719999313354492,26.899999618530273,22.553041458129883,142320347
2020-12-04,2800.HK,26.920000076293945,27.0,26.81999969482422,26.979999542236328,22.6201114654541,110577585
2020-12-07,2800.HK,26.959999084472656,26.959999084472656,26.420000076293945,26.6200008392334,22.318286895751953,207037986
2020-12-08,2800.HK,26.6200008392334,26.6200008392334,26.440000534057617,26.459999084472656,22.18414306640625,61081291
2020-12-09,2800.HK,26.579999923706055,26.860000610351562,26.579999923706055,26.68000030517578,22.368593215942383,100417252
2020-12-10,2800.HK,26.579999923706055,26.6200008392334,26.440000534057617,26.600000381469727,22.301523208618164,51166053
2020-12-11,2800.HK,26.700000762939453,26.8799991607666,26.6200008392334,26.700000762939453,22.385360717773438,83817969
2020-12-14,2800.HK,26.700000762939453,26.700000762939453,26.479999542236328,26.579999923706055,22.28474998474121,106098005
2020-12-15,2800.HK,26.559999465942383,26.559999465942383,26.280000686645508,26.399999618530273,22.133840560913086,108816090
2020-12-16,2800.HK,26.5,26.68000030517578,26.479999542236328,26.68000030517578,22.368593215942383,65183729
2020-12-17,2800.HK,26.68000030517578,26.860000610351562,26.579999923706055,26.860000610351562,22.519506454467773,76375643
2020-12-18,2800.HK,26.799999237060547,26.81999969482422,26.520000457763672,26.600000381469727,22.301523208618164,90258555
2020-12-21,2800.HK,26.600000381469727,26.68000030517578,26.440000534057617,26.459999084472656,22.18414306640625,65747097
2020-12-22,2800.HK,26.420000076293945,26.540000915527344,26.15999984741211,26.299999237060547,22.049999237060547,80171852
2020-12-23,2800.HK,26.260000228881836,26.520000457763672,26.239999771118164,26.520000457763672,22.234447479248047,54078882
2020-12-24,2800.HK,26.600000381469727,26.600000381469727,26.600000381469727,26.600000381469727,22.301523208618164,0
2020-12-28,2800.HK,26.579999923706055,26.700000762939453,26.459999084472656,26.479999542236328,22.200910568237305,96582169
2020-12-29,2800.HK,26.6200008392334,26.780000686645508,26.600000381469727,26.739999771118164,22.41889762878418,73601104
2020-12-30,2800.HK,26.799999237060547,27.360000610351562,26.799999237060547,27.34000015258789,22.921939849853516,154202172
2020-12-31,2800.HK,27.440000534057617,27.440000534057617,27.440000534057617,27.440000534057617,23.005779266357422,0
2021-01-04,2800.HK,27.360000610351562,27.68000030517578,27.31999969482422,27.639999389648438,23.173460006713867,228402605
2021-01-05,2800.HK,27.479999542236328,27.8799991607666,27.34000015258789,27.739999771118164,23.257299423217773,139782911
2021-01-06,2800.HK,27.799999237060547,27.940000534057617,27.579999923706055,27.84000015258789,23.341136932373047,145424037
2021-01-07,2800.HK,27.84000015258789,27.920000076293945,27.6200008392334,27.700000762939453,23.223764419555664,134972086
2021-01-08,2800.HK,27.719999313354492,28.1200008392334,27.719999313354492,28.020000457763672,23.49205207824707,137061944
2021-01-11,2800.HK,28.1200008392334,28.34000015258789,27.920000076293945,28.1200008392334,23.575895309448242,181701554
2021-01-12,2800.HK,28.0,28.440000534057617,27.940000534057617,28.399999618530273,23.810644149780273,93943696
2021-01-13,2800.HK,28.399999618530273,28.559999465942383,28.31999969482422,28.399999618530273,23.810644149780273,83291762
2021-01-14,2800.HK,28.520000457763672,28.68000030517578,28.440000534057617,28.639999389648438,24.01186180114746,68101095
2021-01-15,2800.HK,28.600000381469727,28.84000015258789,28.479999542236328,28.780000686645508,24.129240036010742,119929592
2021-01-18,2800.HK,28.579999923706055,29.020000457763672,28.559999465942383,29.0,24.31368637084961,113377041
2021-01-19,2800.HK,29.219999313354492,30.079999923706055,29.219999313354492,29.799999237060547,24.984407424926758,199207037
2021-01-20,2800.HK,29.799999237060547,30.15999984741211,29.799999237060547,30.079999923706055,25.21916389465332,109706843
2021-01-21,2800.HK,30.1200008392334,30.34000015258789,29.959999084472656,30.059999465942383,25.202394485473633,141578283
2021-01-22,2800.HK,30.0,30.059999465942383,29.579999923706055,29.6200008392334,24.83349609375,115067230
2021-01-25,2800.HK,29.81999969482422,30.360000610351562,29.81999969482422,30.280000686645508,25.386842727661133,87663207
2021-01-26,2800.HK,30.100000381469727,30.139999389648438,29.520000457763672,29.559999465942383,24.783187866210938,149976152
2021-01-27,2800.HK,29.6200008392334,29.799999237060547,29.3799991607666,29.459999084472656,24.699352264404297,95880766
2021-01-28,2800.HK,29.1200008392334,29.31999969482422,28.600000381469727,28.700000762939453,24.062166213989258,247389991
2021-01-29,2800.HK,28.899999618530273,29.079999923706055,28.420000076293945,28.459999084472656,23.86094856262207,141637546
2021-02-01,2800.HK,28.540000915527344,29.15999984741211,28.540000915527344,29.059999465942383,24.363990783691406,129783654
2021-02-02,2800.HK,29.260000228881836,29.65999984741211,29.260000228881836,29.420000076293945,24.665817260742188,81083580
2021-02-03,2800.HK,29.479999542236328,29.479999542236328,29.1200008392334,29.459999084472656,24.699352264404297,95317398
2021-02-04,2800.HK,29.31999969482422,29.579999923706055,28.940000534057617,29.239999771118164,24.514904022216797,107379704
2021-02-05,2800.HK,29.459999084472656,29.65999984741211,29.34000015258789,29.479999542236328,24.71611976623535,174172378
2021-02-08,2800.HK,29.719999313354492,29.8799991607666,29.440000534057617,29.5,24.73288917541504,152370247
2021-02-09,2800.HK,29.540000915527344,29.700000762939453,29.440000534057617,29.579999923706055,24.799957275390625,106806595
2021-02-10,2800.HK,29.860000610351562,30.280000686645508,29.860000610351562,30.260000228881836,25.370073318481445,102634411
2021-02-11,2800.HK,30.31999969482422,30.31999969482422,30.31999969482422,30.31999969482422,25.420377731323242,0
2021-02-16,2800.HK,30.719999313354492,30.979999542236328,30.68000030517578,30.899999618530273,25.906652450561523,146038534
2021-02-17,2800.HK,30.700000762939453,31.34000015258789,30.639999389648438,31.239999771118164,26.191707611083984,156462589
2021-02-18,2800.HK,31.299999237060547,31.299999237060547,30.719999313354492,30.780000686645508,25.80604362487793,278673260
2021-02-19,2800.HK,30.700000762939453,30.860000610351562,30.260000228881836,30.799999237060547,25.822811126708984,176854354
2021-02-22,2800.HK,31.020000457763672,31.18000030517578,30.440000534057617,30.520000457763672,25.588062286376953,170119979
2021-02-23,2800.HK,30.399999618530273,31.139999389648438,30.34000015258789,30.799999237060547,25.822811126708984,139979605
2021-02-24,2800.HK,31.0,31.0,29.739999771118164,29.8799991607666,25.05147933959961,340256196
2021-02-25,2800.HK,30.239999771118164,30.6200008392334,30.0,30.31999969482422,25.420377731323242,260385453
2021-02-26,2800.HK,29.700000762939453,29.760000228881836,29.18000030517578,29.219999313354492,24.49813461303711,265158847
2021-03-01,2800.HK,29.540000915527344,29.68000030517578,29.360000610351562,29.579999923706055,24.799957275390625,63139114
2021-03-02,2800.HK,29.739999771118164,29.920000076293945,29.1200008392334,29.239999771118164,24.514904022216797,307064616
2021-03-03,2800.HK,29.299999237060547,30.100000381469727,29.299999237060547,30.0,25.152090072631836,144071549
2021-03-04,2800.HK,29.579999923706055,29.760000228881836,29.260000228881836,29.420000076293945,24.665817260742188,159091833
2021-03-05,2800.HK,29.0,29.559999465942383,28.700000762939453,29.239999771118164,24.514904022216797,259968152
2021-03-08,2800.HK,29.579999923706055,29.579999923706055,28.600000381469727,28.739999771118164,24.095699310302734,92655836
2021-03-09,2800.HK,28.860000610351562,29.239999771118164,28.559999465942383,28.959999084472656,24.280147552490234,136263489
2021-03-10,2800.HK,29.299999237060547,29.34000015258789,28.940000534057617,29.139999389648438,24.431060791015625,65562530
2021-03-11,2800.HK,29.18000030517578,29.68000030517578,29.18000030517578,29.579999923706055,24.799957275390625,77424032
2021-03-12,2800.HK,29.799999237060547,29.799999237060547,28.979999542236328,29.0,24.31368637084961,93625000
2021-03-15,2800.HK,29.15999984741211,29.420000076293945,28.899999618530273,29.1200008392334,24.414295196533203,123480221
2021-03-16,2800.HK,29.31999969482422,29.3799991607666,29.1200008392334,29.260000228881836,24.53167152404785,82439909
2021-03-17,2800.HK,29.280000686645508,29.440000534057617,29.040000915527344,29.299999237060547,24.56520652770996,107180831
2021-03-18,2800.HK,29.579999923706055,29.84000015258789,29.579999923706055,29.65999984741211,24.867033004760742,115320699
2021-03-19,2800.HK,29.479999542236328,29.520000457763672,29.0,29.18000030517578,24.464597702026367,65560557
2021-03-22,2800.HK,29.079999923706055,29.399999618530273,29.059999465942383,29.100000381469727,24.39752769470215,52206663
2021-03-23,2800.HK,29.18000030517578,29.260000228881836,28.6200008392334,28.799999237060547,24.146005630493164,130071848
2021-03-24,2800.HK,28.719999313354492,28.760000228881836,28.059999465942383,28.1200008392334,23.575895309448242,73412137
2021-03-25,2800.HK,27.979999542236328,28.260000228881836,27.780000686645508,28.15999984741211,23.609432220458984,75622007
2021-03-26,2800.HK,28.260000228881836,28.68000030517578,28.260000228881836,28.559999465942383,23.94478988647461,60283922
2021-03-29,2800.HK,28.559999465942383,28.760000228881836,28.3799991607666,28.6200008392334,23.995094299316406,71440110
2021-03-30,2800.HK,28.68000030517578,28.979999542236328,28.639999389648438,28.81999969482422,24.162776947021484,70138159
2021-03-31,2800.HK,29.0,29.040000915527344,28.600000381469727,28.65999984741211,24.02863121032715,51539018
2021-04-01,2800.HK,28.81999969482422,29.219999313354492,28.760000228881836,29.15999984741211,24.447830200195312,119073490
2021-04-07,2800.HK,29.31999969482422,29.360000610351562,28.860000610351562,28.899999618530273,24.22984504699707,70149604
2021-04-08,2800.HK,28.760000228881836,29.34000015258789,28.760000228881836,29.280000686645508,24.548442840576172,61542723
2021-04-09,2800.HK,29.31999969482422,29.31999969482422,28.860000610351562,29.0,24.31368637084961,109682038
2021-04-12,2800.HK,29.0,29.059999465942383,28.540000915527344,28.639999389648438,24.01186180114746,92656958
2021-04-13,2800.HK,28.780000686645508,29.139999389648438,28.700000762939453,28.920000076293945,24.246614456176758,97292551
2021-04-14,2800.HK,29.0,29.260000228881836,28.940000534057617,29.200000762939453,24.48137092590332,111558109
2021-04-15,2800.HK,29.139999389648438,29.139999389648438,28.780000686645508,29.020000457763672,24.330453872680664,74662090
2021-04-16,2800.HK,29.079999923706055,29.34000015258789,28.959999084472656,29.239999771118164,24.514904022216797,138701013
2021-04-19,2800.HK,29.239999771118164,29.600000381469727,29.040000915527344,29.3799991607666,24.63227653503418,68458582
2021-04-20,2800.HK,29.200000762939453,29.479999542236328,29.1200008392334,29.360000610351562,24.61551284790039,82873525
2021-04-21,2800.HK,29.020000457763672,29.020000457763672,28.760000228881836,28.899999618530273,24.22984504699707,113423937
2021-04-22,2800.HK,28.979999542236328,29.100000381469727,28.860000610351562,29.0,24.31368637084961,111073126
2021-04-23,2800.HK,29.0,29.3799991607666,29.0,29.360000610351562,24.61551284790039,66272214
2021-04-26,2800.HK,29.360000610351562,29.540000915527344,29.18000030517578,29.219999313354492,24.49813461303711,96886088
2021-04-27,2800.HK,29.15999984741211,29.31999969482422,29.100000381469727,29.15999984741211,24.447830200195312,84068362
2021-04-28,2800.HK,29.200000762939453,29.34000015258789,29.15999984741211,29.34000015258789,24.598745346069336,69781158
2021-04-29,2800.HK,29.34000015258789,29.579999923706055,29.31999969482422,29.459999084472656,24.809276580810547,86663710
2021-04-30,2800.HK,29.260000228881836,29.280000686645508,28.799999237060547,28.799999237060547,24.253467559814453,92409350
2021-05-03,2800.HK,28.860000610351562,28.860000610351562,28.399999618530273,28.479999542236328,23.983989715576172,127876293
2021-05-04,2800.HK,28.5,28.780000686645508,28.479999542236328,28.780000686645508,24.23662757873535,64161714
2021-05-05,2800.HK,28.600000381469727,28.860000610351562,28.5,28.639999389648438,24.118728637695312,76845974
2021-05-06,2800.HK,28.739999771118164,28.959999084472656,28.540000915527344,28.780000686645508,24.23662757873535,109670006
2021-05-07,2800.HK,28.940000534057617,29.059999465942383,28.719999313354492,28.81999969482422,24.270315170288086,136163189
2021-05-10,2800.HK,28.959999084472656,29.040000915527344,28.639999389648438,28.739999771118164,24.202938079833984,54038944
2021-05-11,2800.HK,28.440000534057617,28.440000534057617,28.079999923706055,28.1200008392334,23.68082046508789,213603503
2021-05-12,2800.HK,28.18000030517578,28.399999618530273,28.059999465942383,28.399999618530273,23.91661262512207,223281629
2021-05-13,2800.HK,28.100000381469727,28.239999771118164,27.899999618530273,27.979999542236328,23.56291961669922,153172831
2021-05-14,2800.HK,28.100000381469727,28.260000228881836,27.899999618530273,28.200000762939453,23.748191833496094,132378939
2021-05-17,2800.HK,28.299999237060547,28.459999084472656,28.239999771118164,28.3799991607666,23.8997745513916,142414904
2021-05-18,2800.HK,28.520000457763672,28.84000015258789,28.520000457763672,28.780000686645508,24.23662757873535,99167757
2021-05-20,2800.HK,28.520000457763672,28.700000762939453,28.479999542236328,28.6200008392334,24.101884841918945,121690206
2021-05-21,2800.HK,28.719999313354492,28.780000686645508,28.5,28.639999389648438,24.118728637695312,147652140
2021-05-24,2800.HK,28.639999389648438,28.68000030517578,28.420000076293945,28.65999984741211,24.135570526123047,54810736
2021-05-25,2800.HK,28.700000762939453,29.200000762939453,28.700000762939453,29.18000030517578,24.57347869873047,122001934
2021-05-26,2800.HK,29.219999313354492,29.559999465942383,29.219999313354492,29.3799991607666,24.741905212402344,164987331
2021-05-27,2800.HK,29.3799991607666,29.459999084472656,29.260000228881836,29.3799991607666,24.741905212402344,168068872
2021-05-28,2800.HK,29.440000534057617,29.65999984741211,29.360000610351562,29.420000076293945,24.775592803955078,118076804
2021-05-31,2800.HK,29.420000076293945,29.459999084472656,29.219999313354492,29.399999618530273,24.758750915527344,112240105
2021-06-01,2800.HK,29.399999618530273,29.799999237060547,29.360000610351562,29.780000686645508,25.078760147094727,98728369
2021-06-02,2800.HK,29.760000228881836,29.81999969482422,29.520000457763672,29.579999923706055,24.910329818725586,90801081
2021-06-03,2800.HK,29.579999923706055,29.700000762939453,29.239999771118164,29.260000228881836,24.640851974487305,98427372
2021-06-04,2800.HK,29.139999389648438,29.3799991607666,29.079999923706055,29.239999771118164,24.624006271362305,111515232
2021-06-07,2800.HK,29.299999237060547,29.34000015258789,28.979999542236328,29.139999389648438,24.539793014526367,88395722
2021-06-08,2800.HK,29.219999313354492,29.34000015258789,28.979999542236328,29.1200008392334,24.522953033447266,131938862
2021-06-09,2800.HK,29.139999389648438,29.200000762939453,29.020000457763672,29.100000381469727,24.5061092376709,55672011
2021-06-10,2800.HK,29.100000381469727,29.299999237060547,29.0,29.079999923706055,24.4892635345459,85369409
2021-06-11,2800.HK,29.15999984741211,29.31999969482422,29.079999923706055,29.200000762939453,24.5903263092041,90191570
2021-06-15,2800.HK,29.260000228881836,29.260000228881836,28.799999237060547,29.0,24.42189598083496,108019194
2021-06-16,2800.HK,29.0,29.0,28.780000686645508,28.799999237060547,24.253467559814453,72146050
2021-06-17,2800.HK,28.65999984741211,28.8799991607666,28.540000915527344,28.8799991607666,24.32084083557129,85506564
2021-06-18,2800.HK,28.899999618530273,29.18000030517578,28.860000610351562,29.15999984741211,24.556636810302734,120050435
2021-06-21,2800.HK,28.920000076293945,28.959999084472656,28.700000762939453,28.860000610351562,24.303998947143555,128110956
2021-06-22,2800.HK,28.940000534057617,28.940000534057617,28.639999389648438,28.65999984741211,24.135570526123047,72478803
2021-06-23,2800.HK,28.799999237060547,29.280000686645508,28.780000686645508,29.219999313354492,24.607166290283203,98731810
2021-06-24,2800.HK,29.219999313354492,29.360000610351562,29.15999984741211,29.280000686645508,24.65769386291504,82759202
2021-06-25,2800.HK,29.360000610351562,29.700000762939453,29.34000015258789,29.6200008392334,24.94401741027832,97693380
2021-06-28,2800.HK,29.639999389648438,29.760000228881836,29.639999389648438,29.639999389648438,24.960861206054688,30504304
2021-06-29,2800.HK,29.639999389648438,29.68000030517578,29.34000015258789,29.420000076293945,24.775592803955078,88806525
2021-06-30,2800.HK,29.479999542236328,29.559999465942383,29.239999771118164,29.239999771118164,24.624006271362305,53109935
2021-07-02,2800.HK,29.239999771118164,29.239999771118164,28.68000030517578,28.739999771118164,24.202938079833984,119439414
2021-07-05,2800.HK,28.700000762939453,28.780000686645508,28.520000457763672,28.639999389648438,24.118728637695312,103797915
2021-07-06,2800.HK,28.639999389648438,28.639999389648438,28.34000015258789,28.559999465942383,24.05135726928711,135749753
2021-07-07,2800.HK,28.479999542236328,28.540000915527344,28.260000228881836,28.540000915527344,24.034517288208008,122170518
2021-07-08,2800.HK,28.399999618530273,28.440000534057617,27.639999389648438,27.739999771118164,23.36080551147461,196854803
2021-07-09,2800.HK,27.739999771118164,28.0,27.399999618530273,27.940000534057617,23.52923583984375,124739519
2021-07-12,2800.HK,28.139999389648438,28.239999771118164,27.940000534057617,28.100000381469727,23.663976669311523,112584027
2021-07-13,2800.HK,28.200000762939453,28.559999465942383,28.15999984741211,28.479999542236328,23.983989715576172,129453937
2021-07-14,2800.HK,28.440000534057617,28.440000534057617,28.219999313354492,28.299999237060547,23.832401275634766,136726760
2021-07-15,2800.HK,28.299999237060547,28.719999313354492,28.280000686645508,28.5,24.000829696655273,129869836
2021-07-16,2800.HK,28.420000076293945,28.760000228881836,28.3799991607666,28.600000381469727,24.08504295349121,174129857
2021-07-19,2800.HK,28.280000686645508,28.280000686645508,27.920000076293945,28.0,23.579763412475586,129778315
2021-07-20,2800.HK,27.899999618530273,28.079999923706055,27.639999389648438,27.760000228881836,23.377649307250977,195598372
2021-07-21,2800.HK,27.899999618530273,27.899999618530273,27.479999542236328,27.760000228881836,23.377649307250977,206168694
2021-07-22,2800.HK,27.959999084472656,28.299999237060547,27.959999084472656,28.239999771118164,23.781875610351562,96105716
2021-07-23,2800.HK,28.239999771118164,28.239999771118164,27.739999771118164,27.860000610351562,23.461864471435547,142216153
2021-07-26,2800.HK,27.5,27.5,26.700000762939453,26.700000762939453,22.484989166259766,304025928
2021-07-27,2800.HK,26.540000915527344,26.860000610351562,25.260000228881836,25.65999984741211,21.609167098999023,392320825
2021-07-28,2800.HK,26.0,26.040000915527344,25.360000610351562,26.040000915527344,21.92917823791504,224807879
2021-07-29,2800.HK,26.6200008392334,26.860000610351562,26.360000610351562,26.84000015258789,22.602888107299805,287262714
2021-07-30,2800.HK,26.559999465942383,26.68000030517578,26.15999984741211,26.520000457763672,22.33340072631836,170931870
2021-08-02,2800.HK,26.559999465942383,26.84000015258789,26.280000686645508,26.719999313354492,22.501829147338867,132804970
2021-08-03,2800.HK,26.739999771118164,26.780000686645508,26.299999237060547,26.68000030517578,22.4681453704834,163455490
2021-08-04,2800.HK,26.6200008392334,27.15999984741211,26.520000457763672,26.940000534057617,22.687101364135742,104254517
2021-08-05,2800.HK,26.920000076293945,27.079999923706055,26.639999389648438,26.719999313354492,22.501829147338867,139972359
2021-08-06,2800.HK,26.719999313354492,26.799999237060547,26.5,26.700000762939453,22.484989166259766,141828729
2021-08-09,2800.HK,26.5,27.040000915527344,26.420000076293945,26.760000228881836,22.5355167388916,110178501
2021-08-10,2800.HK,26.940000534057617,27.1200008392334,26.639999389648438,27.079999923706055,22.80499839782715,202917571
2021-08-11,2800.HK,27.0,27.34000015258789,26.940000534057617,27.139999389648438,22.855527877807617,158300464
2021-08-12,2800.HK,27.139999389648438,27.219999313354492,26.899999618530273,26.979999542236328,22.72078514099121,123058958
2021-08-13,2800.HK,26.8799991607666,27.059999465942383,26.719999313354492,26.899999618530273,22.653413772583008,155368775
2021-08-16,2800.HK,26.8799991607666,26.979999542236328,26.579999923706055,26.719999313354492,22.501829147338867,58478965
2021-08-17,2800.HK,26.700000762939453,26.780000686645508,26.139999389648438,26.260000228881836,22.114450454711914,174872152
2021-08-18,2800.HK,26.31999969482422,26.540000915527344,26.239999771118164,26.3799991607666,22.215505599975586,169612853
2021-08-19,2800.HK,26.299999237060547,26.360000610351562,25.739999771118164,25.84000015258789,21.76074981689453,216318363
2021-08-20,2800.HK,25.84000015258789,25.84000015258789,25.1200008392334,25.3799991607666,21.373371124267578,249303762
2021-08-23,2800.HK,25.68000030517578,26.020000457763672,25.579999923706055,25.68000030517578,21.626012802124023,152536673
2021-08-24,2800.HK,25.979999542236328,26.239999771118164,25.899999618530273,26.239999771118164,22.097606658935547,130935414
2021-08-25,2800.HK,26.420000076293945,26.559999465942383,26.139999389648438,26.260000228881836,22.114450454711914,103494422
2021-08-26,2800.HK,26.139999389648438,26.280000686645508,25.84000015258789,25.979999542236328,21.878650665283203,105433988
2021-08-27,2800.HK,25.979999542236328,26.239999771118164,25.899999618530273,25.959999084472656,21.8618106842041,43539144
2021-08-30,2800.HK,25.979999542236328,26.15999984741211,25.780000686645508,26.100000381469727,21.979707717895508,28772276
2021-08-31,2800.HK,26.079999923706055,26.420000076293945,25.700000762939453,26.420000076293945,22.249189376831055,91394001
2021-09-01,2800.HK,26.399999618530273,26.68000030517578,26.260000228881836,26.600000381469727,22.400775909423828,186144619
2021-09-02,2800.HK,26.719999313354492,26.979999542236328,26.600000381469727,26.700000762939453,22.484989166259766,127276466
2021-09-03,2800.HK,26.579999923706055,26.700000762939453,26.440000534057617,26.540000915527344,22.35024642944336,32987358
2021-09-06,2800.HK,26.540000915527344,26.799999237060547,26.459999084472656,26.760000228881836,22.5355167388916,69575356
2021-09-07,2800.HK,26.799999237060547,27.079999923706055,26.719999313354492,26.979999542236328,22.72078514099121,123919910
2021-09-08,2800.HK,26.979999542236328,27.18000030517578,26.799999237060547,26.899999618530273,22.653413772583008,125152959
2021-09-09,2800.HK,26.719999313354492,26.760000228881836,26.280000686645508,26.34000015258789,22.18181800842285,75659942
2021-09-10,2800.HK,26.479999542236328,26.860000610351562,26.479999542236328,26.84000015258789,22.602888107299805,170895552
2021-09-13,2800.HK,26.540000915527344,26.540000915527344,26.219999313354492,26.459999084472656,22.282873153686523,202536124
2021-09-14,2800.HK,26.479999542236328,26.559999465942383,26.020000457763672,26.15999984741211,22.030235290527344,185164908
2021-09-15,2800.HK,26.0,26.079999923706055,25.639999389648438,25.780000686645508,21.710222244262695,204130999
2021-09-16,2800.HK,25.700000762939453,25.700000762939453,25.15999984741211,25.360000610351562,21.356525421142578,127594016
2021-09-17,2800.HK,25.299999237060547,25.579999923706055,25.079999923706055,25.579999923706055,21.541797637939453,84603738
2021-09-20,2800.HK,25.34000015258789,25.34000015258789,24.520000457763672,24.760000228881836,20.851247787475586,292965897
2021-09-21,2800.HK,24.559999465942383,24.920000076293945,24.440000534057617,24.860000610351562,20.93545913696289,218963432
2021-09-23,2800.HK,25.18000030517578,25.479999542236328,24.959999084472656,25.18000030517578,21.204944610595703,187960886
2021-09-24,2800.HK,25.100000381469727,25.280000686645508,24.719999313354492,24.860000610351562,20.93545913696289,83459287
2021-09-27,2800.HK,24.799999237060547,25.15999984741211,24.799999237060547,24.81999969482422,20.90177345275879,104754659
2021-09-28,2800.HK,24.899999618530273,25.31999969482422,24.8799991607666,25.1200008392334,21.154417037963867,235192042
2021-09-29,2800.HK,24.979999542236328,25.360000610351562,24.700000762939453,25.31999969482422,21.322845458984375,212061623
2021-09-30,2800.HK,25.15999984741211,25.31999969482422,25.0,25.219999313354492,21.23862648010254,71078931
2021-10-04,2800.HK,25.15999984741211,25.15999984741211,24.559999465942383,24.719999313354492,20.81755828857422,149813771
2021-10-05,2800.HK,24.440000534057617,24.860000610351562,24.360000610351562,24.760000228881836,20.851247787475586,180428381
2021-10-06,2800.HK,24.8799991607666,24.8799991607666,24.459999084472656,24.6200008392334,20.733346939086914,242161618
2021-10-07,2800.HK,24.940000534057617,25.420000076293945,24.940000534057617,25.360000610351562,21.356525421142578,71846188
2021-10-08,2800.HK,25.6200008392334,25.639999389648438,25.280000686645508,25.479999542236328,21.457582473754883,258944983
2021-10-11,2800.HK,25.700000762939453,26.100000381469727,25.700000762939453,25.940000534057617,21.8449649810791,126088908
2021-10-12,2800.HK,25.700000762939453,25.84000015258789,25.540000915527344,25.600000381469727,21.558637619018555,144967252
2021-10-15,2800.HK,25.81999969482422,25.979999542236328,25.579999923706055,25.979999542236328,21.878650665283203,198904310
2021-10-18,2800.HK,26.079999923706055,26.100000381469727,25.780000686645508,26.100000381469727,21.979707717895508,169890340
2021-10-19,2800.HK,26.15999984741211,26.5,26.139999389648438,26.440000534057617,22.266033172607422,109018342
2021-10-20,2800.HK,26.65999984741211,26.8799991607666,26.559999465942383,26.81999969482422,22.586044311523438,168641518
2021-10-21,2800.HK,26.799999237060547,26.899999618530273,26.5,26.6200008392334,22.41761589050293,203081360
2021-10-22,2800.HK,26.760000228881836,26.84000015258789,26.639999389648438,26.760000228881836,22.5355167388916,114325908
2021-10-25,2800.HK,26.68000030517578,26.8799991607666,26.579999923706055,26.780000686645508,22.55236053466797,63407691
2021-10-26,2800.HK,26.8799991607666,26.8799991607666,26.559999465942383,26.68000030517578,22.4681453704834,112252731
2021-10-27,2800.HK,26.440000534057617,26.440000534057617,26.219999313354492,26.280000686645508,22.131288528442383,100978240
2021-10-28,2800.HK,26.280000686645508,26.399999618530273,26.1200008392334,26.18000030517578,22.04707908630371,133484358
2021-10-29,2800.HK,25.639999389648438,25.639999389648438,25.440000534057617,25.520000457763672,21.94389533996582,119120618
2021-11-01,2800.HK,25.420000076293945,25.440000534057617,25.100000381469727,25.299999237060547,21.754722595214844,119223633
2021-11-02,2800.HK,25.639999389648438,25.760000228881836,25.15999984741211,25.299999237060547,21.754722595214844,118401062
2021-11-03,2800.HK,25.18000030517578,25.31999969482422,24.920000076293945,25.15999984741211,21.634340286254883,126020555
2021-11-04,2800.HK,25.260000228881836,25.3799991607666,25.1200008392334,25.3799991607666,21.823511123657227,80502478
2021-11-05,2800.HK,25.1200008392334,25.18000030517578,24.84000015258789,25.079999923706055,21.565549850463867,158204889
2021-11-08,2800.HK,24.979999542236328,24.979999542236328,24.799999237060547,24.959999084472656,21.46236228942871,155069948
2021-11-09,2800.HK,25.059999465942383,25.100000381469727,24.81999969482422,24.959999084472656,21.46236228942871,83223048
2021-11-10,2800.HK,24.899999618530273,25.15999984741211,24.600000381469727,25.15999984741211,21.634340286254883,208461285
2021-11-11,2800.HK,25.020000457763672,25.479999542236328,24.940000534057617,25.440000534057617,21.875102996826172,92441060
2021-11-12,2800.HK,25.65999984741211,25.65999984741211,25.34000015258789,25.5,21.926698684692383,105369599
2021-11-15,2800.HK,25.559999465942383,25.600000381469727,25.360000610351562,25.559999465942383,21.978288650512695,91847053
2021-11-16,2800.HK,25.600000381469727,25.899999618530273,25.540000915527344,25.799999237060547,22.184654235839844,106885999
2021-11-17,2800.HK,25.739999771118164,25.799999237060547,25.639999389648438,25.780000686645508,22.167457580566406,136394741
2021-11-18,2800.HK,25.520000457763672,25.559999465942383,25.360000610351562,25.399999618530273,21.840709686279297,125771052
2021-11-19,2800.HK,25.100000381469727,25.219999313354492,24.940000534057617,25.18000030517578,21.651540756225586,156635814
2021-11-22,2800.HK,25.200000762939453,25.260000228881836,25.020000457763672,25.100000381469727,21.582748413085938,90297639
2021-11-23,2800.HK,24.860000610351562,24.959999084472656,24.739999771118164,24.81999969482422,21.34198570251465,125764402
2021-11-24,2800.HK,24.8799991607666,25.0,24.700000762939453,24.860000610351562,21.37637710571289,91987875
2021-11-25,2800.HK,24.81999969482422,24.920000076293945,24.65999984741211,24.920000076293945,21.4279727935791,120091303
2021-11-26,2800.HK,24.68000030517578,24.68000030517578,24.200000762939453,24.260000228881836,20.860456466674805,127849172
2021-11-29,2800.HK,24.1200008392334,24.299999237060547,23.899999618530273,24.139999389648438,20.75727081298828,209546164
2021-11-30,2800.HK,24.100000381469727,24.100000381469727,23.299999237060547,23.6200008392334,20.31014060974121,228092887
2021-12-01,2800.HK,23.719999313354492,24.020000457763672,23.700000762939453,23.84000015258789,20.499313354492188,69429514
2021-12-02,2800.HK,23.739999771118164,23.959999084472656,23.65999984741211,23.959999084472656,20.602495193481445,120228802
2021-12-03,2800.HK,23.8799991607666,23.959999084472656,23.579999923706055,23.920000076293945,20.56810188293457,137673000
2021-12-06,2800.HK,23.600000381469727,23.780000686645508,23.459999084472656,23.5,20.20695686340332,156605173
2021-12-07,2800.HK,23.81999969482422,24.139999389648438,23.65999984741211,24.139999389648438,20.75727081298828,119866887
2021-12-08,2800.HK,24.200000762939453,24.219999313354492,24.040000915527344,24.15999984741211,20.77446746826172,87442525
2021-12-09,2800.HK,24.299999237060547,24.459999084472656,24.299999237060547,24.3799991607666,20.963640213012695,85882002
2021-12-10,2800.HK,24.219999313354492,24.3799991607666,24.059999465942383,24.1200008392334,20.740074157714844,116763136
2021-12-13,2800.HK,24.360000610351562,24.520000457763672,24.079999923706055,24.139999389648438,20.75727081298828,104282674
2021-12-14,2800.HK,23.84000015258789,23.959999084472656,23.719999313354492,23.760000228881836,20.430519104003906,109230893
2021-12-15,2800.HK,23.81999969482422,23.8799991607666,23.479999542236328,23.579999923706055,20.275745391845703,119409660
2021-12-16,2800.HK,23.520000457763672,23.68000030517578,23.299999237060547,23.65999984741211,20.344533920288086,188671973
2021-12-17,2800.HK,23.639999389648438,23.639999389648438,23.299999237060547,23.34000015258789,20.06937599182129,172463532
2021-12-20,2800.HK,23.219999313354492,23.299999237060547,22.81999969482422,22.899999618530273,19.691030502319336,120704654
2021-12-21,2800.HK,22.920000076293945,23.219999313354492,22.8799991607666,23.100000381469727,19.863006591796875,144791716
2021-12-22,2800.HK,23.31999969482422,23.3799991607666,23.1200008392334,23.200000762939453,19.94899559020996,61533742
2021-12-23,2800.HK,23.299999237060547,23.399999618530273,23.18000030517578,23.34000015258789,20.06937599182129,96107039
2021-12-24,2800.HK,23.520000457763672,23.520000457763672,23.31999969482422,23.3799991607666,20.10376739501953,23398952
2021-12-28,2800.HK,23.399999618530273,23.459999084472656,23.239999771118164,23.420000076293945,20.138164520263672,89272826
2021-12-29,2800.HK,23.3799991607666,23.3799991607666,23.139999389648438,23.200000762939453,19.94899559020996,103755282
2021-12-30,2800.HK,23.219999313354492,23.399999618530273,23.1200008392334,23.280000686645508,20.017784118652344,177232854
2021-12-31,2800.HK,23.639999389648438,23.739999771118164,23.520000457763672,23.520000457763672,20.224151611328125,47803685
2022-01-03,2800.HK,23.65999984741211,23.760000228881836,23.34000015258789,23.399999618530273,20.120967864990234,100227198
2022-01-04,2800.HK,23.520000457763672,23.579999923706055,23.280000686645508,23.440000534057617,20.155364990234375,74708335
2022-01-05,2800.HK,23.440000534057617,23.440000534057617,23.0,23.040000915527344,19.811416625976562,149530742
2022-01-06,2800.HK,23.0,23.219999313354492,22.860000610351562,23.219999313354492,19.966190338134766,116238361
2022-01-07,2800.HK,23.399999618530273,23.65999984741211,23.280000686645508,23.639999389648438,20.327333450317383,169287010
2022-01-10,2800.HK,23.6200008392334,23.920000076293945,23.540000915527344,23.84000015258789,20.499313354492188,187033452
2022-01-11,2800.HK,23.81999969482422,24.0,23.700000762939453,23.860000610351562,20.51650619506836,139938734
2022-01-12,2800.HK,24.1200008392334,24.520000457763672,24.1200008392334,24.5,21.06682777404785,193702156
2022-01-13,2800.HK,24.639999389648438,24.68000030517578,24.440000534057617,24.559999465942383,21.118417739868164,136488810
2022-01-14,2800.HK,24.299999237060547,24.520000457763672,24.280000686645508,24.479999542236328,21.04962730407715,163330265
2022-01-17,2800.HK,24.479999542236328,24.540000915527344,24.239999771118164,24.34000015258789,20.92924690246582,133736058
2022-01-18,2800.HK,24.3799991607666,24.540000915527344,24.15999984741211,24.260000228881836,20.860456466674805,121488166
2022-01-19,2800.HK,24.260000228881836,24.420000076293945,24.100000381469727,24.219999313354492,20.826059341430664,86583949
2022-01-20,2800.HK,24.360000610351562,25.100000381469727,24.360000610351562,25.079999923706055,21.565549850463867,120509638
2022-01-21,2800.HK,25.0,25.1200008392334,24.8799991607666,25.059999465942383,21.548355102539062,68885753
2022-01-24,2800.HK,24.899999618530273,24.940000534057617,24.719999313354492,24.799999237060547,21.324783325195312,112373404
2022-01-25,2800.HK,24.360000610351562,24.520000457763672,24.139999389648438,24.399999618530273,20.980838775634766,293789413
2022-01-26,2800.HK,24.5,24.6200008392334,24.260000228881836,24.399999618530273,20.980838775634766,180807801
2022-01-27,2800.HK,24.260000228881836,24.260000228881836,23.700000762939453,23.920000076293945,20.56810188293457,291671561
2022-01-28,2800.HK,23.979999542236328,24.020000457763672,23.639999389648438,23.68000030517578,20.36173439025879,162818577
2022-01-31,2800.HK,24.0,24.0,24.0,24.0,20.636890411376953,0
2022-02-04,2800.HK,24.3799991607666,24.760000228881836,24.280000686645508,24.700000762939453,21.238800048828125,220027120
2022-02-07,2800.HK,24.68000030517578,24.739999771118164,24.5,24.68000030517578,21.221601486206055,147467524
2022-02-08,2800.HK,24.68000030517578,24.700000762939453,24.299999237060547,24.479999542236328,21.04962730407715,112232200
2022-02-09,2800.HK,24.860000610351562,25.040000915527344,24.81999969482422,24.959999084472656,21.46236228942871,108838723
2022-02-10,2800.HK,25.15999984741211,25.15999984741211,24.799999237060547,25.040000915527344,21.53115463256836,165812867
2022-02-11,2800.HK,24.959999084472656,25.100000381469727,24.8799991607666,25.020000457763672,21.513957977294922,161166266
2022-02-14,2800.HK,24.81999969482422,24.8799991607666,24.6200008392334,24.68000030517578,21.221601486206055,117839230
2022-02-15,2800.HK,24.600000381469727,24.719999313354492,24.360000610351562,24.459999084472656,21.03243064880371,97270099
2022-02-16,2800.HK,24.719999313354492,24.899999618530273,24.68000030517578,24.81999969482422,21.34198570251465,83316978
2022-02-17,2800.HK,24.8799991607666,25.020000457763672,24.65999984741211,24.920000076293945,21.4279727935791,79639813
2022-02-18,2800.HK,24.84000015258789,24.899999618530273,24.420000076293945,24.479999542236328,21.04962730407715,157742281
2022-02-21,2800.HK,24.239999771118164,24.360000610351562,24.139999389648438,24.34000015258789,20.92924690246582,206095688
2022-02-22,2800.HK,23.899999618530273,23.959999084472656,23.479999542236328,23.6200008392334,20.31014060974121,245696511
2022-02-23,2800.HK,23.700000762939453,23.8799991607666,23.639999389648438,23.799999237060547,20.464916229248047,105482891
2022-02-24,2800.HK,23.34000015258789,23.5,22.920000076293945,23.059999465942383,19.828609466552734,275542543
2022-02-25,2800.HK,23.079999923706055,23.18000030517578,22.860000610351562,22.920000076293945,19.70823097229004,161061239
2022-02-28,2800.HK,22.899999618530273,22.920000076293945,22.540000915527344,22.8799991607666,19.673837661743164,150645680
2022-03-01,2800.HK,22.8799991607666,23.059999465942383,22.700000762939453,22.8799991607666,19.673837661743164,79088077
2022-03-02,2800.HK,22.68000030517578,22.81999969482422,22.420000076293945,22.5,19.347082138061523,76953861
2022-03-03,2800.HK,22.579999923706055,22.65999984741211,22.5,22.639999389648438,19.467466354370117,94225845
2022-03-04,2800.HK,22.1200008392334,22.15999984741211,21.959999084472656,22.059999465942383,18.968740463256836,192679175
2022-03-07,2800.HK,21.5,21.5,20.959999084472656,21.219999313354492,18.246450424194336,217260223
2022-03-08,2800.HK,21.280000686645508,21.440000534057617,20.760000228881836,20.8799991607666,17.95409393310547,262888986
2022-03-09,2800.HK,21.0,21.1200008392334,20.239999771118164,20.780000686645508,17.868106842041016,385661835
2022-03-10,2800.HK,21.18000030517578,21.299999237060547,20.899999618530273,21.100000381469727,18.143266677856445,189308317
2022-03-11,2800.HK,20.600000381469727,20.979999542236328,20.260000228881836,20.799999237060547,17.88530158996582,299614705
2022-03-14,2800.HK,20.420000076293945,20.420000076293945,19.6200008392334,19.799999237060547,17.025434494018555,374531525
2022-03-15,2800.HK,19.299999237060547,19.59000015258789,18.440000534057617,18.649999618530273,16.036579132080078,725229821
2022-03-16,2800.HK,19.149999618530273,20.31999969482422,18.760000228881836,20.239999771118164,17.403776168823242,959365527
2022-03-17,2800.HK,21.399999618530273,21.68000030517578,20.959999084472656,21.68000030517578,18.64198875427246,446335081
2022-03-18,2800.HK,21.399999618530273,21.84000015258789,21.1200008392334,21.65999984741211,18.624794006347656,346781338
2022-03-21,2800.HK,22.0,22.0,21.280000686645508,21.399999618530273,18.401226043701172,156740616
2022-03-22,2800.HK,21.540000915527344,22.1200008392334,21.459999084472656,22.079999923706055,18.985939025878906,134745528
2022-03-23,2800.HK,22.219999313354492,22.600000381469727,22.15999984741211,22.31999969482422,19.192306518554688,162530898
2022-03-24,2800.HK,22.139999389648438,22.420000076293945,22.079999923706055,22.139999389648438,19.03753089904785,89109173
2022-03-25,2800.HK,21.959999084472656,22.139999389648438,21.479999542236328,21.579999923706055,18.556001663208008,132397848
2022-03-28,2800.HK,21.600000381469727,21.979999542236328,21.420000076293945,21.8799991607666,18.81396484375,91437684
2022-03-29,2800.HK,21.979999542236328,22.1200008392334,21.920000076293945,22.1200008392334,19.020336151123047,151972062
2022-03-30,2800.HK,22.299999237060547,22.579999923706055,22.239999771118164,22.399999618530273,19.261098861694336,123674302
2022-03-31,2800.HK,22.399999618530273,22.420000076293945,22.100000381469727,22.280000686645508,19.157915115356445,67751408
2022-04-01,2800.HK,21.899999618530273,22.260000228881836,21.739999771118164,22.260000228881836,19.140714645385742,150712483
2022-04-04,2800.HK,22.440000534057617,22.739999771118164,22.31999969482422,22.700000762939453,19.519058227539062,141865829
2022-04-06,2800.HK,22.459999084472656,22.459999084472656,22.219999313354492,22.260000228881836,19.140714645385742,93337163
2022-04-07,2800.HK,22.139999389648438,22.420000076293945,21.959999084472656,22.020000457763672,18.93434715270996,158108533
2022-04-08,2800.HK,21.959999084472656,22.100000381469727,21.760000228881836,22.100000381469727,19.003137588500977,159529589
2022-04-11,2800.HK,21.8799991607666,21.8799991607666,21.34000015258789,21.420000076293945,18.418424606323242,229730506
2022-04-12,2800.HK,21.479999542236328,21.719999313354492,21.18000030517578,21.520000457763672,18.504409790039062,160726582
2022-04-13,2800.HK,21.420000076293945,21.719999313354492,21.31999969482422,21.579999923706055,18.556001663208008,165232208
2022-04-14,2800.HK,21.6200008392334,21.799999237060547,21.559999465942383,21.719999313354492,18.67638397216797,160482665
2022-04-19,2800.HK,21.360000610351562,21.399999618530273,21.059999465942383,21.219999313354492,18.246450424194336,223582735
2022-04-20,2800.HK,21.15999984741211,21.420000076293945,21.079999923706055,21.1200008392334,18.160463333129883,100551024
2022-04-21,2800.HK,21.059999465942383,21.1200008392334,20.700000762939453,20.8799991607666,17.95409393310547,255424874
2022-04-22,2800.HK,20.6200008392334,20.920000076293945,20.3799991607666,20.84000015258789,17.91969871520996,198194659
2022-04-25,2800.HK,20.459999084472656,20.459999084472656,20.0,20.15999984741211,17.334989547729492,335529767
2022-04-26,2800.HK,20.219999313354492,20.459999084472656,20.040000915527344,20.139999389648438,17.317790985107422,177785714
2022-04-27,2800.HK,19.950000762939453,20.239999771118164,19.8799991607666,20.139999389648438,17.317790985107422,208013046
2022-04-28,2800.HK,20.219999313354492,20.399999618530273,20.059999465942383,20.3799991607666,17.59404945373535,238588290
2022-04-29,2800.HK,20.299999237060547,21.299999237060547,20.139999389648438,21.219999313354492,18.319215774536133,206283784
2022-05-03,2800.HK,21.040000915527344,21.420000076293945,20.739999771118164,21.219999313354492,18.319215774536133,107559286
2022-05-04,2800.HK,21.219999313354492,21.219999313354492,20.899999618530273,20.979999542236328,18.112024307250977,90084634
2022-05-05,2800.HK,21.280000686645508,21.399999618530273,20.8799991607666,20.8799991607666,18.025693893432617,126517083
2022-05-06,2800.HK,20.3799991607666,20.440000534057617,20.079999923706055,20.139999389648438,17.38685417175293,212494873
2022-05-10,2800.HK,19.459999084472656,19.8700008392334,19.299999237060547,19.719999313354492,17.024269104003906,167354025
2022-05-11,2800.HK,19.670000076293945,20.200000762939453,19.579999923706055,19.959999084472656,17.23145866394043,168822870
2022-05-12,2800.HK,19.6299991607666,19.829999923706055,19.459999084472656,19.469999313354492,16.808443069458008,103657448
2022-05-13,2800.HK,19.670000076293945,20.059999465942383,19.670000076293945,20.0,17.2659912109375,117490271
2022-05-16,2800.HK,20.200000762939453,20.280000686645508,19.8799991607666,20.059999465942383,17.317790985107422,48172951
2022-05-17,2800.HK,20.1200008392334,20.739999771118164,20.1200008392334,20.719999313354492,17.88756561279297,98356864
2022-05-18,2800.HK,20.700000762939453,20.84000015258789,20.5,20.739999771118164,17.904834747314453,142581838
2022-05-19,2800.HK,20.260000228881836,20.420000076293945,20.040000915527344,20.280000686645508,17.50771713256836,133236386
2022-05-20,2800.HK,20.600000381469727,20.940000534057617,20.540000915527344,20.860000610351562,18.00843048095703,160190938
2022-05-23,2800.HK,20.799999237060547,20.799999237060547,20.440000534057617,20.6200008392334,17.801237106323242,150373246
2022-05-24,2800.HK,20.6200008392334,20.700000762939453,20.15999984741211,20.31999969482422,17.54224395751953,198966206
2022-05-25,2800.HK,20.31999969482422,20.579999923706055,20.280000686645508,20.3799991607666,17.59404945373535,112669338
2022-05-26,2800.HK,20.479999542236328,20.479999542236328,20.079999923706055,20.299999237060547,17.524982452392578,174165709
2022-05-27,2800.HK,20.799999237060547,21.0,20.719999313354492,20.920000076293945,18.060226440429688,214806299
2022-05-30,2800.HK,21.139999389648438,21.3799991607666,21.100000381469727,21.31999969482422,18.405546188354492,265929929
2022-05-31,2800.HK,21.299999237060547,21.639999389648438,21.260000228881836,21.6200008392334,18.66453742980957,190120151
2022-06-01,2800.HK,21.68000030517578,21.68000030517578,21.420000076293945,21.520000457763672,18.57820701599121,123915116
2022-06-02,2800.HK,21.280000686645508,21.3799991607666,21.1200008392334,21.34000015258789,18.422813415527344,81242588
2022-06-06,2800.HK,21.5,21.959999084472656,21.280000686645508,21.899999618530273,18.906261444091797,175221440
2022-06-07,2800.HK,21.760000228881836,22.020000457763672,21.65999984741211,21.799999237060547,18.819931030273438,109107533
2022-06-08,2800.HK,22.040000915527344,22.34000015258789,22.0,22.260000228881836,19.21704864501953,134122104
2022-06-09,2800.HK,22.299999237060547,22.440000534057617,22.059999465942383,22.15999984741211,19.130718231201172,144656622
2022-06-10,2800.HK,21.84000015258789,22.239999771118164,21.799999237060547,22.1200008392334,19.096187591552734,163233429
2022-06-13,2800.HK,21.459999084472656,21.6200008392334,21.299999237060547,21.34000015258789,18.422813415527344,177929084
2022-06-14,2800.HK,21.139999389648438,21.479999542236328,21.040000915527344,21.360000610351562,18.44007682800293,183426553
2022-06-15,2800.HK,21.3799991607666,21.739999771118164,21.3799991607666,21.639999389648438,18.681804656982422,205830198
2022-06-16,2800.HK,21.81999969482422,21.84000015258789,21.0,21.15999984741211,18.267417907714844,216838412
2022-06-17,2800.HK,21.079999923706055,21.479999542236328,21.040000915527344,21.459999084472656,18.526409149169922,143787848
2022-06-20,2800.HK,21.399999618530273,21.520000457763672,21.18000030517578,21.520000457763672,18.57820701599121,148421430
2022-06-21,2800.HK,21.6200008392334,21.899999618530273,21.5,21.8799991607666,18.888996124267578,109510200
2022-06-22,2800.HK,21.799999237060547,21.81999969482422,21.34000015258789,21.34000015258789,18.422813415527344,146217481
2022-06-23,2800.HK,21.479999542236328,21.799999237060547,21.360000610351562,21.6200008392334,18.66453742980957,75195644
2022-06-24,2800.HK,21.780000686645508,22.100000381469727,21.760000228881836,22.040000915527344,19.027124404907227,160960759
2022-06-27,2800.HK,22.299999237060547,22.739999771118164,22.299999237060547,22.579999923706055,19.493305206298828,228885478
2022-06-28,2800.HK,22.5,22.799999237060547,22.299999237060547,22.719999313354492,19.614164352416992,129104801
2022-06-29,2800.HK,22.5,22.700000762939453,22.260000228881836,22.3799991607666,19.320642471313477,189812471
2022-06-30,2800.HK,22.3799991607666,22.520000457763672,22.1200008392334,22.280000686645508,19.234315872192383,135900539
2022-07-04,2800.HK,22.200000762939453,22.360000610351562,21.899999618530273,22.280000686645508,19.234315872192383,117672839
2022-07-05,2800.HK,22.540000915527344,22.65999984741211,22.280000686645508,22.31999969482422,19.268848419189453,142234384
2022-07-06,2800.HK,22.239999771118164,22.299999237060547,21.760000228881836,22.020000457763672,19.009857177734375,195911748
2022-07-07,2800.HK,21.959999084472656,22.18000030517578,21.739999771118164,22.18000030517578,19.147985458374023,111410111
2022-07-08,2800.HK,22.479999542236328,22.5,22.139999389648438,22.219999313354492,19.18251609802246,241540824
2022-07-11,2800.HK,22.0,22.0,21.520000457763672,21.639999389648438,18.681804656982422,181809122
2022-07-12,2800.HK,21.5,21.600000381469727,21.299999237060547,21.360000610351562,18.44007682800293,223568540
2022-07-13,2800.HK,21.3799991607666,21.559999465942383,21.260000228881836,21.34000015258789,18.422813415527344,126107341
2022-07-14,2800.HK,21.299999237060547,21.399999618530273,21.059999465942383,21.239999771118164,18.336483001708984,180926111
2022-07-15,2800.HK,21.040000915527344,21.18000030517578,20.719999313354492,20.84000015258789,17.99116325378418,237612829
2022-07-18,2800.HK,20.940000534057617,21.399999618530273,20.81999969482422,21.360000610351562,18.44007682800293,347911100
2022-07-19,2800.HK,21.239999771118164,21.280000686645508,21.059999465942383,21.219999313354492,18.319215774536133,148132638
2022-07-20,2800.HK,21.440000534057617,21.639999389648438,21.399999618530273,21.440000534057617,18.509143829345703,148406712
2022-07-21,2800.HK,21.31999969482422,21.34000015258789,21.020000457763672,21.079999923706055,18.198352813720703,154950274
2022-07-22,2800.HK,21.18000030517578,21.31999969482422,21.040000915527344,21.100000381469727,18.21562385559082,150992320
2022-07-25,2800.HK,20.959999084472656,21.1200008392334,20.860000610351562,21.1200008392334,18.232891082763672,275555313
2022-07-26,2800.HK,21.1200008392334,21.479999542236328,21.1200008392334,21.459999084472656,18.526409149169922,350877249
2022-07-27,2800.HK,21.260000228881836,21.299999237060547,21.100000381469727,21.200000762939453,18.301952362060547,225013358
2022-07-28,2800.HK,21.280000686645508,21.299999237060547,21.040000915527344,21.1200008392334,18.232891082763672,109339105
2022-07-29,2800.HK,21.1200008392334,21.18000030517578,20.559999465942383,20.68000030517578,17.85303497314453,263380071
2022-08-01,2800.HK,20.540000915527344,20.760000228881836,20.399999618530273,20.68000030517578,17.85303497314453,204872347
2022-08-02,2800.HK,20.420000076293945,20.420000076293945,20.020000457763672,20.200000762939453,17.43865394592285,212381789
2022-08-03,2800.HK,20.399999618530273,20.440000534057617,20.200000762939453,20.280000686645508,17.50771713256836,113976872
2022-08-04,2800.HK,20.479999542236328,20.739999771118164,20.479999542236328,20.68000030517578,17.85303497314453,120567418
2022-08-05,2800.HK,20.739999771118164,20.799999237060547,20.600000381469727,20.700000762939453,17.870304107666016,74586466
2022-08-08,2800.HK,20.6200008392334,20.700000762939453,20.459999084472656,20.559999465942383,17.749439239501953,133055217
2022-08-09,2800.HK,20.559999465942383,20.780000686645508,20.360000610351562,20.5,17.697641372680664,99052923
2022-08-10,2800.HK,20.479999542236328,20.479999542236328,19.989999771118164,20.139999389648438,17.38685417175293,112519454
2022-08-11,2800.HK,20.360000610351562,20.600000381469727,20.31999969482422,20.579999923706055,17.766704559326172,107900523
2022-08-12,2800.HK,20.579999923706055,20.739999771118164,20.540000915527344,20.719999313354492,17.88756561279297,177748177
2022-08-15,2800.HK,20.579999923706055,20.780000686645508,20.5,20.579999923706055,17.766704559326172,90812276
2022-08-16,2800.HK,20.600000381469727,20.700000762939453,20.200000762939453,20.34000015258789,17.559511184692383,108748831
2022-08-17,2800.HK,20.5,20.600000381469727,20.31999969482422,20.420000076293945,17.628578186035156,66299725
2022-08-18,2800.HK,20.520000457763672,20.520000457763672,20.200000762939453,20.280000686645508,17.50771713256836,126065303
2022-08-19,2800.HK,20.200000762939453,20.440000534057617,20.18000030517578,20.31999969482422,17.54224395751953,125036387
2022-08-22,2800.HK,20.15999984741211,20.3799991607666,20.100000381469727,20.280000686645508,17.50771713256836,75218569
2022-08-23,2800.HK,20.18000030517578,20.239999771118164,19.90999984741211,20.040000915527344,17.300525665283203,210017061
2022-08-24,2800.HK,20.079999923706055,20.079999923706055,19.719999313354492,19.799999237060547,17.093332290649414,124167267
2022-08-25,2800.HK,19.959999084472656,20.520000457763672,19.959999084472656,20.5,17.697641372680664,122769830
2022-08-26,2800.HK,20.700000762939453,20.739999771118164,20.600000381469727,20.700000762939453,17.870304107666016,158081097
2022-08-29,2800.HK,20.479999542236328,20.6200008392334,20.420000076293945,20.520000457763672,17.714908599853516,105587191
2022-08-30,2800.HK,20.520000457763672,20.579999923706055,20.18000030517578,20.5,17.697641372680664,123537922
2022-08-31,2800.HK,20.15999984741211,20.719999313354492,20.100000381469727,20.5,17.697641372680664,82764525
2022-09-01,2800.HK,20.31999969482422,20.399999618530273,20.100000381469727,20.200000762939453,17.43865394592285,143801531
2022-09-02,2800.HK,20.200000762939453,20.200000762939453,19.90999984741211,20.040000915527344,17.300525665283203,177306346
2022-09-05,2800.HK,19.84000015258789,19.8700008392334,19.6299991607666,19.799999237060547,17.093332290649414,105819505
2022-09-06,2800.HK,19.8799991607666,19.969999313354492,19.709999084472656,19.809999465942383,17.101964950561523,160937964
2022-09-07,2800.HK,19.489999771118164,19.700000762939453,19.420000076293945,19.670000076293945,16.981103897094727,191017912
2022-09-08,2800.HK,19.690000534057617,19.690000534057617,19.43000030517578,19.479999542236328,16.817075729370117,103353915
2022-09-09,2800.HK,19.540000915527344,20.059999465942383,19.540000915527344,20.0,17.2659912109375,156423869
2022-09-13,2800.HK,20.059999465942383,20.139999389648438,19.940000534057617,19.969999313354492,17.24009132385254,123836680
2022-09-14,2800.HK,19.549999237060547,19.6200008392334,19.43000030517578,19.5,16.83434295654297,317277119
2022-09-15,2800.HK,19.5,19.649999618530273,19.489999771118164,19.559999465942383,16.886138916015625,82111227
2022-09-16,2800.HK,19.389999389648438,19.559999465942383,19.309999465942383,19.399999618530273,16.748010635375977,215903004
2022-09-19,2800.HK,19.360000610351562,19.360000610351562,19.139999389648438,19.190000534057617,16.566722869873047,373475875
2022-09-20,2800.HK,19.360000610351562,19.520000457763672,19.329999923706055,19.440000534057617,16.782543182373047,49941489
2022-09-21,2800.HK,19.299999237060547,19.299999237060547,19.09000015258789,19.110000610351562,16.497657775878906,255186950
2022-09-22,2800.HK,18.75,18.84000015258789,18.6200008392334,18.809999465942383,16.238664627075195,133429891
2022-09-23,2800.HK,18.719999313354492,18.81999969482422,18.579999923706055,18.579999923706055,16.040103912353516,106938227
2022-09-26,2800.HK,18.440000534057617,18.729999542236328,18.3799991607666,18.5,15.971039772033691,143362187
2022-09-27,2800.HK,18.520000457763672,18.559999465942383,18.299999237060547,18.520000457763672,15.988308906555176,330720570
2022-09-28,2800.HK,18.329999923706055,18.329999923706055,17.81999969482422,17.899999618530273,15.453062057495117,361393488
2022-09-29,2800.HK,18.200000762939453,18.280000686645508,17.670000076293945,17.799999237060547,15.366730690002441,160991346
2022-09-30,2800.HK,17.799999237060547,17.989999771118164,17.68000030517578,17.889999389648438,15.444430351257324,108560912
2022-10-03,2800.HK,17.700000762939453,17.899999618530273,17.559999465942383,17.709999084472656,15.28903579711914,189921232
2022-10-05,2800.HK,18.43000030517578,18.829999923706055,18.31999969482422,18.729999542236328,16.169601440429688,264927739
2022-10-06,2800.HK,18.729999542236328,18.799999237060547,18.6200008392334,18.65999984741211,16.10917091369629,94240881
2022-10-07,2800.HK,18.489999771118164,18.540000915527344,18.3799991607666,18.3799991607666,15.867446899414062,137434083
2022-10-10,2800.HK,18.18000030517578,18.18000030517578,17.829999923706055,17.850000381469727,15.40989875793457,257758343
2022-10-11,2800.HK,17.850000381469727,17.8700008392334,17.440000534057617,17.489999771118164,15.099108695983887,289600361
2022-10-12,2800.HK,17.399999618530273,17.690000534057617,17.09000015258789,17.350000381469727,14.978248596191406,285393191
2022-10-13,2800.HK,17.350000381469727,17.3700008392334,17.049999237060547,17.059999465942383,14.727890968322754,147101583
2022-10-14,2800.HK,17.31999969482422,17.68000030517578,17.18000030517578,17.229999542236328,14.874650955200195,164354900
2022-10-17,2800.HK,17.139999389648438,17.40999984741211,16.969999313354492,17.239999771118164,14.883284568786621,286880367
2022-10-18,2800.HK,17.549999237060547,17.559999465942383,17.200000762939453,17.559999465942383,15.159540176391602,206136837
2022-10-19,2800.HK,17.459999084472656,17.59000015258789,17.15999984741211,17.170000076293945,14.822853088378906,155581296
2022-10-20,2800.HK,16.899999618530273,17.110000610351562,16.670000076293945,16.920000076293945,14.60702896118164,342339454
2022-10-21,2800.HK,16.979999542236328,17.020000457763672,16.780000686645508,16.8700008392334,14.563865661621094,378234002
2022-10-24,2800.HK,16.600000381469727,16.649999618530273,15.739999771118164,15.819999694824219,13.657400131225586,317425889
2022-10-25,2800.HK,15.899999618530273,16.079999923706055,15.59000015258789,15.819999694824219,13.657400131225586,340821044
2022-10-26,2800.HK,15.75,16.229999542236328,15.680000305175781,15.970000267028809,13.786894798278809,201901447
2022-10-27,2800.HK,16.34000015258789,16.479999542236328,16.059999465942383,16.06999969482422,13.873225212097168,508498271
2022-10-28,2800.HK,15.5,15.539999961853027,14.859999656677246,14.9399995803833,13.363377571105957,388117611
2022-10-31,2800.HK,14.890000343322754,15.199999809265137,14.680000305175781,14.819999694824219,13.256040573120117,363565312
2022-11-01,2800.HK,14.920000076293945,15.710000038146973,14.920000076293945,15.550000190734863,13.909003257751465,216915104
2022-11-02,2800.HK,15.479999542236328,15.949999809265137,15.359999656677246,15.90999984741211,14.231013298034668,154594846
2022-11-03,2800.HK,15.510000228881836,15.699999809265137,15.380000114440918,15.420000076293945,13.792722702026367,144894094
2022-11-04,2800.HK,15.539999961853027,16.610000610351562,15.529999732971191,16.229999542236328,14.517241477966309,484977332
2022-11-07,2800.HK,16.100000381469727,16.93000030517578,16.040000915527344,16.68000030517578,14.919755935668945,347634420
2022-11-08,2800.HK,16.729999542236328,16.81999969482422,16.530000686645508,16.670000076293945,14.910810470581055,349329022
2022-11-09,2800.HK,16.649999618530273,16.84000015258789,16.309999465942383,16.459999084472656,14.722970008850098,366932326
2022-11-10,2800.HK,16.25,16.25,16.030000686645508,16.200000762939453,14.490408897399902,155635904
2022-11-11,2800.HK,17.020000457763672,17.469999313354492,16.940000534057617,17.420000076293945,15.5816650390625,263096115
2022-11-14,2800.HK,17.920000076293945,18.1200008392334,17.6299991607666,17.700000762939453,15.832114219665527,259607090
2022-11-15,2800.HK,17.780000686645508,18.459999084472656,17.65999984741211,18.450000762939453,16.50296401977539,556637525
2022-11-16,2800.HK,18.260000228881836,18.520000457763672,18.139999389648438,18.360000610351562,16.42246437072754,498628718
2022-11-17,2800.HK,18.139999389648438,18.34000015258789,17.81999969482422,18.149999618530273,16.2346248626709,490982278
2022-11-18,2800.HK,18.420000076293945,18.489999771118164,18.0,18.079999923706055,16.172014236450195,340531577
2022-11-21,2800.HK,17.729999542236328,17.8700008392334,17.489999771118164,17.770000457763672,15.89472770690918,554634830
2022-11-22,2800.HK,17.709999084472656,17.8700008392334,17.399999618530273,17.520000457763672,15.67110824584961,684833985
2022-11-23,2800.HK,17.6200008392334,17.75,17.479999542236328,17.6200008392334,15.7605562210083,222595272
2022-11-24,2800.HK,17.799999237060547,17.8799991607666,17.639999389648438,17.780000686645508,15.903671264648438,359464122
2022-11-25,2800.HK,17.780000686645508,17.780000686645508,17.530000686645508,17.68000030517578,15.81422233581543,318242452
2022-11-28,2800.HK,17.200000762939453,17.479999542236328,16.940000534057617,17.420000076293945,15.5816650390625,455560618
2022-11-29,2800.HK,17.649999618530273,18.31999969482422,17.649999618530273,18.31999969482422,16.386682510375977,615673674
2022-11-30,2800.HK,18.200000762939453,18.770000457763672,18.15999984741211,18.700000762939453,16.72658348083496,337073093
2022-12-01,2800.HK,19.149999618530273,19.350000381469727,18.790000915527344,18.920000076293945,16.923364639282227,470487008
2022-12-02,2800.HK,18.8700008392334,18.959999084472656,18.65999984741211,18.770000457763672,16.789194107055664,249037031
2022-12-05,2800.HK,19.31999969482422,19.65999984741211,19.139999389648438,19.56999969482422,17.504770278930664,317881961
2022-12-06,2800.HK,19.34000015258789,19.690000534057617,19.31999969482422,19.579999923706055,17.513715744018555,549876044
2022-12-07,2800.HK,19.5,19.860000610351562,18.920000076293945,18.979999542236328,16.977031707763672,555736713
2022-12-08,2800.HK,19.06999969482422,19.6299991607666,19.06999969482422,19.559999465942383,17.495824813842773,440705021
2022-12-09,2800.HK,19.600000381469727,20.059999465942383,19.520000457763672,20.0,17.889392852783203,484624668
2022-12-12,2800.HK,19.739999771118164,19.860000610351562,19.5,19.579999923706055,17.513715744018555,455217803
2022-12-13,2800.HK,19.68000030517578,19.84000015258789,19.510000228881836,19.729999542236328,17.647886276245117,110411391
2022-12-14,2800.HK,19.850000381469727,20.0,19.649999618530273,19.799999237060547,17.710498809814453,448417039
2022-12-15,2800.HK,19.75,19.799999237060547,19.360000610351562,19.510000228881836,17.45110511779785,189624944
2022-12-16,2800.HK,19.450000762939453,19.760000228881836,19.260000228881836,19.6200008392334,17.549495697021484,226653781
2022-12-19,2800.HK,19.6200008392334,19.90999984741211,19.389999389648438,19.510000228881836,17.45110511779785,89029468
2022-12-20,2800.HK,19.34000015258789,19.420000076293945,19.020000457763672,19.209999084472656,17.18276023864746,66809845
2022-12-21,2800.HK,19.219999313354492,19.389999389648438,19.190000534057617,19.290000915527344,17.25432014465332,171217871
2022-12-22,2800.HK,19.6299991607666,19.8799991607666,19.610000610351562,19.790000915527344,17.701557159423828,105832842
2022-12-23,2800.HK,19.5,19.81999969482422,19.489999771118164,19.700000762939453,17.621051788330078,203925621
2022-12-28,2800.HK,19.899999618530273,20.239999771118164,19.899999618530273,20.040000915527344,17.9251708984375,175890371
2022-12-29,2800.HK,19.780000686645508,19.899999618530273,19.68000030517578,19.850000381469727,17.75522804260254,80841439
2022-12-30,2800.HK,20.0,20.219999313354492,19.920000076293945,19.920000076293945,17.81783676147461,146012035
2023-01-03,2800.HK,19.729999542236328,20.360000610351562,19.40999984741211,20.260000228881836,18.121957778930664,276470119
2023-01-04,2800.HK,20.420000076293945,20.920000076293945,20.360000610351562,20.920000076293945,18.712305068969727,221589355
2023-01-05,2800.HK,21.31999969482422,21.520000457763672,21.079999923706055,21.18000030517578,18.944868087768555,333239898
2023-01-06,2800.HK,21.360000610351562,21.420000076293945,21.0,21.1200008392334,18.891199111938477,247652051
2023-01-09,2800.HK,21.440000534057617,21.6200008392334,21.34000015258789,21.5,19.231098175048828,481092577
2023-01-10,2800.HK,21.5,21.559999465942383,21.31999969482422,21.459999084472656,19.19532012939453,96693133
2023-01-11,2800.HK,21.579999923706055,21.81999969482422,21.459999084472656,21.579999923706055,19.302656173706055,202421884
2023-01-12,2800.HK,21.719999313354492,21.84000015258789,21.360000610351562,21.639999389648438,19.356319427490234,371843928
2023-01-13,2800.HK,21.739999771118164,21.920000076293945,21.600000381469727,21.860000610351562,19.5531063079834,412522503
2023-01-16,2800.HK,21.959999084472656,22.079999923706055,21.719999313354492,21.84000015258789,19.53521728515625,84303288
2023-01-17,2800.HK,21.81999969482422,21.920000076293945,21.559999465942383,21.700000762939453,19.409992218017578,344850970
2023-01-18,2800.HK,21.68000030517578,21.81999969482422,21.559999465942383,21.81999969482422,19.51732635498047,289978559
2023-01-19,2800.HK,21.6200008392334,21.899999618530273,21.520000457763672,21.780000686645508,19.481552124023438,322888850
2023-01-20,2800.HK,21.940000534057617,22.200000762939453,21.8799991607666,22.18000030517578,19.839336395263672,142972830
2023-01-26,2800.HK,22.540000915527344,22.719999313354492,22.479999542236328,22.719999313354492,20.322351455688477,229743869
2023-01-27,2800.HK,22.739999771118164,22.81999969482422,22.639999389648438,22.780000686645508,20.37601661682129,272920637
2023-01-30,2800.HK,22.739999771118164,22.799999237060547,22.139999389648438,22.219999313354492,19.875118255615234,184341573
2023-01-31,2800.HK,22.299999237060547,22.420000076293945,21.760000228881836,22.0,19.67833137512207,503572809
2023-02-01,2800.HK,22.079999923706055,22.219999313354492,21.84000015258789,22.18000030517578,19.839336395263672,479666800
2023-02-02,2800.HK,22.399999618530273,22.459999084472656,22.059999465942383,22.079999923706055,19.74989128112793,391605251
2023-02-03,2800.HK,21.940000534057617,21.959999084472656,21.579999923706055,21.780000686645508,19.481552124023438,180283045
2023-02-06,2800.HK,21.479999542236328,21.479999542236328,21.219999313354492,21.360000610351562,19.105871200561523,315579676
2023-02-07,2800.HK,21.440000534057617,21.639999389648438,21.399999618530273,21.420000076293945,19.159542083740234,149808429
2023-02-08,2800.HK,21.420000076293945,21.579999923706055,21.299999237060547,21.420000076293945,19.159542083740234,165030479
2023-02-09,2800.HK,21.280000686645508,21.780000686645508,21.280000686645508,21.760000228881836,19.463661193847656,204724850
2023-02-10,2800.HK,21.700000762939453,21.719999313354492,21.280000686645508,21.299999237060547,19.052204132080078,227810882
2023-02-13,2800.HK,21.020000457763672,21.3799991607666,20.940000534057617,21.34000015258789,19.087984085083008,317660809
2023-02-14,2800.HK,21.399999618530273,21.399999618530273,21.200000762939453,21.239999771118164,18.998537063598633,378970189
2023-02-15,2800.HK,21.200000762939453,21.239999771118164,20.84000015258789,20.940000534057617,18.73019790649414,354149899
2023-02-16,2800.HK,21.059999465942383,21.440000534057617,21.020000457763672,21.139999389648438,18.909088134765625,364618674
2023-02-17,2800.HK,21.1200008392334,21.200000762939453,20.84000015258789,20.8799991607666,18.676525115966797,173965448
2023-02-20,2800.HK,20.799999237060547,21.100000381469727,20.719999313354492,21.0,18.78386116027832,653519042
2023-02-21,2800.HK,21.0,21.100000381469727,20.6200008392334,20.68000030517578,18.497631072998047,145615058
2023-02-22,2800.HK,20.600000381469727,20.760000228881836,20.479999542236328,20.540000915527344,18.372407913208008,213586028
2023-02-23,2800.HK,20.520000457763672,20.739999771118164,20.459999084472656,20.479999542236328,18.318740844726562,209489211
2023-02-24,2800.HK,20.31999969482422,20.360000610351562,20.1200008392334,20.239999771118164,18.104066848754883,347656987
2023-02-27,2800.HK,20.020000457763672,20.219999313354492,19.940000534057617,20.079999923706055,17.96095085144043,251802151
2023-02-28,2800.HK,20.15999984741211,20.31999969482422,19.899999618530273,19.989999771118164,17.880449295043945,502112871
2023-03-01,2800.HK,19.989999771118164,20.799999237060547,19.989999771118164,20.760000228881836,18.569190979003906,309216606
2023-03-02,2800.HK,20.559999465942383,20.719999313354492,20.5,20.600000381469727,18.426076889038086,150089673
2023-03-03,2800.HK,20.920000076293945,20.920000076293945,20.68000030517578,20.780000686645508,18.587080001831055,137181461
2023-03-06,2800.HK,20.600000381469727,20.899999618530273,20.600000381469727,20.799999237060547,18.604969024658203,230436832
2023-03-07,2800.HK,20.799999237060547,21.219999313354492,20.540000915527344,20.719999313354492,18.533409118652344,199281776
2023-03-08,2800.HK,20.420000076293945,20.479999542236328,20.18000030517578,20.239999771118164,18.104066848754883,354663901
2023-03-09,2800.HK,20.239999771118164,20.360000610351562,20.100000381469727,20.15999984741211,18.032508850097656,387519706
2023-03-10,2800.HK,19.799999237060547,19.850000381469727,19.479999542236328,19.489999771118164,17.433212280273438,260518243
2023-03-13,2800.HK,19.6200008392334,19.989999771118164,19.559999465942383,19.920000076293945,17.81783676147461,347296917
2023-03-14,2800.HK,19.729999542236328,19.84000015258789,19.31999969482422,19.459999084472656,17.4063777923584,135327100
2023-03-15,2800.HK,19.719999313354492,19.950000762939453,19.6299991607666,19.780000686645508,17.692609786987305,247232332
2023-03-16,2800.HK,19.399999618530273,19.59000015258789,19.299999237060547,19.43000030517578,17.37954330444336,120045940
2023-03-17,2800.HK,19.639999389648438,19.809999465942383,19.520000457763672,19.739999771118164,17.656829833984375,231217004
2023-03-20,2800.HK,19.559999465942383,19.579999923706055,19.030000686645508,19.209999084472656,17.18276023864746,430944986
2023-03-21,2800.HK,19.309999465942383,19.479999542236328,19.219999313354492,19.459999084472656,17.4063777923584,247110624
2023-03-22,2800.HK,19.639999389648438,19.979999542236328,19.639999389648438,19.799999237060547,17.710498809814453,159994115
2023-03-23,2800.HK,19.809999465942383,20.260000228881836,19.719999313354492,20.260000228881836,18.121957778930664,260537182
2023-03-24,2800.HK,20.079999923706055,20.31999969482422,20.040000915527344,20.100000381469727,17.978839874267578,213011092
2023-03-27,2800.HK,20.059999465942383,20.139999389648438,19.700000762939453,19.770000457763672,17.683666229248047,165110708
2023-03-28,2800.HK,19.90999984741211,20.079999923706055,19.760000228881836,20.0,17.889392852783203,205814172
2023-03-29,2800.HK,20.540000915527344,20.68000030517578,20.31999969482422,20.3799991607666,18.229290008544922,322605982
2023-03-30,2800.HK,20.399999618530273,20.540000915527344,20.200000762939453,20.520000457763672,18.354516983032227,344243012
2023-03-31,2800.HK,20.739999771118164,20.920000076293945,20.540000915527344,20.579999923706055,18.408187866210938,156412220
2023-04-03,2800.HK,20.520000457763672,20.68000030517578,20.420000076293945,20.600000381469727,18.426076889038086,234054366
2023-04-04,2800.HK,20.600000381469727,20.600000381469727,20.34000015258789,20.479999542236328,18.318740844726562,223329400
2023-04-06,2800.HK,20.299999237060547,20.559999465942383,20.299999237060547,20.540000915527344,18.372407913208008,210402648
2023-04-11,2800.HK,20.799999237060547,20.979999542236328,20.520000457763672,20.719999313354492,18.533409118652344,158114196
2023-04-12,2800.HK,20.719999313354492,20.719999313354492,20.440000534057617,20.520000457763672,18.354516983032227,96233364
2023-04-13,2800.HK,20.15999984741211,20.559999465942383,20.079999923706055,20.559999465942383,18.390295028686523,208886068
2023-04-14,2800.HK,20.65999984741211,20.700000762939453,20.5,20.700000762939453,18.515522003173828,281900103
2023-04-17,2800.HK,20.559999465942383,21.079999923706055,20.520000457763672,21.020000457763672,18.8017520904541,725077383
2023-04-18,2800.HK,20.899999618530273,20.959999084472656,20.739999771118164,20.84000015258789,18.640745162963867,203561673
2023-04-19,2800.HK,20.799999237060547,20.81999969482422,20.520000457763672,20.559999465942383,18.390295028686523,153282896
2023-04-20,2800.HK,20.579999923706055,20.68000030517578,20.520000457763672,20.600000381469727,18.426076889038086,314734746
2023-04-21,2800.HK,20.520000457763672,20.600000381469727,20.18000030517578,20.239999771118164,18.104066848754883,196293627
2023-04-24,2800.HK,20.200000762939453,20.34000015258789,19.940000534057617,20.15999984741211,18.032508850097656,163737900
2023-04-25,2800.HK,20.100000381469727,20.1200008392334,19.729999542236328,19.81999969482422,17.7283878326416,230233426
2023-04-26,2800.HK,19.709999084472656,20.1200008392334,19.709999084472656,19.93000030517578,17.826780319213867,176644453
2023-04-27,2800.HK,19.920000076293945,20.100000381469727,19.860000610351562,20.040000915527344,17.9251708984375,190272742
2023-04-28,2800.HK,20.040000915527344,20.280000686645508,19.969999313354492,20.0,17.979110717773438,128675561
2023-05-02,2800.HK,20.200000762939453,20.399999618530273,19.8700008392334,19.989999771118164,17.970121383666992,252649888
2023-05-03,2800.HK,19.799999237060547,19.829999923706055,19.6299991607666,19.780000686645508,17.781339645385742,310312104
2023-05-04,2800.HK,19.780000686645508,20.100000381469727,19.780000686645508,20.059999465942383,18.033044815063477,141165404
2023-05-05,2800.HK,20.200000762939453,20.31999969482422,20.059999465942383,20.15999984741211,18.122943878173828,216764011
2023-05-08,2800.HK,20.239999771118164,20.440000534057617,20.18000030517578,20.399999618530273,18.33868980407715,109428230
2023-05-09,2800.HK,20.3799991607666,20.420000076293945,19.93000030517578,19.959999084472656,17.943151473999023,159758803
2023-05-10,2800.HK,20.0,20.0,19.790000915527344,19.8700008392334,17.86224365234375,202367318
2023-05-11,2800.HK,19.959999084472656,19.989999771118164,19.690000534057617,19.860000610351562,17.853256225585938,330161088
2023-05-12,2800.HK,19.979999542236328,19.989999771118164,19.729999542236328,19.75,17.754371643066406,318326205
2023-05-15,2800.HK,19.649999618530273,20.219999313354492,19.6299991607666,20.1200008392334,18.086984634399414,195937519
2023-05-16,2800.HK,20.299999237060547,20.299999237060547,20.020000457763672,20.1200008392334,18.086984634399414,204127050
2023-05-17,2800.HK,20.100000381469727,20.139999389648438,19.65999984741211,19.690000534057617,17.700437545776367,449271304
2023-05-18,2800.HK,19.850000381469727,20.040000915527344,19.760000228881836,19.8799991607666,17.871231079101562,236438991
2023-05-19,2800.HK,19.719999313354492,19.760000228881836,19.489999771118164,19.600000381469727,17.61952781677246,378944154
2023-05-22,2800.HK,19.6200008392334,19.969999313354492,19.56999969482422,19.84000015258789,17.83527946472168,388058397
2023-05-23,2800.HK,19.8799991607666,19.969999313354492,19.549999237060547,19.600000381469727,17.61952781677246,313538897
2023-05-24,2800.HK,19.489999771118164,19.510000228881836,19.229999542236328,19.309999465942383,17.358827590942383,533606839
2023-05-25,2800.HK,19.139999389648438,19.139999389648438,18.81999969482422,18.969999313354492,17.053184509277344,557416519
2023-05-29,2800.HK,19.049999237060547,19.09000015258789,18.719999313354492,18.780000686645508,16.882383346557617,197088444
2023-05-30,2800.HK,18.799999237060547,18.8799991607666,18.59000015258789,18.81999969482422,16.9183406829834,256067879
2023-05-31,2800.HK,18.579999923706055,18.6200008392334,18.25,18.479999542236328,16.61269760131836,222913831
2023-06-01,2800.HK,18.469999313354492,18.670000076293945,18.389999389648438,18.43000030517578,16.5677490234375,972365534
2023-06-02,2800.HK,18.780000686645508,19.229999542236328,18.75,19.190000534057617,17.25095558166504,325044386
2023-06-05,2800.HK,19.25,19.360000610351562,19.110000610351562,19.350000381469727,17.394790649414062,632101444
2023-06-06,2800.HK,19.350000381469727,19.600000381469727,19.239999771118164,19.309999465942383,17.358827590942383,631530343
2023-06-07,2800.HK,19.59000015258789,19.639999389648438,19.440000534057617,19.489999771118164,17.520641326904297,112064082
2023-06-08,2800.HK,19.479999542236328,19.610000610351562,19.350000381469727,19.549999237060547,17.57457733154297,328051399
2023-06-09,2800.HK,19.6299991607666,19.75,19.5,19.65999984741211,17.673465728759766,312754300
2023-06-12,2800.HK,19.670000076293945,19.729999542236328,19.530000686645508,19.700000762939453,17.709423065185547,293890909
2023-06-13,2800.HK,19.639999389648438,19.8799991607666,19.549999237060547,19.829999923706055,17.826290130615234,446592302
2023-06-14,2800.HK,19.81999969482422,19.950000762939453,19.65999984741211,19.700000762939453,17.709423065185547,87887808
2023-06-15,2800.HK,19.899999618530273,20.15999984741211,19.81999969482422,20.139999389648438,18.104965209960938,416576436
2023-06-16,2800.HK,20.200000762939453,20.479999542236328,20.18000030517578,20.34000015258789,18.284757614135742,815067789
2023-06-19,2800.HK,20.299999237060547,20.31999969482422,20.020000457763672,20.200000762939453,18.158903121948242,617238240
2023-06-20,2800.HK,20.18000030517578,20.18000030517578,19.829999923706055,19.920000076293945,17.90719223022461,219533744
2023-06-21,2800.HK,19.6299991607666,19.709999084472656,19.5,19.549999237060547,17.57457733154297,266208924
2023-06-23,2800.HK,19.489999771118164,19.520000457763672,19.1200008392334,19.219999313354492,17.277925491333008,82896056
2023-06-26,2800.HK,19.200000762939453,19.34000015258789,19.100000381469727,19.149999618530273,17.214996337890625,183616061
2023-06-27,2800.HK,19.200000762939453,19.559999465942383,19.200000762939453,19.479999542236328,17.51165199279785,456535342
2023-06-28,2800.HK,19.459999084472656,19.559999465942383,19.360000610351562,19.530000686645508,17.55660057067871,315358228
2023-06-29,2800.HK,19.510000228881836,19.549999237060547,19.18000030517578,19.270000457763672,17.322872161865234,363420085
2023-06-30,2800.HK,19.200000762939453,19.420000076293945,19.18000030517578,19.25,17.30489158630371,129218673
2023-07-03,2800.HK,19.389999389648438,19.729999542236328,19.350000381469727,19.639999389648438,17.655487060546875,308600242
2023-07-04,2800.HK,19.639999389648438,19.799999237060547,19.59000015258789,19.760000228881836,17.76335906982422,227023243
2023-07-05,2800.HK,19.65999984741211,19.739999771118164,19.450000762939453,19.469999313354492,17.50266456604004,629768055
2023-07-06,2800.HK,19.350000381469727,19.479999542236328,18.969999313354492,19.020000457763672,17.098133087158203,244211077
2023-07-07,2800.HK,18.959999084472656,19.020000457763672,18.760000228881836,18.860000610351562,16.954301834106445,401349044
2023-07-10,2800.HK,19.200000762939453,19.280000686645508,18.90999984741211,18.979999542236328,17.06217384338379,269779640
2023-07-11,2800.HK,19.15999984741211,19.309999465942383,19.06999969482422,19.139999389648438,17.20600700378418,423014228
2023-07-12,2800.HK,19.280000686645508,19.440000534057617,19.229999542236328,19.360000610351562,17.403779983520508,351760241
2023-07-13,2800.HK,19.670000076293945,19.889999389648438,19.65999984741211,19.850000381469727,17.844268798828125,274863326
2023-07-14,2800.HK,20.0,20.040000915527344,19.8799991607666,19.899999618530273,17.889211654663086,168726686
2023-07-18,2800.HK,19.81999969482422,19.81999969482422,19.469999313354492,19.510000228881836,17.53862190246582,215593203
2023-07-19,2800.HK,19.3799991607666,19.520000457763672,19.190000534057617,19.440000534057617,17.475696563720703,1023772248
2023-07-20,2800.HK,19.5,19.739999771118164,19.3799991607666,19.399999618530273,17.439735412597656,1013803278
2023-07-21,2800.HK,19.40999984741211,19.68000030517578,19.389999389648438,19.59000015258789,17.610536575317383,328799422
2023-07-24,2800.HK,19.299999237060547,19.450000762939453,19.040000915527344,19.15999984741211,17.223987579345703,591502767
2023-07-25,2800.HK,19.690000534057617,19.969999313354492,19.6200008392334,19.920000076293945,17.90719223022461,456645140
2023-07-26,2800.HK,19.81999969482422,19.920000076293945,19.75,19.860000610351562,17.853256225585938,314329303
2023-07-27,2800.HK,20.020000457763672,20.219999313354492,20.0,20.1200008392334,18.086984634399414,231852778
2023-07-28,2800.HK,19.8799991607666,20.459999084472656,19.8799991607666,20.420000076293945,18.356672286987305,212127578
2023-07-31,2800.HK,20.700000762939453,20.8799991607666,20.520000457763672,20.540000915527344,18.464548110961914,466228318
2023-08-01,2800.HK,20.700000762939453,20.84000015258789,20.399999618530273,20.540000915527344,18.464548110961914,513183289
2023-08-02,2800.HK,20.3799991607666,20.5,19.979999542236328,19.989999771118164,17.970121383666992,120327476
2023-08-03,2800.HK,19.90999984741211,20.18000030517578,19.8700008392334,19.899999618530273,17.889211654663086,175571888
2023-08-04,2800.HK,20.18000030517578,20.3799991607666,19.959999084472656,20.040000915527344,18.015064239501953,448273938
2023-08-07,2800.HK,20.0,20.079999923706055,19.84000015258789,20.040000915527344,18.015064239501953,196709793
2023-08-08,2800.HK,19.889999389648438,19.889999389648438,19.600000381469727,19.690000534057617,17.700437545776367,336072058
2023-08-09,2800.HK,19.559999465942383,19.770000457763672,19.540000915527344,19.760000228881836,17.76335906982422,305526372
2023-08-10,2800.HK,19.639999389648438,19.84000015258789,19.549999237060547,19.780000686645508,17.781339645385742,165410716
2023-08-11,2800.HK,19.780000686645508,19.84000015258789,19.56999969482422,19.6200008392334,17.637508392333984,287674371
2023-08-14,2800.HK,19.209999084472656,19.329999923706055,19.079999923706055,19.299999237060547,17.34984016418457,366771421
2023-08-15,2800.HK,19.149999618530273,19.260000228881836,19.030000686645508,19.110000610351562,17.179040908813477,182198357
2023-08-16,2800.HK,18.850000381469727,18.959999084472656,18.770000457763672,18.850000381469727,16.9453125,518942582
2023-08-17,2800.HK,18.56999969482422,18.93000030517578,18.40999984741211,18.8799991607666,16.972280502319336,467951166
2023-08-18,2800.HK,18.729999542236328,18.84000015258789,18.440000534057617,18.479999542236328,16.61269760131836,525717257
2023-08-21,2800.HK,18.350000381469727,18.389999389648438,18.110000610351562,18.149999618530273,16.316041946411133,393977100
2023-08-22,2800.HK,18.200000762939453,18.489999771118164,18.079999923706055,18.31999969482422,16.46886444091797,407702553
2023-08-23,2800.HK,18.31999969482422,18.520000457763672,18.239999771118164,18.40999984741211,16.54977035522461,156962054
2023-08-24,2800.HK,18.549999237060547,18.799999237060547,18.459999084472656,18.760000228881836,16.864402770996094,176309640
2023-08-25,2800.HK,18.579999923706055,18.670000076293945,18.479999542236328,18.510000228881836,16.639665603637695,171633199
2023-08-28,2800.HK,19.079999923706055,19.079999923706055,18.639999389648438,18.649999618530273,16.765520095825195,188287947
2023-08-29,2800.HK,18.809999465942383,19.1299991607666,18.790000915527344,19.030000686645508,17.10712432861328,204289780
2023-08-30,2800.HK,19.170000076293945,19.290000915527344,18.959999084472656,19.0,17.080154418945312,167047577
2023-08-31,2800.HK,19.1200008392334,19.209999084472656,18.860000610351562,18.93000030517578,17.017227172851562,171923101
2023-09-04,2800.HK,19.139999389648438,19.489999771118164,19.139999389648438,19.420000076293945,17.457714080810547,327943959
2023-09-05,2800.HK,19.290000915527344,19.290000915527344,19.0,19.020000457763672,17.098133087158203,473452386
2023-09-06,2800.HK,18.979999542236328,19.079999923706055,18.829999923706055,19.020000457763672,17.098133087158203,119992179
2023-09-07,2800.HK,19.020000457763672,19.020000457763672,18.770000457763672,18.790000915527344,16.891374588012695,263244686
2023-09-11,2800.HK,18.639999389648438,18.799999237060547,18.459999084472656,18.719999313354492,16.828449249267578,825041742
2023-09-12,2800.HK,18.6299991607666,18.780000686645508,18.510000228881836,18.65999984741211,16.77450942993164,323343860
2023-09-13,2800.HK,18.780000686645508,18.829999923706055,18.56999969482422,18.649999618530273,16.765520095825195,231467019
2023-09-14,2800.HK,18.700000762939453,18.809999465942383,18.559999465942383,18.700000762939453,16.810468673706055,178512576
2023-09-15,2800.HK,18.799999237060547,19.020000457763672,18.670000076293945,18.799999237060547,16.900360107421875,313573668
2023-09-18,2800.HK,18.68000030517578,18.739999771118164,18.5,18.540000915527344,16.666637420654297,514782092
2023-09-19,2800.HK,18.600000381469727,18.649999618530273,18.459999084472656,18.6299991607666,16.747539520263672,284211524
2023-09-20,2800.HK,18.579999923706055,18.639999389648438,18.459999084472656,18.510000228881836,16.639665603637695,188319963
2023-09-21,2800.HK,18.469999313354492,18.469999313354492,18.25,18.280000686645508,16.432907104492188,161053437
2023-09-22,2800.HK,18.200000762939453,18.709999084472656,18.200000762939453,18.700000762939453,16.810468673706055,723638920
2023-09-25,2800.HK,18.469999313354492,18.65999984741211,18.34000015258789,18.34000015258789,16.48684310913086,244693864
2023-09-26,2800.HK,18.280000686645508,18.350000381469727,17.989999771118164,18.09000015258789,16.262104034423828,230331169
2023-09-27,2800.HK,18.110000610351562,18.299999237060547,18.110000610351562,18.25,16.40593910217285,161808669
2023-09-28,2800.HK,18.25,18.25,17.969999313354492,18.0,16.181198120117188,216644621
2023-09-29,2800.HK,18.1299991607666,18.579999923706055,18.1200008392334,18.440000534057617,16.576738357543945,139874906
2023-10-03,2800.HK,18.200000762939453,18.200000762939453,17.81999969482422,17.940000534057617,16.127262115478516,690388145
2023-10-04,2800.HK,17.8799991607666,17.90999984741211,17.719999313354492,17.809999465942383,16.01039695739746,182050965
2023-10-05,2800.HK,17.8799991607666,17.959999084472656,17.829999923706055,17.84000015258789,16.037363052368164,152787666
2023-10-06,2800.HK,17.959999084472656,18.260000228881836,17.959999084472656,18.139999389648438,16.307052612304688,77106910
2023-10-09,2800.HK,18.139999389648438,18.270000457763672,18.06999969482422,18.170000076293945,16.334020614624023,40302890
2023-10-10,2800.HK,18.350000381469727,18.56999969482422,18.280000686645508,18.31999969482422,16.46886444091797,369540767
2023-10-11,2800.HK,18.600000381469727,18.670000076293945,18.540000915527344,18.549999237060547,16.67562484741211,147403103
2023-10-12,2800.HK,18.809999465942383,18.940000534057617,18.809999465942383,18.860000610351562,16.954301834106445,334156238
2023-10-13,2800.HK,18.559999465942383,18.649999618530273,18.420000076293945,18.440000534057617,16.576738357543945,247678645
2023-10-16,2800.HK,18.420000076293945,18.489999771118164,18.239999771118164,18.270000457763672,16.423917770385742,242846599
2023-10-17,2800.HK,18.450000762939453,18.459999084472656,18.31999969482422,18.399999618530273,16.540781021118164,120914997
2023-10-18,2800.HK,18.350000381469727,18.479999542236328,18.260000228881836,18.3799991607666,16.522802352905273,472089717
2023-10-19,2800.HK,18.170000076293945,18.170000076293945,17.90999984741211,17.90999984741211,16.10029411315918,191685343
2023-10-20,2800.HK,17.770000457763672,17.940000534057617,17.75,17.790000915527344,15.992420196533203,221931358
2023-10-24,2800.HK,17.700000762939453,17.770000457763672,17.510000228881836,17.600000381469727,15.821619033813477,264512215
2023-10-25,2800.HK,18.100000381469727,18.1200008392334,17.6299991607666,17.739999771118164,15.947470664978027,137411043
2023-10-26,2800.HK,17.700000762939453,17.809999465942383,17.549999237060547,17.690000534057617,15.902523040771484,250348482
2023-10-27,2800.HK,17.81999969482422,18.149999618530273,17.729999542236328,18.079999923706055,16.253116607666016,114675391
2023-10-30,2800.HK,17.329999923706055,17.530000686645508,17.31999969482422,17.530000686645508,16.253116607666016,255953762
2023-10-31,2800.HK,17.459999084472656,17.459999084472656,17.1200008392334,17.219999313354492,15.965697288513184,267187394
2023-11-01,2800.HK,17.229999542236328,17.270000457763672,17.06999969482422,17.190000534057617,15.937882423400879,154884055
2023-11-02,2800.HK,17.290000915527344,17.559999465942383,17.270000457763672,17.329999923706055,16.06768226623535,220458464
2023-11-03,2800.HK,17.549999237060547,17.81999969482422,17.469999313354492,17.760000228881836,16.46636199951172,197431010
2023-11-06,2800.HK,18.0,18.149999618530273,17.969999313354492,18.06999969482422,16.753782272338867,210117883
2023-11-07,2800.HK,17.959999084472656,18.0,17.760000228881836,17.760000228881836,16.46636199951172,534482625
2023-11-08,2800.HK,17.770000457763672,17.860000610351562,17.639999389648438,17.649999618530273,16.3643741607666,437278114
2023-11-09,2800.HK,17.719999313354492,17.75,17.56999969482422,17.6299991607666,16.3458309173584,324937161
2023-11-10,2800.HK,17.5,17.5,17.290000915527344,17.309999465942383,16.04914093017578,239999973
2023-11-13,2800.HK,17.399999618530273,17.59000015258789,17.239999771118164,17.559999465942383,16.28093147277832,343157684
2023-11-14,2800.HK,17.6299991607666,17.700000762939453,17.479999542236328,17.530000686645508,16.253116607666016,354507016
2023-11-15,2800.HK,17.979999542236328,18.239999771118164,17.899999618530273,18.200000762939453,16.874311447143555,907647461
2023-11-16,2800.HK,18.299999237060547,18.299999237060547,17.84000015258789,17.950000762939453,16.64252281188965,848837317
2023-11-17,2800.HK,17.700000762939453,17.760000228881836,17.540000915527344,17.56999969482422,16.29020118713379,225959683
2023-11-20,2800.HK,17.770000457763672,17.920000076293945,17.670000076293945,17.899999618530273,16.59616470336914,639682092
2023-11-21,2800.HK,18.06999969482422,18.209999084472656,17.81999969482422,17.84000015258789,16.54053497314453,268441843
2023-11-22,2800.HK,17.84000015258789,17.940000534057617,17.780000686645508,17.860000610351562,16.559078216552734,514745241
2023-11-23,2800.HK,17.790000915527344,18.079999923706055,17.719999313354492,18.059999465942383,16.744510650634766,919745413
2023-11-24,2800.HK,17.969999313354492,17.969999313354492,17.68000030517578,17.690000534057617,16.40146255493164,938030971
2023-11-27,2800.HK,17.770000457763672,17.809999465942383,17.489999771118164,17.670000076293945,16.382919311523438,164804297
2023-11-28,2800.HK,17.670000076293945,17.670000076293945,17.440000534057617,17.5,16.225303649902344,507069409
2023-11-29,2800.HK,17.510000228881836,17.510000228881836,17.010000228881836,17.1299991607666,15.882251739501953,606102838
2023-11-30,2800.HK,17.15999984741211,17.209999084472656,17.0,17.190000534057617,15.937882423400879,194941881
2023-12-01,2800.HK,17.190000534057617,17.190000534057617,16.959999084472656,16.969999313354492,15.733904838562012,494693968
2023-12-04,2800.HK,17.1200008392334,17.139999389648438,16.760000228881836,16.790000915527344,15.5670166015625,270670855
2023-12-05,2800.HK,16.760000228881836,16.760000228881836,16.360000610351562,16.459999084472656,15.261054039001465,601193390
2023-12-06,2800.HK,16.5,16.729999542236328,16.3700008392334,16.59000015258789,15.381584167480469,419242811
2023-12-07,2800.HK,16.540000915527344,16.540000915527344,16.280000686645508,16.469999313354492,15.27032470703125,494626123
2023-12-08,2800.HK,16.5,16.600000381469727,16.3799991607666,16.459999084472656,15.261054039001465,363929355
2023-12-11,2800.HK,16.290000915527344,16.40999984741211,16.100000381469727,16.34000015258789,15.149796485900879,536724283
2023-12-12,2800.HK,16.3700008392334,16.559999465942383,16.290000915527344,16.510000228881836,15.307412147521973,473276553
2023-12-13,2800.HK,16.469999313354492,16.469999313354492,16.270000457763672,16.360000610351562,15.168338775634766,157262316
2023-12-14,2800.HK,16.559999465942383,16.719999313354492,16.440000534057617,16.540000915527344,15.335227966308594,805975469
2023-12-15,2800.HK,16.75,17.110000610351562,16.75,16.940000534057617,15.706090927124023,237209711
2023-12-18,2800.HK,16.860000610351562,16.860000610351562,16.709999084472656,16.760000228881836,15.539201736450195,863403982
2023-12-19,2800.HK,16.65999984741211,16.719999313354492,16.540000915527344,16.6299991607666,15.418672561645508,243998860
2023-12-20,2800.HK,16.790000915527344,16.889999389648438,16.690000534057617,16.760000228881836,15.539201736450195,874490854
2023-12-21,2800.HK,16.579999923706055,16.809999465942383,16.579999923706055,16.780000686645508,15.557746887207031,161895043
2023-12-22,2800.HK,16.84000015258789,17.020000457763672,16.40999984741211,16.469999313354492,15.27032470703125,240449710
2023-12-27,2800.HK,16.700000762939453,16.829999923706055,16.59000015258789,16.760000228881836,15.539201736450195,144053187
2023-12-28,2800.HK,16.799999237060547,17.25,16.799999237060547,17.229999542236328,15.974966049194336,536991024
2023-12-29,2800.HK,17.229999542236328,17.25,17.100000381469727,17.190000534057617,15.937882423400879,191767914
2024-01-02,2800.HK,17.280000686645508,17.280000686645508,16.8700008392334,16.940000534057617,15.706090927124023,211687554
2024-01-03,2800.HK,16.719999313354492,16.809999465942383,16.709999084472656,16.790000915527344,15.5670166015625,455797370
2024-01-04,2800.HK,16.809999465942383,16.84000015258789,16.65999984741211,16.809999465942383,15.58556079864502,155435833
2024-01-05,2800.HK,16.700000762939453,16.899999618530273,16.600000381469727,16.68000030517578,15.465028762817383,165704759
2024-01-08,2800.HK,16.700000762939453,16.75,16.290000915527344,16.360000610351562,15.168338775634766,236970949
2024-01-09,2800.HK,16.389999389648438,16.56999969482422,16.34000015258789,16.34000015258789,15.149796485900879,378125063
2024-01-10,2800.HK,16.25,16.399999618530273,16.18000030517578,16.25,15.066350936889648,171575584
2024-01-11,2800.HK,16.270000457763672,16.610000610351562,16.239999771118164,16.459999084472656,15.261054039001465,687918853
2024-01-12,2800.HK,16.329999923706055,16.540000915527344,16.299999237060547,16.389999389648438,15.196151733398438,251086507
2024-01-15,2800.HK,16.3700008392334,16.3700008392334,16.3700008392334,16.3700008392334,15.177611351013184,0
2024-01-16,2800.HK,16.149999618530273,16.350000381469727,15.970000267028809,16.0,14.83456039428711,266675580
2024-01-17,2800.HK,15.90999984741211,15.90999984741211,15.329999923706055,15.399999618530273,14.278264999389648,587194679
2024-01-18,2800.HK,15.449999809265137,15.609999656677246,15.329999923706055,15.529999732971191,14.398795127868652,695132787
2024-01-19,2800.HK,15.550000190734863,15.680000305175781,15.350000381469727,15.4399995803833,14.315350532531738,530324886
2024-01-22,2800.HK,15.510000228881836,15.510000228881836,14.930000305175781,15.109999656677246,14.009387016296387,409948350
2024-01-23,2800.HK,15.140000343322754,15.670000076293945,15.140000343322754,15.479999542236328,14.352437973022461,787479261
2024-01-24,2800.HK,15.75,16.1299991607666,15.550000190734863,16.059999465942383,14.890190124511719,546118980
2024-01-25,2800.HK,16.149999618530273,16.399999618530273,15.970000267028809,16.350000381469727,15.15906810760498,443366611
2024-01-26,2800.HK,16.299999237060547,16.399999618530273,16.030000686645508,16.100000381469727,14.927277565002441,844648268
2024-01-29,2800.HK,16.200000762939453,16.43000030517578,16.170000076293945,16.229999542236328,15.047808647155762,216706047
2024-01-30,2800.HK,16.049999237060547,16.049999237060547,15.8100004196167,15.829999923706055,14.6769437789917,249140131
2024-01-31,2800.HK,15.829999923706055,15.890000343322754,15.5600004196167,15.619999885559082,14.48223876953125,349971375
2024-02-01,2800.HK,15.65999984741211,15.949999809265137,15.569999694824219,15.739999771118164,14.593498229980469,455771115
2024-02-02,2800.HK,15.880000114440918,16.059999465942383,15.579999923706055,15.65999984741211,14.519326210021973,482018510
2024-02-05,2800.HK,15.430000305175781,15.829999923706055,15.430000305175781,15.630000114440918,14.491511344909668,564432159
2024-02-06,2800.HK,15.699999809265137,16.309999465942383,15.699999809265137,16.280000686645508,15.094165802001953,808282257
2024-02-07,2800.HK,16.420000076293945,16.56999969482422,16.190000534057617,16.200000762939453,15.019993782043457,213129859
2024-02-08,2800.HK,16.139999389648438,16.239999771118164,15.949999809265137,16.0,14.83456039428711,215848103
2024-02-09,2800.HK,15.880000114440918,15.880000114440918,15.880000114440918,15.880000114440918,14.72330093383789,0
2024-02-14,2800.HK,15.670000076293945,16.059999465942383,15.579999923706055,16.020000457763672,14.853103637695312,148668461
2024-02-15,2800.HK,16.0,16.190000534057617,15.880000114440918,16.079999923706055,14.908733367919922,111821027
2024-02-16,2800.HK,16.139999389648438,16.559999465942383,16.079999923706055,16.5,15.298140525817871,339327420
2024-02-19,2800.HK,16.459999084472656,16.459999084472656,16.290000915527344,16.290000915527344,15.103438377380371,254655211
2024-02-20,2800.HK,16.309999465942383,16.440000534057617,16.200000762939453,16.3799991607666,15.18687915802002,184979983
2024-02-21,2800.HK,16.360000610351562,16.920000076293945,16.299999237060547,16.649999618530273,15.437212944030762,362191294
2024-02-22,2800.HK,16.6200008392334,16.920000076293945,16.56999969482422,16.920000076293945,15.68754768371582,437260817
2024-02-23,2800.HK,16.799999237060547,17.049999237060547,16.799999237060547,16.8799991607666,15.650461196899414,379113911
2024-02-26,2800.HK,16.799999237060547,16.920000076293945,16.739999771118164,16.770000457763672,15.548474311828613,381195456
2024-02-27,2800.HK,16.790000915527344,16.989999771118164,16.600000381469727,16.959999084472656,15.724634170532227,201600462
2024-02-28,2800.HK,16.989999771118164,17.020000457763672,16.68000030517578,16.68000030517578,15.465028762817383,209706387
2024-02-29,2800.HK,16.600000381469727,16.850000381469727,16.600000381469727,16.6299991607666,15.418672561645508,112258275
2024-03-01,2800.HK,16.579999923706055,16.799999237060547,16.399999618530273,16.719999313354492,15.502116203308105,452944275
2024-03-04,2800.HK,16.770000457763672,16.809999465942383,16.6200008392334,16.739999771118164,15.520658493041992,352047294
2024-03-05,2800.HK,16.479999542236328,16.600000381469727,16.229999542236328,16.299999237060547,15.11270809173584,676077518
2024-03-06,2800.HK,16.350000381469727,16.709999084472656,16.290000915527344,16.600000381469727,15.390857696533203,300081377
2024-03-07,2800.HK,16.610000610351562,16.729999542236328,16.329999923706055,16.420000076293945,15.223966598510742,304578897
2024-03-08,2800.HK,16.479999542236328,16.709999084472656,16.479999542236328,16.559999465942383,15.353769302368164,272656127
2024-03-11,2800.HK,16.600000381469727,16.84000015258789,16.600000381469727,16.790000915527344,15.5670166015625,225373397
2024-03-12,2800.HK,16.90999984741211,17.389999389648438,16.829999923706055,17.31999969482422,16.058412551879883,411092698
2024-03-13,2800.HK,17.299999237060547,17.450000762939453,17.25,17.31999969482422,16.058412551879883,617441619
2024-03-14,2800.HK,17.31999969482422,17.440000534057617,17.100000381469727,17.170000076293945,15.919337272644043,616833825
2024-03-15,2800.HK,16.979999542236328,17.040000915527344,16.760000228881836,16.950000762939453,15.715363502502441,330559551
2024-03-18,2800.HK,16.920000076293945,17.030000686645508,16.860000610351562,16.959999084472656,15.724634170532227,194656206
2024-03-19,2800.HK,16.799999237060547,16.920000076293945,16.700000762939453,16.75,15.529932022094727,215202128
2024-03-20,2800.HK,16.799999237060547,16.8799991607666,16.639999389648438,16.770000457763672,15.548474311828613,253911377
2024-03-21,2800.HK,16.979999542236328,17.209999084472656,16.979999542236328,17.100000381469727,15.854436874389648,439043557
2024-03-22,2800.HK,16.989999771118164,16.989999771118164,16.559999465942383,16.709999084472656,15.492842674255371,1134022866
2024-03-25,2800.HK,16.729999542236328,16.84000015258789,16.649999618530273,16.68000030517578,15.465028762817383,828535739
2024-03-26,2800.HK,16.799999237060547,16.959999084472656,16.670000076293945,16.84000015258789,15.61337661743164,242545213
2024-03-27,2800.HK,16.75,16.84000015258789,16.559999465942383,16.6200008392334,15.40939998626709,504021414
2024-03-28,2800.HK,16.6299991607666,16.950000762939453,16.559999465942383,16.75,15.529932022094727,179881274
2024-04-02,2800.HK,17.0,17.25,17.0,17.149999618530273,15.900793075561523,496261016
2024-04-03,2800.HK,17.149999618530273,17.149999618530273,16.90999984741211,16.940000534057617,15.706090927124023,471759595
2024-04-05,2800.HK,17.0,17.079999923706055,16.709999084472656,16.940000534057617,15.706090927124023,230532156
2024-04-08,2800.HK,16.940000534057617,17.149999618530273,16.799999237060547,16.969999313354492,15.733904838562012,200519338
2024-04-09,2800.HK,17.0,17.260000228881836,17.0,17.079999923706055,15.835894584655762,130287957
2024-04-10,2800.HK,17.139999389648438,17.43000030517578,17.139999389648438,17.389999389648438,16.123313903808594,241889170
2024-04-11,2800.HK,17.15999984741211,17.389999389648438,17.049999237060547,17.34000015258789,16.076955795288086,372151039
2024-04-12,2800.HK,17.200000762939453,17.260000228881836,16.950000762939453,16.969999313354492,15.733904838562012,365681226
2024-04-15,2800.HK,16.700000762939453,16.889999389648438,16.700000762939453,16.81999969482422,15.594830513000488,332436979
2024-04-16,2800.HK,16.549999237060547,16.68000030517578,16.440000534057617,16.489999771118164,15.28886890411377,514127050
2024-04-17,2800.HK,16.489999771118164,16.540000915527344,16.3799991607666,16.479999542236328,15.279597282409668,813184002
2024-04-18,2800.HK,16.469999313354492,16.739999771118164,16.420000076293945,16.6299991607666,15.418672561645508,233224819
2024-04-19,2800.HK,16.40999984741211,16.489999771118164,16.270000457763672,16.469999313354492,15.27032470703125,254360072
2024-04-22,2800.HK,16.639999389648438,16.8799991607666,16.639999389648438,16.709999084472656,15.492842674255371,385186717
2024-04-23,2800.HK,16.899999618530273,17.09000015258789,16.84000015258789,17.059999465942383,15.817349433898926,334399778
2024-04-24,2800.HK,17.200000762939453,17.459999084472656,17.170000076293945,17.43000030517578,16.160398483276367,364930057
2024-04-25,2800.HK,17.350000381469727,17.690000534057617,17.350000381469727,17.510000228881836,16.23457145690918,240893326
2024-04-26,2800.HK,17.549999237060547,18.020000457763672,17.549999237060547,17.899999618530273,16.59616470336914,407601899
2024-04-29,2800.HK,17.780000686645508,18.139999389648438,17.760000228881836,17.81999969482422,16.66161346435547,367713285
2024-04-30,2800.HK,17.899999618530273,18.0,17.780000686645508,17.84000015258789,16.680315017700195,655559166
2024-05-02,2800.HK,17.84000015258789,18.31999969482422,17.84000015258789,18.309999465942383,17.119760513305664,330749349
2024-05-03,2800.HK,18.549999237060547,18.700000762939453,18.459999084472656,18.559999465942383,17.3535099029541,417187951
2024-05-06,2800.HK,18.56999969482422,18.700000762939453,18.489999771118164,18.68000030517578,17.46571159362793,521576858
2024-05-07,2800.HK,18.68000030517578,18.739999771118164,18.510000228881836,18.559999465942383,17.3535099029541,429029834
2024-05-08,2800.HK,18.600000381469727,18.709999084472656,18.399999618530273,18.40999984741211,17.213260650634766,469654765
2024-05-09,2800.HK,18.450000762939453,18.719999313354492,18.43000030517578,18.670000076293945,17.45635986328125,709941817
2024-05-10,2800.HK,18.790000915527344,19.15999984741211,18.780000686645508,19.1200008392334,17.87710952758789,451702917
2024-05-13,2800.HK,19.040000915527344,19.299999237060547,18.979999542236328,19.270000457763672,18.01735496520996,540880566
2024-05-14,2800.HK,19.360000610351562,19.469999313354492,19.229999542236328,19.229999542236328,17.979957580566406,405339577
2024-05-16,2800.HK,19.399999618530273,19.6200008392334,19.290000915527344,19.530000686645508,18.26045799255371,594786291
2024-05-17,2800.HK,19.649999618530273,19.799999237060547,19.530000686645508,19.719999313354492,18.4381046295166,460751749
2024-05-20,2800.HK,19.799999237060547,19.889999389648438,19.760000228881836,19.809999465942383,18.522254943847656,545314720
2024-05-21,2800.HK,19.68000030517578,19.68000030517578,19.350000381469727,19.350000381469727,18.0921573638916,599867769
2024-05-22,2800.HK,19.399999618530273,19.540000915527344,19.329999923706055,19.34000015258789,18.082807540893555,403776785
2024-05-23,2800.HK,19.219999313354492,19.229999542236328,18.959999084472656,19.020000457763672,17.783607482910156,346759597
2024-05-24,2800.HK,18.899999618530273,19.049999237060547,18.719999313354492,18.790000915527344,17.568559646606445,199343699
2024-05-27,2800.HK,18.799999237060547,19.059999465942383,18.709999084472656,19.0,17.764909744262695,214395872
2024-05-28,2800.HK,18.989999771118164,19.200000762939453,18.969999313354492,19.020000457763672,17.783607482910156,363947385
2024-05-29,2800.HK,18.8799991607666,18.90999984741211,18.65999984741211,18.709999084472656,17.493759155273438,383525265
2024-05-30,2800.HK,18.6299991607666,18.760000228881836,18.399999618530273,18.459999084472656,17.260009765625,485621355
2024-05-31,2800.HK,18.639999389648438,18.780000686645508,18.299999237060547,18.299999237060547,17.11041259765625,403077617
2024-06-03,2800.HK,18.489999771118164,18.809999465942383,18.489999771118164,18.6200008392334,17.409610748291016,451095984
2024-06-04,2800.HK,18.520000457763672,18.770000457763672,18.520000457763672,18.65999984741211,17.447010040283203,253778474
2024-06-05,2800.HK,18.700000762939453,18.969999313354492,18.610000610351562,18.65999984741211,17.447010040283203,398831900
2024-06-06,2800.HK,18.84000015258789,18.969999313354492,18.649999618530273,18.760000228881836,17.540510177612305,378311746
2024-06-07,2800.HK,18.850000381469727,18.860000610351562,18.56999969482422,18.65999984741211,17.447010040283203,413473726
2024-06-11,2800.HK,18.479999542236328,18.56999969482422,18.280000686645508,18.5,17.29741096496582,423427829
2024-06-12,2800.HK,18.3799991607666,18.3799991607666,18.170000076293945,18.290000915527344,17.101064682006836,425828150
2024-06-13,2800.HK,18.479999542236328,18.530000686645508,18.309999465942383,18.459999084472656,17.260009765625,271308949
2024-06-14,2800.HK,18.31999969482422,18.450000762939453,18.260000228881836,18.270000457763672,17.08236312866211,475315102
2024-06-17,2800.HK,18.190000534057617,18.489999771118164,18.079999923706055,18.299999237060547,17.11041259765625,272965236
2024-06-18,2800.HK,18.350000381469727,18.399999618530273,18.200000762939453,18.290000915527344,17.101064682006836,241885757
2024-06-19,2800.HK,18.420000076293945,18.809999465942383,18.399999618530273,18.809999465942383,17.587257385253906,268955458
2024-06-20,2800.HK,18.799999237060547,18.8799991607666,18.6299991607666,18.709999084472656,17.493759155273438,509410120
2024-06-21,2800.HK,18.549999237060547,18.579999923706055,18.329999923706055,18.399999618530273,17.203908920288086,325028014
2024-06-24,2800.HK,18.239999771118164,18.399999618530273,18.139999389648438,18.399999618530273,17.203908920288086,395728234
2024-06-25,2800.HK,18.440000534057617,18.600000381469727,18.309999465942383,18.43000030517578,17.231962203979492,250792675
2024-06-26,2800.HK,18.280000686645508,18.540000915527344,18.270000457763672,18.469999313354492,17.269359588623047,388358559
2024-06-27,2800.HK,18.350000381469727,18.350000381469727,18.059999465942383,18.1299991607666,16.951461791992188,199198076
2024-06-28,2800.HK,18.0,18.270000457763672,17.959999084472656,18.1200008392334,16.94211196899414,229398336
2024-07-02,2800.HK,18.040000915527344,18.389999389648438,18.040000915527344,18.190000534057617,17.0075626373291,368453142
2024-07-03,2800.HK,18.25,18.440000534057617,18.209999084472656,18.399999618530273,17.203908920288086,169117813
2024-07-04,2800.HK,18.549999237060547,18.6200008392334,18.40999984741211,18.510000228881836,17.306758880615234,204797113
2024-07-05,2800.HK,18.5,18.579999923706055,18.260000228881836,18.260000228881836,17.07301139831543,219186586
2024-07-08,2800.HK,18.219999313354492,18.280000686645508,18.010000228881836,18.079999923706055,16.904712677001953,196236475
2024-07-09,2800.HK,18.079999923706055,18.18000030517578,17.920000076293945,18.049999237060547,16.87666130065918,242972138
2024-07-10,2800.HK,18.170000076293945,18.31999969482422,17.989999771118164,18.020000457763672,16.84861183166504,350071676
2024-07-11,2800.HK,18.190000534057617,18.43000030517578,18.15999984741211,18.399999618530273,17.203908920288086,336921947
2024-07-12,2800.HK,18.56999969482422,18.889999389648438,18.56999969482422,18.860000610351562,17.634008407592773,224187914
2024-07-15,2800.HK,18.739999771118164,18.799999237060547,18.5,18.579999923706055,17.372211456298828,341142858
2024-07-16,2800.HK,18.450000762939453,18.450000762939453,18.280000686645508,18.280000686645508,17.091712951660156,247617005
2024-07-17,2800.HK,18.34000015258789,18.3799991607666,18.219999313354492,18.280000686645508,17.091712951660156,267478673
2024-07-18,2800.HK,18.239999771118164,18.43000030517578,18.18000030517578,18.329999923706055,17.138463973999023,363824156
2024-07-19,2800.HK,18.149999618530273,18.18000030517578,17.93000030517578,17.979999542236328,16.811216354370117,295965131
2024-07-22,2800.HK,18.010000228881836,18.260000228881836,17.8700008392334,18.219999313354492,17.03561019897461,362859594
2024-07-23,2800.HK,18.260000228881836,18.270000457763672,18.0,18.020000457763672,16.84861183166504,344541219
2024-07-24,2800.HK,18.010000228881836,18.06999969482422,17.809999465942383,17.8799991607666,16.717714309692383,196191396
2024-07-25,2800.HK,17.81999969482422,17.850000381469727,17.520000457763672,17.56999969482422,16.427865982055664,370533851
2024-07-26,2800.HK,17.6299991607666,17.780000686645508,17.479999542236328,17.549999237060547,16.409164428710938,956949896
2024-07-29,2800.HK,17.770000457763672,17.920000076293945,17.709999084472656,17.84000015258789,16.680315017700195,237657987
2024-07-30,2800.HK,17.809999465942383,17.809999465942383,17.520000457763672,17.549999237060547,16.409164428710938,383790188
2024-07-31,2800.HK,17.639999389648438,17.959999084472656,17.559999465942383,17.959999084472656,16.792512893676758,606636376
2024-08-01,2800.HK,17.899999618530273,17.969999313354492,17.799999237060547,17.850000381469727,16.689664840698242,459645828
2024-08-02,2800.HK,17.559999465942383,17.6299991607666,17.420000076293945,17.510000228881836,16.371767044067383,342239382
2024-08-05,2800.HK,17.209999084472656,17.5,17.0,17.25,16.1286678314209,495676769
2024-08-06,2800.HK,17.40999984741211,17.469999313354492,17.170000076293945,17.200000762939453,16.081918716430664,390617563
2024-08-07,2800.HK,17.229999542236328,17.56999969482422,17.229999542236328,17.43000030517578,16.296964645385742,668315717
2024-08-08,2800.HK,17.329999923706055,17.600000381469727,17.219999313354492,17.440000534057617,16.306316375732422,1021600323
2024-08-09,2800.HK,17.649999618530273,17.81999969482422,17.639999389648438,17.65999984741211,16.512014389038086,160674070
2024-08-12,2800.HK,17.65999984741211,17.719999313354492,17.559999465942383,17.65999984741211,16.512014389038086,191585213
2024-08-13,2800.HK,17.719999313354492,17.81999969482422,17.6299991607666,17.729999542236328,16.577465057373047,188282606
2024-08-14,2800.HK,17.809999465942383,17.829999923706055,17.6200008392334,17.65999984741211,16.512014389038086,188395452
2024-08-15,2800.HK,17.59000015258789,17.889999389648438,17.5,17.690000534057617,16.54006576538086,337636423
2024-08-16,2800.HK,17.8799991607666,18.079999923706055,17.84000015258789,18.010000228881836,16.839263916015625,459204716
2024-08-19,2800.HK,18.15999984741211,18.280000686645508,18.1299991607666,18.149999618530273,16.970163345336914,512957125
2024-08-20,2800.HK,18.25,18.25,18.040000915527344,18.079999923706055,16.904712677001953,150290091
2024-08-21,2800.HK,17.920000076293945,18.0,17.829999923706055,17.959999084472656,16.792512893676758,435509310
2024-08-22,2800.HK,18.059999465942383,18.25,17.969999313354492,18.219999313354492,17.03561019897461,215083033
2024-08-23,2800.HK,18.09000015258789,18.229999542236328,18.06999969482422,18.209999084472656,17.026262283325195,202677733
2024-08-26,2800.HK,18.280000686645508,18.420000076293945,18.280000686645508,18.3700008392334,17.175861358642578,309817056
2024-08-27,2800.HK,18.270000457763672,18.479999542236328,18.209999084472656,18.469999313354492,17.269359588623047,320916252
2024-08-28,2800.HK,18.43000030517578,18.479999542236328,18.25,18.299999237060547,17.11041259765625,264021009
2024-08-29,2800.HK,18.219999313354492,18.399999618530273,18.100000381469727,18.3700008392334,17.175861358642578,427174728
2024-08-30,2800.HK,18.3700008392334,18.809999465942383,18.3700008392334,18.610000610351562,17.40026092529297,320944264
2024-09-02,2800.HK,18.479999542236328,18.479999542236328,18.25,18.299999237060547,17.11041259765625,1004120316
2024-09-03,2800.HK,18.299999237060547,18.360000610351562,18.209999084472656,18.280000686645508,17.091712951660156,304286823
2024-09-04,2800.HK,18.110000610351562,18.18000030517578,17.969999313354492,18.079999923706055,16.904712677001953,603902054
2024-09-05,2800.HK,18.1200008392334,18.209999084472656,17.979999542236328,18.09000015258789,16.9140625,265962094
2024-09-09,2800.HK,17.940000534057617,17.979999542236328,17.739999771118164,17.84000015258789,16.680315017700195,594295182
2024-09-10,2800.HK,17.8799991607666,17.969999313354492,17.799999237060547,17.90999984741211,16.745763778686523,172906415
2024-09-11,2800.HK,17.700000762939453,17.799999237060547,17.6299991607666,17.770000457763672,16.614864349365234,632923871
2024-09-12,2800.HK,17.860000610351562,18.040000915527344,17.829999923706055,17.940000534057617,16.773815155029297,287812592
2024-09-13,2800.HK,18.0,18.260000228881836,18.0,18.06999969482422,16.895362854003906,464894416
2024-09-16,2800.HK,17.979999542236328,18.1299991607666,17.8799991607666,18.1299991607666,16.951461791992188,116789964
2024-09-17,2800.HK,18.1200008392334,18.43000030517578,18.09000015258789,18.350000381469727,17.157163619995117,115538370
2024-09-19,2800.HK,18.329999923706055,18.790000915527344,18.299999237060547,18.719999313354492,17.503108978271484,445539243
2024-09-20,2800.HK,18.81999969482422,19.079999923706055,18.75,18.940000534057617,17.708810806274414,789319539
2024-09-23,2800.HK,18.950000762939453,19.149999618530273,18.93000030517578,18.950000762939453,17.718158721923828,722945475
2024-09-24,2800.HK,19.299999237060547,19.739999771118164,19.260000228881836,19.739999771118164,18.456804275512695,1377940588
2024-09-25,2800.HK,20.299999237060547,20.31999969482422,19.809999465942383,19.84000015258789,18.55030632019043,947464869
2024-09-26,2800.HK,20.040000915527344,20.700000762939453,19.90999984741211,20.65999984741211,19.317001342773438,955178436
2024-09-27,2800.HK,21.100000381469727,21.479999542236328,20.979999542236328,21.34000015258789,19.952796936035156,1122154583
2024-09-30,2800.HK,21.799999237060547,22.200000762939453,21.520000457763672,21.81999969482422,20.401596069335938,1648283680
2024-10-02,2800.HK,21.979999542236328,23.420000076293945,21.979999542236328,23.139999389648438,21.635787963867188,1179458060
2024-10-03,2800.HK,23.200000762939453,23.200000762939453,22.15999984741211,22.81999969482422,21.336589813232422,893034562
2024-10-04,2800.HK,22.700000762939453,23.5,22.520000457763672,23.459999084472656,21.934986114501953,424259038
2024-10-07,2800.HK,23.700000762939453,23.979999542236328,23.459999084472656,23.799999237060547,22.252885818481445,434896579
2024-10-08,2800.HK,23.6200008392334,23.68000030517578,21.459999084472656,21.639999389648438,20.233295440673828,1523344647
2024-10-09,2800.HK,21.940000534057617,22.15999984741211,20.920000076293945,21.31999969482422,19.934097290039062,1182668564
2024-10-10,2800.HK,21.799999237060547,22.34000015258789,21.700000762939453,21.959999084472656,20.532493591308594,1654312095
2024-10-14,2800.HK,21.959999084472656,22.079999923706055,21.420000076293945,21.799999237060547,20.38289451599121,1080978539
2024-10-15,2800.HK,21.799999237060547,21.81999969482422,20.8799991607666,21.059999465942383,19.690998077392578,1167803921
2024-10-16,2800.HK,20.860000610351562,21.280000686645508,20.860000610351562,20.979999542236328,19.616199493408203,910468295
2024-10-17,2800.HK,21.15999984741211,21.5,20.700000762939453,20.760000228881836,19.410497665405273,595509035
2024-10-18,2800.HK,20.84000015258789,21.65999984741211,20.760000228881836,21.5,20.10239601135254,1112980756
2024-10-21,2800.HK,21.459999084472656,21.559999465942383,21.139999389648438,21.200000762939453,19.821897506713867,635997978
2024-10-22,2800.HK,21.1200008392334,21.34000015258789,21.079999923706055,21.219999313354492,19.840599060058594,558959577
2024-10-23,2800.HK,21.239999771118164,21.68000030517578,21.18000030517578,21.479999542236328,20.083696365356445,561661355
2024-10-24,2800.HK,21.34000015258789,21.420000076293945,21.15999984741211,21.219999313354492,19.840599060058594,834289547
2024-10-25,2800.HK,21.18000030517578,21.5,21.18000030517578,21.34000015258789,19.952796936035156,636711101
2024-10-28,2800.HK,21.31999969482422,21.399999618530273,21.15999984741211,21.31999969482422,19.934097290039062,183097052
2024-10-29,2800.HK,21.440000534057617,21.639999389648438,21.280000686645508,21.420000076293945,20.027599334716797,299725366
2024-10-30,2800.HK,20.81999969482422,20.81999969482422,20.3799991607666,20.459999084472656,19.70022201538086,524241059
2024-10-31,2800.HK,20.520000457763672,20.68000030517578,20.440000534057617,20.459999084472656,19.70022201538086,501846908
2024-11-01,2800.HK,20.559999465942383,20.780000686645508,20.459999084472656,20.6200008392334,19.854280471801758,326208458
2024-11-04,2800.HK,20.65999984741211,20.739999771118164,20.540000915527344,20.68000030517578,19.91205406188965,430111503
2024-11-05,2800.HK,20.5,21.1200008392334,20.5,21.1200008392334,20.335716247558594,377633522
2024-11-06,2800.HK,20.940000534057617,20.979999542236328,20.459999084472656,20.639999389648438,19.873537063598633,1044516062
2024-11-07,2800.HK,20.559999465942383,21.1200008392334,20.479999542236328,21.079999923706055,20.297199249267578,576528653
2024-11-08,2800.HK,21.299999237060547,21.479999542236328,20.81999969482422,20.81999969482422,20.046852111816406,1154783820
2024-11-11,2800.HK,20.299999237060547,20.639999389648438,20.280000686645508,20.559999465942383,19.7965087890625,768034431
2024-11-12,2800.HK,20.479999542236328,20.65999984741211,19.889999389648438,19.969999313354492,19.228418350219727,1298875466
2024-11-13,2800.HK,19.81999969482422,19.959999084472656,19.719999313354492,19.940000534057617,19.199533462524414,1400205509
2024-11-14,2800.HK,19.780000686645508,19.979999542236328,19.520000457763672,19.549999237060547,18.82401466369629,533493652
2024-11-15,2800.HK,19.639999389648438,19.739999771118164,19.459999084472656,19.549999237060547,18.82401466369629,542625889
2024-11-18,2800.HK,19.729999542236328,19.90999984741211,19.610000610351562,19.709999084472656,18.978071212768555,383149628
2024-11-19,2800.HK,19.829999923706055,19.90999984741211,19.649999618530273,19.790000915527344,19.055103302001953,403314587
2024-11-20,2800.HK,19.75,19.899999618530273,19.709999084472656,19.81999969482422,19.0839900970459,160569634
2024-11-21,2800.HK,19.770000457763672,19.90999984741211,19.68000030517578,19.719999313354492,18.987701416015625,575424576
2024-11-22,2800.HK,19.729999542236328,19.850000381469727,19.260000228881836,19.34000015258789,18.621814727783203,254743932
2024-11-25,2800.HK,19.420000076293945,19.5,19.239999771118164,19.290000915527344,18.573671340942383,444906364
2024-11-26,2800.HK,19.18000030517578,19.43000030517578,19.18000030517578,19.270000457763672,18.554412841796875,295647667
2024-11-27,2800.HK,19.309999465942383,19.809999465942383,19.200000762939453,19.760000228881836,19.02621841430664,637938530
2024-11-28,2800.HK,19.719999313354492,19.719999313354492,19.450000762939453,19.5,18.7758731842041,305977714
2024-11-29,2800.HK,19.510000228881836,19.809999465942383,19.450000762939453,19.600000381469727,18.87215805053711,624580782
2024-12-02,2800.HK,19.610000610351562,19.84000015258789,19.540000915527344,19.739999771118164,19.006959915161133,1118702236
2024-12-03,2800.HK,19.729999542236328,19.93000030517578,19.530000686645508,19.8799991607666,19.141759872436523,211016638
2024-12-04,2800.HK,19.8799991607666,19.979999542236328,19.75,19.8799991607666,19.141759872436523,838357673
2024-12-05,2800.HK,19.739999771118164,19.780000686645508,19.600000381469727,19.719999313354492,18.987701416015625,228389189
2024-12-06,2800.HK,19.760000228881836,20.100000381469727,19.719999313354492,20.040000915527344,19.295820236206055,249203527
2024-12-09,2800.HK,19.889999389648438,20.600000381469727,19.84000015258789,20.559999465942383,19.7965087890625,1016455601
2024-12-10,2800.HK,21.260000228881836,21.260000228881836,20.440000534057617,20.479999542236328,19.719480514526367,1029705420
2024-12-11,2800.HK,20.5,20.639999389648438,20.239999771118164,20.31999969482422,19.565420150756836,761761550
2024-12-12,2800.HK,20.34000015258789,20.700000762939453,20.280000686645508,20.540000915527344,19.777252197265625,447918360
2024-12-13,2800.HK,20.3799991607666,20.3799991607666,20.059999465942383,20.079999923706055,19.334335327148438,549319852
2024-12-16,2800.HK,20.079999923706055,20.200000762939453,19.860000610351562,19.93000030517578,19.189905166625977,382532251
2024-12-17,2800.HK,19.799999237060547,20.079999923706055,19.760000228881836,19.899999618530273,19.16101837158203,458928689
2024-12-18,2800.HK,20.0,20.100000381469727,19.950000762939453,20.040000915527344,19.295820236206055,251666158
2024-12-19,2800.HK,19.729999542236328,20.0,19.719999313354492,19.920000076293945,19.180274963378906,659020953
2024-12-20,2800.HK,19.81999969482422,20.040000915527344,19.81999969482422,19.889999389648438,19.15138816833496,506686414
2024-12-23,2800.HK,20.020000457763672,20.100000381469727,19.899999618530273,20.020000457763672,19.276561737060547,424028518
2024-12-24,2800.HK,20.280000686645508,20.280000686645508,20.280000686645508,20.280000686645508,19.52690887451172,0
2024-12-27,2800.HK,20.299999237060547,20.34000015258789,20.15999984741211,20.219999313354492,19.469133377075195,337262793
2024-12-30,2800.HK,20.239999771118164,20.360000610351562,20.100000381469727,20.18000030517578,19.430620193481445,321793355
2024-12-31,2800.HK,20.239999771118164,20.239999771118164,20.239999771118164,20.239999771118164,19.488391876220703,0
2025-01-02,2800.HK,20.200000762939453,20.200000762939453,19.719999313354492,19.780000686645508,19.04547691345215,734152691
2025-01-03,2800.HK,19.860000610351562,20.079999923706055,19.809999465942383,19.940000534057617,19.199533462524414,915065591
2025-01-06,2800.HK,20.040000915527344,20.059999465942383,19.81999969482422,19.8799991607666,19.141759872436523,431445923
2025-01-07,2800.HK,19.719999313354492,19.850000381469727,19.420000076293945,19.6299991607666,18.901042938232422,839235856
2025-01-08,2800.HK,19.600000381469727,19.68000030517578,19.299999237060547,19.469999313354492,18.746986389160156,487094129
2025-01-09,2800.HK,19.469999313354492,19.59000015258789,19.40999984741211,19.43000030517578,18.708471298217773,392403165
2025-01-10,2800.HK,19.5,19.559999465942383,19.219999313354492,19.270000457763672,18.554412841796875,481235691
2025-01-13,2800.HK,19.1200008392334,19.139999389648438,18.8700008392334,19.09000015258789,18.3810977935791,305879838
2025-01-14,2800.HK,19.110000610351562,19.530000686645508,19.100000381469727,19.440000534057617,18.718101501464844,447237024
2025-01-15,2800.HK,19.399999618530273,19.520000457763672,19.350000381469727,19.479999542236328,18.75661277770996,542969877
2025-01-16,2800.HK,19.65999984741211,19.8799991607666,19.549999237060547,19.75,19.01658821105957,412713020
2025-01-17,2800.HK,19.719999313354492,19.860000610351562,19.6200008392334,19.790000915527344,19.055103302001953,393760291
2025-01-20,2800.HK,19.979999542236328,20.34000015258789,19.979999542236328,20.1200008392334,19.372848510742188,446697004
2025-01-21,2800.HK,20.34000015258789,20.440000534057617,20.139999389648438,20.31999969482422,19.565420150756836,421996452
2025-01-22,2800.HK,20.200000762939453,20.239999771118164,19.940000534057617,19.969999313354492,19.228418350219727,451566395
2025-01-23,2800.HK,20.1200008392334,20.260000228881836,19.850000381469727,19.899999618530273,19.16101837158203,635273514
2025-01-24,2800.HK,20.040000915527344,20.3799991607666,19.979999542236328,20.260000228881836,19.507648468017578,600583271
2025-01-27,2800.HK,20.260000228881836,20.520000457763672,20.260000228881836,20.399999618530273,19.642452239990234,615308663
2025-01-28,2800.HK,20.459999084472656,20.459999084472656,20.459999084472656,20.459999084472656,19.70022201538086,0
2025-02-03,2800.HK,20.1200008392334,20.459999084472656,19.950000762939453,20.440000534057617,19.680965423583984,197669615
2025-02-04,2800.HK,20.68000030517578,21.1200008392334,20.5,21.0,20.220170974731445,572053107
2025-02-05,2800.HK,21.079999923706055,21.079999923706055,20.6200008392334,20.799999237060547,20.027597427368164,800947550
2025-02-06,2800.HK,20.84000015258789,21.100000381469727,20.739999771118164,21.100000381469727,20.316457748413086,641936187
2025-02-07,2800.HK,21.100000381469727,21.440000534057617,21.020000457763672,21.34000015258789,20.547542572021484,547215187
2025-02-10,2800.HK,21.420000076293945,21.780000686645508,21.420000076293945,21.719999313354492,20.91343116760254,980562853
2025-02-11,2800.HK,21.860000610351562,21.899999618530273,21.5,21.520000457763672,20.72085952758789,678252780
2025-02-12,2800.HK,21.739999771118164,22.079999923706055,21.639999389648438,22.059999465942383,21.240806579589844,907939931
2025-02-13,2800.HK,22.18000030517578,22.760000228881836,21.940000534057617,22.0,21.183034896850586,1079287181
2025-02-14,2800.HK,22.200000762939453,22.81999969482422,22.200000762939453,22.81999969482422,21.972585678100586,1309369295
2025-02-17,2800.HK,22.899999618530273,23.200000762939453,22.540000915527344,22.81999969482422,21.972585678100586,627545761
2025-02-18,2800.HK,22.8799991607666,23.360000610351562,22.84000015258789,23.18000030517578,22.319215774536133,1642722445
2025-02-19,2800.HK,23.0,23.200000762939453,22.84000015258789,23.139999389648438,22.28070068359375,703999557
2025-02-20,2800.HK,22.940000534057617,23.059999465942383,22.65999984741211,22.760000228881836,21.914813995361328,1250401013
2025-02-21,2800.HK,23.200000762939453,23.700000762939453,23.1200008392334,23.68000030517578,22.800649642944336,767688287
2025-02-24,2800.HK,23.600000381469727,23.899999618530273,23.440000534057617,23.540000915527344,22.665847778320312,1118792745
2025-02-25,2800.HK,23.020000457763672,23.459999084472656,22.940000534057617,23.239999771118164,22.37698745727539,1034972264
2025-02-26,2800.HK,23.459999084472656,24.219999313354492,23.459999084472656,23.959999084472656,23.07025146484375,1038332418
2025-02-27,2800.HK,24.0,24.280000686645508,23.700000762939453,23.940000534057617,23.050992965698242,888637690
2025-02-28,2800.HK,23.780000686645508,23.799999237060547,23.0,23.15999984741211,22.299959182739258,1300162241
2025-03-03,2800.HK,23.299999237060547,23.6200008392334,23.079999923706055,23.219999313354492,22.357728958129883,826659364
2025-03-04,2800.HK,22.940000534057617,23.260000228881836,22.780000686645508,23.139999389648438,22.28070068359375,992652447
2025-03-05,2800.HK,23.459999084472656,23.860000610351562,23.31999969482422,23.799999237060547,22.91619300842285,463664800
2025-03-06,2800.HK,24.239999771118164,24.719999313354492,24.239999771118164,24.6200008392334,23.70574378967285,824147203
2025-03-07,2800.HK,24.5,24.959999084472656,24.360000610351562,24.520000457763672,23.609455108642578,1118032260
2025-03-10,2800.HK,24.420000076293945,24.600000381469727,23.920000076293945,24.079999923706055,23.1857967376709,1595584998
2025-03-11,2800.HK,23.600000381469727,24.139999389648438,23.540000915527344,24.040000915527344,23.147281646728516,1694149865
2025-03-12,2800.HK,24.1200008392334,24.239999771118164,23.65999984741211,23.979999542236328,23.089508056640625,1019412728
2025-03-13,2800.HK,23.920000076293945,24.020000457763672,23.479999542236328,23.760000228881836,22.87767791748047,508912566
2025-03-14,2800.HK,24.0,24.440000534057617,23.780000686645508,24.260000228881836,23.35910987854004,534695389
2025-03-17,2800.HK,24.5,24.68000030517578,24.360000610351562,24.459999084472656,23.551681518554688,398860540
2025-03-18,2800.HK,25.0,25.059999465942383,24.799999237060547,25.040000915527344,24.11014747619629,613042301
2025-03-19,2800.HK,25.040000915527344,25.200000762939453,24.899999618530273,25.079999923706055,24.148658752441406,620146056
2025-03-20,2800.HK,25.040000915527344,25.040000915527344,24.520000457763672,24.540000915527344,23.628713607788086,507973866
2025-03-21,2800.HK,24.440000534057617,24.540000915527344,23.899999618530273,24.0,23.108766555786133,825452011
2025-03-24,2800.HK,23.979999542236328,24.280000686645508,23.860000610351562,24.200000762939453,23.301340103149414,617017044
2025-03-25,2800.HK,23.920000076293945,24.059999465942383,23.6200008392334,23.65999984741211,22.781391143798828,523359286
2025-03-26,2800.HK,23.780000686645508,23.899999618530273,23.65999984741211,23.780000686645508,22.896936416625977,528372414
2025-03-27,2800.HK,23.84000015258789,24.18000030517578,23.68000030517578,23.8799991607666,22.993221282958984,690605273
2025-03-28,2800.HK,24.0,24.059999465942383,23.540000915527344,23.719999313354492,22.839162826538086,735446362
2025-03-31,2800.HK,23.520000457763672,23.700000762939453,23.280000686645508,23.459999084472656,22.588817596435547,733147731
2025-04-01,2800.HK,23.520000457763672,23.760000228881836,23.420000076293945,23.5,22.62733268737793,1032472228
2025-04-02,2800.HK,23.459999084472656,23.700000762939453,23.280000686645508,23.520000457763672,22.646591186523438,574945709
2025-04-03,2800.HK,23.0,23.280000686645508,22.940000534057617,23.139999389648438,22.28070068359375,1124892812
2025-04-07,2800.HK,21.399999618530273,21.440000534057617,19.979999542236328,20.040000915527344,19.295820236206055,2471470999
2025-04-08,2800.HK,20.34000015258789,20.739999771118164,20.020000457763672,20.31999969482422,19.565420150756836,1772571466
2025-04-09,2800.HK,19.610000610351562,20.760000228881836,19.459999084472656,20.540000915527344,19.777252197265625,1604766778
2025-04-10,2800.HK,21.040000915527344,21.520000457763672,20.780000686645508,21.0,20.220170974731445,2307230982
2025-04-11,2800.HK,20.860000610351562,21.440000534057617,20.739999771118164,21.219999313354492,20.4320011138916,568409769
2025-04-14,2800.HK,21.68000030517578,21.84000015258789,21.520000457763672,21.719999313354492,20.91343116760254,909274093
2025-04-15,2800.HK,21.899999618530273,21.899999618530273,21.600000381469727,21.760000228881836,20.951946258544922,698664561
2025-04-16,2800.HK,21.6200008392334,21.68000030517578,21.15999984741211,21.34000015258789,20.547542572021484,598599624
2025-04-17,2800.HK,21.3799991607666,21.739999771118164,21.34000015258789,21.719999313354492,20.91343116760254,732250974
2025-04-22,2800.HK,21.579999923706055,21.940000534057617,21.520000457763672,21.899999618530273,21.086748123168945,1179726467
2025-04-23,2800.HK,22.440000534057617,22.479999542236328,22.200000762939453,22.399999618530273,21.568180084228516,895546548
2025-04-24,2800.HK,22.3799991607666,22.420000076293945,22.040000915527344,22.219999313354492,21.394865036010742,663535114
2025-04-25,2800.HK,22.420000076293945,22.600000381469727,22.260000228881836,22.31999969482422,21.491151809692383,546516176
2025-04-28,2800.HK,22.440000534057617,22.440000534057617,22.139999389648438,22.31999969482422,21.491151809692383,412271184
2025-04-29,2800.HK,22.219999313354492,22.31999969482422,22.040000915527344,22.139999389648438,21.53005027770996,817974221
2025-04-30,2800.HK,22.1200008392334,22.280000686645508,21.979999542236328,22.260000228881836,21.646745681762695,435499109
2025-05-02,2800.HK,22.360000610351562,22.700000762939453,22.200000762939453,22.65999984741211,22.035724639892578,438876401
2025-05-06,2800.HK,22.700000762939453,22.920000076293945,22.579999923706055,22.84000015258789,22.210765838623047,810315625
2025-05-07,2800.HK,23.31999969482422,23.399999618530273,22.84000015258789,22.84000015258789,22.210765838623047,573657132
2025-05-08,2800.HK,22.760000228881836,23.18000030517578,22.760000228881836,22.940000534057617,22.308012008666992,413368794
2025-05-09,2800.HK,23.020000457763672,23.079999923706055,22.860000610351562,23.059999465942383,22.42470359802246,404335497
2025-05-12,2800.HK,23.31999969482422,23.8799991607666,23.139999389648438,23.739999771118164,23.085969924926758,1201652979
2025-05-13,2800.HK,23.700000762939453,23.700000762939453,23.239999771118164,23.260000228881836,22.61919593811035,579179829
2025-05-14,2800.HK,23.5,23.81999969482422,23.459999084472656,23.81999969482422,23.16376495361328,897301102
2025-05-15,2800.HK,23.81999969482422,23.920000076293945,23.579999923706055,23.65999984741211,23.008174896240234,501098571
2025-05-16,2800.HK,23.5,23.600000381469727,23.399999618530273,23.559999465942383,22.91092872619629,531676305
2025-05-19,2800.HK,23.399999618530273,23.639999389648438,23.260000228881836,23.540000915527344,22.891481399536133,416926480
2025-05-20,2800.HK,23.579999923706055,23.940000534057617,23.579999923706055,23.8799991607666,23.22211265563965,475994531
2025-05-21,2800.HK,23.940000534057617,24.15999984741211,23.920000076293945,24.059999465942383,23.397153854370117,528749975
2025-05-22,2800.HK,23.979999542236328,24.020000457763672,23.700000762939453,23.760000228881836,23.105419158935547,418622921
2025-05-23,2800.HK,23.940000534057617,24.020000457763672,23.739999771118164,23.81999969482422,23.16376495361328,493986666
2025-05-26,2800.HK,23.799999237060547,23.84000015258789,23.479999542236328,23.520000457763672,22.872032165527344,638286962
2025-05-27,2800.HK,23.479999542236328,23.700000762939453,23.420000076293945,23.65999984741211,23.008174896240234,849853645
2025-05-28,2800.HK,23.68000030517578,23.760000228881836,23.459999084472656,23.559999465942383,22.91092872619629,394284543
2025-05-29,2800.HK,23.540000915527344,23.899999618530273,23.5,23.860000610351562,23.202665328979492,425558255
2025-05-30,2800.HK,23.600000381469727,23.65999984741211,23.440000534057617,23.579999923706055,22.93037986755371,419808960
2025-06-02,2800.HK,23.34000015258789,23.479999542236328,22.940000534057617,23.479999542236328,22.833133697509766,421831313
2025-06-03,2800.HK,23.559999465942383,23.81999969482422,23.559999465942383,23.81999969482422,23.16376495361328,487510097
2025-06-04,2800.HK,23.81999969482422,24.020000457763672,23.780000686645508,23.959999084472656,23.299909591674805,351581363
2025-06-05,2800.HK,24.1200008392334,24.239999771118164,24.020000457763672,24.200000762939453,23.53329849243164,486308077
2025-06-06,2800.HK,24.239999771118164,24.280000686645508,24.100000381469727,24.15999984741211,23.494400024414062,547961158
2025-06-09,2800.HK,24.31999969482422,24.520000457763672,24.299999237060547,24.5,23.82503318786621,492821317
2025-06-10,2800.HK,24.5,24.65999984741211,24.34000015258789,24.5,23.82503318786621,673436934
2025-06-11,2800.HK,24.559999465942383,24.84000015258789,24.540000915527344,24.739999771118164,24.058422088623047,473980700
2025-06-12,2800.HK,24.600000381469727,24.700000762939453,24.399999618530273,24.459999084472656,23.7861328125,354469140
2025-06-13,2800.HK,24.31999969482422,24.5,24.15999984741211,24.260000228881836,23.591644287109375,465255612
2025-06-16,2800.HK,24.200000762939453,24.540000915527344,24.1200008392334,24.479999542236328,23.805583953857422,360551270
2025-06-17,2800.HK,24.5,24.559999465942383,24.280000686645508,24.399999618530273,23.7277889251709,347727220
2025-06-18,2800.HK,24.280000686645508,24.299999237060547,24.040000915527344,24.1200008392334,23.455503463745117,278452564
2025-06-19,2800.HK,24.0,24.079999923706055,23.600000381469727,23.639999389648438,22.988725662231445,253956495
2025-06-20,2800.HK,23.719999313354492,23.940000534057617,23.700000762939453,23.920000076293945,23.261011123657227,286707282
2025-06-23,2800.HK,23.739999771118164,24.1200008392334,23.68000030517578,24.100000381469727,23.436054229736328,375897022
2025-06-24,2800.HK,24.280000686645508,24.65999984741211,24.280000686645508,24.600000381469727,23.922279357910156,500633829
2025-06-25,2800.HK,24.780000686645508,24.979999542236328,24.700000762939453,24.899999618530273,24.214012145996094,562729622
2025-06-26,2800.HK,24.799999237060547,24.860000610351562,24.65999984741211,24.760000228881836,24.077869415283203,296372932
2025-06-27,2800.HK,24.860000610351562,24.920000076293945,24.639999389648438,24.700000762939453,24.01952362060547,575109253
2025-06-30,2800.HK,24.739999771118164,24.739999771118164,24.5,24.520000457763672,23.844482421875,392856904
2025-07-02,2800.HK,24.780000686645508,24.860000610351562,24.579999923706055,24.639999389648438,23.96117401123047,513428488
2025-07-03,2800.HK,24.65999984741211,24.760000228881836,24.399999618530273,24.540000915527344,23.86393165588379,399754891
2025-07-04,2800.HK,24.360000610351562,24.579999923706055,24.18000030517578,24.399999618530273,23.7277889251709,376198953
2025-07-07,2800.HK,24.34000015258789,24.399999618530273,24.18000030517578,24.360000610351562,23.68889045715332,515416864
2025-07-08,2800.HK,24.440000534057617,24.65999984741211,24.3799991607666,24.639999389648438,23.96117401123047,384155269
2025-07-09,2800.HK,24.600000381469727,24.600000381469727,24.299999237060547,24.3799991607666,23.708337783813477,381470620
2025-07-10,2800.HK,24.360000610351562,24.559999465942383,24.299999237060547,24.520000457763672,23.844482421875,462069935
2025-07-11,2800.HK,24.520000457763672,25.020000457763672,24.520000457763672,24.6200008392334,23.941728591918945,693364922
2025-07-14,2800.HK,24.600000381469727,24.760000228881836,24.559999465942383,24.700000762939453,24.01952362060547,333722495
2025-07-15,2800.HK,24.84000015258789,25.079999923706055,24.6200008392334,25.079999923706055,24.389053344726562,615710476
2025-07-16,2800.HK,25.100000381469727,25.360000610351562,24.979999542236328,24.979999542236328,24.29180908203125,464945760
2025-07-17,2800.HK,25.059999465942383,25.15999984741211,24.940000534057617,25.0,24.31125831604004,509136310
2025-07-18,2800.HK,25.239999771118164,25.31999969482422,25.1200008392334,25.31999969482422,24.6224422454834,482272646
2025-07-21,2800.HK,25.479999542236328,25.5,25.34000015258789,25.459999084472656,24.75858497619629,368603716
2025-07-22,2800.HK,25.520000457763672,25.639999389648438,25.399999618530273,25.600000381469727,24.89472770690918,367824249
2025-07-23,2800.HK,25.81999969482422,26.040000915527344,25.719999313354492,26.020000457763672,25.303157806396484,652964810
2025-07-24,2800.HK,26.020000457763672,26.239999771118164,26.0,26.15999984741211,25.439300537109375,593351016
2025-07-25,2800.HK,26.040000915527344,26.079999923706055,25.860000610351562,25.8799991607666,25.16701316833496,866870589
2025-07-28,2800.HK,25.959999084472656,26.18000030517578,25.899999618530273,26.059999465942383,25.342056274414062,489641435
2025-07-29,2800.HK,25.920000076293945,26.040000915527344,25.739999771118164,26.020000457763672,25.303157806396484,344361284
2025-07-30,2800.HK,25.84000015258789,26.0,25.579999923706055,25.65999984741211,24.953075408935547,562786102
2025-07-31,2800.HK,25.5,25.5,25.239999771118164,25.260000228881836,24.56409454345703,710522379
2025-08-01,2800.HK,25.260000228881836,25.34000015258789,24.979999542236328,24.979999542236328,24.29180908203125,648334350
2025-08-04,2800.HK,24.940000534057617,25.239999771118164,24.860000610351562,25.200000762939453,24.505748748779297,1268421096
2025-08-05,2800.HK,25.239999771118164,25.420000076293945,25.15999984741211,25.360000610351562,24.661340713500977,719225265
2025-08-06,2800.HK,25.360000610351562,25.479999542236328,25.299999237060547,25.420000076293945,24.719688415527344,375381501
2025-08-07,2800.HK,25.479999542236328,25.6200008392334,25.31999969482422,25.559999465942383,24.855831146240234,712918410
2025-08-08,2800.HK,25.440000534057617,25.5,25.299999237060547,25.3799991607666,24.680788040161133,277719840
2025-08-11,2800.HK,25.420000076293945,25.479999542236328,25.260000228881836,25.399999618530273,24.700237274169922,245268393
2025-08-12,2800.HK,25.31999969482422,25.520000457763672,25.299999237060547,25.479999542236328,24.778034210205078,423826074
2025-08-13,2800.HK,25.65999984741211,26.1200008392334,25.65999984741211,26.079999923706055,25.36150550842285,587026141
2025-08-14,2800.HK,26.260000228881836,26.280000686645508,26.0,26.020000457763672,25.303157806396484,326527721
2025-08-15,2800.HK,25.81999969482422,25.860000610351562,25.65999984741211,25.799999237060547,25.089218139648438,1148485892
2025-08-18,2800.HK,25.799999237060547,25.979999542236328,25.65999984741211,25.65999984741211,24.953075408935547,813235288
2025-08-19,2800.HK,25.719999313354492,25.780000686645508,25.579999923706055,25.6200008392334,24.9141788482666,853082233
2025-08-20,2800.HK,25.479999542236328,25.719999313354492,25.3799991607666,25.65999984741211,24.953075408935547,978589542
2025-08-21,2800.HK,25.700000762939453,25.719999313354492,25.5,25.6200008392334,24.9141788482666,430233565
2025-08-22,2800.HK,25.719999313354492,25.8799991607666,25.65999984741211,25.84000015258789,25.128116607666016,418385265
2025-08-25,2800.HK,26.1200008392334,26.459999084472656,26.100000381469727,26.360000610351562,25.633790969848633,579142778
2025-08-26,2800.HK,26.239999771118164,26.34000015258789,26.020000457763672,26.020000457763672,25.303157806396484,624979956
2025-08-27,2800.HK,26.1200008392334,26.18000030517578,25.65999984741211,25.700000762939453,24.991973876953125,1499351764
2025-08-28,2800.HK,25.579999923706055,25.6200008392334,25.31999969482422,25.5,24.797483444213867,1239398431
2025-08-29,2800.HK,25.639999389648438,25.81999969482422,25.579999923706055,25.6200008392334,24.9141788482666,430581163
2025-09-01,2800.HK,25.979999542236328,26.200000762939453,25.979999542236328,26.15999984741211,25.439300537109375,652840138
2025-09-02,2800.HK,26.1200008392334,26.299999237060547,25.979999542236328,26.040000915527344,25.322607040405273,790950619
2025-09-03,2800.HK,26.239999771118164,26.360000610351562,25.81999969482422,25.899999618530273,25.18646240234375,748231421
2025-09-04,2800.HK,26.020000457763672,26.079999923706055,25.579999923706055,25.6200008392334,24.9141788482666,684501542
2025-09-05,2800.HK,25.719999313354492,26.059999465942383,25.68000030517578,25.979999542236328,25.264259338378906,416425409
2025-09-08,2800.HK,25.979999542236328,26.260000228881836,25.979999542236328,26.200000762939453,25.478199005126953,348908241
2025-09-09,2800.HK,26.31999969482422,26.65999984741211,26.260000228881836,26.540000915527344,25.8088321685791,378083282
2025-09-10,2800.HK,26.68000030517578,26.940000534057617,26.6200008392334,26.799999237060547,26.061668395996094,378558857
2025-09-11,2800.HK,26.600000381469727,26.899999618530273,26.520000457763672,26.719999313354492,25.983871459960938,609924629
2025-09-12,2800.HK,27.1200008392334,27.239999771118164,26.979999542236328,27.0,26.25615882873535,672662847
2025-09-15,2800.HK,26.979999542236328,27.200000762939453,26.940000534057617,27.079999923706055,26.333955764770508,761799977
2025-09-16,2800.HK,27.15999984741211,27.260000228881836,26.979999542236328,27.059999465942383,26.314504623413086,781077699
2025-09-17,2800.HK,27.15999984741211,27.600000381469727,27.15999984741211,27.520000457763672,26.7618350982666,562368205
2025-09-18,2800.HK,27.479999542236328,27.700000762939453,26.979999542236328,27.18000030517578,26.43120002746582,689600694
2025-09-19,2800.HK,27.200000762939453,27.280000686645508,27.040000915527344,27.200000762939453,26.450651168823242,838709787
2025-09-22,2800.HK,27.100000381469727,27.100000381469727,26.84000015258789,26.959999084472656,26.217260360717773,641796749
2025-09-23,2800.HK,27.040000915527344,27.079999923706055,26.639999389648438,26.799999237060547,26.061668395996094,898889030
2025-09-24,2800.HK,26.760000228881836,27.200000762939453,26.700000762939453,27.18000030517578,26.43120002746582,355369907
2025-09-25,2800.HK,27.059999465942383,27.280000686645508,27.040000915527344,27.139999389648438,26.392301559448242,556140759
2025-09-26,2800.HK,26.979999542236328,27.059999465942383,26.719999313354492,26.780000686645508,26.042221069335938,565463647
2025-09-29,2800.HK,27.0,27.34000015258789,26.979999542236328,27.239999771118164,26.489545822143555,698376064
2025-09-30,2800.HK,27.280000686645508,27.559999465942383,27.200000762939453,27.520000457763672,26.7618350982666,383166715
2025-10-02,2800.HK,27.520000457763672,28.040000915527344,27.520000457763672,27.959999084472656,27.189708709716797,465975893
2025-10-03,2800.HK,27.8799991607666,27.920000076293945,27.600000381469727,27.780000686645508,27.014671325683594,164529440
2025-10-06,2800.HK,27.700000762939453,27.799999237060547,27.520000457763672,27.579999923706055,26.820180892944336,245943534
2025-10-08,2800.HK,27.559999465942383,27.559999465942383,27.15999984741211,27.459999084472656,26.7034854888916,378935610
2025-10-09,2800.HK,27.520000457763672,27.639999389648438,27.1200008392334,27.399999618530273,26.645139694213867,449791347
2025-10-10,2800.HK,27.15999984741211,27.219999313354492,26.899999618530273,26.959999084472656,26.217260360717773,375135392
2025-10-13,2800.HK,26.219999313354492,26.559999465942383,25.979999542236328,26.540000915527344,25.8088321685791,1317057344
2025-10-14,2800.HK,26.6200008392334,26.739999771118164,25.959999084472656,26.1200008392334,25.40040397644043,951006761
2025-10-15,2800.HK,26.420000076293945,26.639999389648438,26.239999771118164,26.559999465942383,25.828279495239258,1097213708
2025-10-16,2800.HK,26.520000457763672,26.719999313354492,26.34000015258789,26.540000915527344,25.8088321685791,515977914
2025-10-17,2800.HK,26.479999542236328,26.5,25.780000686645508,25.860000610351562,25.147565841674805,570565775
2025-10-20,2800.HK,26.520000457763672,26.600000381469727,26.3799991607666,26.520000457763672,25.789382934570312,556028700
2025-10-21,2800.HK,26.84000015258789,27.059999465942383,26.68000030517578,26.700000762939453,25.964426040649414,475025056
2025-10-22,2800.HK,26.639999389648438,26.639999389648438,26.280000686645508,26.420000076293945,25.692136764526367,482669909
2025-10-23,2800.HK,26.360000610351562,26.760000228881836,26.260000228881836,26.600000381469727,25.86717987060547,460512746
2025-10-27,2800.HK,27.100000381469727,27.18000030517578,26.979999542236328,27.040000915527344,26.29505729675293,578987858
2025-10-28,2800.HK,27.18000030517578,27.200000762939453,26.899999618530273,26.979999542236328,26.236709594726562,447168171
2025-10-30,2800.HK,26.8799991607666,26.8799991607666,26.260000228881836,26.399999618530273,26.206928253173828,1075680279
2025-10-31,2800.HK,26.3799991607666,26.420000076293945,26.040000915527344,26.059999465942383,25.869415283203125,442359469
2025-11-03,2800.HK,26.1200008392334,26.34000015258789,26.040000915527344,26.260000228881836,26.06795310974121,531294586
2025-11-04,2800.HK,26.260000228881836,26.399999618530273,26.020000457763672,26.040000915527344,25.84956169128418,456271227
2025-11-05,2800.HK,25.799999237060547,26.100000381469727,25.600000381469727,26.040000915527344,25.84956169128418,537528465
2025-11-06,2800.HK,26.200000762939453,26.639999389648438,26.18000030517578,26.600000381469727,26.405466079711914,554722356
2025-11-07,2800.HK,26.5,26.5,26.299999237060547,26.34000015258789,26.147367477416992,386895252
2025-11-10,2800.HK,26.440000534057617,26.84000015258789,26.440000534057617,26.799999237060547,26.604001998901367,331961140
2025-11-11,2800.HK,26.899999618530273,26.940000534057617,26.65999984741211,26.84000015258789,26.64371109008789,575306746
2025-11-12,2800.HK,26.940000534057617,27.15999984741211,26.899999618530273,27.040000915527344,26.842248916625977,462244627
2025-11-13,2800.HK,26.920000076293945,27.31999969482422,26.860000610351562,27.18000030517578,26.981224060058594,735260946
2025-11-14,2800.HK,26.81999969482422,27.040000915527344,26.68000030517578,26.719999313354492,26.524587631225586,595660489
2025-11-17,2800.HK,26.6200008392334,26.68000030517578,26.399999618530273,26.520000457763672,26.326051712036133,689586244
2025-11-18,2800.HK,26.280000686645508,26.31999969482422,25.959999084472656,26.059999465942383,25.869415283203125,504318531
2025-11-19,2800.HK,26.100000381469727,26.18000030517578,25.8799991607666,25.979999542236328,25.78999900817871,661002576
2025-11-20,2800.HK,26.139999389648438,26.200000762939453,25.81999969482422,26.0,25.80985450744629,1187476759
2025-11-21,2800.HK,25.65999984741211,25.65999984741211,25.31999969482422,25.360000610351562,25.174535751342773,727619188
2025-11-24,2800.HK,25.579999923706055,25.920000076293945,25.520000457763672,25.81999969482422,25.63117027282715,490723815
2025-11-25,2800.HK,26.079999923706055,26.200000762939453,25.8799991607666,26.040000915527344,25.84956169128418,533695075
2025-11-26,2800.HK,26.239999771118164,26.280000686645508,26.040000915527344,26.079999923706055,25.88926887512207,537131355
2025-11-27,2800.HK,26.079999923706055,26.260000228881836,25.959999084472656,26.059999465942383,25.869415283203125,546820348
2025-11-28,2800.HK,26.1200008392334,26.15999984741211,25.959999084472656,26.040000915527344,25.84956169128418,230461371
2025-12-01,2800.HK,26.100000381469727,26.34000015258789,26.040000915527344,26.200000762939453,26.008392333984375,321924139
2025-12-02,2800.HK,26.34000015258789,26.440000534057617,26.139999389648438,26.239999771118164,26.048097610473633,339903581
2025-12-03,2800.HK,26.15999984741211,26.18000030517578,25.899999618530273,25.940000534057617,25.750293731689453,398237220
2025-12-04,2800.HK,26.0,26.200000762939453,25.860000610351562,26.139999389648438,25.948829650878906,498794543
2025-12-05,2800.HK,26.100000381469727,26.360000610351562,25.979999542236328,26.280000686645508,26.087806701660156,298803923
2025-12-08,2800.HK,26.260000228881836,26.360000610351562,25.959999084472656,25.979999542236328,25.78999900817871,326054948
2025-12-09,2800.HK,25.979999542236328,26.020000457763672,25.579999923706055,25.6200008392334,25.432634353637695,395383580
2025-12-10,2800.HK,25.6200008392334,25.700000762939453,25.459999084472656,25.700000762939453,25.512048721313477,393066671
2025-12-11,2800.HK,25.899999618530273,26.0,25.68000030517578,25.760000228881836,25.571609497070312,422527872
2025-12-12,2800.HK,26.0,26.239999771118164,25.920000076293945,26.15999984741211,25.96868324279785,374899285
2025-12-15,2800.HK,25.920000076293945,26.020000457763672,25.799999237060547,25.84000015258789,25.651023864746094,494817249
2025-12-16,2800.HK,25.760000228881836,25.760000228881836,25.299999237060547,25.440000534057617,25.253950119018555,397147709
2025-12-17,2800.HK,25.459999084472656,25.719999313354492,25.3799991607666,25.65999984741211,25.472339630126953,505602885
2025-12-18,2800.HK,25.520000457763672,25.739999771118164,25.459999084472656,25.700000762939453,25.512048721313477,394536019
2025-12-19,2800.HK,25.860000610351562,25.979999542236328,25.760000228881836,25.899999618530273,25.71058464050293,434252601
2025-12-22,2800.HK,26.040000915527344,26.059999465942383,25.8799991607666,26.0,25.80985450744629,265093884
2025-12-23,2800.HK,26.100000381469727,26.15999984741211,25.940000534057617,25.959999084472656,25.770145416259766,340169257
2025-12-24,2800.HK,26.0,26.0,26.0,26.0,25.80985450744629,0
2025-12-29,2800.HK,26.18000030517578,26.299999237060547,25.81999969482422,25.81999969482422,25.63117027282715,498503687
2025-12-30,2800.HK,25.81999969482422,26.139999389648438,25.799999237060547,26.059999465942383,25.869415283203125,358235065
2025-12-31,2800.HK,25.81999969482422,25.81999969482422,25.81999969482422,25.81999969482422,25.63117027282715,0
2026-01-02,2800.HK,26.0,26.579999923706055,25.920000076293945,26.540000915527344,26.345905303955078,430816215
2026-01-05,2800.HK,26.579999923706055,26.65999984741211,26.459999084472656,26.520000457763672,26.326051712036133,911019270
2026-01-06,2800.HK,26.700000762939453,27.100000381469727,26.700000762939453,26.8799991607666,26.68341827392578,562358822
2026-01-07,2800.HK,26.860000610351562,26.860000610351562,26.540000915527344,26.65999984741211,26.46502685546875,513238683
2026-01-08,2800.HK,26.520000457763672,26.520000457763672,26.15999984741211,26.31999969482422,26.127513885498047,760357414
2026-01-09,2800.HK,26.440000534057617,26.5,26.31999969482422,26.399999618530273,26.206928253173828,458119534
2026-01-12,2800.HK,26.579999923706055,26.81999969482422,26.399999618530273,26.799999237060547,26.604001998901367,343036992
2026-01-13,2800.HK,27.15999984741211,27.3799991607666,26.940000534057617,27.040000915527344,26.842248916625977,481102331
2026-01-14,2800.HK,27.1200008392334,27.34000015258789,27.0,27.200000762939453,27.001079559326172,384310722
2026-01-15,2800.HK,27.200000762939453,27.440000534057617,27.059999465942383,27.1200008392334,26.921663284301758,602280350
2026-01-16,2800.HK,27.34000015258789,27.440000534057617,26.959999084472656,27.040000915527344,26.842248916625977,235117491
2026-01-19,2800.HK,26.84000015258789,26.940000534057617,26.760000228881836,26.760000228881836,26.56429672241211,533276683
2026-01-20,2800.HK,26.760000228881836,26.860000610351562,26.579999923706055,26.68000030517578,26.484880447387695,418532844
2026-01-21,2800.HK,26.600000381469727,26.940000534057617,26.600000381469727,26.799999237060547,26.604001998901367,664067905
2026-01-22,2800.HK,27.0,27.0,26.719999313354492,26.860000610351562,26.663564682006836,474906862
2026-01-23,2800.HK,27.100000381469727,27.139999389648438,26.899999618530273,26.959999084472656,26.762832641601562,402221536
2026-01-26,2800.HK,27.040000915527344,27.139999389648438,26.84000015258789,26.979999542236328,26.782686233520508,637966109
2026-01-27,2800.HK,27.100000381469727,27.420000076293945,27.040000915527344,27.31999969482422,27.12019920349121,389933701
2026-01-28,2800.HK,27.559999465942383,28.079999923706055,27.479999542236328,28.040000915527344,27.834936141967773,1175097981
2026-01-29,2800.HK,27.860000610351562,28.31999969482422,27.81999969482422,28.18000030517578,27.97391128540039,569812641
2026-01-30,2800.HK,28.0,28.1200008392334,27.600000381469727,27.600000381469727,27.39815330505371,606792451
2026-02-02,2800.HK,27.34000015258789,27.360000610351562,26.719999313354492,26.940000534057617,26.742979049682617,914618701
2026-02-03,2800.HK,27.200000762939453,27.34000015258789,26.65999984741211,27.0,26.802539825439453,845932608
2026-02-04,2800.HK,26.959999084472656,27.239999771118164,26.81999969482422,27.079999923706055,26.881956100463867,793875481
2026-02-05,2800.HK,26.81999969482422,27.139999389648438,26.600000381469727,27.100000381469727,26.901809692382812,1080266950
2026-02-06,2800.HK,26.579999923706055,26.899999618530273,26.479999542236328,26.760000228881836,26.56429672241211,493256456
2026-02-09,2800.HK,27.260000228881836,27.34000015258789,27.100000381469727,27.219999313354492,27.020931243896484,755650211
2026-02-10,2800.HK,27.399999618530273,27.639999389648438,27.31999969482422,27.3799991607666,27.179759979248047,339490618
2026-02-11,2800.HK,27.440000534057617,27.559999465942383,27.360000610351562,27.479999542236328,27.279029846191406,299909681
2026-02-12,2800.HK,27.440000534057617,27.459999084472656,27.139999389648438,27.239999771118164,27.04078483581543,311036430
2026-02-13,2800.HK,26.8799991607666,27.0,26.65999984741211,26.780000686645508,26.584150314331055,671488961
2026-02-16,2800.HK,26.959999084472656,26.959999084472656,26.959999084472656,26.959999084472656,26.762832641601562,0
2026-02-20,2800.HK,26.920000076293945,27.020000457763672,26.559999465942383,26.639999389648438,26.445173263549805,331859588
2026-02-23,2800.HK,27.040000915527344,27.399999618530273,27.020000457763672,27.299999237060547,27.100345611572266,375350992
2026-02-24,2800.HK,27.1200008392334,27.1200008392334,26.700000762939453,26.799999237060547,26.604001998901367,306312714
2026-02-25,2800.HK,26.979999542236328,27.079999923706055,26.860000610351562,26.979999542236328,26.782686233520508,640582820
2026-02-26,2800.HK,27.219999313354492,27.239999771118164,26.579999923706055,26.579999923706055,26.38561248779297,284718058
2026-02-27,2800.HK,26.639999389648438,26.940000534057617,26.579999923706055,26.899999618530273,26.703271865844727,775902888
2026-03-02,2800.HK,26.540000915527344,26.6200008392334,26.100000381469727,26.280000686645508,26.087806701660156,721672179
2026-03-03,2800.HK,26.440000534057617,26.440000534057617,25.940000534057617,25.959999084472656,25.770145416259766,811338434
2026-03-04,2800.HK,25.65999984741211,25.68000030517578,25.15999984741211,25.5,25.31351089477539,743599893
2026-03-05,2800.HK,25.799999237060547,25.940000534057617,25.420000076293945,25.5,25.31351089477539,1486551575
2026-03-06,2800.HK,25.559999465942383,26.040000915527344,25.479999542236328,25.920000076293945,25.730438232421875,686930334
2026-03-09,2800.HK,25.1200008392334,25.65999984741211,25.100000381469727,25.6200008392334,25.432634353637695,1584767839
2026-03-10,2800.HK,25.959999084472656,26.18000030517578,25.799999237060547,26.18000030517578,25.98853874206543,1426407180
2026-03-11,2800.HK,26.260000228881836,26.3799991607666,26.059999465942383,26.100000381469727,25.909122467041016,350735018
2026-03-12,2800.HK,26.0,26.200000762939453,25.780000686645508,26.040000915527344,25.84956169128418,710926371
2026-03-13,2800.HK,25.8799991607666,25.959999084472656,25.719999313354492,25.719999313354492,25.53190040588379,785461161
2026-03-16,2800.HK,25.799999237060547,26.139999389648438,25.600000381469727,26.1200008392334,25.928977966308594,802084358
2026-03-17,2800.HK,26.219999313354492,26.540000915527344,26.1200008392334,26.200000762939453,26.008392333984375,979857444
2026-03-18,2800.HK,26.219999313354492,26.399999618530273,26.079999923706055,26.280000686645508,26.087806701660156,519779786
2026-03-19,2800.HK,25.780000686645508,26.020000457763672,25.719999313354492,25.760000228881836,25.571609497070312,1146143943
2026-03-20,2800.HK,25.68000030517578,25.84000015258789,25.399999618530273,25.559999465942383,25.373071670532227,1367365972
2026-03-23,2800.HK,25.059999465942383,25.059999465942383,24.479999542236328,24.700000762939453,24.51936149597168,1380996780
2026-03-24,2800.HK,25.059999465942383,25.360000610351562,24.81999969482422,25.360000610351562,25.174535751342773,1210253358
2026-03-25,2800.HK,25.559999465942383,25.68000030517578,25.299999237060547,25.65999984741211,25.472339630126953,1140382388
2026-03-26,2800.HK,25.540000915527344,25.540000915527344,25.079999923706055,25.139999389648438,24.95614242553711,465641972
2026-03-27,2800.HK,25.020000457763672,25.3799991607666,25.0,25.200000762939453,25.015705108642578,818355945
2026-03-30,2800.HK,24.760000228881836,25.079999923706055,24.65999984741211,25.0,24.817167282104492,868107858
2026-03-31,2800.HK,25.079999923706055,25.280000686645508,24.81999969482422,25.079999923706055,24.896581649780273,627870579
2026-04-01,2800.HK,25.639999389648438,25.719999313354492,25.479999542236328,25.540000915527344,25.35321807861328,826389604
2026-04-02,2800.HK,25.479999542236328,25.520000457763672,25.18000030517578,25.399999618530273,25.21424102783203,882936818
2026-04-08,2800.HK,26.219999313354492,26.260000228881836,25.979999542236328,26.200000762939453,26.008392333984375,1154934638
2026-04-09,2800.HK,26.059999465942383,26.18000030517578,25.940000534057617,26.020000457763672,25.829708099365234,801434850
2026-04-10,2800.HK,26.200000762939453,26.399999618530273,26.139999389648438,26.15999984741211,25.96868324279785,716560400
2026-04-13,2800.HK,26.0,26.020000457763672,25.81999969482422,25.959999084472656,25.770145416259766,390856381
2026-04-14,2800.HK,26.219999313354492,26.31999969482422,25.979999542236328,26.200000762939453,26.008392333984375,638227672
2026-04-15,2800.HK,26.479999542236328,26.540000915527344,26.239999771118164,26.239999771118164,26.048097610473633,412870155
2026-04-16,2800.HK,26.420000076293945,26.719999313354492,26.420000076293945,26.700000762939453,26.504735946655273,551971052
2026-04-17,2800.HK,26.520000457763672,26.600000381469727,26.31999969482422,26.440000534057617,26.24663734436035,552607635
2026-04-20,2800.HK,26.520000457763672,26.739999771118164,26.399999618530273,26.65999984741211,26.46502685546875,676090988
2026-04-21,2800.HK,26.739999771118164,26.84000015258789,26.639999389648438,26.760000228881836,26.56429672241211,315765743
2026-04-22,2800.HK,26.579999923706055,26.600000381469727,26.399999618530273,26.459999084472656,26.266489028930664,413066331
2026-04-23,2800.HK,26.399999618530273,26.420000076293945,26.139999389648438,26.200000762939453,26.008392333984375,788453541
2026-04-24,2800.HK,26.100000381469727,26.299999237060547,25.920000076293945,26.260000228881836,26.06795310974121,556988837
2026-04-27,2800.HK,26.280000686645508,26.3799991607666,26.139999389648438,26.239999771118164,26.048097610473633,801854636
2026-04-28,2800.HK,26.200000762939453,26.200000762939453,25.899999618530273,25.979999542236328,25.78999900817871,697141664
2026-04-29,2800.HK,25.979999542236328,26.260000228881836,25.920000076293945,26.239999771118164,26.239999771118164,756674854
2026-04-30,2800.HK,26.059999465942383,26.15999984741211,25.81999969482422,25.899999618530273,25.899999618530273,644660703
2026-05-04,2800.HK,26.260000228881836,26.479999542236328,26.219999313354492,26.239999771118164,26.239999771118164,489645498
2026-05-05,2800.HK,26.079999923706055,26.079999923706055,25.81999969482422,26.020000457763672,26.020000457763672,371207193
2026-05-06,2800.HK,26.18000030517578,26.360000610351562,26.0,26.299999237060547,26.299999237060547,608744861
2026-05-07,2800.HK,26.65999984741211,26.81999969482422,26.65999984741211,26.760000228881836,26.760000228881836,576814981
2026-05-08,2800.HK,26.5,26.6200008392334,26.399999618530273,26.5,26.5,527526370
2026-05-11,2800.HK,26.420000076293945,26.559999465942383,26.34000015258789,26.540000915527344,26.540000915527344,518531228
2026-05-12,2800.HK,26.579999923706055,26.760000228881836,26.459999084472656,26.479999542236328,26.479999542236328,643696321
2026-05-13,2800.HK,26.479999542236328,26.6200008392334,26.360000610351562,26.520000457763672,26.520000457763672,463523764
2026-05-14,2800.HK,27.020000457763672,27.040000915527344,26.520000457763672,26.559999465942383,26.559999465942383,607873776
2026-05-15,2800.HK,26.540000915527344,26.540000915527344,26.040000915527344,26.1200008392334,26.1200008392334,1295884035
2026-05-18,2800.HK,25.979999542236328,26.0,25.700000762939453,25.81999969482422,25.81999969482422,1042888002
2026-05-19,2800.HK,25.8799991607666,26.040000915527344,25.84000015258789,25.979999542236328,25.979999542236328,916669877
2026-05-20,2800.HK,25.860000610351562,25.920000076293945,25.739999771118164,25.860000610351562,25.860000610351562,513827297
2026-05-21,2800.HK,26.059999465942383,26.059999465942383,25.540000915527344,25.6200008392334,25.6200008392334,754322782
2026-05-22,2800.HK,25.860000610351562,25.959999084472656,25.700000762939453,25.799999237060547,25.799999237060547,854712777
2026-05-26,2800.HK,25.899999618530273,26.0,25.639999389648438,25.81999969482422,25.81999969482422,856920814
2026-05-27,2800.HK,25.84000015258789,25.860000610351562,25.5,25.559999465942383,25.559999465942383,915375487
2026-05-28,2800.HK,25.459999084472656,25.479999542236328,24.979999542236328,25.260000228881836,25.260000228881836,755064962
2026-05-29,2800.HK,25.399999618530273,25.579999923706055,25.299999237060547,25.399999618530273,25.399999618530273,837845479
2026-06-01,2800.HK,25.399999618530273,25.760000228881836,25.399999618530273,25.68000030517578,25.68000030517578,756798493
2026-06-02,2800.HK,25.639999389648438,26.360000610351562,25.639999389648438,26.31999969482422,26.31999969482422,811298804
2026-06-03,2800.HK,26.239999771118164,26.239999771118164,25.860000610351562,25.940000534057617,25.940000534057617,1033732612
2026-06-04,2800.HK,25.700000762939453,25.780000686645508,25.479999542236328,25.540000915527344,25.540000915527344,695885298
2026-06-05,2800.HK,25.5,25.540000915527344,25.239999771118164,25.280000686645508,25.280000686645508,784318754
2026-06-08,2800.HK,24.8799991607666,25.15999984741211,24.760000228881836,24.979999542236328,24.979999542236328,1316758653
2026-06-09,2800.HK,24.860000610351562,25.059999465942383,24.780000686645508,24.899999618530273,24.899999618530273,1303062723
2026-06-10,2800.HK,24.780000686645508,24.84000015258789,24.559999465942383,24.739999771118164,24.739999771118164,979394520
2026-06-11,2800.HK,24.719999313354492,24.860000610351562,24.360000610351562,24.600000381469727,24.600000381469727,895983170
2026-06-12,2800.HK,24.860000610351562,25.139999389648438,24.780000686645508,25.079999923706055,25.079999923706055,881834471
2026-06-15,2800.HK,25.3799991607666,25.440000534057617,25.18000030517578,25.239999771118164,25.239999771118164,541694992
2026-06-16,2800.HK,25.200000762939453,25.219999313354492,24.760000228881836,24.860000610351562,24.860000610351562,642345555
2026-06-17,2800.HK,24.920000076293945,24.940000534057617,24.639999389648438,24.68000030517578,24.68000030517578,448416540
2026-06-18,2800.HK,24.5,24.559999465942383,24.139999389648438,24.280000686645508,24.280000686645508,367344427
2026-06-22,2800.HK,24.18000030517578,24.280000686645508,23.81999969482422,24.15999984741211,24.15999984741211,788175443
2026-06-23,2800.HK,24.15999984741211,24.219999313354492,23.639999389648438,23.700000762939453,23.700000762939453,776256607
2026-06-24,2800.HK,23.860000610351562,23.940000534057617,23.639999389648438,23.799999237060547,23.799999237060547,809314570
2026-06-25,2800.HK,23.799999237060547,23.799999237060547,23.3799991607666,23.5,23.5,883240803
2026-06-26,2800.HK,23.34000015258789,23.34000015258789,22.920000076293945,23.079999923706055,23.079999923706055,594917921
2026-06-29,2800.HK,23.239999771118164,23.559999465942383,23.18000030517578,23.399999618530273,23.399999618530273,985351079
2026-06-30,2800.HK,23.34000015258789,23.479999542236328,23.059999465942383,23.280000686645508,23.280000686645508,535050680
2026-07-02,2800.HK,23.399999618530273,23.780000686645508,23.31999969482422,23.5,23.5,1015105222
2026-07-03,2800.HK,23.700000762939453,23.979999542236328,23.68000030517578,23.799999237060547,23.799999237060547,682464963
2026-07-06,2800.HK,23.860000610351562,24.15999984741211,23.68000030517578,24.079999923706055,24.079999923706055,991693444
2026-07-07,2800.HK,24.079999923706055,24.280000686645508,23.860000610351562,23.920000076293945,23.920000076293945,742991200
2026-07-08,2800.HK,23.959999084472656,24.799999237060547,23.959999084472656,24.65999984741211,24.65999984741211,859582079
2026-07-09,2800.HK,24.6200008392334,24.81999969482422,24.3799991607666,24.459999084472656,24.459999084472656,827949409
2026-07-10,2800.HK,24.65999984741211,24.959999084472656,24.520000457763672,24.6200008392334,24.6200008392334,858455991
