date,ticker,open,high,low,close,adj_close,volume
,,3067.HK,3067.HK,3067.HK,3067.HK,3067.HK,3067.HK
2020-09-14,3067.HK,15.0,15.0,15.0,15.0,14.745379447937012,0
2020-09-15,3067.HK,15.355899810791016,15.355899810791016,15.355899810791016,15.355899810791016,15.095237731933594,0
2020-09-16,3067.HK,15.525699615478516,15.525699615478516,15.525699615478516,15.525699615478516,15.262155532836914,0
2020-09-17,3067.HK,15.550000190734863,15.5600004196167,15.180000305175781,15.329999923706055,15.069778442382812,865900
2020-09-18,3067.HK,15.319999694824219,15.399999618530273,15.15999984741211,15.359999656677246,15.099268913269043,451100
2020-09-21,3067.HK,15.75,15.75,15.050000190734863,15.100000381469727,14.843683242797852,780951
2020-09-22,3067.HK,15.100000381469727,15.289999961853027,14.949999809265137,15.130000114440918,14.873172760009766,978400
2020-09-23,3067.HK,15.239999771118164,15.329999923706055,15.149999618530273,15.270000457763672,15.010796546936035,1195200
2020-09-24,3067.HK,15.270000457763672,15.270000457763672,14.760000228881836,14.800000190734863,14.548774719238281,1159480
2020-09-25,3067.HK,14.920000076293945,14.920000076293945,14.399999618530273,14.520000457763672,14.273528099060059,1247800
2020-09-28,3067.HK,14.649999618530273,14.649999618530273,14.479999542236328,14.630000114440918,14.381659507751465,692900
2020-09-29,3067.HK,14.739999771118164,14.829999923706055,14.59000015258789,14.829999923706055,14.578266143798828,914200
2020-09-30,3067.HK,14.800000190734863,14.9399995803833,14.649999618530273,14.8100004196167,14.55860424041748,546500
2020-10-05,3067.HK,15.0,15.149999618530273,14.779999732971191,14.84000015258789,14.588095664978027,1026000
2020-10-06,3067.HK,15.039999961853027,15.390000343322754,14.970000267028809,15.319999694824219,15.059947967529297,616700
2020-10-07,3067.HK,15.329999923706055,15.699999809265137,15.300000190734863,15.680000305175781,15.413836479187012,1689000
2020-10-08,3067.HK,15.729999542236328,15.729999542236328,15.569999694824219,15.680000305175781,15.413836479187012,1077400
2020-10-09,3067.HK,15.930000305175781,15.930000305175781,15.649999618530273,15.739999771118164,15.472818374633789,1229081
2020-10-12,3067.HK,15.890000343322754,16.219999313354492,15.890000343322754,16.209999084472656,15.934839248657227,1699000
2020-10-14,3067.HK,16.40999984741211,16.40999984741211,16.200000762939453,16.270000457763672,15.99382209777832,2188055
2020-10-15,3067.HK,16.329999923706055,16.329999923706055,15.720000267028809,15.800000190734863,15.531800270080566,1378300
2020-10-16,3067.HK,15.960000038146973,16.059999465942383,15.800000190734863,16.010000228881836,15.738236427307129,1519100
2020-10-19,3067.HK,16.110000610351562,16.149999618530273,15.84000015258789,15.949999809265137,15.679253578186035,989600
2020-10-20,3067.HK,15.949999809265137,16.030000686645508,15.770000457763672,16.020000457763672,15.748065948486328,928600
2020-10-21,3067.HK,16.030000686645508,16.06999969482422,15.949999809265137,15.970000267028809,15.69891357421875,1070600
2020-10-22,3067.HK,16.010000228881836,16.59000015258789,15.720000267028809,15.930000305175781,15.65959358215332,969200
2020-10-23,3067.HK,15.989999771118164,15.989999771118164,15.609999656677246,15.65999984741211,15.394176483154297,1344941
2020-10-27,3067.HK,15.720000267028809,15.920000076293945,15.640000343322754,15.779999732971191,15.512138366699219,1264500
2020-10-28,3067.HK,15.989999771118164,16.100000381469727,15.75,16.010000228881836,15.738236427307129,732100
2020-10-29,3067.HK,16.010000228881836,16.290000915527344,15.6899995803833,16.290000915527344,16.01348304748535,4450600
2020-10-30,3067.HK,16.170000076293945,16.260000228881836,15.710000038146973,15.75,15.482648849487305,1216800
2020-11-02,3067.HK,16.190000534057617,16.260000228881836,15.640000343322754,15.880000114440918,15.610441207885742,804500
2020-11-03,3067.HK,16.09000015258789,16.229999542236328,15.979999542236328,16.170000076293945,15.89551830291748,846600
2020-11-04,3067.HK,16.030000686645508,16.34000015258789,15.829999923706055,16.329999923706055,16.05280303955078,1584400
2020-11-05,3067.HK,16.75,17.09000015258789,16.75,17.040000915527344,16.750751495361328,1796900
2020-11-06,3067.HK,17.18000030517578,17.200000762939453,16.799999237060547,17.040000915527344,16.750751495361328,4943468
2020-11-09,3067.HK,17.190000534057617,17.860000610351562,17.190000534057617,17.600000381469727,17.301246643066406,7541400
2020-11-10,3067.HK,17.700000762939453,17.799999237060547,16.440000534057617,16.65999984741211,16.377201080322266,6063300
2020-11-11,3067.HK,16.489999771118164,16.489999771118164,15.619999885559082,15.670000076293945,15.404006004333496,9467500
2020-11-12,3067.HK,15.979999542236328,16.360000610351562,15.979999542236328,16.229999542236328,15.954501152038574,7638500
2020-11-13,3067.HK,16.299999237060547,16.610000610351562,16.15999984741211,16.579999923706055,16.298559188842773,1949600
2020-11-16,3067.HK,16.709999084472656,16.940000534057617,16.540000915527344,16.93000030517578,16.64261817932129,4015800
2020-11-17,3067.HK,16.93000030517578,16.93000030517578,16.40999984741211,16.709999084472656,16.426353454589844,4778750
2020-11-18,3067.HK,16.8700008392334,16.8700008392334,16.520000457763672,16.65999984741211,16.377201080322266,1899900
2020-11-19,3067.HK,16.65999984741211,16.65999984741211,16.31999969482422,16.549999237060547,16.269067764282227,949200
2020-11-20,3067.HK,16.59000015258789,16.809999465942383,16.59000015258789,16.700000762939453,16.41652488708496,1736241
2020-11-23,3067.HK,16.950000762939453,16.950000762939453,16.81999969482422,16.8799991607666,16.593467712402344,1422900
2020-11-24,3067.HK,17.020000457763672,17.100000381469727,16.84000015258789,16.940000534057617,16.652448654174805,1934200
2020-11-25,3067.HK,17.0,17.079999923706055,16.469999313354492,16.559999465942383,16.278898239135742,3792300
2020-11-26,3067.HK,16.649999618530273,16.84000015258789,16.6200008392334,16.84000015258789,16.55414581298828,1049000
2020-11-27,3067.HK,16.989999771118164,17.020000457763672,16.84000015258789,16.93000030517578,16.64261817932129,1329891
2020-11-30,3067.HK,17.0,17.040000915527344,16.75,16.799999237060547,16.51482391357422,2057296
2020-12-01,3067.HK,16.809999465942383,16.850000381469727,16.6299991607666,16.670000076293945,16.387033462524414,2854500
2020-12-02,3067.HK,17.149999618530273,17.149999618530273,16.350000381469727,16.5,16.219919204711914,2040300
2020-12-03,3067.HK,16.510000228881836,16.6200008392334,16.479999542236328,16.610000610351562,16.32805061340332,1440300
2020-12-04,3067.HK,16.65999984741211,16.739999771118164,16.579999923706055,16.690000534057617,16.406694412231445,2238200
2020-12-07,3067.HK,16.690000534057617,16.729999542236328,16.399999618530273,16.59000015258789,16.30838966369629,2064055
2020-12-08,3067.HK,16.59000015258789,17.0,16.56999969482422,16.899999618530273,16.613128662109375,2351500
2020-12-09,3067.HK,16.90999984741211,17.15999984741211,16.8799991607666,17.100000381469727,16.80973243713379,2174580
2020-12-10,3067.HK,16.899999618530273,16.899999618530273,16.6200008392334,16.780000686645508,16.49516487121582,1784200
2020-12-11,3067.HK,16.93000030517578,17.020000457763672,16.81999969482422,16.920000076293945,16.632787704467773,1011200
2020-12-14,3067.HK,17.0,17.0,16.75,16.989999771118164,16.70159912109375,1830300
2020-12-15,3067.HK,16.959999084472656,16.979999542236328,16.790000915527344,16.8799991607666,16.593467712402344,2144900
2020-12-16,3067.HK,16.950000762939453,17.049999237060547,16.8700008392334,17.0,16.711429595947266,4384975
2020-12-17,3067.HK,17.0,17.399999618530273,17.0,17.399999618530273,17.104639053344727,2441700
2020-12-18,3067.HK,17.450000762939453,17.450000762939453,17.200000762939453,17.350000381469727,17.05548858642578,2141300
2020-12-21,3067.HK,17.399999618530273,17.399999618530273,17.1200008392334,17.1200008392334,16.829395294189453,1971838
2020-12-22,3067.HK,17.049999237060547,17.219999313354492,16.90999984741211,17.010000228881836,16.72126007080078,7297100
2020-12-23,3067.HK,17.100000381469727,17.700000762939453,17.100000381469727,17.579999923706055,17.281585693359375,2107100
2020-12-24,3067.HK,17.040000915527344,17.040000915527344,17.040000915527344,17.040000915527344,16.750751495361328,0
2020-12-28,3067.HK,17.059999465942383,17.190000534057617,16.270000457763672,16.3799991607666,16.101953506469727,10412529
2020-12-29,3067.HK,16.579999923706055,16.850000381469727,16.56999969482422,16.780000686645508,16.49516487121582,2310000
2020-12-30,3067.HK,16.899999618530273,17.360000610351562,16.899999618530273,17.31999969482422,17.025999069213867,2456700
2020-12-31,3067.HK,17.559999465942383,17.559999465942383,17.559999465942383,17.559999465942383,17.261926651000977,0
2021-01-04,3067.HK,17.559999465942383,17.850000381469727,17.469999313354492,17.81999969482422,17.51750946044922,4079300
2021-01-05,3067.HK,17.860000610351562,17.860000610351562,17.530000686645508,17.649999618530273,17.35039520263672,3223300
2021-01-06,3067.HK,17.700000762939453,18.139999389648438,17.700000762939453,17.989999771118164,17.68462371826172,4054645
2021-01-07,3067.HK,17.989999771118164,17.989999771118164,17.350000381469727,17.600000381469727,17.301246643066406,6418400
2021-01-08,3067.HK,17.600000381469727,18.170000076293945,17.600000381469727,18.049999237060547,17.74360466003418,2709446
2021-01-11,3067.HK,18.18000030517578,18.450000762939453,17.979999542236328,18.1299991607666,17.822248458862305,4712334
2021-01-12,3067.HK,18.149999618530273,18.299999237060547,18.030000686645508,18.200000762939453,17.891061782836914,2073800
2021-01-13,3067.HK,18.229999542236328,18.40999984741211,17.969999313354492,18.100000381469727,17.79275894165039,4477800
2021-01-14,3067.HK,19.0,19.0,18.200000762939453,18.600000381469727,18.284271240234375,4242100
2021-01-15,3067.HK,18.559999465942383,18.559999465942383,18.079999923706055,18.34000015258789,18.028682708740234,4659400
2021-01-18,3067.HK,18.329999923706055,19.040000915527344,18.139999389648438,18.989999771118164,18.66765022277832,4010680
2021-01-19,3067.HK,19.239999771118164,19.899999618530273,19.239999771118164,19.540000915527344,19.208316802978516,8614600
2021-01-20,3067.HK,19.579999923706055,20.639999389648438,19.579999923706055,20.600000381469727,20.250322341918945,11250850
2021-01-21,3067.HK,20.700000762939453,20.860000610351562,20.34000015258789,20.700000762939453,20.348623275756836,8551388
2021-01-22,3067.HK,20.639999389648438,20.780000686645508,20.280000686645508,20.440000534057617,20.09303855895996,4523116
2021-01-25,3067.HK,20.579999923706055,21.3799991607666,20.579999923706055,21.3799991607666,21.017080307006836,9418398
2021-01-26,3067.HK,21.520000457763672,21.520000457763672,20.6200008392334,20.979999542236328,20.623872756958008,10934300
2021-01-27,3067.HK,21.459999084472656,21.459999084472656,20.100000381469727,20.520000457763672,20.17167854309082,9387100
2021-01-28,3067.HK,20.200000762939453,20.440000534057617,19.510000228881836,19.799999237060547,19.463899612426758,12445271
2021-01-29,3067.HK,20.540000915527344,20.540000915527344,19.399999618530273,19.610000610351562,19.27712631225586,11113500
2021-02-01,3067.HK,19.600000381469727,20.420000076293945,19.600000381469727,20.3799991607666,20.034055709838867,9418300
2021-02-02,3067.HK,20.639999389648438,21.079999923706055,20.639999389648438,20.84000015258789,20.48624610900879,7039100
2021-02-03,3067.HK,20.920000076293945,21.200000762939453,20.700000762939453,21.18000030517578,20.820476531982422,7245520
2021-02-04,3067.HK,21.200000762939453,21.200000762939453,20.239999771118164,20.760000228881836,20.40760612487793,16976500
2021-02-05,3067.HK,20.760000228881836,20.84000015258789,20.420000076293945,20.479999542236328,20.132356643676758,7259346
2021-02-08,3067.HK,20.799999237060547,20.799999237060547,20.34000015258789,20.34000015258789,19.994733810424805,6240900
2021-02-09,3067.HK,20.5,20.899999618530273,20.420000076293945,20.899999618530273,20.545228958129883,6458960
2021-02-10,3067.HK,21.239999771118164,21.360000610351562,20.959999084472656,21.31999969482422,20.958099365234375,6335400
2021-02-11,3067.HK,21.65999984741211,21.65999984741211,21.65999984741211,21.65999984741211,21.292329788208008,0
2021-02-16,3067.HK,22.059999465942383,22.559999465942383,22.059999465942383,22.280000686645508,21.901803970336914,9070800
2021-02-17,3067.HK,22.280000686645508,22.979999542236328,22.059999465942383,22.979999542236328,22.589920043945312,5673450
2021-02-18,3067.HK,22.979999542236328,22.979999542236328,22.100000381469727,22.299999237060547,21.921463012695312,11663360
2021-02-19,3067.HK,22.040000915527344,22.079999923706055,21.360000610351562,22.059999465942383,21.685537338256836,11456440
2021-02-22,3067.HK,22.100000381469727,22.260000228881836,20.899999618530273,20.940000534057617,20.584548950195312,17888177
2021-02-23,3067.HK,20.700000762939453,20.899999618530273,20.15999984741211,20.700000762939453,20.348623275756836,17645472
2021-02-24,3067.HK,20.700000762939453,20.8799991607666,19.260000228881836,19.649999618530273,19.31644630432129,29299694
2021-02-25,3067.HK,20.020000457763672,20.18000030517578,19.6299991607666,19.899999618530273,19.56220245361328,16576000
2021-02-26,3067.HK,19.329999923706055,19.329999923706055,18.700000762939453,18.899999618530273,18.57917594909668,25199150
2021-03-01,3067.HK,19.25,19.459999084472656,19.079999923706055,19.440000534057617,19.11001205444336,10492700
2021-03-02,3067.HK,19.979999542236328,20.100000381469727,19.260000228881836,19.5,19.168994903564453,10575000
2021-03-03,3067.HK,19.5,19.739999771118164,19.049999237060547,19.739999771118164,19.404922485351562,7042726
2021-03-04,3067.HK,19.280000686645508,19.280000686645508,18.40999984741211,18.600000381469727,18.284271240234375,21311392
2021-03-05,3067.HK,18.059999465942383,18.34000015258789,17.530000686645508,18.040000915527344,17.733776092529297,14713755
2021-03-08,3067.HK,18.25,18.260000228881836,16.809999465942383,16.979999542236328,16.691768646240234,25419420
2021-03-09,3067.HK,17.139999389648438,17.3799991607666,16.100000381469727,16.889999389648438,16.60329818725586,34806990
2021-03-10,3067.HK,17.889999389648438,17.889999389648438,17.059999465942383,17.139999389648438,16.84905433654785,19205770
2021-03-11,3067.HK,17.299999237060547,18.030000686645508,17.18000030517578,18.010000228881836,17.70428466796875,15447100
2021-03-12,3067.HK,18.520000457763672,18.520000457763672,17.610000610351562,17.770000457763672,17.468360900878906,12039400
2021-03-15,3067.HK,17.979999542236328,17.989999771118164,17.06999969482422,17.270000457763672,16.976844787597656,8321089
2021-03-16,3067.HK,17.450000762939453,17.84000015258789,17.450000762939453,17.760000228881836,17.45853042602539,7781200
2021-03-17,3067.HK,17.799999237060547,18.020000457763672,17.520000457763672,17.920000076293945,17.615814208984375,5340390
2021-03-18,3067.HK,18.06999969482422,18.389999389648438,18.020000457763672,18.079999923706055,17.773096084594727,10197840
2021-03-19,3067.HK,17.8799991607666,17.969999313354492,17.520000457763672,17.969999313354492,17.664966583251953,6860126
2021-03-22,3067.HK,17.969999313354492,18.030000686645508,17.649999618530273,17.75,17.448699951171875,4197050
2021-03-23,3067.HK,17.81999969482422,17.90999984741211,17.170000076293945,17.389999389648438,17.094810485839844,9908765
2021-03-24,3067.HK,17.3700008392334,17.40999984741211,16.709999084472656,16.8799991607666,16.593467712402344,14630620
2021-03-25,3067.HK,16.399999618530273,16.719999313354492,16.010000228881836,16.610000610351562,16.32805061340332,15127020
2021-03-26,3067.HK,16.709999084472656,17.139999389648438,16.6299991607666,16.989999771118164,16.70159912109375,8904118
2021-03-29,3067.HK,17.0,17.020000457763672,16.520000457763672,16.649999618530273,16.36737060546875,6757320
2021-03-30,3067.HK,16.8700008392334,17.170000076293945,16.770000457763672,17.040000915527344,16.750751495361328,6582307
2021-03-31,3067.HK,17.25,17.389999389648438,17.020000457763672,17.1299991607666,16.839221954345703,8054500
2021-04-01,3067.HK,17.329999923706055,17.860000610351562,17.329999923706055,17.799999237060547,17.49785041809082,6814300
2021-04-07,3067.HK,17.940000534057617,18.059999465942383,17.549999237060547,17.600000381469727,17.301246643066406,5656753
2021-04-08,3067.HK,17.5,17.75,17.3799991607666,17.65999984741211,17.360227584838867,3958427
2021-04-09,3067.HK,17.719999313354492,17.719999313354492,17.200000762939453,17.350000381469727,17.05548858642578,5473834
2021-04-12,3067.HK,17.399999618530273,17.459999084472656,16.979999542236328,17.030000686645508,16.740922927856445,7166935
2021-04-13,3067.HK,17.1299991607666,17.170000076293945,16.75,16.770000457763672,16.485334396362305,7033375
2021-04-14,3067.HK,17.059999465942383,17.290000915527344,17.049999237060547,17.15999984741211,16.86871337890625,7788400
2021-04-15,3067.HK,17.200000762939453,17.200000762939453,16.75,17.1299991607666,16.839221954345703,5299300
2021-04-16,3067.HK,17.049999237060547,17.209999084472656,16.93000030517578,17.200000762939453,16.908035278320312,4318860
2021-04-19,3067.HK,17.200000762939453,17.530000686645508,16.989999771118164,17.420000076293945,17.124300003051758,7322747
2021-04-20,3067.HK,17.299999237060547,17.43000030517578,17.219999313354492,17.299999237060547,17.006336212158203,5056713
2021-04-21,3067.HK,17.190000534057617,17.260000228881836,16.93000030517578,17.09000015258789,16.799903869628906,2830005
2021-04-22,3067.HK,17.34000015258789,17.34000015258789,17.110000610351562,17.25,16.957185745239258,2947700
2021-04-23,3067.HK,17.260000228881836,17.739999771118164,17.260000228881836,17.65999984741211,17.360227584838867,4997730
2021-04-26,3067.HK,17.940000534057617,17.959999084472656,17.6299991607666,17.6299991607666,17.330734252929688,3837137
2021-04-27,3067.HK,17.6299991607666,17.889999389648438,17.56999969482422,17.780000686645508,17.478193283081055,2957328
2021-04-28,3067.HK,17.760000228881836,17.8700008392334,17.719999313354492,17.790000915527344,17.488021850585938,3393700
2021-04-29,3067.HK,17.799999237060547,17.950000762939453,17.700000762939453,17.75,17.448699951171875,3755400
2021-04-30,3067.HK,17.670000076293945,17.670000076293945,17.329999923706055,17.329999923706055,17.03582763671875,5590428
2021-05-03,3067.HK,17.329999923706055,17.389999389648438,17.100000381469727,17.200000762939453,16.908035278320312,3963900
2021-05-04,3067.HK,17.209999084472656,17.34000015258789,17.100000381469727,17.34000015258789,17.0456600189209,2467800
2021-05-05,3067.HK,17.200000762939453,17.209999084472656,16.920000076293945,16.989999771118164,16.70159912109375,4738305
2021-05-06,3067.HK,17.079999923706055,17.170000076293945,16.829999923706055,16.979999542236328,16.691768646240234,3183300
2021-05-07,3067.HK,17.0,17.049999237060547,16.579999923706055,16.729999542236328,16.446012496948242,7668278
2021-05-10,3067.HK,16.770000457763672,16.799999237060547,16.389999389648438,16.489999771118164,16.2100887298584,4685700
2021-05-11,3067.HK,16.3799991607666,16.3799991607666,15.739999771118164,15.90999984741211,15.639932632446289,25473100
2021-05-12,3067.HK,16.15999984741211,16.43000030517578,16.110000610351562,16.399999618530273,16.121614456176758,5646100
2021-05-13,3067.HK,16.049999237060547,16.15999984741211,15.869999885559082,15.949999809265137,15.679253578186035,6114607
2021-05-14,3067.HK,15.850000381469727,15.869999885559082,15.520000457763672,15.789999961853027,15.521968841552734,4020500
2021-05-17,3067.HK,16.020000457763672,16.149999618530273,15.869999885559082,16.0,15.72840404510498,3814100
2021-05-18,3067.HK,16.139999389648438,16.34000015258789,16.139999389648438,16.25,15.974161148071289,3681700
2021-05-20,3067.HK,16.260000228881836,16.56999969482422,16.239999771118164,16.549999237060547,16.269067764282227,3732420
2021-05-21,3067.HK,16.65999984741211,16.799999237060547,16.579999923706055,16.770000457763672,16.485334396362305,6678764
2021-05-24,3067.HK,16.670000076293945,16.709999084472656,16.299999237060547,16.479999542236328,16.200258255004883,3216089
2021-05-25,3067.HK,16.510000228881836,16.760000228881836,16.40999984741211,16.700000762939453,16.41652488708496,3340589
2021-05-26,3067.HK,16.799999237060547,16.90999984741211,16.700000762939453,16.84000015258789,16.55414581298828,3497950
2021-05-27,3067.HK,16.8799991607666,16.950000762939453,16.790000915527344,16.920000076293945,16.632787704467773,2737300
2021-05-28,3067.HK,16.979999542236328,17.0,16.579999923706055,16.600000381469727,16.318220138549805,5040100
2021-05-31,3067.HK,16.65999984741211,16.90999984741211,16.65999984741211,16.899999618530273,16.613128662109375,3211900
2021-06-01,3067.HK,16.93000030517578,17.3700008392334,16.93000030517578,17.34000015258789,17.0456600189209,6787800
2021-06-02,3067.HK,17.40999984741211,17.420000076293945,17.15999984741211,17.25,16.957185745239258,15767700
2021-06-03,3067.HK,17.239999771118164,17.3799991607666,17.030000686645508,17.079999923706055,16.790071487426758,4822425
2021-06-04,3067.HK,16.969999313354492,17.110000610351562,16.829999923706055,16.969999313354492,16.68194007873535,3536674
2021-06-07,3067.HK,17.020000457763672,17.020000457763672,16.719999313354492,16.829999923706055,16.544315338134766,12699755
2021-06-08,3067.HK,17.0,17.0,16.59000015258789,16.68000030517578,16.39686393737793,5050100
2021-06-09,3067.HK,16.700000762939453,16.899999618530273,16.579999923706055,16.649999618530273,16.36737060546875,3469772
2021-06-10,3067.HK,16.709999084472656,16.81999969482422,16.56999969482422,16.65999984741211,16.377201080322266,2701600
2021-06-11,3067.HK,16.75,16.829999923706055,16.6299991607666,16.690000534057617,16.406694412231445,4622776
2021-06-15,3067.HK,16.799999237060547,16.799999237060547,16.40999984741211,16.670000076293945,16.387033462524414,3255400
2021-06-16,3067.HK,16.649999618530273,16.649999618530273,16.34000015258789,16.360000610351562,16.08229637145996,3290200
2021-06-17,3067.HK,16.299999237060547,16.469999313354492,16.200000762939453,16.469999313354492,16.190427780151367,3002700
2021-06-18,3067.HK,16.540000915527344,16.860000610351562,16.540000915527344,16.829999923706055,16.544315338134766,3766030
2021-06-21,3067.HK,16.770000457763672,16.770000457763672,16.479999542236328,16.59000015258789,16.30838966369629,2851150
2021-06-22,3067.HK,16.739999771118164,16.739999771118164,16.299999237060547,16.3799991607666,16.101953506469727,3227166
2021-06-23,3067.HK,16.43000030517578,16.75,16.3700008392334,16.729999542236328,16.446012496948242,3792600
2021-06-24,3067.HK,16.739999771118164,16.8700008392334,16.719999313354492,16.739999771118164,16.455841064453125,2088800
2021-06-25,3067.HK,16.920000076293945,17.25,16.8799991607666,17.25,16.957185745239258,17699459
2021-06-28,3067.HK,16.90999984741211,17.360000610351562,16.90999984741211,17.25,16.957185745239258,5347100
2021-06-29,3067.HK,17.299999237060547,17.3799991607666,17.049999237060547,17.1200008392334,16.829395294189453,3412590
2021-06-30,3067.HK,17.219999313354492,17.260000228881836,17.030000686645508,17.100000381469727,16.80973243713379,2274475
2021-07-02,3067.HK,16.989999771118164,16.989999771118164,16.420000076293945,16.559999465942383,16.278898239135742,13721686
2021-07-05,3067.HK,16.3799991607666,16.3799991607666,16.030000686645508,16.139999389648438,15.86602783203125,10698753
2021-07-06,3067.HK,16.1299991607666,16.1299991607666,15.819999694824219,15.949999809265137,15.679253578186035,7503936
2021-07-07,3067.HK,15.880000114440918,15.890000343322754,15.699999809265137,15.859999656677246,15.590782165527344,7857800
2021-07-08,3067.HK,15.800000190734863,15.800000190734863,15.260000228881836,15.479999542236328,15.217231750488281,17751120
2021-07-09,3067.HK,15.390000343322754,15.569999694824219,14.960000038146973,15.460000038146973,15.19757080078125,14267563
2021-07-12,3067.HK,15.729999542236328,15.760000228881836,15.479999542236328,15.670000076293945,15.404006004333496,5109452
2021-07-13,3067.HK,15.789999961853027,16.1200008392334,15.699999809265137,15.960000038146973,15.689083099365234,6290576
2021-07-14,3067.HK,16.010000228881836,16.06999969482422,15.9399995803833,15.989999771118164,15.718573570251465,2407000
2021-07-15,3067.HK,15.9399995803833,16.079999923706055,15.9399995803833,15.989999771118164,15.718573570251465,3161400
2021-07-16,3067.HK,16.040000915527344,16.040000915527344,15.850000381469727,15.930000305175781,15.65959358215332,2892100
2021-07-19,3067.HK,15.800000190734863,15.800000190734863,15.479999542236328,15.5,15.236892700195312,5396138
2021-07-20,3067.HK,15.489999771118164,15.579999923706055,15.199999809265137,15.300000190734863,15.040287971496582,5891400
2021-07-21,3067.HK,15.489999771118164,15.489999771118164,15.210000038146973,15.34000015258789,15.079607009887695,7514700
2021-07-22,3067.HK,15.5,15.630000114440918,15.479999542236328,15.630000114440918,15.364686965942383,4304948
2021-07-23,3067.HK,15.720000267028809,15.720000267028809,15.109999656677246,15.170000076293945,14.912492752075195,7312500
2021-07-26,3067.HK,15.0,15.0,14.119999885559082,14.199999809265137,13.958959579467773,24584040
2021-07-27,3067.HK,13.979999542236328,14.149999618530273,12.8100004196167,13.119999885559082,12.897292137145996,36920158
2021-07-28,3067.HK,13.359999656677246,14.0,12.970000267028809,13.460000038146973,13.231520652770996,21027223
2021-07-29,3067.HK,14.470000267028809,14.539999961853027,14.079999923706055,14.520000457763672,14.273528099060059,21962550
2021-07-30,3067.HK,14.369999885559082,14.6899995803833,13.84000015258789,14.199999809265137,13.958959579467773,13069950
2021-08-02,3067.HK,14.279999732971191,14.279999732971191,13.949999809265137,14.260000228881836,14.01794147491455,5768922
2021-08-03,3067.HK,14.300000190734863,14.300000190734863,13.720000267028809,13.949999809265137,13.713201522827148,11059848
2021-08-04,3067.HK,13.9399995803833,14.5,13.819999694824219,14.319999694824219,14.076922416687012,7351170
2021-08-05,3067.HK,14.319999694824219,14.430000305175781,13.970000267028809,14.039999961853027,13.801674842834473,6279059
2021-08-06,3067.HK,14.0600004196167,14.100000381469727,13.899999618530273,14.050000190734863,13.811505317687988,6496891
2021-08-09,3067.HK,13.869999885559082,14.100000381469727,13.720000267028809,13.90999984741211,13.673881530761719,7712814
2021-08-10,3067.HK,14.239999771118164,14.279999732971191,13.960000038146973,14.270000457763672,14.027771949768066,6686368
2021-08-11,3067.HK,14.25,14.380000114440918,14.119999885559082,14.229999542236328,13.988450050354004,4499960
2021-08-12,3067.HK,14.220000267028809,14.25,13.970000267028809,14.020000457763672,13.782014846801758,3295549
2021-08-13,3067.HK,13.949999809265137,13.949999809265137,13.65999984741211,13.800000190734863,13.565750122070312,7321300
2021-08-16,3067.HK,13.680000305175781,13.710000038146973,13.369999885559082,13.449999809265137,13.22169017791748,8361800
2021-08-17,3067.HK,13.4399995803833,13.4399995803833,12.930000305175781,13.020000457763672,12.798989295959473,18124417
2021-08-18,3067.HK,13.100000381469727,13.15999984741211,12.949999809265137,12.970000267028809,12.749838829040527,7459300
2021-08-19,3067.HK,13.0,13.0600004196167,12.550000190734863,12.630000114440918,12.415610313415527,13551521
2021-08-20,3067.HK,12.6899995803833,12.6899995803833,12.069999694824219,12.300000190734863,12.09121036529541,19507094
2021-08-23,3067.HK,12.5,12.880000114440918,12.5,12.59000015258789,12.376288414001465,20401220
2021-08-24,3067.HK,13.0,13.460000038146973,12.899999618530273,13.460000038146973,13.231520652770996,13613803
2021-08-25,3067.HK,13.75,13.930000305175781,13.390000343322754,13.5,13.270841598510742,9713700
2021-08-26,3067.HK,13.6899995803833,13.6899995803833,13.09000015258789,13.229999542236328,13.005424499511719,8044800
2021-08-27,3067.HK,13.229999542236328,13.5,13.140000343322754,13.279999732971191,13.054574966430664,8185338
2021-08-30,3067.HK,13.350000381469727,13.430000305175781,13.130000114440918,13.34000015258789,13.113556861877441,10415700
2021-08-31,3067.HK,13.399999618530273,13.789999961853027,13.170000076293945,13.789999961853027,13.55591869354248,14184900
2021-09-01,3067.HK,13.819999694824219,14.130000114440918,13.760000228881836,13.979999542236328,13.742693901062012,9516850
2021-09-02,3067.HK,14.300000190734863,14.449999809265137,14.119999885559082,14.210000038146973,13.968790054321289,8427920
2021-09-03,3067.HK,14.180000305175781,14.199999809265137,13.949999809265137,14.050000190734863,13.811505317687988,7418224
2021-09-06,3067.HK,14.0600004196167,14.180000305175781,13.949999809265137,14.170000076293945,13.92947006225586,2697406
2021-09-07,3067.HK,14.199999809265137,14.5,14.199999809265137,14.380000114440918,14.135904312133789,6282977
2021-09-08,3067.HK,14.390000343322754,14.529999732971191,14.229999542236328,14.300000190734863,14.057262420654297,6619455
2021-09-09,3067.HK,14.09000015258789,14.09000015258789,13.670000076293945,13.699999809265137,13.467447280883789,10614240
2021-09-10,3067.HK,13.920000076293945,14.100000381469727,13.850000381469727,14.100000381469727,13.86065673828125,7099100
2021-09-13,3067.HK,13.960000038146973,13.960000038146973,13.579999923706055,13.760000228881836,13.526429176330566,6780828
2021-09-14,3067.HK,13.84000015258789,13.869999885559082,13.479999542236328,13.5600004196167,13.32982349395752,12169678
2021-09-15,3067.HK,13.4399995803833,13.4399995803833,13.119999885559082,13.199999809265137,12.975934028625488,7479948
2021-09-16,3067.HK,13.199999809265137,13.260000228881836,12.880000114440918,13.020000457763672,12.798989295959473,10349000
2021-09-17,3067.HK,13.020000457763672,13.520000457763672,13.0,13.4399995803833,13.211859703063965,6931150
2021-09-20,3067.HK,13.420000076293945,13.420000076293945,12.859999656677246,13.140000343322754,12.916952133178711,9203600
2021-09-21,3067.HK,13.0,13.119999885559082,12.819999694824219,13.0600004196167,12.838312149047852,6508715
2021-09-23,3067.HK,13.550000190734863,13.550000190734863,13.0600004196167,13.180000305175781,12.95627498626709,6652600
2021-09-24,3067.HK,13.199999809265137,13.220000267028809,12.779999732971191,12.880000114440918,12.66136646270752,9507850
2021-09-27,3067.HK,12.899999618530273,13.020000457763672,12.710000038146973,12.720000267028809,12.504082679748535,7730209
2021-09-28,3067.HK,12.84000015258789,13.119999885559082,12.800000190734863,13.020000457763672,12.798989295959473,4313200
2021-09-29,3067.HK,12.800000190734863,12.890000343322754,12.579999923706055,12.890000343322754,12.671196937561035,7414591
2021-09-30,3067.HK,12.630000114440918,12.829999923706055,12.59000015258789,12.699999809265137,12.484420776367188,7481300
2021-10-04,3067.HK,12.699999809265137,12.699999809265137,12.40999984741211,12.449999809265137,12.238665580749512,9310623
2021-10-05,3067.HK,12.399999618530273,12.489999771118164,12.180000305175781,12.479999542236328,12.26815414428711,8322110
2021-10-06,3067.HK,12.550000190734863,12.550000190734863,12.229999542236328,12.270000457763672,12.061720848083496,11118303
2021-10-07,3067.HK,12.5,12.949999809265137,12.489999771118164,12.930000305175781,12.710516929626465,11700556
2021-10-08,3067.HK,13.100000381469727,13.15999984741211,12.800000190734863,12.960000038146973,12.740008354187012,9815107
2021-10-11,3067.HK,13.0,13.460000038146973,13.0,13.380000114440918,13.152878761291504,9935513
2021-10-12,3067.HK,13.109999656677246,13.199999809265137,12.920000076293945,12.989999771118164,12.769498825073242,10444928
2021-10-15,3067.HK,13.09000015258789,13.1899995803833,12.989999771118164,13.1899995803833,12.966102600097656,9486930
2021-10-18,3067.HK,13.220000267028809,13.220000267028809,12.970000267028809,13.199999809265137,12.975934028625488,8516500
2021-10-19,3067.HK,13.210000038146973,13.619999885559082,13.210000038146973,13.59000015258789,13.359314918518066,9626672
2021-10-20,3067.HK,13.800000190734863,14.079999923706055,13.800000190734863,13.989999771118164,13.752524375915527,15007007
2021-10-21,3067.HK,14.0,14.069999694824219,13.699999809265137,13.869999885559082,13.634561538696289,7517138
2021-10-22,3067.HK,13.899999618530273,14.180000305175781,13.899999618530273,14.130000114440918,13.89014720916748,5686750
2021-10-25,3067.HK,14.050000190734863,14.1899995803833,13.979999542236328,14.100000381469727,13.86065673828125,5388394
2021-10-26,3067.HK,14.149999618530273,14.15999984741211,13.829999923706055,13.920000076293945,13.683712005615234,12602780
2021-10-27,3067.HK,13.6899995803833,13.6899995803833,13.380000114440918,13.470000267028809,13.241352081298828,8566620
2021-10-28,3067.HK,13.5,13.65999984741211,13.399999618530273,13.470000267028809,13.241352081298828,5655650
2021-10-29,3067.HK,13.470000267028809,13.470000267028809,13.300000190734863,13.34000015258789,13.113556861877441,4338000
2021-11-01,3067.HK,13.229999542236328,13.229999542236328,13.050000190734863,13.140000343322754,12.916952133178711,7819070
2021-11-02,3067.HK,13.5,13.630000114440918,13.149999618530273,13.220000267028809,12.995594024658203,5540690
2021-11-03,3067.HK,13.210000038146973,13.260000228881836,12.949999809265137,13.100000381469727,12.877631187438965,4032700
2021-11-04,3067.HK,13.220000267028809,13.34000015258789,13.1899995803833,13.300000190734863,13.074235916137695,2786200
2021-11-05,3067.HK,13.25,13.279999732971191,13.050000190734863,13.079999923706055,12.85797119140625,11511228
2021-11-08,3067.HK,13.029999732971191,13.029999732971191,12.890000343322754,12.949999809265137,12.730177879333496,7636670
2021-11-09,3067.HK,13.010000228881836,13.09000015258789,12.850000381469727,12.989999771118164,12.769498825073242,3136311
2021-11-10,3067.HK,12.979999542236328,13.270000457763672,12.859999656677246,13.239999771118164,13.015254974365234,4962200
2021-11-11,3067.HK,13.170000076293945,13.600000381469727,13.109999656677246,13.5,13.270841598510742,7122443
2021-11-12,3067.HK,13.579999923706055,13.8100004196167,13.579999923706055,13.680000305175781,13.447786331176758,5530000
2021-11-15,3067.HK,13.6899995803833,13.880000114440918,13.6899995803833,13.739999771118164,13.506767272949219,2989000
2021-11-16,3067.HK,13.779999732971191,14.029999732971191,13.779999732971191,13.970000267028809,13.732864379882812,7120962
2021-11-17,3067.HK,13.970000267028809,13.970000267028809,13.779999732971191,13.920000076293945,13.683712005615234,2197425
2021-11-18,3067.HK,13.65999984741211,13.670000076293945,13.470000267028809,13.5,13.270841598510742,6410500
2021-11-19,3067.HK,13.300000190734863,13.5,13.229999542236328,13.5,13.270841598510742,32405918
2021-11-22,3067.HK,13.4399995803833,13.5,13.34000015258789,13.40999984741211,13.182369232177734,32093880
2021-11-23,3067.HK,13.279999732971191,13.279999732971191,13.119999885559082,13.220000267028809,12.995594024658203,3836000
2021-11-24,3067.HK,13.210000038146973,13.3100004196167,13.109999656677246,13.15999984741211,12.936613082885742,5089760
2021-11-25,3067.HK,13.15999984741211,13.319999694824219,13.109999656677246,13.300000190734863,13.074235916137695,4288696
2021-11-26,3067.HK,13.180000305175781,13.180000305175781,12.850000381469727,12.880000114440918,12.66136646270752,12669800
2021-11-29,3067.HK,12.800000190734863,13.020000457763672,12.699999809265137,12.739999771118164,12.52374267578125,7780700
2021-11-30,3067.HK,12.680000305175781,12.789999961853027,12.380000114440918,12.550000190734863,12.336969375610352,7485800
2021-12-01,3067.HK,12.5600004196167,12.779999732971191,12.5600004196167,12.609999656677246,12.395949363708496,4001368
2021-12-02,3067.HK,12.600000381469727,12.619999885559082,12.460000038146973,12.5600004196167,12.346799850463867,3110800
2021-12-03,3067.HK,12.649999618530273,12.649999618530273,12.239999771118164,12.359999656677246,12.150192260742188,4882619
2021-12-06,3067.HK,12.010000228881836,12.1899995803833,11.920000076293945,11.989999771118164,11.786473274230957,10257988
2021-12-07,3067.HK,12.289999961853027,12.479999542236328,12.100000381469727,12.479999542236328,12.26815414428711,12864255
2021-12-08,3067.HK,12.510000228881836,12.569999694824219,12.4399995803833,12.470000267028809,12.258326530456543,6144060
2021-12-09,3067.HK,12.579999923706055,12.789999961853027,12.579999923706055,12.75,12.53357219696045,9024075
2021-12-10,3067.HK,12.649999618530273,12.789999961853027,12.539999961853027,12.5600004196167,12.346799850463867,2888700
2021-12-13,3067.HK,12.600000381469727,12.869999885559082,12.579999923706055,12.609999656677246,12.395949363708496,6592868
2021-12-14,3067.HK,12.449999809265137,12.489999771118164,12.25,12.25,12.042059898376465,6467478
2021-12-15,3067.HK,12.260000228881836,12.34000015258789,12.039999961853027,12.079999923706055,11.874945640563965,4207560
2021-12-16,3067.HK,12.0,12.199999809265137,11.880000114440918,12.15999984741211,11.953587532043457,12175700
2021-12-17,3067.HK,12.15999984741211,12.15999984741211,11.829999923706055,11.859999656677246,11.658679962158203,13614028
2021-12-20,3067.HK,11.859999656677246,11.869999885559082,11.430000305175781,11.479999542236328,11.285130500793457,9229550
2021-12-21,3067.HK,11.449999809265137,11.800000190734863,11.40999984741211,11.710000038146973,11.511226654052734,6094319
2021-12-22,3067.HK,11.869999885559082,12.0,11.760000228881836,11.859999656677246,11.658679962158203,5467000
2021-12-23,3067.HK,11.869999885559082,11.920000076293945,11.680000305175781,11.770000457763672,11.570207595825195,3221340
2021-12-24,3067.HK,12.0,12.0,11.729999542236328,11.739999771118164,11.540717124938965,1101100
2021-12-28,3067.HK,11.800000190734863,11.829999923706055,11.550000190734863,11.619999885559082,11.42275333404541,11480900
2021-12-29,3067.HK,11.649999618530273,11.649999618530273,11.40999984741211,11.420000076293945,11.226149559020996,4203400
2021-12-30,3067.HK,11.449999809265137,11.550000190734863,11.319999694824219,11.40999984741211,11.216318130493164,10949001
2021-12-31,3067.HK,11.829999923706055,11.930000305175781,11.829999923706055,11.899999618530273,11.697999954223633,5055500
2022-01-03,3067.HK,12.0,12.0,11.710000038146973,11.779999732971191,11.580037117004395,3438800
2022-01-04,3067.HK,11.779999732971191,11.880000114440918,11.609999656677246,11.65999984741211,11.462075233459473,6357100
2022-01-05,3067.HK,11.5,11.5,11.069999694824219,11.140000343322754,10.950901985168457,36680176
2022-01-06,3067.HK,11.09000015258789,11.270000457763672,10.930000305175781,11.25,11.05903434753418,26298986
2022-01-07,3067.HK,11.380000114440918,11.510000228881836,11.270000457763672,11.479999542236328,11.285130500793457,11308359
2022-01-10,3067.HK,11.5,11.779999732971191,11.390000343322754,11.729999542236328,11.53088665008545,13125500
2022-01-11,3067.HK,11.75,11.829999923706055,11.609999656677246,11.720000267028809,11.52105712890625,11989053
2022-01-12,3067.HK,11.970000267028809,12.319999694824219,11.970000267028809,12.319999694824219,12.110871315002441,15680998
2022-01-13,3067.HK,12.359999656677246,12.390000343322754,12.010000228881836,12.09000015258789,11.88477611541748,11820806
2022-01-14,3067.HK,11.8100004196167,12.050000190734863,11.680000305175781,12.050000190734863,11.845455169677734,9199600
2022-01-17,3067.HK,12.039999961853027,12.050000190734863,11.869999885559082,11.960000038146973,11.756982803344727,11413942
2022-01-18,3067.HK,12.0,12.199999809265137,11.859999656677246,11.899999618530273,11.697999954223633,10001700
2022-01-19,3067.HK,11.9399995803833,12.010000228881836,11.720000267028809,11.760000228881836,11.560378074645996,9593531
2022-01-20,3067.HK,11.9399995803833,12.329999923706055,11.8100004196167,12.319999694824219,12.110871315002441,13056620
2022-01-21,3067.HK,12.279999732971191,12.34000015258789,12.09000015258789,12.260000228881836,12.051891326904297,16749783
2022-01-24,3067.HK,12.0600004196167,12.0600004196167,11.880000114440918,11.899999618530273,11.697999954223633,14658300
2022-01-25,3067.HK,11.680000305175781,11.770000457763672,11.479999542236328,11.569999694824219,11.373601913452148,17086200
2022-01-26,3067.HK,11.65999984741211,11.829999923706055,11.550000190734863,11.65999984741211,11.462075233459473,9354810
2022-01-27,3067.HK,11.460000038146973,11.460000038146973,11.130000114440918,11.220000267028809,11.029544830322266,28515900
2022-01-28,3067.HK,11.229999542236328,11.229999542236328,10.930000305175781,11.0600004196167,10.872260093688965,17698500
2022-01-31,3067.HK,11.319999694824219,11.319999694824219,11.319999694824219,11.319999694824219,11.127846717834473,0
2022-02-04,3067.HK,11.380000114440918,11.670000076293945,11.380000114440918,11.649999618530273,11.452244758605957,12086700
2022-02-07,3067.HK,11.649999618530273,11.649999618530273,11.369999885559082,11.5,11.304789543151855,20436194
2022-02-08,3067.HK,11.5,11.5,11.25,11.359999656677246,11.167166709899902,8738750
2022-02-09,3067.HK,11.520000457763672,11.789999961853027,11.520000457763672,11.75,11.550548553466797,15341845
2022-02-10,3067.HK,11.989999771118164,11.989999771118164,11.65999984741211,11.800000190734863,11.599698066711426,12750302
2022-02-11,3067.HK,11.699999809265137,11.819999694824219,11.569999694824219,11.65999984741211,11.462075233459473,10799522
2022-02-14,3067.HK,11.489999771118164,11.569999694824219,11.390000343322754,11.489999771118164,11.294960021972656,10056900
2022-02-15,3067.HK,11.489999771118164,11.59000015258789,11.40999984741211,11.4399995803833,11.245808601379395,4568611
2022-02-16,3067.HK,11.710000038146973,11.75,11.649999618530273,11.699999809265137,11.501396179199219,5008810
2022-02-17,3067.HK,11.729999542236328,11.850000381469727,11.640000343322754,11.800000190734863,11.599698066711426,10844100
2022-02-18,3067.HK,11.75,11.829999923706055,11.380000114440918,11.4399995803833,11.245808601379395,9928800
2022-02-21,3067.HK,11.3100004196167,11.390000343322754,11.079999923706055,11.1899995803833,11.000052452087402,11123550
2022-02-22,3067.HK,10.979999542236328,11.0,10.779999732971191,10.880000114440918,10.695314407348633,21455400
2022-02-23,3067.HK,10.880000114440918,11.119999885559082,10.869999885559082,11.079999923706055,10.89192008972168,4606060
2022-02-24,3067.HK,10.760000228881836,10.890000343322754,10.479999542236328,10.579999923706055,10.400407791137695,19007812
2022-02-25,3067.HK,10.75,10.869999885559082,10.640000343322754,10.670000076293945,10.48888111114502,7494879
2022-02-28,3067.HK,10.670000076293945,10.729999542236328,10.510000228881836,10.670000076293945,10.48888111114502,3384500
2022-03-01,3067.HK,10.670000076293945,10.829999923706055,10.65999984741211,10.75,10.567522048950195,9179515
2022-03-02,3067.HK,10.670000076293945,10.760000228881836,10.449999809265137,10.460000038146973,10.282444953918457,10694942
2022-03-03,3067.HK,10.5,10.529999732971191,10.300000190734863,10.319999694824219,10.144821166992188,11435580
2022-03-04,3067.HK,9.899999618530273,10.029999732971191,9.854999542236328,9.9350004196167,9.766356468200684,20089600
2022-03-07,3067.HK,9.46500015258789,9.635000228881836,9.319999694824219,9.404999732971191,9.245352745056152,27309966
2022-03-08,3067.HK,9.404999732971191,9.539999961853027,9.085000038146973,9.130000114440918,8.975021362304688,13821800
2022-03-09,3067.HK,9.135000228881836,9.329999923706055,8.829999923706055,9.145000457763672,8.989767074584961,17348072
2022-03-10,3067.HK,9.5,9.545000076293945,9.15999984741211,9.25,9.092984199523926,10569532
2022-03-11,3067.HK,8.899999618530273,9.020000457763672,8.444999694824219,8.850000381469727,8.699774742126465,33626720
2022-03-14,3067.HK,8.425000190734863,8.470000267028809,7.815000057220459,7.869999885559082,7.7364091873168945,31126616
2022-03-15,3067.HK,7.815000057220459,8.045000076293945,7.21999979019165,7.300000190734863,7.176084518432617,86998886
2022-03-16,3067.HK,7.71999979019165,8.875,7.534999847412109,8.845000267028809,8.694857597351074,69083482
2022-03-17,3067.HK,9.75,9.850000381469727,9.1850004196167,9.489999771118164,9.328910827636719,52905321
2022-03-18,3067.HK,9.350000381469727,9.5,8.96500015258789,9.399999618530273,9.240438461303711,22959862
2022-03-21,3067.HK,9.789999961853027,9.789999961853027,9.125,9.225000381469727,9.068408966064453,21468572
2022-03-22,3067.HK,9.289999961853027,9.734999656677246,9.244999885559082,9.720000267028809,9.55500602722168,15518300
2022-03-23,3067.HK,9.899999618530273,10.199999809265137,9.829999923706055,9.930000305175781,9.761442184448242,26024628
2022-03-24,3067.HK,9.859999656677246,9.920000076293945,9.555000305175781,9.600000381469727,9.437044143676758,18376900
2022-03-25,3067.HK,9.5,9.65999984741211,9.045000076293945,9.140000343322754,8.984850883483887,25174950
2022-03-28,3067.HK,9.140000343322754,9.505000114440918,8.970000267028809,9.375,9.215862274169922,24066275
2022-03-29,3067.HK,9.510000228881836,9.619999885559082,9.449999809265137,9.579999923706055,9.41738224029541,14210600
2022-03-30,3067.HK,9.774999618530273,9.829999923706055,9.5600004196167,9.670000076293945,9.505854606628418,13891500
2022-03-31,3067.HK,9.670000076293945,9.675000190734863,9.420000076293945,9.524999618530273,9.363314628601074,7868700
2022-04-01,3067.HK,9.295000076293945,9.425000190734863,9.140000343322754,9.40999984741211,9.25026798248291,11395780
2022-04-04,3067.HK,9.694999694824219,9.960000038146973,9.625,9.954999923706055,9.786017417907715,22431200
2022-04-06,3067.HK,9.760000228881836,9.760000228881836,9.529999732971191,9.670000076293945,9.505854606628418,22878311
2022-04-07,3067.HK,9.5,9.704999923706055,9.335000038146973,9.359999656677246,9.201116561889648,16297700
2022-04-08,3067.HK,9.359999656677246,9.359999656677246,9.074999809265137,9.229999542236328,9.073323249816895,13851149
2022-04-11,3067.HK,9.149999618530273,9.149999618530273,8.694999694824219,8.755000114440918,8.6063871383667,24197517
2022-04-12,3067.HK,8.930000305175781,9.015000343322754,8.595000267028809,8.845000267028809,8.694857597351074,18960805
2022-04-13,3067.HK,8.845000267028809,9.010000228881836,8.75,8.890000343322754,8.739096641540527,9622829
2022-04-14,3067.HK,9.0,9.069999694824219,8.9350004196167,9.015000343322754,8.861973762512207,5350700
2022-04-19,3067.HK,8.805000305175781,8.864999771118164,8.630000114440918,8.670000076293945,8.52283000946045,9889430
2022-04-20,3067.HK,8.670000076293945,8.824999809265137,8.609999656677246,8.630000114440918,8.483508110046387,3962517
2022-04-21,3067.HK,8.5,8.529999732971191,8.239999771118164,8.265000343322754,8.12470531463623,15351200
2022-04-22,3067.HK,8.175000190734863,8.40999984741211,8.024999618530273,8.34000015258789,8.198431968688965,11778500
2022-04-25,3067.HK,8.300000190734863,8.300000190734863,7.885000228881836,7.929999828338623,7.795391082763672,17204200
2022-04-26,3067.HK,8.100000381469727,8.40999984741211,8.100000381469727,8.145000457763672,8.006741523742676,10887549
2022-04-27,3067.HK,8.039999961853027,8.369999885559082,8.029999732971191,8.319999694824219,8.178770065307617,16766124
2022-04-28,3067.HK,8.5,8.510000228881836,8.274999618530273,8.484999656677246,8.340970039367676,13481158
2022-04-29,3067.HK,8.484999656677246,9.420000076293945,8.420000076293945,9.305000305175781,9.147050857543945,28992342
2022-05-03,3067.HK,9.300000190734863,9.359999656677246,8.899999618530273,9.1850004196167,9.029088020324707,10626600
2022-05-04,3067.HK,9.270000457763672,9.270000457763672,8.84000015258789,8.899999618530273,8.74892520904541,6919364
2022-05-05,3067.HK,9.0,9.199999809265137,8.805000305175781,8.805000305175781,8.655539512634277,5770745
2022-05-06,3067.HK,8.545000076293945,8.569999694824219,8.390000343322754,8.484999656677246,8.340970039367676,12033620
2022-05-10,3067.HK,7.880000114440918,8.239999771118164,7.849999904632568,8.140000343322754,8.001826286315918,14330637
2022-05-11,3067.HK,8.149999618530273,8.645000457763672,8.0600004196167,8.395000457763672,8.252497673034668,13310949
2022-05-12,3067.HK,8.109999656677246,8.329999923706055,8.055000305175781,8.069999694824219,7.933013916015625,11446168
2022-05-13,3067.HK,8.3100004196167,8.444999694824219,8.260000228881836,8.4350004196167,8.291818618774414,14957900
2022-05-16,3067.HK,8.600000381469727,8.6850004196167,8.354999542236328,8.449999809265137,8.306564331054688,10322400
2022-05-17,3067.HK,8.5,8.954999923706055,8.5,8.895000457763672,8.744010925292969,9884377
2022-05-18,3067.HK,8.819999694824219,8.949999809265137,8.720000267028809,8.899999618530273,8.74892520904541,10945555
2022-05-19,3067.HK,8.5,8.65999984741211,8.454999923706055,8.510000228881836,8.365546226501465,16063000
2022-05-20,3067.HK,8.829999923706055,9.0,8.789999961853027,8.960000038146973,8.807907104492188,13483631
2022-05-23,3067.HK,8.960000038146973,8.960000038146973,8.649999618530273,8.734999656677246,8.586724281311035,9089400
2022-05-24,3067.HK,8.699999809265137,8.765000343322754,8.364999771118164,8.40999984741211,8.267242431640625,10691630
2022-05-25,3067.HK,8.40999984741211,8.5600004196167,8.354999542236328,8.515000343322754,8.370461463928223,5903162
2022-05-26,3067.HK,8.5,8.5,8.289999961853027,8.425000190734863,8.281989097595215,5504700
2022-05-27,3067.HK,8.699999809265137,8.850000381469727,8.65999984741211,8.739999771118164,8.59164047241211,12669402
2022-05-30,3067.HK,8.920000076293945,9.109999656677246,8.899999618530273,9.069999694824219,8.916040420532227,14617366
2022-05-31,3067.HK,9.104999542236328,9.430000305175781,9.0600004196167,9.354999542236328,9.196200370788574,11581320
2022-06-01,3067.HK,9.380000114440918,9.399999618530273,9.149999618530273,9.300000190734863,9.142135620117188,9213620
2022-06-02,3067.HK,9.28499984741211,9.28499984741211,9.0600004196167,9.194999694824219,9.038917541503906,7377400
2022-06-06,3067.HK,9.300000190734863,9.675000190734863,9.260000228881836,9.635000228881836,9.47144889831543,14665547
2022-06-07,3067.HK,9.619999885559082,9.789999961853027,9.484999656677246,9.635000228881836,9.47144889831543,15981943
2022-06-08,3067.HK,9.760000228881836,10.119999885559082,9.760000228881836,10.09000015258789,9.918725967407227,36577819
2022-06-09,3067.HK,10.199999809265137,10.260000228881836,9.8100004196167,9.949999809265137,9.78110122680664,19324856
2022-06-10,3067.HK,9.699999809265137,10.149999618530273,9.635000228881836,10.0600004196167,9.889233589172363,18396790
2022-06-13,3067.HK,9.699999809265137,9.895000457763672,9.579999923706055,9.604999542236328,9.4419584274292,15230761
2022-06-14,3067.HK,9.399999618530273,9.739999771118164,9.364999771118164,9.640000343322754,9.476364135742188,9458100
2022-06-15,3067.HK,9.760000228881836,9.9350004196167,9.760000228881836,9.84000015258789,9.672968864440918,15559798
2022-06-16,3067.HK,9.845000267028809,10.029999732971191,9.425000190734863,9.479999542236328,9.319080352783203,14022889
2022-06-17,3067.HK,9.380000114440918,9.789999961853027,9.380000114440918,9.744999885559082,9.579581260681152,12742700
2022-06-20,3067.HK,9.744999885559082,9.789999961853027,9.505000114440918,9.734999656677246,9.569750785827637,10263282
2022-06-21,3067.HK,9.710000038146973,9.979999542236328,9.699999809265137,9.975000381469727,9.80567741394043,13755340
2022-06-22,3067.HK,9.989999771118164,9.989999771118164,9.539999961853027,9.550000190734863,9.38789176940918,20289647
2022-06-23,3067.HK,9.640000343322754,9.824999809265137,9.53499984741211,9.729999542236328,9.564834594726562,17826500
2022-06-24,3067.HK,9.880000114440918,10.1899995803833,9.880000114440918,10.130000114440918,9.958046913146973,19290738
2022-06-27,3067.HK,10.25,10.729999542236328,10.25,10.600000381469727,10.42006778717041,30897600
2022-06-28,3067.HK,10.600000381469727,10.75,10.3100004196167,10.680000305175781,10.498710632324219,21910300
2022-06-29,3067.HK,10.600000381469727,10.600000381469727,10.220000267028809,10.319999694824219,10.144821166992188,17942534
2022-06-30,3067.HK,10.319999694824219,10.390000343322754,10.0600004196167,10.1899995803833,10.017027854919434,15625000
2022-07-04,3067.HK,10.180000305175781,10.260000228881836,10.029999732971191,10.220000267028809,10.04651927947998,14088100
2022-07-05,3067.HK,10.260000228881836,10.460000038146973,10.140000343322754,10.1899995803833,10.017027854919434,12687656
2022-07-06,3067.HK,10.180000305175781,10.260000228881836,9.854999542236328,10.0600004196167,9.889233589172363,32392600
2022-07-07,3067.HK,10.050000190734863,10.050000190734863,9.725000381469727,9.984999656677246,9.815506935119629,11538400
2022-07-08,3067.HK,10.130000114440918,10.210000038146973,9.994999885559082,10.050000190734863,9.87940502166748,15025651
2022-07-11,3067.HK,10.029999732971191,10.029999732971191,9.609999656677246,9.680000305175781,9.515685081481934,28495600
2022-07-12,3067.HK,9.600000381469727,9.635000228881836,9.420000076293945,9.479999542236328,9.319080352783203,22636014
2022-07-13,3067.HK,9.579999923706055,9.699999809265137,9.5,9.539999961853027,9.378061294555664,18324418
2022-07-14,3067.HK,9.539999961853027,9.720000267028809,9.5,9.585000038146973,9.422297477722168,18179700
2022-07-15,3067.HK,9.5,9.550000190734863,9.265000343322754,9.3100004196167,9.151966094970703,18914600
2022-07-18,3067.HK,9.359999656677246,9.614999771118164,9.199999809265137,9.574999809265137,9.412467956542969,27035500
2022-07-19,3067.HK,9.5,9.555000305175781,9.385000228881836,9.4350004196167,9.274843215942383,16125242
2022-07-20,3067.HK,9.529999732971191,9.710000038146973,9.529999732971191,9.640000343322754,9.476364135742188,8811700
2022-07-21,3067.HK,9.630000114440918,9.699999809265137,9.510000228881836,9.600000381469727,9.437044143676758,13195700
2022-07-22,3067.HK,9.699999809265137,9.770000457763672,9.569999694824219,9.614999771118164,9.451787948608398,15034362
2022-07-25,3067.HK,9.5,9.5649995803833,9.385000228881836,9.5600004196167,9.397721290588379,21880200
2022-07-26,3067.HK,9.520000457763672,9.670000076293945,9.494999885559082,9.65999984741211,9.496024131774902,15112100
2022-07-27,3067.HK,9.649999618530273,9.649999618530273,9.460000038146973,9.5,9.338740348815918,12315132
2022-07-28,3067.HK,9.59000015258789,9.630000114440918,9.515000343322754,9.524999618530273,9.363314628601074,13406800
2022-07-29,3067.HK,9.600000381469727,9.600000381469727,9.005000114440918,9.069999694824219,8.916040420532227,28052775
2022-08-01,3067.HK,8.949999809265137,9.145000457763672,8.90999984741211,9.069999694824219,8.916040420532227,8895500
2022-08-02,3067.HK,8.899999618530273,8.899999618530273,8.649999618530273,8.789999961853027,8.640792846679688,14198982
2022-08-03,3067.HK,8.800000190734863,9.045000076293945,8.800000190734863,8.875,8.724349975585938,14484425
2022-08-04,3067.HK,9.100000381469727,9.199999809265137,9.055000305175781,9.180000305175781,9.02417278289795,9538900
2022-08-05,3067.HK,9.199999809265137,9.28499984741211,9.170000076293945,9.255000114440918,9.097898483276367,15941699
2022-08-08,3067.HK,9.239999771118164,9.239999771118164,9.045000076293945,9.095000267028809,8.9406156539917,14716128
2022-08-09,3067.HK,9.095000267028809,9.170000076293945,8.944999694824219,9.015000343322754,8.861973762512207,17140266
2022-08-10,3067.HK,9.015000343322754,9.015000343322754,8.664999961853027,8.75,8.601471900939941,17453590
2022-08-11,3067.HK,8.880000114440918,9.0600004196167,8.880000114440918,9.055000305175781,8.901294708251953,15191619
2022-08-12,3067.HK,9.154999732971191,9.154999732971191,9.024999618530273,9.109999656677246,8.95535945892334,8593800
2022-08-15,3067.HK,9.100000381469727,9.220000267028809,9.015000343322754,9.03499984741211,8.881633758544922,10707700
2022-08-16,3067.HK,9.104999542236328,9.119999885559082,8.729999542236328,9.0,8.847228050231934,21612400
2022-08-17,3067.HK,8.899999618530273,8.979999542236328,8.779999732971191,8.885000228881836,8.734180450439453,10396215
2022-08-18,3067.HK,8.885000228881836,8.890000343322754,8.744999885559082,8.795000076293945,8.645707130432129,8047147
2022-08-19,3067.HK,8.795000076293945,8.895000457763672,8.704999923706055,8.795000076293945,8.645707130432129,8218892
2022-08-22,3067.HK,8.699999809265137,8.800000190734863,8.65999984741211,8.725000381469727,8.576894760131836,14766700
2022-08-23,3067.HK,8.725000381469727,8.770000457763672,8.609999656677246,8.6899995803833,8.542490005493164,16130000
2022-08-24,3067.HK,8.710000038146973,8.710000038146973,8.425000190734863,8.460000038146973,8.316393852233887,23696676
2022-08-25,3067.HK,8.609999656677246,8.984999656677246,8.609999656677246,8.949999809265137,8.798077583312988,17763414
2022-08-26,3067.HK,9.149999618530273,9.170000076293945,8.960000038146973,9.029999732971191,8.876717567443848,15930360
2022-08-29,3067.HK,9.0,9.0,8.850000381469727,8.90999984741211,8.75875473022461,12507975
2022-08-30,3067.HK,8.899999618530273,8.9399995803833,8.640000343322754,8.854999542236328,8.704689025878906,10979100
2022-08-31,3067.HK,8.670000076293945,9.140000343322754,8.670000076293945,8.944999694824219,8.793160438537598,11753100
2022-09-01,3067.HK,8.944999694824219,8.989999771118164,8.779999732971191,8.800000190734863,8.650623321533203,10426200
2022-09-02,3067.HK,8.819999694824219,8.875,8.640000343322754,8.675000190734863,8.52774429321289,10409400
2022-09-05,3067.HK,8.675000190734863,8.675000190734863,8.454999923706055,8.505000114440918,8.36063003540039,19001869
2022-09-06,3067.HK,8.579999923706055,8.59000015258789,8.4350004196167,8.520000457763672,8.375375747680664,9009400
2022-09-07,3067.HK,8.399999618530273,8.454999923706055,8.305000305175781,8.399999618530273,8.25741195678711,8929750
2022-09-08,3067.HK,8.399999618530273,8.510000228881836,8.305000305175781,8.3149995803833,8.17385482788086,7820500
2022-09-09,3067.HK,8.345000267028809,8.585000038146973,8.324999809265137,8.555000305175781,8.409781455993652,11221409
2022-09-13,3067.HK,8.604999542236328,8.625,8.520000457763672,8.529999732971191,8.385205268859863,5313200
2022-09-14,3067.HK,8.305000305175781,8.390000343322754,8.255000114440918,8.289999961853027,8.149279594421387,12876801
2022-09-15,3067.HK,8.305000305175781,8.345000267028809,8.255000114440918,8.319999694824219,8.178770065307617,6544304
2022-09-16,3067.HK,8.279999732971191,8.279999732971191,8.09000015258789,8.100000381469727,7.96250581741333,9782490
2022-09-19,3067.HK,8.100000381469727,8.100000381469727,7.894999980926514,7.914999961853027,7.780645370483398,9446390
2022-09-20,3067.HK,8.039999961853027,8.145000457763672,8.029999732971191,8.079999923706055,7.942844390869141,6436571
2022-09-21,3067.HK,8.085000038146973,8.085000038146973,7.829999923706055,7.835000038146973,7.702003002166748,11141503
2022-09-22,3067.HK,7.579999923706055,7.730000019073486,7.565000057220459,7.715000152587891,7.58404016494751,14236556
2022-09-23,3067.HK,7.715000152587891,7.715000152587891,7.525000095367432,7.53000020980835,7.402181148529053,10545150
2022-09-26,3067.HK,7.400000095367432,7.760000228881836,7.400000095367432,7.650000095367432,7.520143985748291,9194918
2022-09-27,3067.HK,7.650000095367432,7.699999809265137,7.510000228881836,7.699999809265137,7.5692949295043945,9040780
2022-09-28,3067.HK,7.699999809265137,7.699999809265137,7.360000133514404,7.394999980926514,7.269472599029541,11192400
2022-09-29,3067.HK,7.550000190734863,7.59499979019165,7.210000038146973,7.289999961853027,7.16625452041626,16742400
2022-09-30,3067.HK,7.289999961853027,7.375,7.105000019073486,7.230000019073486,7.107272624969482,10125994
2022-10-03,3067.HK,7.210000038146973,7.340000152587891,7.119999885559082,7.190000057220459,7.0679521560668945,8284500
2022-10-05,3067.HK,7.420000076293945,7.78000020980835,7.420000076293945,7.724999904632568,7.593870162963867,17588070
2022-10-06,3067.HK,7.724999904632568,7.75,7.630000114440918,7.699999809265137,7.5692949295043945,6208630
2022-10-07,3067.HK,7.695000171661377,7.695000171661377,7.414999961853027,7.414999961853027,7.289133071899414,7424800
2022-10-10,3067.HK,7.349999904632568,7.349999904632568,7.099999904632568,7.125,7.004055023193359,12083060
2022-10-11,3067.HK,7.119999885559082,7.119999885559082,6.840000152587891,6.849999904632568,6.7337236404418945,24141298
2022-10-12,3067.HK,6.829999923706055,7.085000038146973,6.630000114440918,6.849999904632568,6.7337236404418945,35236976
2022-10-13,3067.HK,6.84499979019165,6.880000114440918,6.614999771118164,6.614999771118164,6.502712249755859,27244087
2022-10-14,3067.HK,6.695000171661377,6.960000038146973,6.679999828338623,6.715000152587891,6.601015090942383,21626672
2022-10-17,3067.HK,6.695000171661377,6.804999828338623,6.480000019073486,6.739999771118164,6.6255903244018555,20288590
2022-10-18,3067.HK,6.909999847412109,7.0,6.75,6.980000019073486,6.861516952514648,17138430
2022-10-19,3067.HK,6.989999771118164,6.989999771118164,6.695000171661377,6.710000038146973,6.596099853515625,27691940
2022-10-20,3067.HK,6.46999979019165,6.679999828338623,6.380000114440918,6.53000020980835,6.419156074523926,34493069
2022-10-21,3067.HK,6.565000057220459,6.625,6.489999771118164,6.494999885559082,6.384749412536621,17141400
2022-10-24,3067.HK,6.400000095367432,6.420000076293945,5.804999828338623,5.869999885559082,5.770358562469482,53231196
2022-10-25,3067.HK,5.880000114440918,6.255000114440918,5.710000038146973,6.039999961853027,5.937472820281982,86448693
2022-10-26,3067.HK,6.039999961853027,6.329999923706055,5.949999809265137,6.179999828338623,6.075096130371094,33698764
2022-10-27,3067.HK,6.380000114440918,6.480000019073486,6.239999771118164,6.260000228881836,6.153738498687744,23753900
2022-10-28,3067.HK,6.224999904632568,6.230000019073486,5.864999771118164,5.900000095367432,5.799849033355713,38243750
2022-10-31,3067.HK,5.900000095367432,6.190000057220459,5.849999904632568,5.994999885559082,5.8932366371154785,31223118
2022-11-01,3067.HK,5.994999885559082,6.539999961853027,5.994999885559082,6.454999923706055,6.345428466796875,57583028
2022-11-02,3067.HK,6.5,6.659999847412109,6.320000171661377,6.610000133514404,6.497797012329102,21670100
2022-11-03,3067.HK,6.5,6.534999847412109,6.340000152587891,6.429999828338623,6.320852279663086,16750215
2022-11-04,3067.HK,6.429999828338623,7.059999942779541,6.429999828338623,6.840000152587891,6.723893165588379,59299500
2022-11-07,3067.HK,6.664999961853027,7.239999771118164,6.664999961853027,7.130000114440918,7.008970737457275,22524513
2022-11-08,3067.HK,7.079999923706055,7.15500020980835,6.949999809265137,7.014999866485596,6.895922660827637,16274790
2022-11-09,3067.HK,7.0,7.125,6.795000076293945,6.855000019073486,6.738638877868652,18474200
2022-11-10,3067.HK,6.849999904632568,6.849999904632568,6.614999771118164,6.639999866485596,6.527287483215332,17095342
2022-11-11,3067.HK,7.050000190734863,7.349999904632568,7.050000190734863,7.309999942779541,7.185914993286133,37650384
2022-11-14,3067.HK,7.5,7.699999809265137,7.369999885559082,7.480000019073486,7.353029251098633,30774810
2022-11-15,3067.HK,7.480000019073486,8.020000457763672,7.360000133514404,7.989999771118164,7.854372024536133,56303168
2022-11-16,3067.HK,7.989999771118164,8.100000381469727,7.775000095367432,8.0,7.86420202255249,32832410
2022-11-17,3067.HK,7.800000190734863,7.885000228881836,7.534999847412109,7.809999942779541,7.677427291870117,40894001
2022-11-18,3067.HK,8.0,8.145000457763672,7.775000095367432,7.849999904632568,7.7167487144470215,50803666
2022-11-21,3067.HK,7.744999885559082,7.744999885559082,7.440000057220459,7.630000114440918,7.50048303604126,42103107
2022-11-22,3067.HK,7.550000190734863,7.635000228881836,7.300000190734863,7.369999885559082,7.244896411895752,50422050
2022-11-23,3067.HK,7.389999866485596,7.534999847412109,7.309999942779541,7.465000152587891,7.338284015655518,26962500
2022-11-24,3067.HK,7.53000020980835,7.585000038146973,7.420000076293945,7.510000228881836,7.3825201988220215,18410762
2022-11-25,3067.HK,7.510000228881836,7.510000228881836,7.309999942779541,7.34499979019165,7.220320701599121,20762000
2022-11-28,3067.HK,7.079999923706055,7.224999904632568,6.880000114440918,7.199999809265137,7.077782154083252,39763350
2022-11-29,3067.HK,7.179999828338623,7.760000228881836,7.179999828338623,7.75,7.618446350097656,27119305
2022-11-30,3067.HK,7.699999809265137,8.0,7.650000095367432,7.989999771118164,7.854372024536133,26308298
2022-12-01,3067.HK,8.300000190734863,8.420000076293945,8.029999732971191,8.050000190734863,7.91335391998291,36922281
2022-12-02,3067.HK,8.050000190734863,8.25,8.005000114440918,8.140000343322754,8.001826286315918,18536060
2022-12-05,3067.HK,8.5,8.895000457763672,8.399999618530273,8.890000343322754,8.739096641540527,34766213
2022-12-06,3067.HK,8.75,8.970000267028809,8.625,8.71500015258789,8.567066192626953,21325099
2022-12-07,3067.HK,8.699999809265137,9.0600004196167,8.369999885559082,8.399999618530273,8.25741195678711,28978995
2022-12-08,3067.HK,8.5,8.994999885559082,8.5,8.944999694824219,8.793160438537598,31005553
2022-12-09,3067.HK,8.930000305175781,9.21500015258789,8.854999542236328,9.164999961853027,9.009427070617676,33715336
2022-12-12,3067.HK,8.914999961853027,9.039999961853027,8.725000381469727,8.774999618530273,8.626047134399414,19834331
2022-12-13,3067.HK,8.800000190734863,8.979999542236328,8.71500015258789,8.845000267028809,8.694857597351074,20262744
2022-12-14,3067.HK,8.930000305175781,9.005000114440918,8.729999542236328,8.930000305175781,8.77841567993164,15462560
2022-12-15,3067.HK,8.930000305175781,8.930000305175781,8.645000457763672,8.664999961853027,8.517913818359375,31551850
2022-12-16,3067.HK,8.600000381469727,8.8100004196167,8.46500015258789,8.6850004196167,8.567235946655273,15874950
2022-12-19,3067.HK,8.720000267028809,8.949999809265137,8.574999809265137,8.604999542236328,8.488321304321289,14793250
2022-12-20,3067.HK,8.65999984741211,8.65999984741211,8.244999885559082,8.385000228881836,8.2713041305542,19190600
2022-12-21,3067.HK,8.399999618530273,8.454999923706055,8.324999809265137,8.395000457763672,8.281168937683105,8839794
2022-12-22,3067.HK,8.505000114440918,8.850000381469727,8.505000114440918,8.800000190734863,8.68067741394043,23980478
2022-12-23,3067.HK,8.635000228881836,8.774999618530273,8.579999923706055,8.670000076293945,8.55243968963623,32301053
2022-12-28,3067.HK,8.729999542236328,8.904999732971191,8.720000267028809,8.770000457763672,8.651082992553711,18548600
2022-12-29,3067.HK,8.569999694824219,8.680000305175781,8.524999618530273,8.5600004196167,8.44393253326416,15576628
2022-12-30,3067.HK,8.649999618530273,8.789999961853027,8.625,8.670000076293945,8.55243968963623,7362500
2023-01-03,3067.HK,8.670000076293945,8.869999885559082,8.404999732971191,8.84000015258789,8.720135688781738,8483220
2023-01-04,3067.HK,8.850000381469727,9.255000114440918,8.850000381469727,9.255000114440918,9.129507064819336,18052250
2023-01-05,3067.HK,9.5,9.619999885559082,9.324999809265137,9.385000228881836,9.257744789123535,23677205
2023-01-06,3067.HK,9.385000228881836,9.505000114440918,9.180000305175781,9.255000114440918,9.129507064819336,14049675
2023-01-09,3067.HK,9.260000228881836,9.574999809265137,9.260000228881836,9.569999694824219,9.440235137939453,27810725
2023-01-10,3067.HK,9.5600004196167,9.5649995803833,9.395000457763672,9.520000457763672,9.390914916992188,20432852
2023-01-11,3067.HK,9.579999923706055,9.699999809265137,9.444999694824219,9.529999732971191,9.400778770446777,29482130
2023-01-12,3067.HK,9.649999618530273,9.649999618530273,9.239999771118164,9.395000457763672,9.267610549926758,23200585
2023-01-13,3067.HK,9.399999618530273,9.539999961853027,9.300000190734863,9.524999618530273,9.395845413208008,9250300
2023-01-16,3067.HK,9.569999694824219,9.59000015258789,9.300000190734863,9.399999618530273,9.272541999816895,16542850
2023-01-17,3067.HK,9.390000343322754,9.529999732971191,9.28499984741211,9.364999771118164,9.238015174865723,8707507
2023-01-18,3067.HK,9.329999923706055,9.46500015258789,9.260000228881836,9.430000305175781,9.302135467529297,8070050
2023-01-19,3067.HK,9.295000076293945,9.380000114440918,9.220000267028809,9.279999732971191,9.154168128967285,13303564
2023-01-20,3067.HK,9.300000190734863,9.5649995803833,9.300000190734863,9.550000190734863,9.42050838470459,10119050
2023-01-26,3067.HK,9.739999771118164,9.9399995803833,9.739999771118164,9.9350004196167,9.800287246704102,9185147
2023-01-27,3067.HK,10.0,10.079999923706055,9.9350004196167,10.039999961853027,9.903863906860352,8621566
2023-01-30,3067.HK,10.039999961853027,10.039999961853027,9.505000114440918,9.529999732971191,9.400778770446777,17892850
2023-01-31,3067.HK,9.529999732971191,9.699999809265137,9.345000267028809,9.520000457763672,9.390914916992188,12495900
2023-02-01,3067.HK,9.524999618530273,9.819999694824219,9.470000267028809,9.819999694824219,9.686845779418945,14329150
2023-02-02,3067.HK,9.854999542236328,10.039999961853027,9.800000190734863,9.8100004196167,9.676982879638672,8404920
2023-02-03,3067.HK,9.600000381469727,9.800000190734863,9.574999809265137,9.699999809265137,9.568473815917969,9121200
2023-02-06,3067.HK,9.449999809265137,9.460000038146973,9.270000457763672,9.324999809265137,9.19855785369873,12169668
2023-02-07,3067.HK,9.329999923706055,9.5649995803833,9.329999923706055,9.449999809265137,9.321863174438477,6575227
2023-02-08,3067.HK,9.449999809265137,9.470000267028809,9.21500015258789,9.28499984741211,9.159100532531738,15670914
2023-02-09,3067.HK,9.279999732971191,9.569999694824219,9.170000076293945,9.5600004196167,9.430371284484863,9546220
2023-02-10,3067.HK,9.5,9.5,9.109999656677246,9.114999771118164,8.99140453338623,19764986
2023-02-13,3067.HK,8.994999885559082,9.1899995803833,8.914999961853027,9.164999961853027,9.040727615356445,7018531
2023-02-14,3067.HK,9.199999809265137,9.199999809265137,9.045000076293945,9.050000190734863,8.927287101745605,8146278
2023-02-15,3067.HK,9.100000381469727,9.100000381469727,8.880000114440918,8.944999694824219,8.823710441589355,9418900
2023-02-16,3067.HK,9.020000457763672,9.350000381469727,9.020000457763672,9.114999771118164,8.99140453338623,16704060
2023-02-17,3067.HK,9.100000381469727,9.194999694824219,8.899999618530273,8.90999984741211,8.789185523986816,11438425
2023-02-20,3067.HK,8.899999618530273,9.074999809265137,8.829999923706055,9.050000190734863,8.927287101745605,9004454
2023-02-21,3067.HK,9.050000190734863,9.050000190734863,8.680000305175781,8.699999809265137,8.582032203674316,14291945
2023-02-22,3067.HK,8.6899995803833,8.6899995803833,8.520000457763672,8.550000190734863,8.434066772460938,19722780
2023-02-23,3067.HK,8.550000190734863,8.774999618530273,8.550000190734863,8.6850004196167,8.567235946655273,12064000
2023-02-24,3067.HK,8.680000305175781,8.680000305175781,8.380000114440918,8.385000228881836,8.2713041305542,15824600
2023-02-27,3067.HK,8.385000228881836,8.444999694824219,8.260000228881836,8.350000381469727,8.23677921295166,15414950
2023-02-28,3067.HK,8.350000381469727,8.430000305175781,8.170000076293945,8.225000381469727,8.113472938537598,15727663
2023-03-01,3067.HK,8.279999732971191,8.789999961853027,8.265000343322754,8.75,8.631355285644531,29027500
2023-03-02,3067.HK,8.75,8.75,8.569999694824219,8.600000381469727,8.483388900756836,14930700
2023-03-03,3067.HK,8.805000305175781,8.890000343322754,8.6850004196167,8.78499984741211,8.665879249572754,19068084
2023-03-06,3067.HK,8.779999732971191,8.845000267028809,8.680000305175781,8.729999542236328,8.611625671386719,15928200
2023-03-07,3067.HK,8.729999542236328,8.890000343322754,8.520000457763672,8.604999542236328,8.488321304321289,13136923
2023-03-08,3067.HK,8.4399995803833,8.4399995803833,8.260000228881836,8.3149995803833,8.202253341674805,17243550
2023-03-09,3067.HK,8.3149995803833,8.369999885559082,8.210000038146973,8.21500015258789,8.103610038757324,10408116
2023-03-10,3067.HK,8.050000190734863,8.050000190734863,7.840000152587891,7.869999885559082,7.76328706741333,21078560
2023-03-13,3067.HK,7.949999809265137,8.270000457763672,7.949999809265137,8.125,8.014829635620117,18866144
2023-03-14,3067.HK,8.109999656677246,8.180000305175781,7.869999885559082,7.889999866485596,7.783015251159668,20534800
2023-03-15,3067.HK,7.989999771118164,8.220000267028809,7.989999771118164,8.074999809265137,7.965507507324219,12160400
2023-03-16,3067.HK,8.045000076293945,8.130000114440918,7.909999847412109,7.965000152587891,7.856998920440674,11906610
2023-03-17,3067.HK,8.055000305175781,8.329999923706055,8.055000305175781,8.3100004196167,8.197321891784668,18034754
2023-03-20,3067.HK,8.300000190734863,8.300000190734863,7.974999904632568,8.114999771118164,8.004965782165527,17376550
2023-03-21,3067.HK,8.135000228881836,8.319999694824219,8.09000015258789,8.289999961853027,8.177592277526855,10996655
2023-03-22,3067.HK,8.369999885559082,8.5,8.345000267028809,8.380000114440918,8.266371726989746,9501960
2023-03-23,3067.HK,8.354999542236328,8.78499984741211,8.350000381469727,8.744999885559082,8.626423835754395,18323064
2023-03-24,3067.HK,8.789999961853027,8.960000038146973,8.710000038146973,8.819999694824219,8.700404167175293,10085685
2023-03-27,3067.HK,8.75,8.800000190734863,8.524999618530273,8.569999694824219,8.453795433044434,20417400
2023-03-28,3067.HK,8.600000381469727,8.725000381469727,8.550000190734863,8.645000457763672,8.527779579162598,11863023
2023-03-29,3067.HK,9.100000381469727,9.100000381469727,8.850000381469727,8.864999771118164,8.744795799255371,27756980
2023-03-30,3067.HK,8.895000457763672,8.994999885559082,8.779999732971191,8.899999618530273,8.779321670532227,9581150
2023-03-31,3067.HK,9.0,9.109999656677246,8.9350004196167,8.994999885559082,8.873032569885254,13610060
2023-04-03,3067.HK,8.994999885559082,9.029999732971191,8.845000267028809,9.029999732971191,8.907557487487793,8374600
2023-04-04,3067.HK,9.0,9.0,8.760000228881836,8.859999656677246,8.739863395690918,9936433
2023-04-06,3067.HK,8.859999656677246,8.859999656677246,8.699999809265137,8.854999542236328,8.734930992126465,5254036
2023-04-11,3067.HK,8.869999885559082,9.010000228881836,8.739999771118164,8.859999656677246,8.739863395690918,8144650
2023-04-12,3067.HK,8.850000381469727,8.864999771118164,8.664999961853027,8.6899995803833,8.572168350219727,17006631
2023-04-13,3067.HK,8.680000305175781,8.699999809265137,8.470000267028809,8.699999809265137,8.582032203674316,11463232
2023-04-14,3067.HK,8.699999809265137,8.770000457763672,8.59000015258789,8.704999923706055,8.586965560913086,6353565
2023-04-17,3067.HK,8.704999923706055,8.9399995803833,8.600000381469727,8.885000228881836,8.764524459838867,5922544
2023-04-18,3067.HK,8.829999923706055,8.864999771118164,8.739999771118164,8.75,8.631355285644531,6930500
2023-04-19,3067.HK,8.765000343322754,8.765000343322754,8.539999961853027,8.595000267028809,8.4784574508667,9876925
2023-04-20,3067.HK,8.579999923706055,8.609999656677246,8.53499984741211,8.5600004196167,8.44393253326416,5593320
2023-04-21,3067.HK,8.5600004196167,8.5600004196167,8.244999885559082,8.279999732971191,8.16772747039795,14818550
2023-04-24,3067.HK,8.305000305175781,8.380000114440918,8.15999984741211,8.255000114440918,8.14306640625,7022455
2023-04-25,3067.HK,8.239999771118164,8.239999771118164,7.920000076293945,8.0,7.891524314880371,20846288
2023-04-26,3067.HK,8.0,8.199999809265137,7.945000171661377,8.140000343322754,8.02962589263916,24573044
2023-04-27,3067.HK,8.100000381469727,8.100000381469727,7.980000019073486,8.050000190734863,7.940846920013428,10047920
2023-04-28,3067.HK,8.149999618530273,8.270000457763672,8.125,8.1850004196167,8.074016571044922,9029824
2023-05-02,3067.HK,8.25,8.390000343322754,8.074999809265137,8.154999732971191,8.04442310333252,11429950
2023-05-03,3067.HK,8.100000381469727,8.100000381469727,7.920000076293945,8.015000343322754,7.9063215255737305,10097346
2023-05-04,3067.HK,8.020000457763672,8.149999618530273,8.010000228881836,8.100000381469727,7.990169525146484,50248799
2023-05-05,3067.HK,8.149999618530273,8.25,8.119999885559082,8.135000228881836,8.024693489074707,45031500
2023-05-08,3067.HK,8.199999809265137,8.239999771118164,8.130000114440918,8.1850004196167,8.074016571044922,18834516
2023-05-09,3067.HK,8.130000114440918,8.15999984741211,7.925000190734863,7.934999942779541,7.82740592956543,32041815
2023-05-10,3067.HK,7.940000057220459,8.0,7.864999771118164,7.974999904632568,7.866863250732422,20392971
2023-05-11,3067.HK,8.074999809265137,8.125,7.949999809265137,8.0600004196167,7.950710773468018,14260551
2023-05-12,3067.HK,8.199999809265137,8.220000267028809,8.074999809265137,8.09000015258789,7.980304718017578,15476180
2023-05-15,3067.HK,8.069999694824219,8.265000343322754,8.010000228881836,8.194999694824219,8.083879470825195,11802300
2023-05-16,3067.HK,8.300000190734863,8.34000015258789,8.225000381469727,8.270000457763672,8.15786361694336,11122630
2023-05-17,3067.HK,8.300000190734863,8.305000305175781,8.055000305175781,8.085000038146973,7.975371360778809,19061698
2023-05-18,3067.HK,8.1850004196167,8.270000457763672,8.145000457763672,8.1850004196167,8.074016571044922,11155305
2023-05-19,3067.HK,8.149999618530273,8.149999618530273,7.965000152587891,8.005000114440918,7.896457195281982,16375227
2023-05-22,3067.HK,8.045000076293945,8.234999656677246,8.0,8.175000190734863,8.064151763916016,74285559
2023-05-23,3067.HK,8.180000305175781,8.244999885559082,8.029999732971191,8.0649995803833,7.955643177032471,10290000
2023-05-24,3067.HK,8.0,8.0,7.860000133514404,7.880000114440918,7.773151874542236,15593550
2023-05-25,3067.HK,7.880000114440918,7.880000114440918,7.630000114440918,7.724999904632568,7.620253086090088,22274723
2023-05-29,3067.HK,7.860000133514404,7.860000133514404,7.610000133514404,7.619999885559082,7.516676902770996,13912550
2023-05-30,3067.HK,7.619999885559082,7.760000228881836,7.585000038146973,7.710000038146973,7.605457305908203,22504499
2023-05-31,3067.HK,7.75,7.75,7.454999923706055,7.570000171661377,7.467354774475098,17609948
2023-06-01,3067.HK,7.5,7.78000020980835,7.5,7.565000057220459,7.462422847747803,8484558
2023-06-02,3067.HK,7.699999809265137,8.045000076293945,7.699999809265137,8.010000228881836,7.901388645172119,21808124
2023-06-05,3067.HK,8.015000343322754,8.0600004196167,7.920000076293945,8.024999618530273,7.916184902191162,11828712
2023-06-06,3067.HK,8.010000228881836,8.170000076293945,7.974999904632568,8.010000228881836,7.901388645172119,16698920
2023-06-07,3067.HK,8.180000305175781,8.244999885559082,8.135000228881836,8.199999809265137,8.088812828063965,20870968
2023-06-08,3067.HK,8.199999809265137,8.199999809265137,8.055000305175781,8.125,8.014829635620117,12977600
2023-06-09,3067.HK,8.125,8.260000228881836,8.079999923706055,8.225000381469727,8.113472938537598,15382828
2023-06-12,3067.HK,8.220000267028809,8.279999732971191,8.149999618530273,8.25,8.138134956359863,15240150
2023-06-13,3067.HK,8.265000343322754,8.5,8.234999656677246,8.454999923706055,8.340354919433594,17863452
2023-06-14,3067.HK,8.475000381469727,8.609999656677246,8.4350004196167,8.475000381469727,8.360084533691406,17387862
2023-06-15,3067.HK,8.475000381469727,8.78499984741211,8.475000381469727,8.779999732971191,8.660948753356934,25928185
2023-06-16,3067.HK,8.800000190734863,8.9350004196167,8.755000114440918,8.845000267028809,8.725066184997559,19106984
2023-06-19,3067.HK,8.845000267028809,8.845000267028809,8.595000267028809,8.725000381469727,8.606693267822266,15946136
2023-06-20,3067.HK,8.734999656677246,8.734999656677246,8.475000381469727,8.515000343322754,8.399542808532715,16833920
2023-06-21,3067.HK,8.494999885559082,8.494999885559082,8.260000228881836,8.319999694824219,8.207184791564941,26015674
2023-06-23,3067.HK,8.289999961853027,8.289999961853027,8.045000076293945,8.114999771118164,8.004965782165527,25610455
2023-06-26,3067.HK,8.114999771118164,8.199999809265137,8.055000305175781,8.114999771118164,8.004965782165527,9505000
2023-06-27,3067.HK,8.114999771118164,8.350000381469727,8.114999771118164,8.305000305175781,8.192389488220215,18512100
2023-06-28,3067.HK,8.305000305175781,8.395000457763672,8.194999694824219,8.354999542236328,8.241710662841797,17558080
2023-06-29,3067.HK,8.399999618530273,8.399999618530273,8.15999984741211,8.21500015258789,8.103610038757324,9755700
2023-06-30,3067.HK,8.210000038146973,8.255000114440918,8.130000114440918,8.1850004196167,8.074016571044922,9353696
2023-07-03,3067.HK,8.1850004196167,8.515000343322754,8.1850004196167,8.460000038146973,8.345287322998047,18164035
2023-07-04,3067.HK,8.460000038146973,8.5649995803833,8.395000457763672,8.520000457763672,8.404473304748535,7923221
2023-07-05,3067.HK,8.529999732971191,8.539999961853027,8.354999542236328,8.390000343322754,8.276236534118652,8811433
2023-07-06,3067.HK,8.350000381469727,8.46500015258789,8.164999961853027,8.244999885559082,8.13320255279541,9808800
2023-07-07,3067.HK,8.175000190734863,8.260000228881836,8.050000190734863,8.154999732971191,8.04442310333252,10773046
2023-07-10,3067.HK,8.354999542236328,8.404999732971191,8.199999809265137,8.234999656677246,8.123337745666504,11075200
2023-07-11,3067.HK,8.364999771118164,8.460000038146973,8.324999809265137,8.359999656677246,8.24664306640625,9549938
2023-07-12,3067.HK,8.460000038146973,8.600000381469727,8.4350004196167,8.545000076293945,8.4291353225708,10905941
2023-07-13,3067.HK,8.604999542236328,8.869999885559082,8.604999542236328,8.869999885559082,8.749727249145508,14094350
2023-07-14,3067.HK,8.899999618530273,8.9350004196167,8.789999961853027,8.850000381469727,8.729999542236328,8642702
2023-07-18,3067.HK,8.75,8.770000457763672,8.604999542236328,8.625,8.508049011230469,9872130
2023-07-19,3067.HK,8.600000381469727,8.635000228881836,8.414999961853027,8.614999771118164,8.498184204101562,10722009
2023-07-20,3067.HK,8.619999885559082,8.734999656677246,8.479999542236328,8.510000228881836,8.394610404968262,10212980
2023-07-21,3067.HK,8.510000228881836,8.664999961853027,8.470000267028809,8.595000267028809,8.4784574508667,9049830
2023-07-24,3067.HK,8.5,8.550000190734863,8.350000381469727,8.399999618530273,8.286100387573242,9669604
2023-07-25,3067.HK,8.600000381469727,8.920000076293945,8.600000381469727,8.904999732971191,8.784252166748047,21130692
2023-07-26,3067.HK,8.875,8.875,8.755000114440918,8.819999694824219,8.700404167175293,9590315
2023-07-27,3067.HK,8.960000038146973,9.130000114440918,8.960000038146973,9.119999885559082,8.996337890625,23712450
2023-07-28,3067.HK,9.0,9.385000228881836,8.96500015258789,9.329999923706055,9.203490257263184,36032280
2023-07-31,3067.HK,9.649999618530273,9.819999694824219,9.494999885559082,9.505000114440918,9.376117706298828,14446571
2023-08-01,3067.HK,9.529999732971191,9.774999618530273,9.430000305175781,9.484999656677246,9.356388092041016,16240238
2023-08-02,3067.HK,9.484999656677246,9.5,9.145000457763672,9.199999809265137,9.075252532958984,12956630
2023-08-03,3067.HK,9.1850004196167,9.335000038146973,9.145000457763672,9.210000038146973,9.08511734008789,10340161
2023-08-04,3067.HK,9.329999923706055,9.53499984741211,9.3149995803833,9.449999809265137,9.321863174438477,6293700
2023-08-07,3067.HK,9.399999618530273,9.444999694824219,9.25,9.444999694824219,9.316930770874023,6224233
2023-08-08,3067.HK,9.444999694824219,9.444999694824219,9.135000228881836,9.220000267028809,9.094982147216797,12925100
2023-08-09,3067.HK,9.100000381469727,9.1850004196167,9.010000228881836,9.145000457763672,9.020999908447266,8435710
2023-08-10,3067.HK,9.145000457763672,9.204999923706055,9.005000114440918,9.03499984741211,8.912490844726562,10918577
2023-08-11,3067.HK,9.09000015258789,9.175000190734863,8.930000305175781,8.970000267028809,8.848371505737305,8093677
2023-08-14,3067.HK,8.800000190734863,8.824999809265137,8.640000343322754,8.824999809265137,8.705337524414062,11518500
2023-08-15,3067.HK,8.819999694824219,8.850000381469727,8.71500015258789,8.845000267028809,8.725066184997559,9657400
2023-08-16,3067.HK,8.8100004196167,8.8100004196167,8.625,8.670000076293945,8.55243968963623,8555411
2023-08-17,3067.HK,8.5,8.789999961853027,8.4399995803833,8.710000038146973,8.591897010803223,10582610
2023-08-18,3067.HK,8.65999984741211,8.65999984741211,8.380000114440918,8.40999984741211,8.295965194702148,13035000
2023-08-21,3067.HK,8.329999923706055,8.40999984741211,8.194999694824219,8.234999656677246,8.123337745666504,10784776
2023-08-22,3067.HK,8.300000190734863,8.489999771118164,8.194999694824219,8.399999618530273,8.286100387573242,10672800
2023-08-23,3067.HK,8.369999885559082,8.489999771118164,8.289999961853027,8.395000457763672,8.281168937683105,10569120
2023-08-24,3067.HK,8.449999809265137,8.75,8.449999809265137,8.725000381469727,8.606693267822266,11063100
2023-08-25,3067.HK,8.649999618530273,8.649999618530273,8.494999885559082,8.524999618530273,8.409404754638672,13757072
2023-08-28,3067.HK,8.850000381469727,8.949999809265137,8.635000228881836,8.635000228881836,8.517913818359375,13438160
2023-08-29,3067.HK,8.65999984741211,8.914999961853027,8.65999984741211,8.885000228881836,8.764524459838867,18318000
2023-08-30,3067.HK,8.994999885559082,9.039999961853027,8.765000343322754,8.800000190734863,8.68067741394043,12029216
2023-08-31,3067.HK,8.800000190734863,8.9399995803833,8.710000038146973,8.770000457763672,8.651082992553711,18520300
2023-09-04,3067.HK,8.819999694824219,9.03499984741211,8.819999694824219,9.0,8.877965927124023,24701699
2023-09-05,3067.HK,8.994999885559082,8.994999885559082,8.760000228881836,8.78499984741211,8.665879249572754,13570889
2023-09-06,3067.HK,8.78499984741211,8.78499984741211,8.640000343322754,8.744999885559082,8.626423835754395,41144744
2023-09-07,3067.HK,8.65999984741211,8.710000038146973,8.555000305175781,8.574999809265137,8.458727836608887,9784024
2023-09-11,3067.HK,8.5,8.614999771118164,8.350000381469727,8.545000076293945,8.4291353225708,34224388
2023-09-12,3067.HK,8.539999961853027,8.609999656677246,8.444999694824219,8.510000228881836,8.394610404968262,7761475
2023-09-13,3067.HK,8.5600004196167,8.569999694824219,8.430000305175781,8.444999694824219,8.330490112304688,10736882
2023-09-14,3067.HK,8.4399995803833,8.5649995803833,8.4399995803833,8.505000114440918,8.389677047729492,9468230
2023-09-15,3067.HK,8.505000114440918,8.649999618530273,8.449999809265137,8.545000076293945,8.4291353225708,6527154
2023-09-18,3067.HK,8.5,8.5,8.350000381469727,8.354999542236328,8.241710662841797,10641036
2023-09-19,3067.HK,8.359999656677246,8.369999885559082,8.255000114440918,8.319999694824219,8.207184791564941,13259130
2023-09-20,3067.HK,8.3100004196167,8.3100004196167,8.1850004196167,8.229999542236328,8.118404388427734,16799730
2023-09-21,3067.HK,8.21500015258789,8.21500015258789,8.020000457763672,8.074999809265137,7.965507507324219,33448282
2023-09-22,3067.HK,8.0,8.369999885559082,7.980000019073486,8.359999656677246,8.24664306640625,18570234
2023-09-25,3067.HK,8.199999809265137,8.359999656677246,8.114999771118164,8.125,8.014829635620117,17361622
2023-09-26,3067.HK,8.125,8.125,7.940000057220459,7.985000133514404,7.87672758102417,15798250
2023-09-27,3067.HK,8.0,8.135000228881836,8.0,8.010000228881836,7.901388645172119,5796200
2023-09-28,3067.HK,8.015000343322754,8.03499984741211,7.875,7.914999961853027,7.807676792144775,8651000
2023-09-29,3067.HK,8.0,8.279999732971191,7.989999771118164,8.229999542236328,8.118404388427734,13224608
2023-10-03,3067.HK,8.220000267028809,8.220000267028809,7.934999942779541,7.960000038146973,7.852067470550537,8561972
2023-10-04,3067.HK,7.929999828338623,7.960000038146973,7.800000190734863,7.800000190734863,7.694236755371094,8271316
2023-10-05,3067.HK,7.849999904632568,7.960000038146973,7.849999904632568,7.849999904632568,7.743558406829834,6528659
2023-10-06,3067.HK,7.974999904632568,8.055000305175781,7.940000057220459,7.980000019073486,7.871795654296875,9551527
2023-10-09,3067.HK,8.0,8.079999923706055,7.934999942779541,7.980000019073486,7.871795654296875,4956544
2023-10-10,3067.HK,8.0600004196167,8.229999542236328,8.0600004196167,8.125,8.014829635620117,8304633
2023-10-11,3067.HK,8.25,8.329999923706055,8.239999771118164,8.28499984741211,8.172658920288086,14674627
2023-10-12,3067.HK,8.385000228881836,8.449999809265137,8.385000228881836,8.40999984741211,8.295965194702148,8616100
2023-10-13,3067.HK,8.25,8.25,8.100000381469727,8.109999656677246,8.000032424926758,13446006
2023-10-16,3067.HK,8.109999656677246,8.109999656677246,7.945000171661377,7.974999904632568,7.866863250732422,11522782
2023-10-17,3067.HK,8.0,8.069999694824219,7.980000019073486,8.029999732971191,7.921117782592773,8238201
2023-10-18,3067.HK,7.96999979019165,8.015000343322754,7.900000095367432,7.90500020980835,7.7978129386901855,14141506
2023-10-19,3067.HK,7.849999904632568,7.849999904632568,7.739999771118164,7.739999771118164,7.635049819946289,14872730
2023-10-20,3067.HK,7.710000038146973,7.764999866485596,7.664999961853027,7.690000057220459,7.585727691650391,5535030
2023-10-24,3067.HK,7.650000095367432,7.690000057220459,7.514999866485596,7.610000133514404,7.506812572479248,11028837
2023-10-25,3067.HK,7.909999847412109,7.954999923706055,7.690000057220459,7.75,7.644914150238037,20744447
2023-10-26,3067.HK,7.735000133514404,7.829999923706055,7.679999828338623,7.760000228881836,7.654779434204102,7192348
2023-10-27,3067.HK,7.75,8.020000457763672,7.75,7.965000152587891,7.856998920440674,16157007
2023-10-30,3067.HK,7.900000095367432,8.069999694824219,7.900000095367432,8.0600004196167,7.950710773468018,12525100
2023-10-31,3067.HK,8.069999694824219,8.069999694824219,7.84499979019165,7.880000114440918,7.773151874542236,12818639
2023-11-01,3067.HK,7.880000114440918,7.909999847412109,7.775000095367432,7.840000152587891,7.733693599700928,6892442
2023-11-02,3067.HK,7.920000076293945,8.100000381469727,7.920000076293945,7.974999904632568,7.866863250732422,7224515
2023-11-03,3067.HK,8.0600004196167,8.265000343322754,8.045000076293945,8.234999656677246,8.123337745666504,24855197
2023-11-06,3067.HK,8.420000076293945,8.59000015258789,8.420000076293945,8.569999694824219,8.453795433044434,23698753
2023-11-07,3067.HK,8.479999542236328,8.569999694824219,8.4399995803833,8.479999542236328,8.365015029907227,15294797
2023-11-08,3067.HK,8.479999542236328,8.5600004196167,8.395000457763672,8.425000190734863,8.310762405395508,8276610
2023-11-09,3067.HK,8.420000076293945,8.515000343322754,8.395000457763672,8.4399995803833,8.325557708740234,11358838
2023-11-10,3067.HK,8.369999885559082,8.369999885559082,8.135000228881836,8.15999984741211,8.049355506896973,14843966
2023-11-13,3067.HK,8.229999542236328,8.354999542236328,8.149999618530273,8.354999542236328,8.241710662841797,12047674
2023-11-14,3067.HK,8.354999542236328,8.390000343322754,8.25,8.279999732971191,8.16772747039795,5192300
2023-11-15,3067.HK,8.5600004196167,8.640000343322754,8.449999809265137,8.625,8.508049011230469,15926629
2023-11-16,3067.HK,8.600000381469727,8.664999961853027,8.399999618530273,8.475000381469727,8.360084533691406,12873979
2023-11-17,3067.HK,8.300000190734863,8.399999618530273,8.25,8.345000267028809,8.231846809387207,10458700
2023-11-20,3067.HK,8.375,8.545000076293945,8.375,8.520000457763672,8.404473304748535,10681300
2023-11-21,3067.HK,8.6899995803833,8.699999809265137,8.420000076293945,8.4399995803833,8.325557708740234,13035307
2023-11-22,3067.HK,8.4399995803833,8.510000228881836,8.390000343322754,8.430000305175781,8.315693855285645,4051352
2023-11-23,3067.HK,8.395000457763672,8.630000114440918,8.395000457763672,8.619999885559082,8.503117561340332,7743500
2023-11-24,3067.HK,8.53499984741211,8.539999961853027,8.414999961853027,8.425000190734863,8.310762405395508,5851100
2023-11-27,3067.HK,8.46500015258789,8.470000267028809,8.324999809265137,8.4350004196167,8.320626258850098,5667000
2023-11-28,3067.HK,8.4350004196167,8.470000267028809,8.345000267028809,8.390000343322754,8.276236534118652,4951096
2023-11-29,3067.HK,8.375,8.385000228881836,8.135000228881836,8.1850004196167,8.074016571044922,14005500
2023-11-30,3067.HK,8.1850004196167,8.210000038146973,8.074999809265137,8.154999732971191,8.04442310333252,4788660
2023-12-01,3067.HK,8.154999732971191,8.154999732971191,8.005000114440918,8.020000457763672,7.911253929138184,9230670
2023-12-04,3067.HK,8.079999923706055,8.079999923706055,7.84499979019165,7.869999885559082,7.76328706741333,11720200
2023-12-05,3067.HK,7.869999885559082,7.869999885559082,7.639999866485596,7.704999923706055,7.600524425506592,9665193
2023-12-06,3067.HK,7.730000019073486,7.909999847412109,7.690000057220459,7.855000019073486,7.748490810394287,11880070
2023-12-07,3067.HK,7.855000019073486,7.855000019073486,7.690000057220459,7.804999828338623,7.6991682052612305,5515032
2023-12-08,3067.HK,7.804999828338623,7.860000133514404,7.704999923706055,7.764999866485596,7.659710884094238,8726980
2023-12-11,3067.HK,7.764999866485596,7.764999866485596,7.554999828338623,7.679999828338623,7.575863838195801,11249755
2023-12-12,3067.HK,7.71999979019165,7.84499979019165,7.679999828338623,7.835000038146973,7.728761672973633,17940463
2023-12-13,3067.HK,7.835000038146973,7.835000038146973,7.659999847412109,7.730000019073486,7.625185489654541,5539930
2023-12-14,3067.HK,7.820000171661377,7.894999980926514,7.699999809265137,7.730000019073486,7.625185489654541,7638914
2023-12-15,3067.HK,7.965000152587891,8.045000076293945,7.855000019073486,7.929999828338623,7.822474002838135,30152709
2023-12-18,3067.HK,7.90500020980835,7.90500020980835,7.769999980926514,7.809999942779541,7.704100608825684,6516111
2023-12-19,3067.HK,7.775000095367432,7.809999942779541,7.704999923706055,7.775000095367432,7.669575214385986,6016019
2023-12-20,3067.HK,7.920000076293945,7.920000076293945,7.789999961853027,7.804999828338623,7.6991682052612305,6527380
2023-12-21,3067.HK,7.724999904632568,7.804999828338623,7.690000057220459,7.784999847412109,7.679439544677734,4245041
2023-12-22,3067.HK,7.800000190734863,7.90500020980835,7.400000095367432,7.445000171661377,7.344050407409668,22069830
2023-12-27,3067.HK,7.599999904632568,7.65500020980835,7.454999923706055,7.639999866485596,7.536405086517334,12079361
2023-12-28,3067.HK,7.659999847412109,7.965000152587891,7.639999866485596,7.869999885559082,7.76328706741333,39573041
2023-12-29,3067.HK,7.869999885559082,7.945000171661377,7.820000171661377,7.885000228881836,7.7780842781066895,6667683
2024-01-02,3067.HK,7.949999809265137,7.985000133514404,7.75,7.769999980926514,7.664643287658691,10196150
2024-01-03,3067.HK,7.679999828338623,7.679999828338623,7.59499979019165,7.639999866485596,7.536405086517334,12463744
2024-01-04,3067.HK,7.735000133514404,7.735000133514404,7.579999923706055,7.644999980926514,7.541337966918945,13495857
2024-01-05,3067.HK,7.599999904632568,7.664999961853027,7.489999771118164,7.519999980926514,7.418033123016357,13706030
2024-01-08,3067.HK,7.5,7.5,7.264999866485596,7.275000095367432,7.176355361938477,31633010
2024-01-09,3067.HK,7.315000057220459,7.409999847412109,7.239999771118164,7.25,7.151694297790527,13164970
2024-01-10,3067.HK,7.199999809265137,7.289999961853027,7.139999866485596,7.175000190734863,7.07771110534668,13406920
2024-01-11,3067.HK,7.199999809265137,7.414999961853027,7.179999828338623,7.349999904632568,7.250337600708008,17394250
2024-01-12,3067.HK,7.300000190734863,7.400000095367432,7.239999771118164,7.275000095367432,7.176355361938477,8881099
2024-01-15,3067.HK,7.260000228881836,7.260000228881836,7.260000228881836,7.260000228881836,7.161558628082275,0
2024-01-16,3067.HK,7.099999904632568,7.15500020980835,6.940000057220459,6.974999904632568,6.880422115325928,15340688
2024-01-17,3067.HK,6.894999980926514,6.90500020980835,6.559999942779541,6.599999904632568,6.510508060455322,32610346
2024-01-18,3067.HK,6.630000114440918,6.75,6.550000190734863,6.659999847412109,6.5696940422058105,19456969
2024-01-19,3067.HK,6.659999847412109,6.730000019073486,6.505000114440918,6.599999904632568,6.510508060455322,15463888
2024-01-22,3067.HK,6.635000228881836,6.635000228881836,6.275000095367432,6.369999885559082,6.283626079559326,25509215
2024-01-23,3067.HK,6.480000019073486,6.699999809265137,6.385000228881836,6.610000133514404,6.520371913909912,41948079
2024-01-24,3067.HK,6.815000057220459,6.934999942779541,6.599999904632568,6.885000228881836,6.7916436195373535,22753538
2024-01-25,3067.HK,6.929999828338623,6.974999904632568,6.744999885559082,6.934999942779541,6.840965270996094,16702950
2024-01-26,3067.HK,6.860000133514404,6.869999885559082,6.65500020980835,6.670000076293945,6.579558372497559,49646872
2024-01-29,3067.HK,6.699999809265137,6.829999923706055,6.675000190734863,6.724999904632568,6.633812427520752,20635650
2024-01-30,3067.HK,6.670000076293945,6.670000076293945,6.46999979019165,6.485000133514404,6.397067070007324,23520903
2024-01-31,3067.HK,6.485000133514404,6.514999866485596,6.260000228881836,6.284999847412109,6.1997785568237305,26141340
2024-02-01,3067.HK,6.400000095367432,6.550000190734863,6.309999942779541,6.425000190734863,6.337881088256836,29833794
2024-02-02,3067.HK,6.514999866485596,6.639999866485596,6.324999809265137,6.375,6.288558483123779,23527731
2024-02-05,3067.HK,6.275000095367432,6.494999885559082,6.269999980926514,6.349999904632568,6.26389741897583,33528984
2024-02-06,3067.HK,6.385000228881836,6.824999809265137,6.385000228881836,6.815000057220459,6.722592830657959,42575130
2024-02-07,3067.HK,6.929999828338623,6.965000152587891,6.65500020980835,6.695000171661377,6.604219436645508,39668343
2024-02-08,3067.HK,6.659999847412109,6.760000228881836,6.599999904632568,6.639999866485596,6.549964904785156,19351371
2024-02-09,3067.HK,6.554999828338623,6.554999828338623,6.554999828338623,6.554999828338623,6.4661173820495605,0
2024-02-14,3067.HK,6.550000190734863,6.71999979019165,6.400000095367432,6.710000038146973,6.619016170501709,25997443
2024-02-15,3067.HK,6.699999809265137,6.795000076293945,6.610000133514404,6.755000114440918,6.663405418395996,15745855
2024-02-16,3067.HK,6.789999961853027,7.039999961853027,6.71999979019165,7.0,6.905083656311035,29217620
2024-02-19,3067.HK,6.974999904632568,6.974999904632568,6.784999847412109,6.815000057220459,6.722592830657959,32384735
2024-02-20,3067.HK,6.855000019073486,6.900000095367432,6.710000038146973,6.820000171661377,6.727525234222412,18122934
2024-02-21,3067.HK,6.755000114440918,7.170000076293945,6.755000114440918,7.03000020980835,6.9346771240234375,20950196
2024-02-22,3067.HK,7.019999980926514,7.139999866485596,6.945000171661377,7.139999866485596,7.043185710906982,15004993
2024-02-23,3067.HK,7.099999904632568,7.215000152587891,7.050000190734863,7.130000114440918,7.033321380615234,7690546
2024-02-26,3067.HK,7.039999961853027,7.175000190734863,7.039999961853027,7.099999904632568,7.003727912902832,14642254
2024-02-27,3067.HK,7.099999904632568,7.360000133514404,7.059999942779541,7.340000152587891,7.240474224090576,22065819
2024-02-28,3067.HK,7.340000152587891,7.429999828338623,7.175000190734863,7.204999923706055,7.107304096221924,17378010
2024-02-29,3067.HK,7.085000038146973,7.269999980926514,7.085000038146973,7.195000171661377,7.097440719604492,10085794
2024-03-01,3067.HK,7.130000114440918,7.315000057220459,7.079999923706055,7.284999847412109,7.186219215393066,12379248
2024-03-04,3067.HK,7.28000020980835,7.340000152587891,7.195000171661377,7.255000114440918,7.156626224517822,10669000
2024-03-05,3067.HK,7.170000076293945,7.170000076293945,6.949999809265137,6.954999923706055,6.86069393157959,21300039
2024-03-06,3067.HK,6.940000057220459,7.235000133514404,6.940000057220459,7.144999980926514,7.0481181144714355,21130300
2024-03-07,3067.HK,7.190000057220459,7.230000019073486,6.965000152587891,7.059999942779541,6.96427059173584,10253546
2024-03-08,3067.HK,7.03000020980835,7.175000190734863,7.03000020980835,7.099999904632568,7.003727912902832,13664800
2024-03-11,3067.HK,7.099999904632568,7.300000190734863,7.099999904632568,7.289999961853027,7.1911516189575195,14872759
2024-03-12,3067.HK,7.380000114440918,7.664999961853027,7.335000038146973,7.639999866485596,7.536405086517334,23745200
2024-03-13,3067.HK,7.639999866485596,7.769999980926514,7.635000228881836,7.675000190734863,7.570931434631348,25201736
2024-03-14,3067.HK,7.699999809265137,7.75,7.5,7.559999942779541,7.457490921020508,7798966
2024-03-15,3067.HK,7.380000114440918,7.445000171661377,7.315000057220459,7.434999942779541,7.3341851234436035,9746275
2024-03-18,3067.HK,7.420000076293945,7.565000057220459,7.389999866485596,7.53000020980835,7.427897930145264,12403750
2024-03-19,3067.HK,7.5,7.5,7.369999885559082,7.40500020980835,7.304592132568359,5673027
2024-03-20,3067.HK,7.40500020980835,7.485000133514404,7.335000038146973,7.409999847412109,7.3095245361328125,7606143
2024-03-21,3067.HK,7.5,7.644999980926514,7.5,7.505000114440918,7.4032368659973145,8493173
2024-03-22,3067.HK,7.449999809265137,7.449999809265137,7.179999828338623,7.260000228881836,7.161558628082275,10276130
2024-03-25,3067.HK,7.190000057220459,7.215000152587891,7.190000057220459,7.204999923706055,7.107304096221924,21947505
2024-03-26,3067.HK,7.284999847412109,7.324999809265137,7.190000057220459,7.269999980926514,7.171422004699707,10551330
2024-03-27,3067.HK,7.184999942779541,7.210000038146973,7.085000038146973,7.099999904632568,7.003727912902832,13789130
2024-03-28,3067.HK,7.099999904632568,7.409999847412109,7.099999904632568,7.309999942779541,7.210880756378174,16105744
2024-04-02,3067.HK,7.440000057220459,7.510000228881836,7.389999866485596,7.389999866485596,7.289795875549316,22252640
2024-04-03,3067.HK,7.414999961853027,7.420000076293945,7.255000114440918,7.264999866485596,7.16649055480957,17677841
2024-04-05,3067.HK,7.255000114440918,7.304999828338623,7.105000019073486,7.260000228881836,7.161558628082275,13734667
2024-04-08,3067.HK,7.239999771118164,7.335000038146973,7.179999828338623,7.239999771118164,7.141829490661621,7142148
2024-04-09,3067.HK,7.210000038146973,7.375,7.210000038146973,7.300000190734863,7.201015472412109,8413237
2024-04-10,3067.HK,7.320000171661377,7.534999847412109,7.320000171661377,7.465000152587891,7.363779067993164,11050287
2024-04-11,3067.HK,7.369999885559082,7.465000152587891,7.320000171661377,7.400000095367432,7.2996602058410645,10270969
2024-04-12,3067.HK,7.380000114440918,7.449999809265137,7.295000076293945,7.295000076293945,7.1960835456848145,9899910
2024-04-15,3067.HK,7.150000095367432,7.25,7.130000114440918,7.239999771118164,7.141829490661621,16781930
2024-04-16,3067.HK,7.179999828338623,7.179999828338623,6.974999904632568,7.010000228881836,6.914948463439941,15898030
2024-04-17,3067.HK,7.039999961853027,7.085000038146973,6.949999809265137,7.03000020980835,6.9346771240234375,7684022
2024-04-18,3067.HK,6.965000152587891,7.130000114440918,6.945000171661377,7.019999980926514,6.9248127937316895,12042900
2024-04-19,3067.HK,7.019999980926514,7.019999980926514,6.789999961853027,6.900000095367432,6.8064398765563965,21242870
2024-04-22,3067.HK,6.965000152587891,7.074999809265137,6.914999961853027,7.0,6.905083656311035,18581050
2024-04-23,3067.HK,7.099999904632568,7.255000114440918,7.099999904632568,7.235000133514404,7.136897563934326,22131810
2024-04-24,3067.HK,7.295000076293945,7.505000114440918,7.295000076293945,7.480000019073486,7.378575325012207,27678066
2024-04-25,3067.HK,7.434999942779541,7.59499979019165,7.40500020980835,7.494999885559082,7.39337158203125,17566686
2024-04-26,3067.HK,7.494999885559082,7.855000019073486,7.494999885559082,7.809999942779541,7.704100608825684,33786050
2024-04-29,3067.HK,7.855000019073486,7.989999771118164,7.760000228881836,7.760000228881836,7.654779434204102,17667269
2024-04-30,3067.HK,7.789999961853027,7.880000114440918,7.730000019073486,7.78000020980835,7.6745076179504395,13939531
2024-05-02,3067.HK,7.78000020980835,8.130000114440918,7.730000019073486,8.119999885559082,8.009897232055664,30477404
2024-05-03,3067.HK,8.25,8.4399995803833,8.234999656677246,8.34000015258789,8.226914405822754,21895018
2024-05-06,3067.HK,8.350000381469727,8.449999809265137,8.305000305175781,8.430000305175781,8.315693855285645,13085258
2024-05-07,3067.HK,8.430000305175781,8.430000305175781,8.210000038146973,8.244999885559082,8.13320255279541,29402592
2024-05-08,3067.HK,8.239999771118164,8.3149995803833,8.100000381469727,8.114999771118164,8.004965782165527,22886090
2024-05-09,3067.HK,8.114999771118164,8.305000305175781,8.114999771118164,8.28499984741211,8.172658920288086,10536190
2024-05-10,3067.HK,8.300000190734863,8.399999618530273,8.1899995803833,8.324999809265137,8.212117195129395,20742968
2024-05-13,3067.HK,8.305000305175781,8.460000038146973,8.194999694824219,8.430000305175781,8.315693855285645,12338897
2024-05-14,3067.HK,8.444999694824219,8.630000114440918,8.444999694824219,8.484999656677246,8.369948387145996,17949252
2024-05-16,3067.HK,8.524999618530273,8.614999771118164,8.449999809265137,8.545000076293945,8.4291353225708,19891754
2024-05-17,3067.HK,8.59000015258789,8.734999656677246,8.5600004196167,8.649999618530273,8.532710075378418,17492600
2024-05-20,3067.HK,8.680000305175781,8.729999542236328,8.645000457763672,8.680000305175781,8.562304496765137,10696750
2024-05-21,3067.HK,8.545000076293945,8.579999923706055,8.329999923706055,8.359999656677246,8.24664306640625,12576926
2024-05-22,3067.HK,8.380000114440918,8.479999542236328,8.319999694824219,8.380000114440918,8.266371726989746,5371364
2024-05-23,3067.HK,8.380000114440918,8.380000114440918,8.140000343322754,8.1899995803833,8.078948020935059,25967289
2024-05-24,3067.HK,8.079999923706055,8.180000305175781,7.945000171661377,7.965000152587891,7.856998920440674,15547050
2024-05-27,3067.HK,8.0,8.145000457763672,7.889999866485596,8.125,8.014829635620117,20798440
2024-05-28,3067.HK,8.135000228881836,8.244999885559082,8.0649995803833,8.100000381469727,7.990169525146484,9348640
2024-05-29,3067.HK,8.09000015258789,8.09000015258789,7.875,7.934999942779541,7.82740592956543,14921030
2024-05-30,3067.HK,7.875,8.005000114440918,7.84499979019165,7.894999980926514,7.787948131561279,14170130
2024-05-31,3067.HK,7.920000076293945,8.085000038146973,7.760000228881836,7.800000190734863,7.694236755371094,14647275
2024-06-03,3067.HK,7.84499979019165,8.050000190734863,7.84499979019165,7.960000038146973,7.852067470550537,13363440
2024-06-04,3067.HK,7.949999809265137,8.010000228881836,7.90500020980835,7.985000133514404,7.87672758102417,9596028
2024-06-05,3067.HK,7.985000133514404,8.199999809265137,7.960000038146973,8.0,7.891524314880371,12959796
2024-06-06,3067.HK,8.109999656677246,8.15999984741211,8.020000457763672,8.0649995803833,7.955643177032471,15222054
2024-06-07,3067.HK,8.140000343322754,8.140000343322754,7.900000095367432,7.914999961853027,7.807676792144775,21706293
2024-06-11,3067.HK,7.900000095367432,7.914999961853027,7.755000114440918,7.885000228881836,7.797787666320801,11720800
2024-06-12,3067.HK,7.840000152587891,7.869999885559082,7.739999771118164,7.755000114440918,7.669225215911865,7832165
2024-06-13,3067.HK,7.840000152587891,7.885000228881836,7.775000095367432,7.860000133514404,7.773064136505127,8565850
2024-06-14,3067.HK,7.860000133514404,7.860000133514404,7.769999980926514,7.800000190734863,7.713727951049805,11476800
2024-06-17,3067.HK,7.78000020980835,7.855000019073486,7.684999942779541,7.78000020980835,7.693948745727539,12156400
2024-06-18,3067.HK,7.800000190734863,7.880000114440918,7.735000133514404,7.78000020980835,7.693948745727539,7868030
2024-06-19,3067.HK,7.840000152587891,8.055000305175781,7.829999923706055,8.045000076293945,7.95601749420166,12224600
2024-06-20,3067.HK,8.050000190734863,8.0600004196167,7.894999980926514,7.900000095367432,7.812621593475342,10322574
2024-06-21,3067.HK,7.800000190734863,7.840000152587891,7.71999979019165,7.78000020980835,7.693948745727539,9817933
2024-06-24,3067.HK,7.78000020980835,7.78000020980835,7.610000133514404,7.71999979019165,7.634612083435059,15566501
2024-06-25,3067.HK,7.760000228881836,7.775000095367432,7.610000133514404,7.650000095367432,7.565386772155762,8655400
2024-06-26,3067.HK,7.650000095367432,7.784999847412109,7.625,7.735000133514404,7.649446964263916,18523480
2024-06-27,3067.HK,7.684999942779541,7.699999809265137,7.519999980926514,7.53000020980835,7.446714401245117,9615610
2024-06-28,3067.HK,7.449999809265137,7.599999904632568,7.449999809265137,7.460000038146973,7.377488136291504,12100040
2024-07-02,3067.HK,7.460000038146973,7.554999828338623,7.400000095367432,7.429999828338623,7.347819805145264,8990012
2024-07-03,3067.HK,7.5,7.639999866485596,7.46999979019165,7.639999866485596,7.555496692657471,11533925
2024-07-04,3067.HK,7.670000076293945,7.795000076293945,7.635000228881836,7.675000190734863,7.5901103019714355,7896725
2024-07-05,3067.HK,7.675000190734863,7.675000190734863,7.510000228881836,7.570000171661377,7.486271381378174,8959090
2024-07-08,3067.HK,7.545000076293945,7.599999904632568,7.449999809265137,7.489999771118164,7.407156467437744,11976432
2024-07-09,3067.HK,7.489999771118164,7.619999885559082,7.434999942779541,7.53000020980835,7.446714401245117,16510839
2024-07-10,3067.HK,7.619999885559082,7.735000133514404,7.559999942779541,7.579999923706055,7.496160507202148,9548699
2024-07-11,3067.HK,7.599999904632568,7.78000020980835,7.599999904632568,7.775000095367432,7.689003944396973,10764317
2024-07-12,3067.HK,7.775000095367432,7.954999923706055,7.775000095367432,7.945000171661377,7.857123851776123,11414553
2024-07-15,3067.HK,7.909999847412109,7.909999847412109,7.695000171661377,7.715000152587891,7.62966775894165,11735100
2024-07-16,3067.HK,7.670000076293945,7.670000076293945,7.574999809265137,7.599999904632568,7.515939712524414,11437180
2024-07-17,3067.HK,7.599999904632568,7.739999771118164,7.599999904632568,7.699999809265137,7.614833354949951,8018600
2024-07-18,3067.HK,7.599999904632568,7.679999828338623,7.514999866485596,7.614999771118164,7.530773639678955,8767030
2024-07-19,3067.HK,7.53000020980835,7.534999847412109,7.414999961853027,7.420000076293945,7.337930679321289,11061930
2024-07-22,3067.HK,7.449999809265137,7.619999885559082,7.429999828338623,7.59499979019165,7.5109944343566895,11372685
2024-07-23,3067.HK,7.59499979019165,7.65500020980835,7.440000057220459,7.460000038146973,7.377488136291504,11495630
2024-07-24,3067.HK,7.445000171661377,7.480000019073486,7.300000190734863,7.335000038146973,7.253870964050293,9117430
2024-07-25,3067.HK,7.320000171661377,7.320000171661377,7.175000190734863,7.215000152587891,7.13519811630249,11972583
2024-07-26,3067.HK,7.199999809265137,7.320000171661377,7.179999828338623,7.284999847412109,7.204423427581787,11682050
2024-07-29,3067.HK,7.335000038146973,7.389999866485596,7.28000020980835,7.304999828338623,7.224202632904053,13633350
2024-07-30,3067.HK,7.300000190734863,7.300000190734863,7.15500020980835,7.184999942779541,7.105529308319092,11739410
2024-07-31,3067.HK,7.230000019073486,7.445000171661377,7.190000057220459,7.420000076293945,7.337930679321289,14898730
2024-08-01,3067.HK,7.420000076293945,7.420000076293945,7.295000076293945,7.324999809265137,7.243980884552002,11787870
2024-08-02,3067.HK,7.125,7.230000019073486,7.065000057220459,7.125,7.0461931228637695,16325712
2024-08-05,3067.HK,7.099999904632568,7.210000038146973,6.894999980926514,7.025000095367432,6.947299480438232,22846259
2024-08-06,3067.HK,7.159999847412109,7.179999828338623,7.0,7.045000076293945,6.967078685760498,8081490
2024-08-07,3067.HK,7.045000076293945,7.195000171661377,7.039999961853027,7.090000152587891,7.011580944061279,8099642
2024-08-08,3067.HK,7.050000190734863,7.204999923706055,6.985000133514404,7.079999923706055,7.001690864562988,6324990
2024-08-09,3067.HK,7.090000152587891,7.335000038146973,7.090000152587891,7.244999885559082,7.164865970611572,10866666
2024-08-12,3067.HK,7.244999885559082,7.264999866485596,7.139999866485596,7.215000152587891,7.13519811630249,11031480
2024-08-13,3067.HK,7.215000152587891,7.264999866485596,7.15500020980835,7.215000152587891,7.13519811630249,9198584
2024-08-14,3067.HK,7.215000152587891,7.269999980926514,7.130000114440918,7.170000076293945,7.090695858001709,8518390
2024-08-15,3067.HK,7.070000171661377,7.21999979019165,7.034999847412109,7.125,7.0461931228637695,8904746
2024-08-16,3067.HK,7.235000133514404,7.304999828338623,7.195000171661377,7.28000020980835,7.199479579925537,11970340
2024-08-19,3067.HK,7.360000133514404,7.5,7.360000133514404,7.394999980926514,7.313207149505615,10696066
2024-08-20,3067.HK,7.46999979019165,7.46999979019165,7.329999923706055,7.329999923706055,7.248926162719727,13097350
2024-08-21,3067.HK,7.184999942779541,7.239999771118164,7.119999885559082,7.230000019073486,7.150032043457031,11737509
2024-08-22,3067.HK,7.309999942779541,7.400000095367432,7.239999771118164,7.394999980926514,7.313207149505615,10797445
2024-08-23,3067.HK,7.394999980926514,7.394999980926514,7.235000133514404,7.300000190734863,7.219257354736328,9428260
2024-08-26,3067.HK,7.300000190734863,7.414999961853027,7.300000190734863,7.360000133514404,7.278594493865967,8051150
2024-08-27,3067.HK,7.320000171661377,7.369999885559082,7.239999771118164,7.364999771118164,7.283538818359375,7235232
2024-08-28,3067.HK,7.360000133514404,7.360000133514404,7.210000038146973,7.25,7.169811248779297,18739420
2024-08-29,3067.HK,7.110000133514404,7.295000076293945,7.09499979019165,7.28000020980835,7.199479579925537,17777008
2024-08-30,3067.HK,7.28000020980835,7.605000019073486,7.28000020980835,7.510000228881836,7.426935195922852,23451730
2024-09-02,3067.HK,7.510000228881836,7.510000228881836,7.320000171661377,7.329999923706055,7.248926162719727,10515687
2024-09-03,3067.HK,7.329999923706055,7.440000057220459,7.304999828338623,7.335000038146973,7.253870964050293,7531710
2024-09-04,3067.HK,7.239999771118164,7.355000019073486,7.235000133514404,7.329999923706055,7.248926162719727,9945240
2024-09-05,3067.HK,7.329999923706055,7.369999885559082,7.28000020980835,7.309999942779541,7.229147434234619,8603620
2024-09-09,3067.HK,7.260000228881836,7.269999980926514,7.175000190734863,7.230000019073486,7.150032043457031,15521370
2024-09-10,3067.HK,7.230000019073486,7.28000020980835,7.159999847412109,7.260000228881836,7.1797003746032715,10502761
2024-09-11,3067.HK,7.184999942779541,7.269999980926514,7.184999942779541,7.269999980926514,7.189589023590088,8074382
2024-09-12,3067.HK,7.304999828338623,7.385000228881836,7.304999828338623,7.304999828338623,7.224202632904053,9510960
2024-09-13,3067.HK,7.349999904632568,7.420000076293945,7.309999942779541,7.329999923706055,7.248926162719727,9085530
2024-09-16,3067.HK,7.329999923706055,7.349999904632568,7.195000171661377,7.349999904632568,7.268704414367676,10991280
2024-09-17,3067.HK,7.349999904632568,7.465000152587891,7.309999942779541,7.445000171661377,7.362654685974121,22172335
2024-09-19,3067.HK,7.474999904632568,7.724999904632568,7.425000190734863,7.684999942779541,7.59999942779541,18721646
2024-09-20,3067.HK,7.664999961853027,7.880000114440918,7.644999980926514,7.775000095367432,7.689003944396973,28164130
2024-09-23,3067.HK,7.730000019073486,7.909999847412109,7.730000019073486,7.775000095367432,7.689003944396973,12163097
2024-09-24,3067.HK,7.909999847412109,8.244999885559082,7.90500020980835,8.234999656677246,8.143916130065918,29658440
2024-09-25,3067.HK,8.5,8.539999961853027,8.225000381469727,8.239999771118164,8.148860931396484,34383086
2024-09-26,3067.HK,8.380000114440918,8.904999732971191,8.345000267028809,8.864999771118164,8.766948699951172,66457724
2024-09-27,3067.HK,9.0,9.510000228881836,9.0,9.385000228881836,9.281196594238281,65044530
2024-09-30,3067.HK,9.755000114440918,10.1899995803833,9.5600004196167,9.989999771118164,9.879505157470703,63680526
2024-10-02,3067.HK,10.15999984741211,11.0600004196167,10.100000381469727,10.84000015258789,10.720104217529297,84835452
2024-10-03,3067.HK,10.760000228881836,10.84000015258789,10.050000190734863,10.449999809265137,10.334417343139648,67098798
2024-10-04,3067.HK,10.390000343322754,11.0600004196167,10.289999961853027,11.0600004196167,10.937670707702637,37477513
2024-10-07,3067.HK,11.279999732971191,11.489999771118164,11.010000228881836,11.329999923706055,11.204683303833008,66236129
2024-10-08,3067.HK,11.180000305175781,11.180000305175781,9.75,9.84000015258789,9.73116397857666,188961130
2024-10-09,3067.HK,10.130000114440918,10.300000190734863,9.454999923706055,9.725000381469727,9.617437362670898,111570437
2024-10-10,3067.HK,10.079999923706055,10.210000038146973,9.829999923706055,9.949999809265137,9.839946746826172,25653903
2024-10-14,3067.HK,9.824999809265137,9.930000305175781,9.479999542236328,9.8100004196167,9.701497077941895,38985918
2024-10-15,3067.HK,9.8100004196167,9.850000381469727,9.260000228881836,9.359999656677246,9.25647258758545,27559820
2024-10-16,3067.HK,9.220000267028809,9.430000305175781,9.1899995803833,9.279999732971191,9.17735767364502,60500770
2024-10-17,3067.HK,9.395000457763672,9.569999694824219,9.079999923706055,9.140000343322754,9.03890609741211,36075874
2024-10-18,3067.HK,9.140000343322754,9.819999694824219,9.109999656677246,9.6850004196167,9.577878952026367,47421548
2024-10-21,3067.HK,9.720000267028809,9.765000343322754,9.4399995803833,9.449999809265137,9.345477104187012,14347780
2024-10-22,3067.HK,9.460000038146973,9.609999656677246,9.4350004196167,9.494999885559082,9.389979362487793,17720054
2024-10-23,3067.HK,9.494999885559082,9.829999923706055,9.494999885559082,9.710000038146973,9.602602005004883,16144910
2024-10-24,3067.HK,9.539999961853027,9.614999771118164,9.420000076293945,9.4399995803833,9.335587501525879,11168181
2024-10-25,3067.HK,9.4399995803833,9.654999732971191,9.4399995803833,9.5649995803833,9.459205627441406,9519140
2024-10-28,3067.HK,9.600000381469727,9.6850004196167,9.515000343322754,9.649999618530273,9.543265342712402,6926203
2024-10-29,3067.HK,9.640000343322754,9.895000457763672,9.640000343322754,9.71500015258789,9.60754680633545,9953198
2024-10-30,3067.HK,9.71500015258789,9.71500015258789,9.460000038146973,9.479999542236328,9.37514591217041,14716731
2024-10-31,3067.HK,9.539999961853027,9.630000114440918,9.475000381469727,9.479999542236328,9.37514591217041,16020100
2024-11-01,3067.HK,9.510000228881836,9.600000381469727,9.390000343322754,9.425000190734863,9.320754051208496,21925914
2024-11-04,3067.HK,9.420000076293945,9.585000038146973,9.420000076293945,9.53499984741211,9.429536819458008,11782280
2024-11-05,3067.HK,9.5,9.880000114440918,9.46500015258789,9.875,9.765775680541992,24056595
2024-11-06,3067.HK,9.720000267028809,9.824999809265137,9.524999618530273,9.619999885559082,9.513596534729004,28726900
2024-11-07,3067.HK,9.5600004196167,9.864999771118164,9.489999771118164,9.829999923706055,9.721274375915527,21739848
2024-11-08,3067.HK,9.989999771118164,10.15999984741211,9.8149995803833,9.835000038146973,9.72622013092041,41962380
2024-11-11,3067.HK,9.529999732971191,9.829999923706055,9.529999732971191,9.829999923706055,9.721274375915527,34992700
2024-11-12,3067.HK,9.829999923706055,9.850000381469727,9.345000267028809,9.359999656677246,9.25647258758545,34388497
2024-11-13,3067.HK,9.25,9.385000228881836,9.1850004196167,9.375,9.271306991577148,22285060
2024-11-14,3067.HK,9.369999885559082,9.380000114440918,9.03499984741211,9.079999923706055,8.979569435119629,24484580
2024-11-15,3067.HK,9.079999923706055,9.239999771118164,9.024999618530273,9.109999656677246,9.009237289428711,18402210
2024-11-18,3067.HK,9.175000190734863,9.274999618530273,9.09000015258789,9.145000457763672,9.043851852416992,16644270
2024-11-19,3067.HK,9.194999694824219,9.28499984741211,9.149999618530273,9.255000114440918,9.152633666992188,15672400
2024-11-20,3067.HK,9.25,9.335000038146973,9.1899995803833,9.289999961853027,9.187247276306152,14494942
2024-11-21,3067.HK,9.25,9.289999961853027,9.149999618530273,9.180000305175781,9.07846450805664,10893599
2024-11-22,3067.HK,9.149999618530273,9.255000114440918,8.890000343322754,8.9399995803833,8.841117858886719,26738405
2024-11-25,3067.HK,8.984999656677246,9.010000228881836,8.824999809265137,8.899999618530273,8.80156135559082,16228010
2024-11-26,3067.HK,8.800000190734863,8.970000267028809,8.800000190734863,8.880000114440918,8.781782150268555,19142763
2024-11-27,3067.HK,8.880000114440918,9.255000114440918,8.824999809265137,9.220000267028809,9.118021965026855,40047860
2024-11-28,3067.HK,9.170000076293945,9.199999809265137,9.0600004196167,9.079999923706055,8.979569435119629,14783740
2024-11-29,3067.HK,9.114999771118164,9.329999923706055,9.069999694824219,9.164999961853027,9.063630104064941,22955700
2024-12-02,3067.HK,9.180000305175781,9.319999694824219,9.145000457763672,9.265000343322754,9.162524223327637,18969615
2024-12-03,3067.HK,9.289999961853027,9.34000015258789,9.149999618530273,9.319999694824219,9.216915130615234,14142575
2024-12-04,3067.HK,9.319999694824219,9.364999771118164,9.234999656677246,9.270000457763672,9.167469024658203,14392994
2024-12-05,3067.HK,9.164999961853027,9.229999542236328,9.145000457763672,9.1850004196167,9.083409309387207,15614440
2024-12-06,3067.HK,9.220000267028809,9.40999984741211,9.164999961853027,9.395000457763672,9.29108715057373,19232835
2024-12-09,3067.HK,9.380000114440918,9.789999961853027,9.265000343322754,9.765000343322754,9.698284149169922,29160897
2024-12-10,3067.HK,10.100000381469727,10.140000343322754,9.619999885559082,9.640000343322754,9.574139595031738,24955084
2024-12-11,3067.HK,9.725000381469727,9.739999771118164,9.454999923706055,9.520000457763672,9.45495891571045,19947003
2024-12-12,3067.HK,9.520000457763672,9.770000457763672,9.489999771118164,9.640000343322754,9.574139595031738,29108670
2024-12-13,3067.HK,9.640000343322754,9.640000343322754,9.34000015258789,9.359999656677246,9.296051025390625,24648700
2024-12-16,3067.HK,9.359999656677246,9.4399995803833,9.210000038146973,9.239999771118164,9.176871299743652,21398982
2024-12-17,3067.HK,9.154999732971191,9.380000114440918,9.140000343322754,9.1899995803833,9.127212524414062,21808600
2024-12-18,3067.HK,9.270000457763672,9.40999984741211,9.270000457763672,9.354999542236328,9.291085243225098,9043300
2024-12-19,3067.HK,9.300000190734863,9.364999771118164,9.199999809265137,9.3100004196167,9.246393203735352,18368899
2024-12-20,3067.HK,9.274999618530273,9.40999984741211,9.25,9.324999809265137,9.261290550231934,12414600
2024-12-23,3067.HK,9.324999809265137,9.40999984741211,9.305000305175781,9.345000267028809,9.28115463256836,11506410
2024-12-24,3067.HK,9.454999923706055,9.454999923706055,9.454999923706055,9.454999923706055,9.390402793884277,0
2024-12-27,3067.HK,9.454999923706055,9.59000015258789,9.449999809265137,9.510000228881836,9.445026397705078,21509670
2024-12-30,3067.HK,9.5,9.550000190734863,9.40999984741211,9.4399995803833,9.375504493713379,11851050
2024-12-31,3067.HK,9.390000343322754,9.390000343322754,9.390000343322754,9.390000343322754,9.325846672058105,0
2025-01-02,3067.HK,9.390000343322754,9.390000343322754,9.114999771118164,9.119999885559082,9.05769157409668,23276600
2025-01-03,3067.HK,9.119999885559082,9.329999923706055,9.095000267028809,9.21500015258789,9.152042388916016,9271174
2025-01-06,3067.HK,9.265000343322754,9.329999923706055,9.180000305175781,9.210000038146973,9.147076606750488,7132467
2025-01-07,3067.HK,9.100000381469727,9.225000381469727,8.96500015258789,9.119999885559082,9.05769157409668,15888485
2025-01-08,3067.HK,9.15999984741211,9.15999984741211,8.920000076293945,9.020000457763672,8.958374977111816,13546674
2025-01-09,3067.HK,9.0,9.149999618530273,9.0,9.045000076293945,8.983203887939453,7863000
2025-01-10,3067.HK,9.0600004196167,9.130000114440918,8.920000076293945,8.9350004196167,8.873955726623535,7414894
2025-01-13,3067.HK,8.885000228881836,8.885000228881836,8.739999771118164,8.84000015258789,8.7796049118042,14345975
2025-01-14,3067.HK,8.84000015258789,9.180000305175781,8.84000015258789,9.125,9.062657356262207,21541605
2025-01-15,3067.HK,9.045000076293945,9.1899995803833,9.045000076293945,9.135000228881836,9.072588920593262,5201100
2025-01-16,3067.HK,9.199999809265137,9.404999732971191,9.145000457763672,9.244999885559082,9.18183708190918,15160194
2025-01-17,3067.HK,9.239999771118164,9.414999961853027,9.21500015258789,9.380000114440918,9.31591510772705,14608200
2025-01-20,3067.HK,9.5,9.71500015258789,9.5,9.630000114440918,9.564207077026367,25935459
2025-01-21,3067.HK,9.75,9.899999618530273,9.654999732971191,9.845000267028809,9.777738571166992,29891565
2025-01-22,3067.HK,9.75,9.78499984741211,9.5600004196167,9.579999923706055,9.514548301696777,13569380
2025-01-23,3067.HK,9.5,9.770000457763672,9.420000076293945,9.46500015258789,9.400334358215332,20016160
2025-01-24,3067.HK,9.5,9.789999961853027,9.5,9.744999885559082,9.678421020507812,15809438
2025-01-27,3067.HK,9.854999542236328,9.954999923706055,9.779999732971191,9.805000305175781,9.738011360168457,15250679
2025-01-28,3067.HK,9.895000457763672,9.895000457763672,9.895000457763672,9.895000457763672,9.827397346496582,0
2025-02-03,3067.HK,9.760000228881836,9.9350004196167,9.574999809265137,9.914999961853027,9.847259521484375,11642440
2025-02-04,3067.HK,10.119999885559082,10.449999809265137,10.100000381469727,10.420000076293945,10.348809242248535,26525565
2025-02-05,3067.HK,10.430000305175781,10.430000305175781,10.170000076293945,10.34000015258789,10.269356727600098,14257872
2025-02-06,3067.HK,10.34000015258789,10.600000381469727,10.300000190734863,10.600000381469727,10.527579307556152,17318851
2025-02-07,3067.HK,10.569999694824219,10.920000076293945,10.550000190734863,10.800000190734863,10.726213455200195,21267413
2025-02-10,3067.HK,10.890000343322754,11.100000381469727,10.869999885559082,11.09000015258789,11.01423168182373,24365865
2025-02-11,3067.HK,11.130000114440918,11.130000114440918,10.760000228881836,10.779999732971191,10.706350326538086,33550669
2025-02-12,3067.HK,10.930000305175781,11.079999923706055,10.819999694824219,11.079999923706055,11.004300117492676,31732156
2025-02-13,3067.HK,11.140000343322754,11.539999961853027,10.90999984741211,10.970000267028809,10.895051956176758,134029886
2025-02-14,3067.HK,11.130000114440918,11.569999694824219,11.109999656677246,11.550000190734863,11.471089363098145,66328572
2025-02-17,3067.HK,11.65999984741211,11.859999656677246,11.3100004196167,11.529999732971191,11.451226234436035,45502615
2025-02-18,3067.HK,11.550000190734863,11.949999809265137,11.529999732971191,11.819999694824219,11.73924446105957,59559254
2025-02-19,3067.HK,11.800000190734863,11.899999618530273,11.550000190734863,11.869999885559082,11.78890323638916,25356876
2025-02-20,3067.HK,11.800000190734863,11.84000015258789,11.460000038146973,11.520000457763672,11.44129467010498,28264563
2025-02-21,3067.HK,11.90999984741211,12.279999732971191,11.75,12.270000457763672,12.18617057800293,49686657
2025-02-24,3067.HK,12.229999542236328,12.359999656677246,12.010000228881836,12.119999885559082,12.037195205688477,44985999
2025-02-25,3067.HK,11.670000076293945,12.170000076293945,11.609999656677246,11.920000076293945,11.83856201171875,45687553
2025-02-26,3067.HK,12.0,12.630000114440918,12.0,12.460000038146973,12.374872207641602,37019043
2025-02-27,3067.HK,12.520000457763672,12.75,12.100000381469727,12.229999542236328,12.146443367004395,35602620
2025-02-28,3067.HK,12.3100004196167,12.359999656677246,11.550000190734863,11.640000343322754,11.56047534942627,48525509
2025-03-03,3067.HK,11.800000190734863,11.9399995803833,11.4399995803833,11.550000190734863,11.471089363098145,36760900
2025-03-04,3067.HK,11.350000381469727,11.710000038146973,11.229999542236328,11.59000015258789,11.51081657409668,31353749
2025-03-05,3067.HK,11.829999923706055,12.109999656677246,11.680000305175781,12.069999694824219,11.987536430358887,17990648
2025-03-06,3067.HK,12.420000076293945,12.770000457763672,12.40999984741211,12.670000076293945,12.5834379196167,30961060
2025-03-07,3067.HK,12.600000381469727,13.0,12.479999542236328,12.619999885559082,12.53377914428711,25397340
2025-03-10,3067.HK,12.59000015258789,12.739999771118164,12.1899995803833,12.300000190734863,12.215965270996094,22070034
2025-03-11,3067.HK,12.039999961853027,12.5600004196167,12.0,12.539999961853027,12.454324722290039,32810870
2025-03-12,3067.HK,12.569999694824219,12.720000267028809,12.0600004196167,12.329999923706055,12.245759963989258,29182098
2025-03-13,3067.HK,12.260000228881836,12.350000381469727,11.84000015258789,12.039999961853027,11.957741737365723,23568300
2025-03-14,3067.HK,12.100000381469727,12.40999984741211,11.979999542236328,12.350000381469727,12.265624046325684,19381008
2025-03-17,3067.HK,12.460000038146973,12.470000267028809,12.210000038146973,12.319999694824219,12.235828399658203,16790227
2025-03-18,3067.HK,12.699999809265137,12.789999961853027,12.539999961853027,12.779999732971191,12.692686080932617,204091227
2025-03-19,3067.HK,12.710000038146973,12.770000457763672,12.539999961853027,12.699999809265137,12.613231658935547,20142351
2025-03-20,3067.HK,12.699999809265137,12.699999809265137,12.199999809265137,12.239999771118164,12.15637493133545,47779933
2025-03-21,3067.HK,12.229999542236328,12.260000228881836,11.760000228881836,11.829999923706055,11.749176025390625,38432491
2025-03-24,3067.HK,11.890000343322754,12.079999923706055,11.729999542236328,12.0,11.918014526367188,29269870
2025-03-25,3067.HK,11.819999694824219,11.890000343322754,11.539999961853027,11.600000381469727,11.520748138427734,29279693
2025-03-26,3067.HK,11.670000076293945,11.75,11.579999923706055,11.670000076293945,11.590269088745117,20592290
2025-03-27,3067.HK,11.6899995803833,11.970000267028809,11.520000457763672,11.710000038146973,11.629996299743652,26597800
2025-03-28,3067.HK,11.869999885559082,11.869999885559082,11.430000305175781,11.529999732971191,11.451226234436035,13500600
2025-03-31,3067.HK,11.489999771118164,11.489999771118164,11.1899995803833,11.289999961853027,11.212865829467773,43677231
2025-04-01,3067.HK,11.300000190734863,11.5600004196167,11.300000190734863,11.319999694824219,11.242660522460938,15164959
2025-04-02,3067.HK,11.420000076293945,11.550000190734863,11.239999771118164,11.399999618530273,11.322113990783691,14551240
2025-04-03,3067.HK,11.079999923706055,11.260000228881836,11.010000228881836,11.079999923706055,11.004300117492676,34664015
2025-04-07,3067.HK,10.0,10.149999618530273,9.15999984741211,9.210000038146973,9.147076606750488,100373994
2025-04-08,3067.HK,9.484999656677246,9.8149995803833,9.274999618530273,9.585000038146973,9.519514083862305,192255412
2025-04-09,3067.HK,9.085000038146973,9.994999885559082,9.020000457763672,9.800000190734863,9.73304557800293,131222756
2025-04-10,3067.HK,10.260000228881836,10.510000228881836,10.0,10.109999656677246,10.040926933288574,40025190
2025-04-11,3067.HK,10.020000457763672,10.489999771118164,9.979999542236328,10.25,10.179970741271973,40423882
2025-04-14,3067.HK,10.670000076293945,10.670000076293945,10.470000267028809,10.5,10.428263664245605,22513285
2025-04-15,3067.HK,10.640000343322754,10.640000343322754,10.34000015258789,10.460000038146973,10.38853645324707,12685770
2025-04-16,3067.HK,10.300000190734863,10.3100004196167,9.944999694824219,10.0600004196167,9.9912691116333,22350665
2025-04-17,3067.HK,10.069999694824219,10.319999694824219,10.029999732971191,10.260000228881836,10.189903259277344,14352400
2025-04-22,3067.HK,10.300000190734863,10.359999656677246,10.069999694824219,10.359999656677246,10.28921890258789,19481726
2025-04-23,3067.HK,10.649999618530273,10.670000076293945,10.470000267028809,10.600000381469727,10.527579307556152,20896470
2025-04-24,3067.HK,10.670000076293945,10.670000076293945,10.34000015258789,10.5,10.428263664245605,22387934
2025-04-25,3067.HK,10.670000076293945,10.680000305175781,10.430000305175781,10.470000267028809,10.398468017578125,29284663
2025-04-28,3067.HK,10.59000015258789,10.59000015258789,10.40999984741211,10.470000267028809,10.398468017578125,10591570
2025-04-29,3067.HK,10.550000190734863,10.6899995803833,10.470000267028809,10.5600004196167,10.48785400390625,10626806
2025-04-30,3067.HK,10.5600004196167,10.699999809265137,10.5,10.699999809265137,10.626895904541016,10723647
2025-05-02,3067.HK,10.760000228881836,11.069999694824219,10.670000076293945,11.050000190734863,10.974505424499512,24268791
2025-05-06,3067.HK,11.020000457763672,11.069999694824219,10.880000114440918,10.979999542236328,10.904982566833496,22293402
2025-05-07,3067.HK,11.319999694824219,11.359999656677246,10.920000076293945,10.960000038146973,10.885120391845703,18634501
2025-05-08,3067.HK,10.890000343322754,11.119999885559082,10.869999885559082,10.989999771118164,10.914915084838867,30377530
2025-05-09,3067.HK,10.979999542236328,10.979999542236328,10.75,10.880000114440918,10.80566692352295,16046013
2025-05-12,3067.HK,11.199999809265137,11.569999694824219,10.970000267028809,11.399999618530273,11.322113990783691,52597755
2025-05-13,3067.HK,11.399999618530273,11.399999618530273,11.050000190734863,11.100000381469727,11.024164199829102,25782050
2025-05-14,3067.HK,11.319999694824219,11.34000015258789,11.180000305175781,11.3100004196167,11.2327299118042,13863600
2025-05-15,3067.HK,11.289999961853027,11.34000015258789,11.09000015258789,11.119999885559082,11.044027328491211,14553732
2025-05-16,3067.HK,11.119999885559082,11.130000114440918,11.020000457763672,11.100000381469727,11.024164199829102,18262100
2025-05-19,3067.HK,10.979999542236328,11.100000381469727,10.850000381469727,11.020000457763672,10.944710731506348,11829395
2025-05-20,3067.HK,11.09000015258789,11.220000267028809,11.020000457763672,11.199999809265137,11.123479843139648,10417502
2025-05-21,3067.HK,11.210000038146973,11.289999961853027,11.15999984741211,11.25,11.173138618469238,19215962
2025-05-22,3067.HK,11.220000267028809,11.25,10.979999542236328,11.050000190734863,10.974505424499512,27178633
2025-05-23,3067.HK,11.130000114440918,11.15999984741211,10.960000038146973,11.010000228881836,10.934779167175293,16415963
2025-05-26,3067.HK,11.010000228881836,11.010000228881836,10.8100004196167,10.859999656677246,10.785802841186523,34469470
2025-05-27,3067.HK,10.859999656677246,10.920000076293945,10.729999542236328,10.899999618530273,10.825530052185059,28539724
2025-05-28,3067.HK,10.9399995803833,10.979999542236328,10.819999694824219,10.869999885559082,10.795734405517578,19704086
2025-05-29,3067.HK,11.0,11.1899995803833,10.869999885559082,11.15999984741211,11.08375358581543,17334200
2025-05-30,3067.HK,11.149999618530273,11.149999618530273,10.819999694824219,10.890000343322754,10.81559944152832,13192550
2025-06-02,3067.HK,10.75,10.8100004196167,10.529999732971191,10.779999732971191,10.706350326538086,24453130
2025-06-03,3067.HK,10.850000381469727,10.970000267028809,10.84000015258789,10.90999984741211,10.835461616516113,11218726
2025-06-04,3067.HK,10.90999984741211,11.050000190734863,10.890000343322754,10.979999542236328,10.904982566833496,9166500
2025-06-05,3067.HK,11.100000381469727,11.199999809265137,11.0600004196167,11.180000305175781,11.103617668151855,12573439
2025-06-06,3067.HK,11.220000267028809,11.220000267028809,11.029999732971191,11.09000015258789,11.01423168182373,9131897
2025-06-09,3067.HK,11.229999542236328,11.479999542236328,11.220000267028809,11.40999984741211,11.352519035339355,55089976
2025-06-10,3067.HK,11.40999984741211,11.5,11.220000267028809,11.319999694824219,11.262971878051758,13008140
2025-06-11,3067.HK,11.390000343322754,11.550000190734863,11.369999885559082,11.460000038146973,11.402267456054688,14529120
2025-06-12,3067.HK,11.350000381469727,11.380000114440918,11.199999809265137,11.220000267028809,11.16347599029541,14649450
2025-06-13,3067.HK,11.130000114440918,11.1899995803833,10.9399995803833,11.050000190734863,10.994332313537598,36522434
2025-06-16,3067.HK,10.979999542236328,11.220000267028809,10.930000305175781,11.170000076293945,11.113727569580078,8027899
2025-06-17,3067.HK,11.1899995803833,11.229999542236328,11.069999694824219,11.140000343322754,11.083879470825195,15710649
2025-06-18,3067.HK,11.130000114440918,11.130000114440918,10.930000305175781,10.970000267028809,10.914735794067383,12004080
2025-06-19,3067.HK,10.979999542236328,10.970000267028809,10.680000305175781,10.720000267028809,10.665995597839355,19592242
2025-06-20,3067.HK,10.720000267028809,10.800000190734863,10.720000267028809,10.760000228881836,10.705793380737305,12032603
2025-06-23,3067.HK,10.699999809265137,10.920000076293945,10.640000343322754,10.890000343322754,10.835139274597168,20294200
2025-06-24,3067.HK,10.90999984741211,11.210000038146973,10.90999984741211,11.100000381469727,11.04408073425293,25970299
2025-06-25,3067.HK,11.300000190734863,11.359999656677246,11.210000038146973,11.270000457763672,11.213224411010742,26926508
2025-06-26,3067.HK,11.239999771118164,11.319999694824219,11.170000076293945,11.229999542236328,11.173425674438477,18424978
2025-06-27,3067.HK,11.300000190734863,11.359999656677246,11.220000267028809,11.229999542236328,11.173425674438477,11331303
2025-06-30,3067.HK,11.279999732971191,11.329999923706055,11.149999618530273,11.170000076293945,11.113727569580078,9446315
2025-07-02,3067.HK,11.329999923706055,11.329999923706055,11.079999923706055,11.100000381469727,11.04408073425293,11575576
2025-07-03,3067.HK,11.15999984741211,11.15999984741211,10.9399995803833,11.010000228881836,10.954534530639648,15812811
2025-07-04,3067.HK,10.920000076293945,11.119999885559082,10.819999694824219,11.010000228881836,10.954534530639648,19192829
2025-07-07,3067.HK,10.90999984741211,11.039999961853027,10.869999885559082,11.010000228881836,10.954534530639648,15365595
2025-07-08,3067.HK,11.020000457763672,11.229999542236328,11.020000457763672,11.229999542236328,11.173425674438477,12795359
2025-07-09,3067.HK,11.199999809265137,11.199999809265137,10.989999771118164,11.029999732971191,10.974432945251465,10250765
2025-07-10,3067.HK,10.989999771118164,11.039999961853027,10.949999809265137,11.010000228881836,10.954534530639648,9943740
2025-07-11,3067.HK,10.989999771118164,11.229999542236328,10.970000267028809,11.09000015258789,11.034131050109863,19294910
2025-07-14,3067.HK,11.0600004196167,11.15999984741211,11.010000228881836,11.130000114440918,11.073929786682129,7344172
2025-07-15,3067.HK,11.180000305175781,11.460000038146973,11.109999656677246,11.420000076293945,11.362468719482422,39539706
2025-07-16,3067.HK,11.529999732971191,11.65999984741211,11.399999618530273,11.399999618530273,11.342569351196289,24202684
2025-07-17,3067.HK,11.40999984741211,11.520000457763672,11.380000114440918,11.460000038146973,11.402267456054688,14856782
2025-07-18,3067.HK,11.649999618530273,11.710000038146973,11.529999732971191,11.65999984741211,11.601259231567383,18192571
2025-07-21,3067.HK,11.819999694824219,11.819999694824219,11.65999984741211,11.75,11.69080638885498,11715719
2025-07-22,3067.HK,11.760000228881836,11.819999694824219,11.699999809265137,11.770000457763672,11.710705757141113,23646079
2025-07-23,3067.HK,11.9399995803833,12.130000114440918,11.850000381469727,12.09000015258789,12.029093742370605,30014700
2025-07-24,3067.HK,12.069999694824219,12.220000267028809,12.0600004196167,12.069999694824219,12.009193420410156,22762617
2025-07-25,3067.HK,12.050000190734863,12.050000190734863,11.880000114440918,11.949999809265137,11.889798164367676,14193421
2025-07-28,3067.HK,11.949999809265137,12.010000228881836,11.880000114440918,11.930000305175781,11.86989974975586,19581023
2025-07-29,3067.HK,11.869999885559082,11.890000343322754,11.6899995803833,11.880000114440918,11.820151329040527,28383718
2025-07-30,3067.HK,11.699999809265137,11.789999961853027,11.529999732971191,11.600000381469727,11.5415620803833,49316074
2025-07-31,3067.HK,11.539999961853027,11.640000343322754,11.430000305175781,11.489999771118164,11.43211555480957,25053892
2025-08-01,3067.HK,11.470000267028809,11.569999694824219,11.369999885559082,11.380000114440918,11.322669982910156,29267636
2025-08-04,3067.HK,11.359999656677246,11.579999923706055,11.300000190734863,11.529999732971191,11.471914291381836,29656427
2025-08-05,3067.HK,11.550000190734863,11.640000343322754,11.539999961853027,11.619999885559082,11.561460494995117,16907278
2025-08-06,3067.HK,11.59000015258789,11.680000305175781,11.550000190734863,11.65999984741211,11.601259231567383,14394230
2025-08-07,3067.HK,11.680000305175781,11.739999771118164,11.569999694824219,11.65999984741211,11.601259231567383,9716290
2025-08-08,3067.HK,11.65999984741211,11.65999984741211,11.479999542236328,11.520000457763672,11.461965560913086,19301020
2025-08-11,3067.HK,11.520000457763672,11.539999961853027,11.430000305175781,11.510000228881836,11.452014923095703,8783470
2025-08-12,3067.HK,11.5,11.510000228881836,11.380000114440918,11.479999542236328,11.422165870666504,12409689
2025-08-13,3067.HK,11.569999694824219,11.869999885559082,11.569999694824219,11.850000381469727,11.790302276611328,24138930
2025-08-14,3067.HK,11.960000038146973,11.960000038146973,11.720000267028809,11.770000457763672,11.710705757141113,23683929
2025-08-15,3067.HK,11.75,11.75,11.59000015258789,11.6899995803833,11.631108283996582,14401552
2025-08-18,3067.HK,11.75,11.960000038146973,11.739999771118164,11.760000228881836,11.700756072998047,20501535
2025-08-19,3067.HK,11.880000114440918,11.880000114440918,11.649999618530273,11.680000305175781,11.621158599853516,18272377
2025-08-20,3067.HK,11.6899995803833,11.710000038146973,11.520000457763672,11.649999618530273,11.591309547424316,13950869
2025-08-21,3067.HK,11.640000343322754,11.670000076293945,11.529999732971191,11.59000015258789,11.531612396240234,7837069
2025-08-22,3067.HK,11.699999809265137,11.899999618530273,11.649999618530273,11.869999885559082,11.810201644897461,19681379
2025-08-25,3067.HK,12.050000190734863,12.319999694824219,12.050000190734863,12.270000457763672,12.208187103271484,50955473
2025-08-26,3067.HK,12.1899995803833,12.350000381469727,12.140000343322754,12.180000305175781,12.118639945983887,42430309
2025-08-27,3067.HK,12.260000228881836,12.34000015258789,11.970000267028809,12.0,11.939546585083008,29512097
2025-08-28,3067.HK,11.970000267028809,11.970000267028809,11.739999771118164,11.899999618530273,11.840049743652344,78936199
2025-08-29,3067.HK,11.899999618530273,12.09000015258789,11.869999885559082,11.970000267028809,11.909697532653809,32728958
2025-09-01,3067.HK,12.210000038146973,12.270000457763672,12.119999885559082,12.210000038146973,12.148488998413086,34962492
2025-09-02,3067.HK,12.220000267028809,12.220000267028809,11.989999771118164,12.079999923706055,12.019143104553223,35790221
2025-09-03,3067.HK,12.210000038146973,12.229999542236328,11.930000305175781,11.970000267028809,11.909697532653809,38838365
2025-09-04,3067.HK,12.050000190734863,12.0600004196167,11.720000267028809,11.770000457763672,11.710705757141113,46794251
2025-09-05,3067.HK,11.800000190734863,12.029999732971191,11.779999732971191,11.979999542236328,11.919647216796875,14353266
2025-09-08,3067.HK,11.989999771118164,12.15999984741211,11.949999809265137,12.100000381469727,12.039043426513672,32586646
2025-09-09,3067.HK,12.170000076293945,12.359999656677246,12.149999618530273,12.270000457763672,12.208187103271484,31497308
2025-09-10,3067.HK,12.350000381469727,12.550000190734863,12.319999694824219,12.430000305175781,12.36738109588623,33036795
2025-09-11,3067.HK,12.350000381469727,12.510000228881836,12.239999771118164,12.40999984741211,12.347480773925781,28454774
2025-09-12,3067.HK,12.630000114440918,12.729999542236328,12.609999656677246,12.619999885559082,12.55642318725586,31127556
2025-09-15,3067.HK,12.609999656677246,12.8100004196167,12.600000381469727,12.75,12.685768127441406,16378747
2025-09-16,3067.HK,12.800000190734863,12.890000343322754,12.670000076293945,12.789999961853027,12.725566864013672,16500746
2025-09-17,3067.HK,12.90999984741211,13.399999618530273,12.90999984741211,13.350000381469727,13.282746315002441,38679823
2025-09-18,3067.HK,13.359999656677246,13.630000114440918,13.020000457763672,13.210000038146973,13.143450736999512,35293008
2025-09-19,3067.HK,13.25,13.430000305175781,13.140000343322754,13.220000267028809,13.153400421142578,21664741
2025-09-22,3067.HK,13.220000267028809,13.229999542236328,13.079999923706055,13.1899995803833,13.123551368713379,16410080
2025-09-23,3067.HK,13.25,13.25,12.84000015258789,13.0,12.93450927734375,28126427
2025-09-24,3067.HK,13.0,13.34000015258789,12.890000343322754,13.300000190734863,13.23299789428711,61170850
2025-09-25,3067.HK,13.300000190734863,13.579999923706055,13.260000228881836,13.40999984741211,13.342443466186523,64298086
2025-09-26,3067.HK,13.289999961853027,13.390000343322754,13.0,13.25,13.183249473571777,35258127
2025-09-29,3067.HK,13.25,13.359999656677246,13.109999656677246,13.329999923706055,13.262845993041992,28157184
2025-09-30,3067.HK,13.359999656677246,13.649999618530273,13.34000015258789,13.630000114440918,13.561335563659668,25298014
2025-10-02,3067.HK,13.649999618530273,14.149999618530273,13.649999618530273,14.109999656677246,14.03891658782959,29112169
2025-10-03,3067.HK,14.0,14.039999961853027,13.829999923706055,13.9399995803833,13.869772911071777,26412008
2025-10-06,3067.HK,13.850000381469727,13.90999984741211,13.720000267028809,13.800000190734863,13.730478286743164,14967462
2025-10-08,3067.HK,13.829999923706055,13.829999923706055,13.489999771118164,13.800000190734863,13.730478286743164,27824639
2025-10-09,3067.HK,13.819999694824219,13.920000076293945,13.520000457763672,13.640000343322754,13.571285247802734,31356775
2025-10-10,3067.HK,13.479999542236328,13.479999542236328,13.149999618530273,13.170000076293945,13.103652000427246,67327108
2025-10-13,3067.HK,12.899999618530273,13.069999694824219,12.539999961853027,12.949999809265137,12.884760856628418,122966802
2025-10-14,3067.HK,13.010000228881836,13.069999694824219,12.420000076293945,12.520000457763672,12.456927299499512,68892344
2025-10-15,3067.HK,12.670000076293945,12.850000381469727,12.539999961853027,12.8100004196167,12.745466232299805,33687000
2025-10-16,3067.HK,12.779999732971191,12.84000015258789,12.529999732971191,12.670000076293945,12.606171607971191,39836962
2025-10-17,3067.HK,12.649999618530273,12.649999618530273,12.069999694824219,12.109999656677246,12.048992156982422,41489578
2025-10-20,3067.HK,12.600000381469727,12.609999656677246,12.40999984741211,12.489999771118164,12.427078247070312,57944098
2025-10-21,3067.HK,12.729999542236328,12.880000114440918,12.640000343322754,12.640000343322754,12.576322555541992,29113365
2025-10-22,3067.HK,12.569999694824219,12.600000381469727,12.359999656677246,12.489999771118164,12.427078247070312,25389901
2025-10-23,3067.HK,12.520000457763672,12.630000114440918,12.260000228881836,12.529999732971191,12.466876029968262,28468281
2025-10-27,3067.HK,13.020000457763672,13.039999961853027,12.869999885559082,12.989999771118164,12.924558639526367,37923340
2025-10-28,3067.HK,13.09000015258789,13.09000015258789,12.789999961853027,12.829999923706055,12.765365600585938,38620130
2025-10-30,3067.HK,12.899999618530273,12.989999771118164,12.619999885559082,12.75,12.685768127441406,80395135
2025-10-31,3067.HK,12.670000076293945,12.680000305175781,12.460000038146973,12.479999542236328,12.41712760925293,45084001
2025-11-03,3067.HK,12.5,12.5600004196167,12.34000015258789,12.470000267028809,12.40717887878418,39767444
2025-11-04,3067.HK,12.470000267028809,12.5600004196167,12.220000267028809,12.239999771118164,12.178337097167969,26288727
2025-11-05,3067.HK,12.050000190734863,12.239999771118164,11.90999984741211,12.239999771118164,12.178337097167969,37778269
2025-11-06,3067.HK,12.25,12.550000190734863,12.210000038146973,12.520000457763672,12.456927299499512,25480456
2025-11-07,3067.HK,12.449999809265137,12.449999809265137,12.270000457763672,12.3100004196167,12.247984886169434,33162202
2025-11-10,3067.HK,12.359999656677246,12.479999542236328,12.239999771118164,12.449999809265137,12.387279510498047,19364358
2025-11-11,3067.HK,12.479999542236328,12.579999923706055,12.34000015258789,12.479999542236328,12.41712760925293,16646558
2025-11-12,3067.HK,12.489999771118164,12.579999923706055,12.390000343322754,12.5,12.437027931213379,16454299
2025-11-13,3067.HK,12.5,12.699999809265137,12.369999885559082,12.630000114440918,12.566372871398926,16550479
2025-11-14,3067.HK,12.350000381469727,12.4399995803833,12.220000267028809,12.270000457763672,12.208187103271484,21906498
2025-11-17,3067.HK,12.180000305175781,12.300000190734863,12.0600004196167,12.140000343322754,12.078841209411621,22477187
2025-11-18,3067.HK,11.989999771118164,12.09000015258789,11.829999923706055,11.899999618530273,11.840049743652344,33209825
2025-11-19,3067.HK,11.9399995803833,11.979999542236328,11.760000228881836,11.829999923706055,11.770402908325195,44858128
2025-11-20,3067.HK,11.930000305175781,11.949999809265137,11.609999656677246,11.770000457763672,11.710705757141113,45246804
2025-11-21,3067.HK,11.510000228881836,11.550000190734863,11.3100004196167,11.34000015258789,11.28287124633789,206309214
2025-11-24,3067.HK,11.529999732971191,11.739999771118164,11.40999984741211,11.670000076293945,11.61120891571045,53757936
2025-11-25,3067.HK,11.850000381469727,11.960000038146973,11.720000267028809,11.84000015258789,11.780352592468262,41623189
2025-11-26,3067.HK,11.859999656677246,11.949999809265137,11.819999694824219,11.850000381469727,11.790302276611328,23528953
2025-11-27,3067.HK,11.829999923706055,11.970000267028809,11.779999732971191,11.850000381469727,11.790302276611328,20281900
2025-11-28,3067.HK,11.850000381469727,11.869999885559082,11.729999542236328,11.829999923706055,11.770402908325195,11363530
2025-12-01,3067.HK,11.819999694824219,11.9399995803833,11.770000457763672,11.899999618530273,11.840049743652344,22240295
2025-12-02,3067.HK,11.979999542236328,12.0,11.789999961853027,11.869999885559082,11.810201644897461,15377631
2025-12-03,3067.HK,11.850000381469727,11.850000381469727,11.640000343322754,11.670000076293945,11.61120891571045,18230348
2025-12-04,3067.HK,11.710000038146973,11.899999618530273,11.600000381469727,11.829999923706055,11.770402908325195,17477227
2025-12-05,3067.HK,11.779999732971191,11.989999771118164,11.699999809265137,11.90999984741211,11.84999942779541,21025033
2025-12-08,3067.HK,11.949999809265137,11.960000038146973,11.84000015258789,11.869999885559082,11.869999885559082,11505730
2025-12-09,3067.HK,11.880000114440918,11.880000114440918,11.619999885559082,11.640000343322754,11.640000343322754,17533658
2025-12-10,3067.HK,11.640000343322754,11.720000267028809,11.539999961853027,11.6899995803833,11.6899995803833,21881585
2025-12-11,3067.HK,11.720000267028809,11.789999961853027,11.569999694824219,11.609999656677246,11.609999656677246,13968530
2025-12-12,3067.HK,11.699999809265137,11.84000015258789,11.649999618530273,11.819999694824219,11.819999694824219,19448310
2025-12-15,3067.HK,11.6899995803833,11.699999809265137,11.520000457763672,11.529999732971191,11.529999732971191,12797694
2025-12-16,3067.HK,11.489999771118164,11.5,11.220000267028809,11.319999694824219,11.319999694824219,22438255
2025-12-17,3067.HK,11.319999694824219,11.489999771118164,11.289999961853027,11.4399995803833,11.4399995803833,19441556
2025-12-18,3067.HK,11.329999923706055,11.399999618530273,11.25,11.359999656677246,11.359999656677246,34725321
2025-12-19,3067.HK,11.4399995803833,11.550000190734863,11.390000343322754,11.489999771118164,11.489999771118164,16795752
2025-12-22,3067.HK,11.579999923706055,11.649999618530273,11.529999732971191,11.59000015258789,11.59000015258789,18064158
2025-12-23,3067.HK,11.600000381469727,11.600000381469727,11.479999542236328,11.510000228881836,11.510000228881836,13226835
2025-12-24,3067.HK,11.520000457763672,11.520000457763672,11.520000457763672,11.520000457763672,11.520000457763672,0
2025-12-29,3067.HK,11.600000381469727,11.789999961853027,11.489999771118164,11.5,11.5,29804513
2025-12-30,3067.HK,11.529999732971191,11.75,11.529999732971191,11.6899995803833,11.6899995803833,15212404
2025-12-31,3067.HK,11.539999961853027,11.539999961853027,11.539999961853027,11.539999961853027,11.539999961853027,0
2026-01-02,3067.HK,11.670000076293945,12.079999923706055,11.600000381469727,12.020000457763672,12.020000457763672,26391259
2026-01-05,3067.HK,12.079999923706055,12.130000114440918,11.960000038146973,12.050000190734863,12.050000190734863,39477168
2026-01-06,3067.HK,12.130000114440918,12.329999923706055,12.130000114440918,12.199999809265137,12.199999809265137,25317590
2026-01-07,3067.HK,12.1899995803833,12.1899995803833,11.930000305175781,12.039999961853027,12.039999961853027,29290500
2026-01-08,3067.HK,11.989999771118164,11.989999771118164,11.779999732971191,11.90999984741211,11.90999984741211,20966864
2026-01-09,3067.HK,11.960000038146973,12.039999961853027,11.880000114440918,11.920000076293945,11.920000076293945,31732506
2026-01-12,3067.HK,11.960000038146973,12.300000190734863,11.960000038146973,12.279999732971191,12.279999732971191,43111797
2026-01-13,3067.HK,12.399999618530273,12.579999923706055,12.229999542236328,12.300000190734863,12.300000190734863,40321750
2026-01-14,3067.HK,12.359999656677246,12.520000457763672,12.239999771118164,12.359999656677246,12.359999656677246,76008042
2026-01-15,3067.HK,12.359999656677246,12.380000114440918,12.140000343322754,12.229999542236328,12.229999542236328,59633406
2026-01-16,3067.HK,12.239999771118164,12.380000114440918,12.149999618530273,12.199999809265137,12.199999809265137,22139021
2026-01-19,3067.HK,12.100000381469727,12.170000076293945,12.039999961853027,12.050000190734863,12.050000190734863,19997376
2026-01-20,3067.HK,12.050000190734863,12.09000015258789,11.880000114440918,11.920000076293945,11.920000076293945,23552596
2026-01-21,3067.HK,11.899999618530273,12.140000343322754,11.829999923706055,12.050000190734863,12.050000190734863,21492770
2026-01-22,3067.HK,12.050000190734863,12.15999984741211,11.979999542236328,12.079999923706055,12.079999923706055,24758515
2026-01-23,3067.HK,12.210000038146973,12.210000038146973,12.079999923706055,12.140000343322754,12.140000343322754,29309398
2026-01-26,3067.HK,12.149999618530273,12.149999618530273,11.930000305175781,12.010000228881836,12.010000228881836,31420938
2026-01-27,3067.HK,12.029999732971191,12.09000015258789,11.90999984741211,12.0600004196167,12.0600004196167,28894425
2026-01-28,3067.HK,12.069999694824219,12.369999885559082,12.069999694824219,12.34000015258789,12.34000015258789,46993990
2026-01-29,3067.HK,12.34000015258789,12.359999656677246,12.180000305175781,12.239999771118164,12.239999771118164,34036287
2026-01-30,3067.HK,12.199999809265137,12.199999809265137,11.979999542236328,11.989999771118164,11.989999771118164,43802968
2026-02-02,3067.HK,11.989999771118164,11.989999771118164,11.470000267028809,11.579999923706055,11.579999923706055,72598234
2026-02-03,3067.HK,11.6899995803833,11.720000267028809,11.199999809265137,11.470000267028809,11.470000267028809,50305335
2026-02-04,3067.HK,11.470000267028809,11.470000267028809,11.15999984741211,11.260000228881836,11.260000228881836,47580220
2026-02-05,3067.HK,11.09000015258789,11.359999656677246,11.039999961853027,11.319999694824219,11.319999694824219,39101009
2026-02-06,3067.HK,11.069999694824219,11.319999694824219,11.0600004196167,11.199999809265137,11.199999809265137,25934072
2026-02-09,3067.HK,11.40999984741211,11.4399995803833,11.3100004196167,11.350000381469727,11.350000381469727,19284553
2026-02-10,3067.HK,11.4399995803833,11.579999923706055,11.40999984741211,11.420000076293945,11.420000076293945,19229908
2026-02-11,3067.HK,11.5,11.579999923706055,11.430000305175781,11.529999732971191,11.529999732971191,12962344
2026-02-12,3067.HK,11.489999771118164,11.489999771118164,11.319999694824219,11.34000015258789,11.34000015258789,23930367
2026-02-13,3067.HK,11.180000305175781,11.279999732971191,11.140000343322754,11.239999771118164,11.239999771118164,38530745
2026-02-16,3067.HK,11.25,11.25,11.25,11.25,11.25,0
2026-02-20,3067.HK,11.1899995803833,11.25,10.930000305175781,10.949999809265137,10.949999809265137,42676951
2026-02-23,3067.HK,11.100000381469727,11.369999885559082,11.100000381469727,11.279999732971191,11.279999732971191,26934708
2026-02-24,3067.HK,11.199999809265137,11.199999809265137,10.979999542236328,11.050000190734863,11.050000190734863,36923481
2026-02-25,3067.HK,11.149999618530273,11.15999984741211,11.0,11.029999732971191,11.029999732971191,32648619
2026-02-26,3067.HK,11.09000015258789,11.09000015258789,10.710000038146973,10.710000038146973,10.710000038146973,27900724
2026-02-27,3067.HK,10.739999771118164,10.869999885559082,10.6899995803833,10.770000457763672,10.770000457763672,31513218
2026-03-02,3067.HK,10.600000381469727,10.65999984741211,10.40999984741211,10.470000267028809,10.470000267028809,58797338
2026-03-03,3067.HK,10.5,10.539999961853027,10.1899995803833,10.199999809265137,10.199999809265137,59323035
2026-03-04,3067.HK,10.100000381469727,10.229999542236328,9.949999809265137,10.119999885559082,10.119999885559082,68428269
2026-03-05,3067.HK,10.260000228881836,10.300000190734863,10.0,10.079999923706055,10.079999923706055,67210222
2026-03-06,3067.HK,10.079999923706055,10.4399995803833,10.0600004196167,10.369999885559082,10.369999885559082,40262337
2026-03-09,3067.HK,9.960000038146973,10.359999656677246,9.9399995803833,10.3100004196167,10.3100004196167,57036315
2026-03-10,3067.HK,10.550000190734863,10.609999656677246,10.399999618530273,10.600000381469727,10.600000381469727,40498310
2026-03-11,3067.HK,10.710000038146973,10.739999771118164,10.5600004196167,10.59000015258789,10.59000015258789,16861487
2026-03-12,3067.HK,10.550000190734863,10.65999984741211,10.420000076293945,10.539999961853027,10.539999961853027,23718820
2026-03-13,3067.HK,10.520000457763672,10.579999923706055,10.399999618530273,10.430000305175781,10.430000305175781,18492365
2026-03-16,3067.HK,10.4399995803833,10.75,10.350000381469727,10.710000038146973,10.710000038146973,31591800
2026-03-17,3067.HK,10.779999732971191,10.970000267028809,10.680000305175781,10.729999542236328,10.729999542236328,26257798
2026-03-18,3067.HK,10.729999542236328,10.779999732971191,10.59000015258789,10.720000267028809,10.720000267028809,28828869
2026-03-19,3067.HK,10.600000381469727,10.630000114440918,10.4399995803833,10.460000038146973,10.460000038146973,43532198
2026-03-20,3067.HK,10.399999618530273,10.479999542236328,10.149999618530273,10.220000267028809,10.220000267028809,37020352
