date,ticker,open,high,low,close,adj_close,volume
,,510300.SS,510300.SS,510300.SS,510300.SS,510300.SS,510300.SS
2015-01-05,510300.SS,3.609999895095825,3.734999895095825,3.5889999866485596,3.687999963760376,3.016535520553589,3075898438
2015-01-06,510300.SS,3.6649999618530273,3.7079999446868896,3.611999988555908,3.6630001068115234,2.996087074279785,1602342411
2015-01-07,510300.SS,3.6449999809265137,3.690000057220459,3.625,3.6619999408721924,2.9952690601348877,1704322177
2015-01-08,510300.SS,3.671999931335449,3.681999921798706,3.569999933242798,3.5820000171661377,2.9298348426818848,1236136569
2015-01-09,510300.SS,3.572000026702881,3.7249999046325684,3.5420000553131104,3.555999994277954,2.9085681438446045,2078056281
2015-01-12,510300.SS,3.556999921798706,3.5799999237060547,3.486999988555908,3.5450000762939453,2.899571180343628,1382650488
2015-01-13,510300.SS,3.5420000553131104,3.5759999752044678,3.51200008392334,3.5380001068115234,2.893845558166504,969740091
2015-01-14,510300.SS,3.5450000762939453,3.572999954223633,3.490000009536743,3.5299999713897705,2.8873019218444824,963163112
2015-01-15,510300.SS,3.5299999713897705,3.635999917984009,3.503999948501587,3.630000114440918,2.9690957069396973,1311928040
2015-01-16,510300.SS,3.6429998874664307,3.684999942779541,3.632999897003174,3.6619999408721924,2.9952690601348877,1313395824
2015-01-19,510300.SS,3.4690001010894775,3.499000072479248,3.2960000038146973,3.2960000038146973,2.695906162261963,1276527273
2015-01-20,510300.SS,3.309999942779541,3.4140000343322754,3.302000045776367,3.381999969482422,2.7959377765655518,1700513729
2015-01-21,510300.SS,3.3940000534057617,3.555999994277954,3.3910000324249268,3.5369999408721924,2.9240782260894775,1388185591
2015-01-22,510300.SS,3.5429999828338623,3.568000078201294,3.500999927520752,3.5429999828338623,2.9290385246276855,994191346
2015-01-23,510300.SS,3.568000078201294,3.61299991607666,3.5299999713897705,3.559999942779541,2.9430923461914062,974562336
2015-01-26,510300.SS,3.5799999237060547,3.5999999046325684,3.5420000553131104,3.5940001010894775,2.971200466156006,880206459
2015-01-27,510300.SS,3.6019999980926514,3.6070001125335693,3.4860000610351562,3.558000087738037,2.941439151763916,1231244985
2015-01-28,510300.SS,3.5309998989105225,3.569999933242798,3.489000082015991,3.500999927520752,2.8943164348602295,958400896
2015-01-29,510300.SS,3.4549999237060547,3.48799991607666,3.431999921798706,3.4639999866485596,2.8637285232543945,953056647
2015-01-30,510300.SS,3.4839999675750732,3.503000020980835,3.4059998989105225,3.4210000038146973,2.8281795978546143,1117981743
2015-02-02,510300.SS,3.359999895095825,3.3989999294281006,3.3329999446868896,3.3440001010894775,2.7645227909088135,858340407
2015-02-03,510300.SS,3.382999897003174,3.434999942779541,3.3529999256134033,3.4230000972747803,2.8298330307006836,872503658
2015-02-04,510300.SS,3.438999891281128,3.4700000286102295,3.380000114440918,3.384000062942505,2.797591209411621,1093056902
2015-02-05,510300.SS,3.4749999046325684,3.4800000190734863,3.3399999141693115,3.3440001010894775,2.7645227909088135,1464772222
2015-02-06,510300.SS,3.3440001010894775,3.3610000610351562,3.2690000534057617,3.2939999103546143,2.723187208175659,1332376592
2015-02-09,510300.SS,3.2939999103546143,3.369999885559082,3.2899999618530273,3.3320000171661377,2.7546024322509766,1251856642
2015-02-10,510300.SS,3.3359999656677246,3.4010000228881836,3.3329999446868896,3.3989999294281006,2.8099913597106934,1393534589
2015-02-11,510300.SS,3.4030001163482666,3.434999942779541,3.4019999504089355,3.4210000038146973,2.8281795978546143,1191126006
2015-02-12,510300.SS,3.4210000038146973,3.446000099182129,3.3929998874664307,3.434999942779541,2.8397533893585205,778512221
2015-02-13,510300.SS,3.443000078201294,3.503000020980835,3.443000078201294,3.4570000171661377,2.8579413890838623,1081377591
2015-02-16,510300.SS,3.4560000896453857,3.494999885559082,3.4509999752044678,3.4860000610351562,2.881915807723999,842154770
2015-02-17,510300.SS,3.500999927520752,3.5290000438690186,3.5,3.5169999599456787,2.907543420791626,897306046
2015-02-25,510300.SS,3.5139999389648438,3.5139999389648438,3.444000005722046,3.4630000591278076,2.862901449203491,1377980569
2015-02-26,510300.SS,3.4600000381469727,3.569000005722046,3.444999933242798,3.565999984741211,2.9480526447296143,1251704071
2015-02-27,510300.SS,3.563999891281128,3.5850000381469727,3.5420000553131104,3.559000015258789,2.9422659873962402,1033178829
2015-03-02,510300.SS,3.5829999446868896,3.5980000495910645,3.5510001182556152,3.5869998931884766,2.965413808822632,1151242268
2015-03-03,510300.SS,3.562999963760376,3.562999963760376,3.484999895095825,3.489000082015991,2.8843963146209717,1196503311
2015-03-04,510300.SS,3.500999927520752,3.5320000648498535,3.4779999256134033,3.5179998874664307,2.9083707332611084,869686625
2015-03-05,510300.SS,3.496999979019165,3.50600004196167,3.4509999752044678,3.48799991607666,2.88356876373291,1061900758
2015-03-06,510300.SS,3.484999895095825,3.500999927520752,3.4570000171661377,3.4660000801086426,2.8653817176818848,918423384
2015-03-09,510300.SS,3.431999921798706,3.5439999103546143,3.4010000228881836,3.5339999198913574,2.921597957611084,1498949750
2015-03-10,510300.SS,3.5209999084472656,3.5369999408721924,3.496000051498413,3.509000062942505,2.900930166244507,1061447815
2015-03-11,510300.SS,3.509999990463257,3.565000057220459,3.494999885559082,3.5139999389648438,2.9050638675689697,1413614937
2015-03-12,510300.SS,3.5380001068115234,3.5969998836517334,3.5260000228881836,3.578000068664551,2.9579732418060303,1438513306
2015-03-13,510300.SS,3.5859999656677246,3.625,3.572999954223633,3.5980000495910645,2.9745073318481445,920002891
2015-03-16,510300.SS,3.619999885559082,3.694000005722046,3.6010000705718994,3.687000036239624,3.0480847358703613,1241954187
2015-03-17,510300.SS,3.7149999141693115,3.742000102996826,3.7009999752044678,3.7339999675750732,3.086940288543701,1377257726
2015-03-18,510300.SS,3.742000102996826,3.8389999866485596,3.742000102996826,3.8329999446868896,3.1687843799591064,1332204306
2015-03-19,510300.SS,3.815999984741211,3.8320000171661377,3.7929999828338623,3.812999963760376,3.1522505283355713,1374798449
2015-03-20,510300.SS,3.8239998817443848,3.8959999084472656,3.809999942779541,3.867000102996826,3.1968929767608643,1271122032
2015-03-23,510300.SS,3.9070000648498535,3.9800000190734863,3.9019999504089355,3.944999933242798,3.261375904083252,950611987
2015-03-24,510300.SS,3.9509999752044678,3.9619998931884766,3.868000030517578,3.940999984741211,3.2580695152282715,1626694701
2015-03-25,510300.SS,3.9260001182556152,3.9509999752044678,3.88100004196167,3.9170000553131104,3.2382283210754395,1218971400
2015-03-26,510300.SS,3.9000000953674316,3.9660000801086426,3.859999895095825,3.9200000762939453,3.240708351135254,1275240888
2015-03-27,510300.SS,3.927000045776367,3.9719998836517334,3.9100000858306885,3.950000047683716,3.265509843826294,884522819
2015-03-30,510300.SS,3.9830000400543213,4.090000152587891,3.9749999046325684,4.076000213623047,3.369675636291504,1280276120
2015-03-31,510300.SS,4.133999824523926,4.150000095367432,3.9749999046325684,4.031000137329102,3.3324735164642334,2741013827
2015-04-01,510300.SS,4.034999847412109,4.125,4.0279998779296875,4.0970001220703125,3.3870368003845215,1482410071
2015-04-02,510300.SS,4.126999855041504,4.138999938964844,4.034999847412109,4.091000080108643,3.3820760250091553,2019822726
2015-04-03,510300.SS,4.083000183105469,4.1620001792907715,4.072999954223633,4.1570000648498535,3.4366393089294434,1054923088
2015-04-07,510300.SS,4.183000087738037,4.230000019073486,4.156000137329102,4.230000019073486,3.4969892501831055,1239846351
2015-04-08,510300.SS,4.239999771118164,4.2769999504089355,4.184999942779541,4.263999938964844,3.525097131729126,936815824
2015-04-09,510300.SS,4.2820000648498535,4.297999858856201,4.192999839782715,4.232999801635742,3.499469041824341,1166833108
2015-04-10,510300.SS,4.232999801635742,4.339000225067139,4.2129998207092285,4.331999778747559,3.5813136100769043,1028443437
2015-04-13,510300.SS,4.35699987411499,4.422999858856201,4.341000080108643,4.4039998054504395,3.6408369541168213,825774214
2015-04-14,510300.SS,4.394999980926514,4.458000183105469,4.369999885559082,4.406000137329102,3.6424906253814697,984846384
2015-04-15,510300.SS,4.406000137329102,4.449999809265137,4.363999843597412,4.36899995803833,3.6119019985198975,1191779369
2015-04-16,510300.SS,4.36899995803833,4.517000198364258,4.322999954223633,4.51200008392334,3.730121374130249,1071165913
2015-04-17,510300.SS,4.53000020980835,4.63100004196167,4.5289998054504395,4.590000152587891,3.794605016708374,1212683429
2015-04-20,510300.SS,4.590000152587891,4.64900016784668,4.46999979019165,4.489999771118164,3.7119333744049072,1263876375
2015-04-21,510300.SS,4.493000030517578,4.5879998207092285,4.486000061035156,4.585000038146973,3.790471076965332,1329915439
2015-04-22,510300.SS,4.599999904632568,4.7170000076293945,4.599999904632568,4.710000038146973,3.893810510635376,1216951580
2015-04-23,510300.SS,4.736999988555908,4.749000072479248,4.665999889373779,4.704999923706055,3.889676332473755,972563704
2015-04-24,510300.SS,4.670000076293945,4.699999809265137,4.5920000076293945,4.688000202178955,3.8756234645843506,870871288
2015-04-27,510300.SS,4.736999988555908,4.795000076293945,4.702000141143799,4.784999847412109,3.9558141231536865,1126696711
2015-04-28,510300.SS,4.769000053405762,4.803999900817871,4.678999900817871,4.7230000495910645,3.904557704925537,1251906836
2015-04-29,510300.SS,4.7230000495910645,4.775000095367432,4.681000232696533,4.749000072479248,3.9260518550872803,802790616
2015-04-30,510300.SS,4.760000228881836,4.796999931335449,4.736999988555908,4.738999843597412,3.9177846908569336,765820011
2015-05-04,510300.SS,4.738999843597412,4.769999980926514,4.688000202178955,4.764999866485596,3.939279794692993,798841555
2015-05-05,510300.SS,4.760000228881836,4.760000228881836,4.552999973297119,4.584000110626221,3.789644241333008,981395204
2015-05-06,510300.SS,4.590000152587891,4.677999973297119,4.497000217437744,4.535999774932861,3.74996280670166,1878249317
2015-05-07,510300.SS,4.511000156402588,4.5279998779296875,4.441999912261963,4.456999778747559,3.684652328491211,2500567525
2015-05-08,510300.SS,4.489999771118164,4.53000020980835,4.420000076293945,4.526000022888184,3.7416954040527344,1309472794
2015-05-11,510300.SS,4.550000190734863,4.679999828338623,4.507999897003174,4.675000190734863,3.8648757934570312,2702015629
2015-05-12,510300.SS,4.673999786376953,4.730999946594238,4.642000198364258,4.729000091552734,3.909518003463745,781912590
2015-05-13,510300.SS,4.735000133514404,4.735000133514404,4.656000137329102,4.684999942779541,3.8731424808502197,682368450
2015-05-14,510300.SS,4.685999870300293,4.706999778747559,4.6529998779296875,4.673999786376953,3.864048957824707,615597780
2015-05-15,510300.SS,4.668000221252441,4.670000076293945,4.566999912261963,4.5879998207092285,3.7929515838623047,824120011
2015-05-18,510300.SS,4.572999954223633,4.5970001220703125,4.5329999923706055,4.553999900817871,3.764842987060547,737268614
2015-05-19,510300.SS,4.553999900817871,4.7270002365112305,4.546999931335449,4.710999965667725,3.8946375846862793,1511441661
2015-05-20,510300.SS,4.736999988555908,4.833000183105469,4.697000026702881,4.732999801635742,3.912824869155884,2074177050
2015-05-21,510300.SS,4.744999885559082,4.833000183105469,4.73199987411499,4.829999923706055,3.9930150508880615,1163571813
2015-05-22,510300.SS,4.864999771118164,4.938000202178955,4.848999977111816,4.934000015258789,4.078993797302246,1215924565
2015-05-25,510300.SS,4.927999973297119,5.0920000076293945,4.921999931335449,5.090000152587891,4.207961082458496,1136578470
2015-05-26,510300.SS,5.099999904632568,5.179999828338623,5.039000034332275,5.164999961853027,4.269964694976807,1130920608
2015-05-27,510300.SS,5.184999942779541,5.210000038146973,5.0970001220703125,5.164999961853027,4.269964694976807,1504854694
2015-05-28,510300.SS,5.158999919891357,5.179999828338623,4.755000114440918,4.815000057220459,3.9806153774261475,1509791281
2015-05-29,510300.SS,4.829999923706055,4.895999908447266,4.639999866485596,4.817999839782715,3.9830949306488037,2055018987
2015-06-01,510300.SS,4.817999839782715,5.079999923706055,4.801000118255615,5.070000171661377,4.1914262771606445,1754210421
2015-06-02,510300.SS,5.070000171661377,5.1620001792907715,5.001999855041504,5.156000137329102,4.262524127960205,1512321510
2015-06-03,510300.SS,5.156000137329102,5.165999889373779,5.025000095367432,5.11299991607666,4.226974964141846,1430179593
2015-06-04,510300.SS,5.114999771118164,5.179999828338623,4.709000110626221,5.171000003814697,4.274923801422119,2182733530
2015-06-05,510300.SS,5.199999809265137,5.25,5.051000118255615,5.178999900817871,4.281538009643555,1440508515
2015-06-08,510300.SS,5.195000171661377,5.349999904632568,5.131999969482422,5.306000232696533,4.386530876159668,2523308005
2015-06-09,510300.SS,5.315000057220459,5.322999954223633,5.196000099182129,5.263000011444092,4.350982189178467,1762319871
2015-06-10,510300.SS,5.234000205993652,5.3470001220703125,5.196000099182129,5.257999897003174,4.346848487854004,703178992
2015-06-11,510300.SS,5.257999897003174,5.300000190734863,5.205999851226807,5.258999824523926,4.347674369812012,734093714
2015-06-12,510300.SS,5.281000137329102,5.328000068664551,5.235000133514404,5.297999858856201,4.379917144775391,820533246
2015-06-15,510300.SS,5.313000202178955,5.330999851226807,5.1579999923706055,5.171000003814697,4.274923801422119,877839273
2015-06-16,510300.SS,5.14900016784668,5.165999889373779,4.980000019073486,5.034999847412109,4.162491321563721,912758569
2015-06-17,510300.SS,5.0370001792907715,5.138000011444092,4.934999942779541,5.110000133514404,4.224494934082031,1094024217
2015-06-18,510300.SS,5.078999996185303,5.090000152587891,4.894000053405762,4.908999919891357,4.058326721191406,872297835
2015-06-19,510300.SS,4.843999862670898,4.888999938964844,4.591000080108643,4.603000164031982,3.805351972579956,1084007913
2015-06-23,510300.SS,4.616000175476074,4.783999919891357,4.446000099182129,4.765999794006348,3.940105438232422,1760686559
2015-06-24,510300.SS,4.789999961853027,4.876999855041504,4.679999828338623,4.870999813079834,4.02691125869751,1341641268
2015-06-25,510300.SS,4.892000198364258,4.914999961853027,4.6620001792907715,4.696000099182129,3.8822360038757324,676086220
2015-06-26,510300.SS,4.590000152587891,4.6579999923706055,4.229000091552734,4.3460001945495605,3.592888116836548,989303614
2015-06-29,510300.SS,4.442999839782715,4.445000171661377,3.9600000381469727,4.182000160217285,3.4573068618774414,1734793983
2015-06-30,510300.SS,4.190000057220459,4.485000133514404,3.996000051498413,4.484000205993652,3.7069735527038574,2765317587
2015-07-01,510300.SS,4.414000034332275,4.5320000648498535,4.171000003814697,4.197000026702881,3.4697072505950928,1386366359
2015-07-02,510300.SS,4.28000020980835,4.322000026702881,3.9600000381469727,4.107999801635742,3.396130084991455,2261637316
2015-07-03,510300.SS,4.107999801635742,4.184999942779541,3.7850000858306885,3.9189999103546143,3.239881753921509,3581953789
2015-07-06,510300.SS,4.308000087738037,4.308000087738037,3.8299999237060547,4.025000095367432,3.3275132179260254,4918303700
2015-07-07,510300.SS,3.9200000762939453,3.9820001125335693,3.7690000534057617,3.8480000495910645,3.181185245513916,3383389046
2015-07-08,510300.SS,3.549999952316284,3.700000047683716,3.4630000591278076,3.4630000591278076,2.862901449203491,1658607447
2015-07-09,510300.SS,3.4200000762939453,3.809000015258789,3.4100000858306885,3.809000015258789,3.1489434242248535,1392556530
2015-07-10,510300.SS,3.930000066757202,4.190000057220459,3.861999988555908,4.189000129699707,3.4630939960479736,1249760084
2015-07-13,510300.SS,4.150000095367432,4.315999984741211,4.099999904632568,4.234000205993652,3.500296115875244,1032250428
2015-07-14,510300.SS,4.164999961853027,4.296999931335449,4.0920000076293945,4.1539998054504395,3.43415904045105,909731909
2015-07-15,510300.SS,4.0920000076293945,4.138999938964844,3.9000000953674316,3.944999933242798,3.261375904083252,600683545
2015-07-16,510300.SS,3.930000066757202,4.103000164031982,3.890000104904175,4.035999774932861,3.336606979370117,633754913
2015-07-17,510300.SS,4.070000171661377,4.230000019073486,4.0229997634887695,4.199999809265137,3.4721877574920654,733647705
2015-07-20,510300.SS,4.183000087738037,4.254000186920166,4.133999824523926,4.188000202178955,3.4622671604156494,689596119
2015-07-21,510300.SS,4.133999824523926,4.24399995803833,4.105000019073486,4.214000225067139,3.4837615489959717,471259379
2015-07-22,510300.SS,4.199999809265137,4.224999904632568,4.136000156402588,4.193999767303467,3.4672274589538574,366573757
2015-07-23,510300.SS,4.198999881744385,4.320000171661377,4.181000232696533,4.308000087738037,3.561471939086914,520488965
2015-07-24,510300.SS,4.302000045776367,4.335999965667725,4.191999912261963,4.2179999351501465,3.4870684146881104,420040939
2015-07-27,510300.SS,4.136000156402588,4.196000099182129,3.7960000038146973,3.799999952316284,3.141502857208252,508691385
2015-07-28,510300.SS,3.7219998836517334,3.9200000762939453,3.6659998893737793,3.8459999561309814,3.1795318126678467,761611896
2015-07-29,510300.SS,3.88100004196167,3.996000051498413,3.809999942779541,3.989000082015991,3.2977519035339355,524545692
2015-07-30,510300.SS,3.950000047683716,4.011000156402588,3.8389999866485596,3.8499999046325684,3.1828389167785645,390171505
2015-07-31,510300.SS,3.8410000801086426,3.9100000858306885,3.805000066757202,3.8510000705718994,3.1836650371551514,350509161
2015-08-03,510300.SS,3.7939999103546143,3.859999895095825,3.765000104904175,3.8519999980926514,3.184492349624634,219344059
2015-08-04,510300.SS,3.8610000610351562,4.011000156402588,3.8389999866485596,4.005000114440918,3.310978889465332,282740109
2015-08-05,510300.SS,3.986999988555908,3.994999885559082,3.877000093460083,3.9159998893737793,3.2374017238616943,373591690
2015-08-06,510300.SS,3.8559999465942383,3.930000066757202,3.8380000591278076,3.872999906539917,3.2018532752990723,295871439
2015-08-07,510300.SS,3.9010000228881836,3.9800000190734863,3.9000000953674316,3.953000068664551,3.2679903507232666,685893268
2015-08-10,510300.SS,3.9800000190734863,4.164000034332275,3.9609999656677246,4.1479997634887695,3.4291982650756836,399159524
2015-08-11,510300.SS,4.135000228881836,4.1479997634887695,4.080999851226807,4.098999977111816,3.3886895179748535,300425219
2015-08-12,510300.SS,4.058000087738037,4.127999782562256,4.047999858856201,4.057000160217285,3.353968381881714,388521573
2015-08-13,510300.SS,4.058000087738037,4.117000102996826,4.000999927520752,4.111999988555908,3.399437189102173,465258759
2015-08-14,510300.SS,4.126999855041504,4.144999980926514,4.091000080108643,4.1020002365112305,3.391170024871826,545842857
2015-08-17,510300.SS,4.079999923706055,4.116000175476074,4.045000076293945,4.109000205993652,3.3969569206237793,345598624
2015-08-18,510300.SS,4.110000133514404,4.135000228881836,3.819999933242798,3.8269999027252197,3.1638240814208984,460601202
2015-08-19,510300.SS,3.7950000762939453,3.934999942779541,3.700000047683716,3.9149999618530273,3.236574649810791,591963489
2015-08-20,510300.SS,3.874000072479248,3.9130001068115234,3.8010001182556152,3.815000057220459,3.1539039611816406,233326435
2015-08-21,510300.SS,3.799999952316284,3.812999963760376,3.615999937057495,3.625,2.99682879447937,693137987
2015-08-24,510300.SS,3.509999990463257,3.5139999389648438,3.263000011444092,3.263000011444092,2.697559118270874,542239636
2015-08-25,510300.SS,3.1050000190734863,3.2300000190734863,2.9739999771118164,2.9830000400543213,2.4660801887512207,710535841
2015-08-26,510300.SS,3.069999933242798,3.2209999561309814,2.9860000610351562,3.066999912261963,2.5355234146118164,735620662
2015-08-27,510300.SS,3.122999906539917,3.2699999809265137,3.065999984741211,3.256999969482422,2.692598581314087,708696214
2015-08-28,510300.SS,3.2769999504089355,3.4200000762939453,3.2360000610351562,3.4019999504089355,2.812471628189087,568256026
2015-08-31,510300.SS,3.319999933242798,3.4019999504089355,3.244999885559082,3.3949999809265137,2.806685209274292,313629095
2015-09-01,510300.SS,3.3010001182556152,3.3980000019073486,3.2179999351501465,3.381999969482422,2.7959377765655518,227411321
2015-09-02,510300.SS,3.2790000438690186,3.4200000762939453,3.2309999465942383,3.371999979019165,2.787670612335205,244408893
2015-09-07,510300.SS,3.369999885559082,3.4719998836517334,3.2769999504089355,3.2890000343322754,2.7190537452697754,178587489
2015-09-08,510300.SS,3.25,3.3940000534057617,3.190000057220459,3.378000020980835,2.792631149291992,203250023
2015-09-09,510300.SS,3.3980000019073486,3.4679999351501465,3.372999906539917,3.441999912261963,2.8455400466918945,188386447
2015-09-10,510300.SS,3.3970000743865967,3.447999954223633,3.375999927520752,3.38100004196167,2.7951111793518066,101627981
2015-09-11,510300.SS,3.3889999389648438,3.441999912261963,3.3589999675750732,3.388000011444092,2.8008978366851807,255079986
2015-09-14,510300.SS,3.3980000019073486,3.4070000648498535,3.200000047683716,3.2690000534057617,2.702519655227661,198007174
2015-09-15,510300.SS,3.23799991607666,3.2769999504089355,3.1619999408721924,3.1730000972747803,2.6231555938720703,216623773
2015-09-16,510300.SS,3.183000087738037,3.3949999809265137,3.1600000858306885,3.3450000286102295,2.7653493881225586,572357366
2015-09-17,510300.SS,3.302999973297119,3.38100004196167,3.2739999294281006,3.2799999713897705,2.711613416671753,419773130
2015-09-18,510300.SS,3.299999952316284,3.312999963760376,3.259999990463257,3.2790000438690186,2.7107861042022705,258148381
2015-09-21,510300.SS,3.250999927520752,3.359999895095825,3.2309999465942383,3.3389999866485596,2.7603893280029297,252574446
2015-09-22,510300.SS,3.3380000591278076,3.4130001068115234,3.3289999961853027,3.365000009536743,2.781883716583252,211611262
2015-09-23,510300.SS,3.299999952316284,3.3499999046325684,3.2799999713897705,3.2869999408721924,2.717400312423706,87301995
2015-09-24,510300.SS,3.319999933242798,3.3329999446868896,3.2799999713897705,3.315000057220459,2.7405478954315186,77205840
2015-09-25,510300.SS,3.302999973297119,3.313999891281128,3.2230000495910645,3.243000030517578,2.6810250282287598,112398720
2015-09-28,510300.SS,3.249000072479248,3.2739999294281006,3.2249999046325684,3.26200008392334,2.696732521057129,101835984
2015-09-29,510300.SS,3.2239999771118164,3.2330000400543213,3.180000066757202,3.1989998817443848,2.6446495056152344,73216674
2015-09-30,510300.SS,3.2119998931884766,3.25,3.2100000381469727,3.2209999561309814,2.662837266921997,50208266
2015-10-08,510300.SS,3.3550000190734863,3.361999988555908,3.3359999656677246,3.3369998931884766,2.7587356567382812,110258919
2015-10-09,510300.SS,3.3299999237060547,3.3989999294281006,3.3299999237060547,3.378999948501587,2.793457269668579,97261864
2015-10-12,510300.SS,3.380000114440918,3.5450000762939453,3.380000114440918,3.5199999809265137,2.9100241661071777,196904376
2015-10-13,510300.SS,3.4830000400543213,3.505000114440918,3.4630000591278076,3.494999885559082,2.8893561363220215,144310758
2015-10-14,510300.SS,3.4779999256134033,3.507999897003174,3.4549999237060547,3.4570000171661377,2.8579413890838623,113842553
2015-10-15,510300.SS,3.447999954223633,3.5480000972747803,3.440000057220459,3.5460000038146973,2.931518316268921,126322277
2015-10-16,510300.SS,3.559999942779541,3.5980000495910645,3.5450000762939453,3.5950000286102295,2.97202730178833,207569965
2015-10-19,510300.SS,3.5969998836517334,3.624000072479248,3.562999963760376,3.5889999866485596,2.967067003250122,120340775
2015-10-20,510300.SS,3.5869998931884766,3.640000104904175,3.563999891281128,3.635999917984009,3.005922555923462,79532845
2015-10-21,510300.SS,3.640000104904175,3.6470000743865967,3.4719998836517334,3.5269999504089355,2.915811061859131,165859614
2015-10-22,510300.SS,3.5,3.5789999961853027,3.497999906539917,3.572000026702881,2.9530129432678223,97325109
2015-10-23,510300.SS,3.572999954223633,3.6410000324249268,3.568000078201294,3.634999990463257,3.0050957202911377,119779881
2015-10-26,510300.SS,3.6659998893737793,3.671999931335449,3.61899995803833,3.6410000324249268,3.0100560188293457,180318324
2015-10-27,510300.SS,3.632999897003174,3.6589999198913574,3.5380001068115234,3.6429998874664307,3.011709451675415,132236099
2015-10-28,510300.SS,3.622999906539917,3.6459999084472656,3.568000078201294,3.5789999961853027,2.9587998390197754,174448320
2015-10-29,510300.SS,3.5820000171661377,3.619999885559082,3.558000087738037,3.5840001106262207,2.9629335403442383,121324456
2015-10-30,510300.SS,3.5769999027252197,3.625999927520752,3.5450000762939453,3.5850000381469727,2.9637601375579834,99564884
2015-11-02,510300.SS,3.553999900817871,3.5940001010894775,3.5139999389648438,3.5250000953674316,2.9141576290130615,268080333
2015-11-03,510300.SS,3.5309998989105225,3.5399999618530273,3.4800000190734863,3.497999906539917,2.891836166381836,221278067
2015-11-04,510300.SS,3.506999969482422,3.7149999141693115,3.506999969482422,3.7079999446868896,3.0654454231262207,271206812
2015-11-05,510300.SS,3.696000099182129,3.8550000190734863,3.6710000038146973,3.7669999599456787,3.1142213344573975,272744328
2015-11-06,510300.SS,3.7660000324249268,3.867000102996826,3.755000114440918,3.8570001125335693,3.1886260509490967,264607632
2015-11-09,510300.SS,3.8499999046325684,3.940000057220459,3.8499999046325684,3.8970000743865967,3.221694231033325,251780519
2015-11-10,510300.SS,3.859999895095825,3.9230000972747803,3.8589999675750732,3.885999917984009,3.2126002311706543,140106416
2015-11-11,510300.SS,3.884999990463257,3.8949999809265137,3.8299999237060547,3.88100004196167,3.2084667682647705,176515062
2015-11-12,510300.SS,3.884999990463257,3.890000104904175,3.812999963760376,3.8410000801086426,3.175398588180542,144470283
2015-11-13,510300.SS,3.815999984741211,3.8410000801086426,3.7820000648498535,3.803999900817871,3.1448099613189697,147450630
2015-11-16,510300.SS,3.757999897003174,3.8299999237060547,3.740000009536743,3.8259999752044678,3.1629977226257324,137476088
2015-11-17,510300.SS,3.8429999351501465,3.9179999828338623,3.799999952316284,3.812000036239624,3.151423931121826,148675852
2015-11-18,510300.SS,3.813999891281128,3.828000068664551,3.6989998817443848,3.7790000438690186,3.1241421699523926,137045472
2015-11-19,510300.SS,3.7809998989105225,3.8380000591278076,3.7660000324249268,3.8359999656677246,3.1712646484375,100104858
2015-11-20,510300.SS,3.8350000381469727,3.8489999771118164,3.811000108718872,3.825000047683716,3.162170886993408,119001859
2015-11-23,510300.SS,3.819999933242798,3.861999988555908,3.799999952316284,3.805999994277954,3.146463632583618,87720256
2015-11-24,510300.SS,3.7939999103546143,3.809999942779541,3.75,3.809000015258789,3.1489434242248535,125306848
2015-11-25,510300.SS,3.802000045776367,3.8359999656677246,3.7869999408721924,3.8320000171661377,3.1679577827453613,148588894
2015-11-26,510300.SS,3.8559999465942383,3.8570001125335693,3.802000045776367,3.813999891281128,3.1530768871307373,126799420
2015-11-27,510300.SS,3.799999952316284,3.799999952316284,3.5859999656677246,3.6080000400543213,2.982774496078491,185180577
2015-11-30,510300.SS,3.615000009536743,3.638000011444092,3.509999990463257,3.6089999675750732,2.9836013317108154,203567284
2015-12-01,510300.SS,3.6040000915527344,3.6630001068115234,3.5799999237060547,3.63700008392334,3.006748676300049,279014346
2015-12-02,510300.SS,3.634000062942505,3.799999952316284,3.618000030517578,3.7929999828338623,3.135716438293457,186980377
2015-12-03,510300.SS,3.7829999923706055,3.815999984741211,3.749000072479248,3.8010001182556152,3.1423301696777344,145664390
2015-12-04,510300.SS,3.7829999923706055,3.7829999923706055,3.7139999866485596,3.7290000915527344,3.0828065872192383,139429870
2015-12-07,510300.SS,3.7320001125335693,3.759999990463257,3.7070000171661377,3.734999895095825,3.0877668857574463,78512644
2015-12-08,510300.SS,3.7109999656677246,3.7170000076293945,3.6630001068115234,3.680999994277954,3.0431244373321533,94908142
2015-12-09,510300.SS,3.678999900817871,3.7079999446868896,3.6600000858306885,3.686000108718872,3.047258138656616,94259041
2015-12-10,510300.SS,3.696000099182129,3.7339999675750732,3.6559998989105225,3.678999900817871,3.041471004486084,210355633
2015-12-11,510300.SS,3.6600000858306885,3.687999963760376,3.634999990463257,3.6610000133514404,3.02659010887146,150733983
2015-12-14,510300.SS,3.6389999389648438,3.7750000953674316,3.628999948501587,3.7730000019073486,3.1191818714141846,198995061
2015-12-15,510300.SS,3.7699999809265137,3.7720000743865967,3.7260000705718994,3.736999988555908,3.0894205570220947,140912682
2015-12-16,510300.SS,3.750999927520752,3.7679998874664307,3.7309999465942383,3.73799991607666,3.0902466773986816,97198442
2015-12-17,510300.SS,3.759000062942505,3.819000005722046,3.759000062942505,3.808000087738037,3.1481168270111084,157151362
2015-12-18,510300.SS,3.808000087738037,3.8559999465942383,3.796999931335449,3.822000026702881,3.1596908569335938,148984514
2015-12-21,510300.SS,3.809999942779541,3.9489998817443848,3.799999952316284,3.921999931335449,3.2423617839813232,159482597
2015-12-22,510300.SS,3.927999973297119,3.933000087738037,3.882999897003174,3.927000045776367,3.246495485305786,154148488
2015-12-23,510300.SS,3.927999973297119,3.9800000190734863,3.9119999408721924,3.921999931335449,3.2423617839813232,289263641
2015-12-24,510300.SS,3.9159998893737793,3.921999931335449,3.8429999351501465,3.875,3.2035062313079834,198218870
2015-12-25,510300.SS,3.884999990463257,3.8989999294281006,3.8610000610351562,3.8949999809265137,3.2200405597686768,147544494
2015-12-28,510300.SS,3.884000062942505,3.8989999294281006,3.7739999294281006,3.7780001163482666,3.1233158111572266,166164893
2015-12-29,510300.SS,3.7709999084472656,3.813999891281128,3.7660000324249268,3.812999963760376,3.1522505283355713,152912918
2015-12-30,510300.SS,3.812999963760376,3.818000078201294,3.7809998989105225,3.812000036239624,3.151423931121826,139157511
2015-12-31,510300.SS,3.8010001182556152,3.8289999961853027,3.7760000228881836,3.7780001163482666,3.1233158111572266,127070020
2016-01-04,510300.SS,3.7760000228881836,3.7760000228881836,3.5280001163482666,3.5350000858306885,2.922424554824829,310853942
2016-01-05,510300.SS,3.4670000076293945,3.578000068664551,3.428999900817871,3.5269999504089355,2.915811061859131,426887761
2016-01-06,510300.SS,3.5250000953674316,3.5920000076293945,3.5199999809265137,3.5820000171661377,2.961280345916748,175246565
2016-01-07,510300.SS,3.5390000343322754,3.5390000343322754,3.4030001163482666,3.4839999675750732,2.8802623748779297,75040500
2016-01-08,510300.SS,3.484999895095825,3.484999895095825,3.2899999618530273,3.4079999923706055,2.8174326419830322,408336021
2016-01-11,510300.SS,3.3450000286102295,3.38700008392334,3.2300000190734863,3.2330000400543213,2.6727583408355713,461218760
2016-01-12,510300.SS,3.259999990463257,3.2950000762939453,3.2209999561309814,3.25600004196167,2.691772222518921,276690207
2016-01-13,510300.SS,3.2829999923706055,3.3010001182556152,3.190000057220459,3.2109999656677246,2.6545701026916504,250040943
2016-01-14,510300.SS,3.134999990463257,3.2720000743865967,3.128000020980835,3.265000104904175,2.6992125511169434,346908803
2016-01-15,510300.SS,3.244999885559082,3.259000062942505,3.1459999084472656,3.1689999103546143,2.6198487281799316,301465118
2016-01-18,510300.SS,3.128999948501587,3.2070000171661377,3.119999885559082,3.1710000038146973,2.621501922607422,314291235
2016-01-19,510300.SS,3.1700000762939453,3.2750000953674316,3.1579999923706055,3.26200008392334,2.696732521057129,252318423
2016-01-20,510300.SS,3.200000047683716,3.2160000801086426,3.1449999809265137,3.1689999103546143,2.66145920753479,256534366
2016-01-21,510300.SS,3.138000011444092,3.1989998817443848,3.071000099182129,3.078000068664551,2.585033893585205,273331611
2016-01-22,510300.SS,3.111999988555908,3.130000114440918,3.049999952316284,3.1080000400543213,2.6102283000946045,243967259
2016-01-25,510300.SS,3.135999917984009,3.1459999084472656,3.0920000076293945,3.119999885559082,2.6203067302703857,179548311
2016-01-26,510300.SS,3.075000047683716,3.1029999256134033,2.930000066757202,2.944000005722046,2.472494602203369,298712099
2016-01-27,510300.SS,2.950000047683716,2.9800000190734863,2.8380000591278076,2.9119999408721924,2.445619583129883,535087740
2016-01-28,510300.SS,2.8989999294281006,2.933000087738037,2.8350000381469727,2.8489999771118164,2.392709493637085,243514887
2016-01-29,510300.SS,2.8499999046325684,2.9609999656677246,2.8459999561309814,2.930000066757202,2.4607372283935547,305349768
2016-02-01,510300.SS,2.927999973297119,2.937999963760376,2.859999895095825,2.8980000019073486,2.4338619709014893,166983659
2016-02-02,510300.SS,2.8919999599456787,2.9660000801086426,2.8919999599456787,2.9600000381469727,2.485931873321533,221015984
2016-02-03,510300.SS,2.930000066757202,2.9519999027252197,2.9019999504089355,2.946000099182129,2.474174737930298,227830715
2016-02-04,510300.SS,2.9549999237060547,2.99399995803833,2.9519999027252197,2.984999895095825,2.506927967071533,427360671
2016-02-05,510300.SS,2.9830000400543213,2.9830000400543213,2.947999954223633,2.950000047683716,2.477534055709839,476611165
2016-02-15,510300.SS,2.8989999294281006,2.9539999961853027,2.884999990463257,2.938999891281128,2.4682953357696533,221657203
2016-02-16,510300.SS,2.9509999752044678,3.0320000648498535,2.950000047683716,3.0239999294281006,2.539682149887085,271988474
2016-02-17,510300.SS,3.0230000019073486,3.058000087738037,3.015000104904175,3.055000066757202,2.5657174587249756,235182071
2016-02-18,510300.SS,3.075000047683716,3.0899999141693115,3.0420000553131104,3.0490000247955322,2.560678005218506,221163948
2016-02-19,510300.SS,3.046999931335449,3.065999984741211,3.0250000953674316,3.0409998893737793,2.5539588928222656,211377526
2016-02-22,510300.SS,3.0880000591278076,3.115999937057495,3.062000036239624,3.1040000915527344,2.606869697570801,732868230
2016-02-23,510300.SS,3.1019999980926514,3.1059999465942383,3.052000045776367,3.0799999237060547,2.5867133140563965,230079769
2016-02-24,510300.SS,3.072000026702881,3.1070001125335693,3.0429999828338623,3.1029999256134033,2.606029748916626,280592207
2016-02-25,510300.SS,3.0980000495910645,3.0980000495910645,2.884999990463257,2.9049999713897705,2.4397406578063965,375768215
2016-02-26,510300.SS,2.9260001182556152,2.9549999237060547,2.8989999294281006,2.933000087738037,2.463256359100342,461895738
2016-02-29,510300.SS,2.9210000038146973,2.928999900817871,2.811000108718872,2.864000082015991,2.4053075313568115,394030333
2016-03-01,510300.SS,2.871000051498413,2.940000057220459,2.809999942779541,2.9179999828338623,2.4506587982177734,234562572
2016-03-02,510300.SS,2.9210000038146973,3.055999994277954,2.9210000038146973,3.0490000247955322,2.560678005218506,451413432
2016-03-03,510300.SS,3.0480000972747803,3.0859999656677246,3.0329999923706055,3.0420000553131104,2.5547990798950195,238875815
2016-03-04,510300.SS,3.0399999618530273,3.0950000286102295,3.0209999084472656,3.0789999961853027,2.5858733654022217,460608313
2016-03-07,510300.SS,3.0920000076293945,3.177999973297119,3.069999933242798,3.1029999256134033,2.606029748916626,342306558
2016-03-08,510300.SS,3.0859999656677246,3.0959999561309814,2.999000072479248,3.0920000076293945,2.5967907905578613,289042280
2016-03-09,510300.SS,3.0429999828338623,3.052999973297119,3.00600004196167,3.0460000038146973,2.558159112930298,264769484
2016-03-10,510300.SS,3.0420000553131104,3.069999933242798,3.000999927520752,3.005000114440918,2.5237252712249756,137343306
2016-03-11,510300.SS,2.9800000190734863,3.0179998874664307,2.9590001106262207,2.999000072479248,2.518686056137085,158993200
2016-03-14,510300.SS,3.0269999504089355,3.1050000190734863,3.0269999504089355,3.063999891281128,2.573275566101074,578053418
2016-03-15,510300.SS,3.058000087738037,3.065000057220459,3.0179998874664307,3.053999900817871,2.5648770332336426,293101026
2016-03-16,510300.SS,3.0409998893737793,3.0989999771118164,3.0409998893737793,3.0739998817443848,2.581674098968506,287722068
2016-03-17,510300.SS,3.078000068664551,3.1500000953674316,3.062999963760376,3.124000072479248,2.623666286468506,409964975
2016-03-18,510300.SS,3.125,3.197999954223633,3.124000072479248,3.1679999828338623,2.660619020462036,968766520
2016-03-21,510300.SS,3.190999984741211,3.26200008392334,3.190999984741211,3.23799991607666,2.7194080352783203,388550106
2016-03-22,510300.SS,3.2179999351501465,3.240000009536743,3.2109999656677246,3.2160000801086426,2.7009317874908447,168862775
2016-03-23,510300.SS,3.2130000591278076,3.23799991607666,3.190000057220459,3.2219998836517334,2.7059707641601562,252646768
2016-03-24,510300.SS,3.2009999752044678,3.2119998931884766,3.1700000762939453,3.171999931335449,2.6639785766601562,353711508
2016-03-25,510300.SS,3.1740000247955322,3.200000047683716,3.1649999618530273,3.184999942779541,2.674896240234375,255432765
2016-03-28,510300.SS,3.197000026702881,3.2269999980926514,3.1500000953674316,3.1549999713897705,2.6497015953063965,253708460
2016-03-29,510300.SS,3.1579999923706055,3.1679999828338623,3.1110000610351562,3.128999948501587,2.6278653144836426,510634474
2016-03-30,510300.SS,3.1489999294281006,3.2179999351501465,3.1489999294281006,3.2149999141693115,2.7000913619995117,321345997
2016-03-31,510300.SS,3.2249999046325684,3.2320001125335693,3.194000005722046,3.2090001106262207,2.6950531005859375,267776952
2016-04-01,510300.SS,3.200000047683716,3.2200000286102295,3.1530001163482666,3.2190001010894775,2.70345139503479,255475694
2016-04-05,510300.SS,3.2039999961853027,3.2690000534057617,3.196000099182129,3.25,2.7294864654541016,341087921
2016-04-06,510300.SS,3.236999988555908,3.25600004196167,3.2320001125335693,3.24399995803833,2.724447250366211,282223573
2016-04-07,510300.SS,3.253000020980835,3.2639999389648438,3.196000099182129,3.2039999961853027,2.6908533573150635,235979540
2016-04-08,510300.SS,3.180000066757202,3.2039999961853027,3.1500000953674316,3.177000045776367,2.668177604675293,287695308
2016-04-11,510300.SS,3.203000068664551,3.247999906539917,3.203000068664551,3.2119998931884766,2.6975722312927246,293934447
2016-04-12,510300.SS,3.2130000591278076,3.2190001010894775,3.187999963760376,3.2079999446868896,2.6942129135131836,423792609
2016-04-13,510300.SS,3.2260000705718994,3.2899999618530273,3.2260000705718994,3.249000072479248,2.7286462783813477,664723733
2016-04-14,510300.SS,3.26200008392334,3.2750000953674316,3.240999937057495,3.260999917984009,2.73872447013855,196376388
2016-04-15,510300.SS,3.2679998874664307,3.2739999294281006,3.25,3.2639999389648438,2.741244077682495,190846492
2016-04-18,510300.SS,3.242000102996826,3.242000102996826,3.2100000381469727,3.2179999351501465,2.7026116847991943,225522391
2016-04-19,510300.SS,3.2290000915527344,3.244999885559082,3.2090001106262207,3.2219998836517334,2.7059707641601562,276854283
2016-04-20,510300.SS,3.234999895095825,3.23799991607666,3.0899999141693115,3.1659998893737793,2.6589393615722656,467962419
2016-04-21,510300.SS,3.1470000743865967,3.194999933242798,3.135999917984009,3.1510000228881836,2.6463420391082764,254742919
2016-04-22,510300.SS,3.1410000324249268,3.1689999103546143,3.130000114440918,3.1649999618530273,2.658099412918091,153401499
2016-04-25,510300.SS,3.1630001068115234,3.1630001068115234,3.1110000610351562,3.1549999713897705,2.6497015953063965,156096951
2016-04-26,510300.SS,3.1530001163482666,3.177999973297119,3.138000011444092,3.1730000972747803,2.66481876373291,130165933
2016-04-27,510300.SS,3.1730000972747803,3.178999900817871,3.1500000953674316,3.1579999923706055,2.6522207260131836,144753386
2016-04-28,510300.SS,3.1589999198913574,3.1659998893737793,3.128000020980835,3.1559998989105225,2.650541067123413,144567963
2016-04-29,510300.SS,3.1480000019073486,3.1659998893737793,3.1419999599456787,3.1519999504089355,2.647181987762451,113589098
2016-05-03,510300.SS,3.1570000648498535,3.2179999351501465,3.138000011444092,3.2130000591278076,2.6984119415283203,234118098
2016-05-04,510300.SS,3.197999954223633,3.2179999351501465,3.186000108718872,3.2009999752044678,2.6883339881896973,184462270
2016-05-05,510300.SS,3.197000026702881,3.2090001106262207,3.187000036239624,3.2009999752044678,2.6883339881896973,132028313
2016-05-06,510300.SS,3.203000068664551,3.2070000171661377,3.125999927520752,3.128000020980835,2.627025842666626,215542840
2016-05-09,510300.SS,3.119999885559082,3.119999885559082,3.053999900817871,3.063999891281128,2.573275566101074,327203388
2016-05-10,510300.SS,3.059999942779541,3.0759999752044678,3.052999973297119,3.061000108718872,2.570756196975708,113547933
2016-05-11,510300.SS,3.069999933242798,3.0950000286102295,3.059000015258789,3.072999954223633,2.580833911895752,99451509
2016-05-12,510300.SS,3.059999942779541,3.0889999866485596,3.0329999923706055,3.0840001106262207,2.5900723934173584,119507818
2016-05-13,510300.SS,3.072999954223633,3.1010000705718994,3.059000015258789,3.072999954223633,2.580833911895752,90896427
2016-05-16,510300.SS,3.066999912261963,3.0880000591278076,3.0409998893737793,3.0850000381469727,2.590912342071533,110290661
2016-05-17,510300.SS,3.0880000591278076,3.0980000495910645,3.062000036239624,3.0799999237060547,2.5867133140563965,96106445
2016-05-18,510300.SS,3.072000026702881,3.072999954223633,3.0299999713897705,3.059999942779541,2.569916009902954,119244145
2016-05-19,510300.SS,3.058000087738037,3.0850000381469727,3.049999952316284,3.053999900817871,2.5648770332336426,111260472
2016-05-20,510300.SS,3.0480000972747803,3.0759999752044678,3.0380001068115234,3.0739998817443848,2.581674098968506,139069288
2016-05-23,510300.SS,3.078000068664551,3.0999999046325684,3.068000078201294,3.0789999961853027,2.5858733654022217,107809105
2016-05-24,510300.SS,3.0789999961853027,3.0789999961853027,3.0480000972747803,3.059999942779541,2.569916009902954,96780922
2016-05-25,510300.SS,3.065999984741211,3.0859999656677246,3.052999973297119,3.058000087738037,2.568237066268921,83786394
2016-05-26,510300.SS,3.058000087738037,3.072000026702881,3.0260000228881836,3.058000087738037,2.568237066268921,142476437
2016-05-27,510300.SS,3.055999994277954,3.068000078201294,3.0460000038146973,3.059999942779541,2.569916009902954,85685190
2016-05-30,510300.SS,3.055999994277954,3.072000026702881,3.0269999504089355,3.062000036239624,2.5715959072113037,79238252
2016-05-31,510300.SS,3.062999963760376,3.171999931335449,3.062000036239624,3.1689999103546143,2.66145920753479,494593315
2016-06-01,510300.SS,3.1700000762939453,3.174999952316284,3.1519999504089355,3.1559998989105225,2.650541067123413,171347808
2016-06-02,510300.SS,3.1579999923706055,3.1610000133514404,3.1440000534057617,3.1589999198913574,2.6530604362487793,92385756
2016-06-03,510300.SS,3.1619999408721924,3.2060000896453857,3.1570000648498535,3.196000099182129,2.6841349601745605,177793222
2016-06-06,510300.SS,3.190999984741211,3.2039999961853027,3.171999931335449,3.177000045776367,2.668177604675293,81647929
2016-06-07,510300.SS,3.180999994277954,3.184999942779541,3.1710000038146973,3.177000045776367,2.668177604675293,57621036
2016-06-08,510300.SS,3.1740000247955322,3.181999921798706,3.1519999504089355,3.1730000972747803,2.66481876373291,72625043
2016-06-13,510300.SS,3.1500000953674316,3.1500000953674316,3.065999984741211,3.069000005722046,2.5774753093719482,329962423
2016-06-14,510300.SS,3.065000057220459,3.0829999446868896,3.062000036239624,3.0820000171661377,2.588393211364746,175090226
2016-06-15,510300.SS,3.059000015258789,3.1519999504089355,3.049999952316284,3.122999906539917,2.622826337814331,194595117
2016-06-16,510300.SS,3.121999979019165,3.121999979019165,3.0950000286102295,3.1040000915527344,2.606869697570801,87724465
2016-06-17,510300.SS,3.1059999465942383,3.140000104904175,3.1050000190734863,3.117000102996826,2.6177875995635986,201308067
2016-06-20,510300.SS,3.119999885559082,3.130000114440918,3.0969998836517334,3.118000030517578,2.6186270713806152,82108494
2016-06-21,510300.SS,3.130000114440918,3.1679999828338623,3.0999999046325684,3.1110000610351562,2.612748146057129,144544590
2016-06-22,510300.SS,3.1089999675750732,3.134000062942505,3.0969998836517334,3.130000114440918,2.6287052631378174,117291372
2016-06-23,510300.SS,3.130000114440918,3.131999969482422,3.1010000705718994,3.119999885559082,2.6203067302703857,99387293
2016-06-24,510300.SS,3.119999885559082,3.13700008392334,3.0399999618530273,3.0869998931884766,2.592592239379883,154395516
2016-06-27,510300.SS,3.0799999237060547,3.128000020980835,3.0769999027252197,3.125999927520752,2.6253457069396973,135557760
2016-06-28,510300.SS,3.115999937057495,3.1449999809265137,3.1010000705718994,3.1419999599456787,2.6387832164764404,181488939
2016-06-29,510300.SS,3.1449999809265137,3.1659998893737793,3.1440000534057617,3.1559998989105225,2.650541067123413,119541995
2016-06-30,510300.SS,3.1570000648498535,3.1689999103546143,3.1519999504089355,3.1610000133514404,2.654740333557129,92851291
2016-07-01,510300.SS,3.1610000133514404,3.177000045776367,3.1549999713897705,3.1579999923706055,2.6522207260131836,93766657
2016-07-04,510300.SS,3.1530001163482666,3.2249999046325684,3.1429998874664307,3.2109999656677246,2.696732521057129,137810706
2016-07-05,510300.SS,3.2109999656677246,3.2300000190734863,3.2070000171661377,3.2190001010894775,2.70345139503479,160714354
2016-07-06,510300.SS,3.2160000801086426,3.23799991607666,3.2060000896453857,3.234999895095825,2.716888189315796,278068713
2016-07-07,510300.SS,3.2309999465942383,3.25,3.2170000076293945,3.239000082015991,2.720247983932495,185677172
2016-07-08,510300.SS,3.2339999675750732,3.2360000610351562,3.2219998836517334,3.2269999980926514,2.710170030593872,168019456
2016-07-11,510300.SS,3.2320001125335693,3.2750000953674316,3.2309999465942383,3.234999895095825,2.716888189315796,107960088
2016-07-12,510300.SS,3.2330000400543213,3.319000005722046,3.2330000400543213,3.316999912261963,2.7857556343078613,172362881
2016-07-13,510300.SS,3.319999933242798,3.3489999771118164,3.315000057220459,3.3239998817443848,2.7916345596313477,249841642
2016-07-14,510300.SS,3.3239998817443848,3.325000047683716,3.305999994277954,3.319000005722046,2.787435531616211,130428056
2016-07-15,510300.SS,3.3259999752044678,3.3299999237060547,3.312999963760376,3.322999954223633,2.790794849395752,91696966
2016-07-18,510300.SS,3.318000078201294,3.325000047683716,3.2990000247955322,3.311000108718872,2.78071665763855,138478162
2016-07-19,510300.SS,3.309000015258789,3.312999963760376,3.2769999504089355,3.2939999103546143,2.766439437866211,116901083
2016-07-20,510300.SS,3.2899999618530273,3.302999973297119,3.2829999923706055,3.2869999408721924,2.7605605125427246,64802024
2016-07-21,510300.SS,3.2869999408721924,3.3239998817443848,3.2869999408721924,3.305000066757202,2.775677442550659,107390332
2016-07-22,510300.SS,3.2980000972747803,3.303999900817871,3.2730000019073486,3.2760000228881836,2.7513222694396973,115224737
2016-07-25,510300.SS,3.2730000019073486,3.2960000038146973,3.2699999809265137,3.2750000953674316,2.7504825592041016,95011247
2016-07-26,510300.SS,3.2750000953674316,3.318000078201294,3.2750000953674316,3.316999912261963,2.7857556343078613,108020908
2016-07-27,510300.SS,3.318000078201294,3.322999954223633,3.2060000896453857,3.25600004196167,2.734525442123413,228730897
2016-07-28,510300.SS,3.244999885559082,3.2839999198913574,3.24399995803833,3.265000104904175,2.74208402633667,212210696
2016-07-29,510300.SS,3.265000104904175,3.2739999294281006,3.243000030517578,3.253999948501587,2.7328455448150635,126724461
2016-08-01,510300.SS,3.244999885559082,3.252000093460083,3.2109999656677246,3.2269999980926514,2.710170030593872,133376245
2016-08-02,510300.SS,3.2260000705718994,3.247999906539917,3.2179999351501465,3.234999895095825,2.716888189315796,116491586
2016-08-03,510300.SS,3.2300000190734863,3.246000051498413,3.2249999046325684,3.239000082015991,2.720247983932495,201883691
2016-08-04,510300.SS,3.23799991607666,3.25,3.2200000286102295,3.249000072479248,2.7286462783813477,93097489
2016-08-05,510300.SS,3.25,3.2769999504089355,3.243000030517578,3.26200008392334,2.7395644187927246,101415033
2016-08-08,510300.SS,3.26200008392334,3.2899999618530273,3.240000009536743,3.2890000343322754,2.762240171432495,84969760
2016-08-09,510300.SS,3.2829999923706055,3.309999942779541,3.2799999713897705,3.303999900817871,2.7748382091522217,231288258
2016-08-10,510300.SS,3.303999900817871,3.312000036239624,3.2909998893737793,3.2939999103546143,2.766439437866211,176568231
2016-08-11,510300.SS,3.2920000553131104,3.328000068664551,3.2860000133514404,3.2899999618530273,2.763079881668091,126506962
2016-08-12,510300.SS,3.2820000648498535,3.3529999256134033,3.2809998989105225,3.3480000495910645,2.811790704727173,217390163
2016-08-15,510300.SS,3.3550000190734863,3.4839999675750732,3.3529999256134033,3.447000026702881,2.894935369491577,392578074
2016-08-16,510300.SS,3.4570000171661377,3.4760000705718994,3.431999921798706,3.437000036239624,2.8865368366241455,274130428
2016-08-17,510300.SS,3.430999994277954,3.4489998817443848,3.4159998893737793,3.428999900817871,2.8798184394836426,118831100
2016-08-18,510300.SS,3.434999942779541,3.447999954223633,3.4070000648498535,3.4240000247955322,2.8756186962127686,95390557
2016-08-19,510300.SS,3.421999931335449,3.427000045776367,3.3929998874664307,3.4200000762939453,2.8722598552703857,132203904
2016-08-22,510300.SS,3.4200000762939453,3.431999921798706,3.3929998874664307,3.3959999084472656,2.8521029949188232,105378309
2016-08-23,510300.SS,3.3959999084472656,3.4159998893737793,3.378000020980835,3.3980000019073486,2.853782892227173,241625141
2016-08-24,510300.SS,3.3980000019073486,3.4019999504089355,3.378000020980835,3.384000062942505,2.8420252799987793,154267096
2016-08-25,510300.SS,3.367000102996826,3.375,3.3350000381469727,3.365999937057495,2.8269078731536865,126229180
2016-08-26,510300.SS,3.368000030517578,3.3929998874664307,3.3580000400543213,3.361999988555908,2.8235490322113037,79142269
2016-08-29,510300.SS,3.3570001125335693,3.369999885559082,3.3510000705718994,3.3610000610351562,2.82270884513855,77872739
2016-08-30,510300.SS,3.36299991607666,3.385999917984009,3.3580000400543213,3.375,2.8344664573669434,103444542
2016-08-31,510300.SS,3.371999979019165,3.3959999084472656,3.3589999675750732,3.3889999389648438,2.846224308013916,112057117
2016-09-01,510300.SS,3.388000011444092,3.3889999389648438,3.3499999046325684,3.3529999256134033,2.8159902095794678,92390242
2016-09-02,510300.SS,3.3499999046325684,3.377000093460083,3.3499999046325684,3.368000030517578,2.828587532043457,98875543
2016-09-05,510300.SS,3.375,3.4019999504089355,3.369999885559082,3.375,2.8344664573669434,159225737
2016-09-06,510300.SS,3.377000093460083,3.4110000133514404,3.3519999980926514,3.4040000438690186,2.8588218688964844,142875576
2016-09-07,510300.SS,3.4070000648498535,3.4230000972747803,3.4010000228881836,3.4059998989105225,2.860501527786255,196966881
2016-09-08,510300.SS,3.4030001163482666,3.4059998989105225,3.3929998874664307,3.4010000228881836,2.856302261352539,74892456
2016-09-09,510300.SS,3.4010000228881836,3.4070000648498535,3.381999969482422,3.384000062942505,2.8420252799987793,120461526
2016-09-12,510300.SS,3.3399999141693115,3.3429999351501465,3.2980000972747803,3.316999912261963,2.7857556343078613,206472538
2016-09-13,510300.SS,3.319000005722046,3.3269999027252197,3.309999942779541,3.316999912261963,2.7857556343078613,95438184
2016-09-14,510300.SS,3.308000087738037,3.313999891281128,3.2929999828338623,3.296999931335449,2.768958806991577,71966886
2016-09-19,510300.SS,3.2980000972747803,3.321000099182129,3.2960000038146973,3.318000078201294,2.786595344543457,100797674
2016-09-20,510300.SS,3.319999933242798,3.3239998817443848,3.309000015258789,3.313999891281128,2.783236265182495,70694357
2016-09-21,510300.SS,3.313999891281128,3.3320000171661377,3.311000108718872,3.3269999027252197,2.794154167175293,68012760
2016-09-22,510300.SS,3.3410000801086426,3.365000009536743,3.3350000381469727,3.3489999771118164,2.8126306533813477,98900069
2016-09-23,510300.SS,3.3499999046325684,3.3550000190734863,3.3380000591278076,3.3410000801086426,2.8059120178222656,67358775
2016-09-26,510300.SS,3.3369998931884766,3.3369998931884766,3.2829999923706055,3.2850000858306885,2.758881092071533,163349220
2016-09-27,510300.SS,3.2850000858306885,3.303999900817871,3.2799999713897705,3.302000045776367,2.773158073425293,106896159
2016-09-28,510300.SS,3.302000045776367,3.305000066757202,3.2920000553131104,3.296999931335449,2.768958806991577,47131670
2016-09-29,510300.SS,3.3010001182556152,3.319999933242798,3.3010001182556152,3.312000036239624,2.7815566062927246,111132006
2016-09-30,510300.SS,3.305000066757202,3.3269999027252197,3.305000066757202,3.322000026702881,2.789954662322998,109625583
2016-10-10,510300.SS,3.3299999237060547,3.365999937057495,3.319999933242798,3.359999895095825,2.821868896484375,156366066
2016-10-11,510300.SS,3.361999988555908,3.371000051498413,3.3540000915527344,3.368000030517578,2.828587532043457,101921091
2016-10-12,510300.SS,3.3589999675750732,3.364000082015991,3.3510000705718994,3.359999895095825,2.821868896484375,68982158
2016-10-13,510300.SS,3.365000009536743,3.369999885559082,3.3529999256134033,3.359999895095825,2.821868896484375,95024582
2016-10-14,510300.SS,3.3589999675750732,3.371999979019165,3.3429999351501465,3.369999885559082,2.8302671909332275,116980175
2016-10-17,510300.SS,3.369999885559082,3.372999906539917,3.309999942779541,3.3389999866485596,2.804232597351074,116946886
2016-10-18,510300.SS,3.3389999866485596,3.381999969482422,3.3350000381469727,3.38100004196167,2.839505910873413,185419311
2016-10-19,510300.SS,3.381999969482422,3.3949999809265137,3.371999979019165,3.378999948501587,2.8378255367279053,133499853
2016-10-20,510300.SS,3.377000093460083,3.382999897003174,3.371000051498413,3.374000072479248,2.8336267471313477,108766472
2016-10-21,510300.SS,3.375999927520752,3.3980000019073486,3.367000102996826,3.3910000324249268,2.8479039669036865,152925363
2016-10-24,510300.SS,3.3910000324249268,3.4489998817443848,3.388000011444092,3.431999921798706,2.8823375701904297,206599173
2016-10-25,510300.SS,3.431999921798706,3.433000087738037,3.4149999618530273,3.4230000972747803,2.8747787475585938,188178229
2016-10-26,510300.SS,3.421999931335449,3.424999952316284,3.4079999923706055,3.4130001068115234,2.8663806915283203,142670985
2016-10-27,510300.SS,3.4100000858306885,3.4130001068115234,3.3949999809265137,3.4079999923706055,2.8621816635131836,89222498
2016-10-28,510300.SS,3.4059998989105225,3.436000108718872,3.4019999504089355,3.4030001163482666,2.8579823970794678,149226831
2016-10-31,510300.SS,3.4019999504089355,3.4019999504089355,3.372999906539917,3.3959999084472656,2.8521029949188232,89194562
2016-11-01,510300.SS,3.3940000534057617,3.421999931335449,3.3919999599456787,3.4170000553131104,2.8697397708892822,86692429
2016-11-02,510300.SS,3.4119999408721924,3.4119999408721924,3.390000104904175,3.3940000534057617,2.850423574447632,85254005
2016-11-03,510300.SS,3.381999969482422,3.437000036239624,3.381999969482422,3.4200000762939453,2.8722598552703857,225826643
2016-11-04,510300.SS,3.4179999828338623,3.434000015258789,3.4040000438690186,3.4089999198913574,2.8630213737487793,111407480
2016-11-07,510300.SS,3.4089999198913574,3.4200000762939453,3.4019999504089355,3.4119999408721924,2.8655407428741455,100805993
2016-11-08,510300.SS,3.4189999103546143,3.446000099182129,3.4170000553131104,3.430000066757202,2.880657911300659,142243804
2016-11-09,510300.SS,3.430000066757202,3.430000066757202,3.374000072479248,3.4170000553131104,2.8697397708892822,196076229
2016-11-10,510300.SS,3.427000045776367,3.4609999656677246,3.427000045776367,3.4519999027252197,2.8991341590881348,144827420
2016-11-11,510300.SS,3.4489998817443848,3.4860000610351562,3.438999891281128,3.4820001125335693,2.9243295192718506,173427181
2016-11-14,510300.SS,3.4760000705718994,3.509999990463257,3.4679999351501465,3.486999988555908,2.9285290241241455,261985206
2016-11-15,510300.SS,3.4860000610351562,3.490999937057495,3.4709999561309814,3.4830000400543213,2.9251694679260254,136391995
2016-11-16,510300.SS,3.484999895095825,3.493000030517578,3.4749999046325684,3.4839999675750732,2.926009178161621,143926440
2016-11-17,510300.SS,3.4790000915527344,3.493000030517578,3.4679999351501465,3.492000102996826,2.932727813720703,131459987
2016-11-18,510300.SS,3.493000030517578,3.499000072479248,3.4749999046325684,3.4800000190734863,2.922650098800659,109743449
2016-11-21,510300.SS,3.4749999046325684,3.5250000953674316,3.4730000495910645,3.496000051498413,2.9360878467559814,136285270
2016-11-22,510300.SS,3.499000072479248,3.5329999923706055,3.499000072479248,3.5309998989105225,2.9654815196990967,172143723
2016-11-23,510300.SS,3.5360000133514404,3.552999973297119,3.5280001163482666,3.5369999408721924,2.9705212116241455,91125359
2016-11-24,510300.SS,3.5350000858306885,3.568000078201294,3.5299999713897705,3.546999931335449,2.978919506072998,175518691
2016-11-25,510300.SS,3.546999931335449,3.5880000591278076,3.5209999084472656,3.5859999656677246,3.0116727352142334,134787111
2016-11-28,510300.SS,3.5940001010894775,3.619999885559082,3.5929999351501465,3.6019999980926514,3.0251107215881348,148348331
2016-11-29,510300.SS,3.5920000076293945,3.6480000019073486,3.5799999237060547,3.630000114440918,3.0486268997192383,159136067
2016-11-30,510300.SS,3.621000051498413,3.631999969482422,3.5910000801086426,3.5969998836517334,3.02091121673584,166067658
2016-12-01,510300.SS,3.5989999771118164,3.6429998874664307,3.5989999771118164,3.63100004196167,3.0494658946990967,112886474
2016-12-02,510300.SS,3.628000020980835,3.628000020980835,3.5820000171661377,3.5910000801086426,3.0158727169036865,93882635
2016-12-05,510300.SS,3.5439999103546143,3.559000015258789,3.5139999389648438,3.5190000534057617,2.9554035663604736,222865641
2016-12-06,510300.SS,3.5220000743865967,3.5350000858306885,3.51200008392334,3.513000011444092,2.950364828109741,126885410
2016-12-07,510300.SS,3.515000104904175,3.5329999923706055,3.500999927520752,3.5290000438690186,2.9638020992279053,111353437
2016-12-08,510300.SS,3.5390000343322754,3.549999952316284,3.5290000438690186,3.5369999408721924,2.9705212116241455,207960060
2016-12-09,510300.SS,3.5290000438690186,3.568000078201294,3.5250000953674316,3.556999921798706,2.9873175621032715,111308344
2016-12-12,510300.SS,3.555000066757202,3.555000066757202,3.4600000381469727,3.4630000591278076,2.908372402191162,147902895
2016-12-13,510300.SS,3.4519999027252197,3.4739999771118164,3.430000066757202,3.4579999446868896,2.9041731357574463,161187550
2016-12-14,510300.SS,3.450000047683716,3.4660000801086426,3.433000087738037,3.434000015258789,2.884016990661621,101355869
2016-12-15,510300.SS,3.4159998893737793,3.433000087738037,3.38100004196167,3.3949999809265137,2.8512635231018066,229792762
2016-12-16,510300.SS,3.3910000324249268,3.4130001068115234,3.38700008392334,3.3949999809265137,2.8512635231018066,142249704
2016-12-19,510300.SS,3.3949999809265137,3.3980000019073486,3.377000093460083,3.384999990463257,2.842864990234375,87041876
2016-12-20,510300.SS,3.380000114440918,3.384000062942505,3.3410000801086426,3.359999895095825,2.821868896484375,167465993
2016-12-21,510300.SS,3.365000009536743,3.3980000019073486,3.365000009536743,3.3970000743865967,2.8529434204101562,129163126
2016-12-22,510300.SS,3.3929998874664307,3.3949999809265137,3.375999927520752,3.3910000324249268,2.8479039669036865,103592371
2016-12-23,510300.SS,3.382999897003174,3.388000011444092,3.3550000190734863,3.364000082015991,2.825228214263916,80260529
2016-12-26,510300.SS,3.3540000915527344,3.378999948501587,3.325000047683716,3.375999927520752,2.83530592918396,145262059
2016-12-27,510300.SS,3.369999885559082,3.384000062942505,3.365000009536743,3.371000051498413,2.8311078548431396,113296091
2016-12-28,510300.SS,3.368000030517578,3.374000072479248,3.3420000076293945,3.3529999256134033,2.8159902095794678,104911615
2016-12-29,510300.SS,3.3489999771118164,3.368000030517578,3.3389999866485596,3.3550000190734863,2.817669630050659,84878307
2016-12-30,510300.SS,3.3540000915527344,3.368000030517578,3.3499999046325684,3.3580000400543213,2.8201892375946045,96078848
2017-01-03,510300.SS,3.361999988555908,3.4040000438690186,3.361999988555908,3.3959999084472656,2.8521029949188232,105867931
2017-01-04,510300.SS,3.3940000534057617,3.427000045776367,3.38700008392334,3.4260001182556152,2.87729811668396,113483983
2017-01-05,510300.SS,3.424999952316284,3.430000066757202,3.4110000133514404,3.4189999103546143,2.871419668197632,65674831
2017-01-06,510300.SS,3.4159998893737793,3.4230000972747803,3.4030001163482666,3.4079999923706055,2.8621816635131836,77885978
2017-01-09,510300.SS,3.4030001163482666,3.4240000247955322,3.4000000953674316,3.4200000762939453,2.8722598552703857,77512872
2017-01-10,510300.SS,3.4189999103546143,3.4260001182556152,3.4070000648498535,3.4110000133514404,2.8647007942199707,69721435
2017-01-11,510300.SS,3.4049999713897705,3.421999931335449,3.384999990463257,3.385999917984009,2.8437047004699707,94705340
2017-01-12,510300.SS,3.385999917984009,3.3949999809265137,3.365999937057495,3.36899995803833,2.829427480697632,84000935
2017-01-13,510300.SS,3.368000030517578,3.3929998874664307,3.361999988555908,3.375,2.8344664573669434,97497540
2017-01-16,510300.SS,3.368000030517578,3.372999906539917,3.315999984741211,3.371000051498413,2.8311078548431396,146915124
2017-01-17,510300.SS,3.359999895095825,3.382999897003174,3.3489999771118164,3.375999927520752,2.83530592918396,86494983
2017-01-18,510300.SS,3.371000051498413,3.4089999198913574,3.369999885559082,3.3980000019073486,2.853782892227173,113866267
2017-01-19,510300.SS,3.3889999389648438,3.4040000438690186,3.380000114440918,3.385999917984009,2.8437047004699707,106034647
2017-01-20,510300.SS,3.380000114440918,3.4159998893737793,3.378000020980835,3.4149999618530273,2.8680598735809326,206369367
2017-01-23,510300.SS,3.359999895095825,3.385999917984009,3.3570001125335693,3.3610000610351562,2.8689138889312744,142179834
2017-01-24,510300.SS,3.3610000610351562,3.36899995803833,3.3529999256134033,3.36299991607666,2.8706212043762207,84296275
2017-01-25,510300.SS,3.3610000610351562,3.375,3.3499999046325684,3.372999906539917,2.8791568279266357,67023992
2017-01-26,510300.SS,3.372999906539917,3.3970000743865967,3.372999906539917,3.38700008392334,2.8911070823669434,66176291
2017-02-03,510300.SS,3.38700008392334,3.3889999389648438,3.3570001125335693,3.367000102996826,2.874035596847534,112045005
2017-02-06,510300.SS,3.368000030517578,3.375999927520752,3.3559999465942383,3.365999937057495,2.8731818199157715,101168895
2017-02-07,510300.SS,3.36299991607666,3.371000051498413,3.3499999046325684,3.359999895095825,2.8680598735809326,91957105
2017-02-08,510300.SS,3.3589999675750732,3.3889999389648438,3.3420000076293945,3.382999897003174,2.8876922130584717,95170122
2017-02-09,510300.SS,3.378999948501587,3.4079999923706055,3.378000020980835,3.3949999809265137,2.897935628890991,98341142
2017-02-10,510300.SS,3.3980000019073486,3.4200000762939453,3.3919999599456787,3.4130001068115234,2.9133002758026123,106142794
2017-02-13,510300.SS,3.4119999408721924,3.436000108718872,3.4119999408721924,3.430999994277954,2.9286653995513916,122506447
2017-02-14,510300.SS,3.430999994277954,3.436000108718872,3.424999952316284,3.434999942779541,2.932079315185547,77496950
2017-02-15,510300.SS,3.434000015258789,3.446000099182129,3.4159998893737793,3.4230000972747803,2.9218363761901855,124532123
2017-02-16,510300.SS,3.4230000972747803,3.437999963760376,3.4159998893737793,3.437999963760376,2.9346399307250977,90500759
2017-02-17,510300.SS,3.437999963760376,3.4549999237060547,3.4170000553131104,3.4179999828338623,2.9175684452056885,125371532
2017-02-20,510300.SS,3.4179999828338623,3.484999895095825,3.4170000553131104,3.4739999771118164,2.965369701385498,138284417
2017-02-21,510300.SS,3.4739999771118164,3.486999988555908,3.4700000286102295,3.4739999771118164,2.965369701385498,111851589
2017-02-22,510300.SS,3.4769999980926514,3.48799991607666,3.4700000286102295,3.484999895095825,2.974759101867676,95185292
2017-02-23,510300.SS,3.4820001125335693,3.48799991607666,3.4609999656677246,3.4700000286102295,2.9619550704956055,102858894
2017-02-24,510300.SS,3.4709999561309814,3.4709999561309814,3.4539999961853027,3.4670000076293945,2.9593944549560547,89741197
2017-02-27,510300.SS,3.4679999351501465,3.4679999351501465,3.431999921798706,3.440000057220459,2.936347246170044,73568162
2017-02-28,510300.SS,3.436000108718872,3.4570000171661377,3.434999942779541,3.444999933242798,2.94061541557312,95073307
2017-03-01,510300.SS,3.447000026702881,3.4719998836517334,3.440999984741211,3.4489998817443848,2.9440298080444336,135589767
2017-03-02,510300.SS,3.4549999237060547,3.503000020980835,3.427000045776367,3.437000036239624,2.9337868690490723,95548529
2017-03-03,510300.SS,3.427000045776367,3.427999973297119,3.4070000648498535,3.4240000247955322,2.922689914703369,77837516
2017-03-06,510300.SS,3.4240000247955322,3.444000005722046,3.4179999828338623,3.440999984741211,2.9372010231018066,99993926
2017-03-07,510300.SS,3.438999891281128,3.447000026702881,3.434000015258789,3.446000099182129,2.9414689540863037,76185403
2017-03-08,510300.SS,3.444000005722046,3.4509999752044678,3.438999891281128,3.450000047683716,2.944883346557617,110172149
2017-03-09,510300.SS,3.444000005722046,3.444000005722046,3.4130001068115234,3.4189999103546143,2.918421745300293,80900120
2017-03-10,510300.SS,3.4159998893737793,3.430999994277954,3.4159998893737793,3.421999931335449,2.920982837677002,82574306
2017-03-13,510300.SS,3.4159998893737793,3.4609999656677246,3.4070000648498535,3.4590001106262207,2.9525656700134277,123668119
2017-03-14,510300.SS,3.4560000896453857,3.4600000381469727,3.447000026702881,3.4509999752044678,2.94573712348938,68053403
2017-03-15,510300.SS,3.444999933242798,3.4600000381469727,3.441999912261963,3.4570000171661377,2.9508581161499023,57608618
2017-03-16,510300.SS,3.4649999141693115,3.493000030517578,3.4649999141693115,3.4779999256134033,2.9687838554382324,93477588
2017-03-17,510300.SS,3.4779999256134033,3.4830000400543213,3.436000108718872,3.438999891281128,2.9354937076568604,103774287
2017-03-20,510300.SS,3.440000057220459,3.447999954223633,3.427000045776367,3.440999984741211,2.9372010231018066,88935003
2017-03-21,510300.SS,3.440999984741211,3.4649999141693115,3.437000036239624,3.4649999141693115,2.9576869010925293,107707450
2017-03-22,510300.SS,3.4509999752044678,3.4590001106262207,3.427999973297119,3.447000026702881,2.9423224925994873,62825891
2017-03-23,510300.SS,3.450000047683716,3.4670000076293945,3.431999921798706,3.4570000171661377,2.9508581161499023,85383956
2017-03-24,510300.SS,3.4579999446868896,3.5,3.4560000896453857,3.490000009536743,2.9790267944335938,128355180
2017-03-27,510300.SS,3.489000082015991,3.499000072479248,3.4700000286102295,3.4739999771118164,2.965369701385498,86785604
2017-03-28,510300.SS,3.4739999771118164,3.4809999465942383,3.4600000381469727,3.4690001010894775,2.9611012935638428,66960838
2017-03-29,510300.SS,3.4690001010894775,3.4779999256134033,3.450000047683716,3.4619998931884766,2.9551265239715576,79010706
2017-03-30,510300.SS,3.4549999237060547,3.4619998931884766,3.4179999828338623,3.428999900817871,2.926957845687866,119741074
2017-03-31,510300.SS,3.428999900817871,3.4549999237060547,3.427999973297119,3.4539999961853027,2.9482977390289307,88619958
2017-04-05,510300.SS,3.4739999771118164,3.51200008392334,3.4719998836517334,3.510999917984009,2.9969520568847656,135135515
2017-04-06,510300.SS,3.509000062942505,3.51200008392334,3.490000009536743,3.506999969482422,2.993537425994873,96078334
2017-04-07,510300.SS,3.509000062942505,3.5260000228881836,3.500999927520752,3.5139999389648438,2.9995131492614746,75535316
2017-04-10,510300.SS,3.5169999599456787,3.5179998874664307,3.503000020980835,3.505000114440918,2.991830587387085,82112908
2017-04-11,510300.SS,3.503999948501587,3.5179998874664307,3.4670000076293945,3.5139999389648438,2.9995131492614746,105726827
2017-04-12,510300.SS,3.51200008392334,3.5179998874664307,3.49399995803833,3.500999927520752,2.9884159564971924,98867698
2017-04-13,510300.SS,3.496999979019165,3.5199999809265137,3.49399995803833,3.5139999389648438,2.9995131492614746,78443851
2017-04-14,510300.SS,3.5139999389648438,3.515000104904175,3.4790000915527344,3.484999895095825,2.974759101867676,86076343
2017-04-17,510300.SS,3.4779999256134033,3.4809999465942383,3.4560000896453857,3.4730000495910645,2.9645159244537354,135776283
2017-04-18,510300.SS,3.4679999351501465,3.4839999675750732,3.4639999866485596,3.4649999141693115,2.9576869010925293,83200637
2017-04-19,510300.SS,3.4579999446868896,3.4579999446868896,3.4230000972747803,3.437999963760376,2.9346399307250977,212040104
2017-04-20,510300.SS,3.436000108718872,3.4619998931884766,3.434999942779541,3.4570000171661377,2.9508581161499023,115800896
2017-04-21,510300.SS,3.4600000381469727,3.4700000286102295,3.444000005722046,3.4600000381469727,2.9534192085266113,81436561
2017-04-24,510300.SS,3.4509999752044678,3.4549999237060547,3.4059998989105225,3.4230000972747803,2.9218363761901855,170077938
2017-04-25,510300.SS,3.430000066757202,3.444999933242798,3.424999952316284,3.434000015258789,2.9312260150909424,98383598
2017-04-26,510300.SS,3.434000015258789,3.4619998931884766,3.434000015258789,3.441999912261963,2.938054323196411,87626463
2017-04-27,510300.SS,3.437999963760376,3.450000047683716,3.4000000953674316,3.444000005722046,2.9397616386413574,209732693
2017-04-28,510300.SS,3.440999984741211,3.440999984741211,3.4159998893737793,3.430999994277954,2.9286653995513916,71528975
2017-05-02,510300.SS,3.4260001182556152,3.430000066757202,3.4140000343322754,3.4260001182556152,2.9243977069854736,92082652
2017-05-03,510300.SS,3.421999931335449,3.430000066757202,3.4049999713897705,3.4089999198913574,2.909886121749878,82176804
2017-05-04,510300.SS,3.4059998989105225,3.4189999103546143,3.3929998874664307,3.3959999084472656,2.898789644241333,104322842
2017-05-05,510300.SS,3.3910000324249268,3.3929998874664307,3.361999988555908,3.374000072479248,2.8800108432769775,146520934
2017-05-08,510300.SS,3.369999885559082,3.374000072479248,3.3369998931884766,3.3450000286102295,2.8552563190460205,164393876
2017-05-09,510300.SS,3.3399999141693115,3.3559999465942383,3.3289999961853027,3.3480000495910645,2.8578171730041504,140023584
2017-05-10,510300.SS,3.3489999771118164,3.364000082015991,3.3340001106262207,3.3359999656677246,2.84757399559021,167022419
2017-05-11,510300.SS,3.328000068664551,3.3610000610351562,3.315999984741211,3.3529999256134033,2.8620851039886475,218188437
2017-05-12,510300.SS,3.3510000705718994,3.384999990463257,3.3469998836517334,3.380000114440918,2.8851318359375,145119742
2017-05-15,510300.SS,3.3889999389648438,3.4049999713897705,3.385999917984009,3.3940000534057617,2.8970823287963867,102439193
2017-05-16,510300.SS,3.3910000324249268,3.434999942779541,3.378000020980835,3.434000015258789,2.9312260150909424,103313151
2017-05-17,510300.SS,3.430000066757202,3.431999921798706,3.4100000858306885,3.4110000133514404,2.911593437194824,109791866
2017-05-18,510300.SS,3.3989999294281006,3.4130001068115234,3.390000104904175,3.3959999084472656,2.898789644241333,97423640
2017-05-19,510300.SS,3.3949999809265137,3.4070000648498535,3.3949999809265137,3.4019999504089355,2.9039108753204346,71594455
2017-05-22,510300.SS,3.4030001163482666,3.421999931335449,3.390000104904175,3.4049999713897705,2.9064719676971436,86336579
2017-05-23,510300.SS,3.4040000438690186,3.434000015258789,3.4010000228881836,3.4200000762939453,2.9192757606506348,151469922
2017-05-24,510300.SS,3.4149999618530273,3.4210000038146973,3.3889999389648438,3.4200000762939453,2.9192757606506348,140438333
2017-05-25,510300.SS,3.4170000553131104,3.496999979019165,3.4100000858306885,3.493000030517578,2.9815876483917236,248952501
2017-05-26,510300.SS,3.486999988555908,3.503000020980835,3.4779999256134033,3.486999988555908,2.976466178894043,203202998
2017-05-31,510300.SS,3.497999906539917,3.5190000534057617,3.4730000495910645,3.489000082015991,2.9781734943389893,148033425
2017-06-01,510300.SS,3.4830000400543213,3.499000072479248,3.4800000190734863,3.496999979019165,2.985002040863037,90718196
2017-06-02,510300.SS,3.494999885559082,3.499000072479248,3.4690001010894775,3.48799991607666,2.9773194789886475,131541298
2017-06-05,510300.SS,3.4779999256134033,3.490000009536743,3.4619998931884766,3.4649999141693115,2.9576869010925293,110178724
2017-06-06,510300.SS,3.4649999141693115,3.493000030517578,3.4619998931884766,3.492000102996826,2.980733871459961,95906865
2017-06-07,510300.SS,3.496000051498413,3.5420000553131104,3.490999937057495,3.5399999618530273,3.0217061042785645,166723728
2017-06-08,510300.SS,3.5380001068115234,3.569999933242798,3.5329999923706055,3.565000057220459,3.043045997619629,146093932
2017-06-09,510300.SS,3.563999891281128,3.5959999561309814,3.562999963760376,3.5869998931884766,3.0618247985839844,151231556
2017-06-12,510300.SS,3.5799999237060547,3.6070001125335693,3.571000099182129,3.5799999237060547,3.05584979057312,124074038
2017-06-13,510300.SS,3.571000099182129,3.5950000286102295,3.569000005722046,3.5869998931884766,3.0618247985839844,131625386
2017-06-14,510300.SS,3.5850000381469727,3.5850000381469727,3.5450000762939453,3.5510001182556152,3.031095504760742,142576188
2017-06-15,510300.SS,3.549999952316284,3.561000108718872,3.5250000953674316,3.5390000343322754,3.020852565765381,120841927
2017-06-16,510300.SS,3.5390000343322754,3.555000066757202,3.5280001163482666,3.5329999923706055,3.015730857849121,102395662
2017-06-19,510300.SS,3.5350000858306885,3.5759999752044678,3.5350000858306885,3.572999954223633,3.0498745441436768,141314249
2017-06-20,510300.SS,3.5759999752044678,3.5829999446868896,3.553999900817871,3.562000036239624,3.04048490524292,129832010
2017-06-21,510300.SS,3.5850000381469727,3.6080000400543213,3.562000036239624,3.6070001125335693,3.078896999359131,202666097
2017-06-22,510300.SS,3.5999999046325684,3.6519999504089355,3.5980000495910645,3.6110000610351562,3.0823113918304443,190007357
2017-06-23,510300.SS,3.6080000400543213,3.6480000019073486,3.5920000076293945,3.6459999084472656,3.112186908721924,97993376
2017-06-26,510300.SS,3.6459999084472656,3.694000005722046,3.6459999084472656,3.690999984741211,3.1505982875823975,107394592
2017-06-27,510300.SS,3.688999891281128,3.6989998817443848,3.6700000762939453,3.693000078201294,3.1523053646087646,80665111
2017-06-28,510300.SS,3.690000057220459,3.690000057220459,3.6630001068115234,3.6679999828338623,3.1309657096862793,79248790
2017-06-29,510300.SS,3.6689999103546143,3.694999933242798,3.6679999828338623,3.690000057220459,3.149744987487793,86837702
2017-06-30,510300.SS,3.677999973297119,3.694999933242798,3.6659998893737793,3.684000015258789,3.144623041152954,82475091
2017-07-03,510300.SS,3.684999942779541,3.687999963760376,3.6530001163482666,3.6679999828338623,3.1309657096862793,96518891
2017-07-04,510300.SS,3.6670000553131104,3.6679999828338623,3.630000114440918,3.638000011444092,3.105358123779297,135215496
2017-07-05,510300.SS,3.635999917984009,3.691999912261963,3.635999917984009,3.684999942779541,3.145477056503296,133333806
2017-07-06,510300.SS,3.684999942779541,3.690000057220459,3.6559998989105225,3.681999921798706,3.142915725708008,161832079
2017-07-07,510300.SS,3.677000045776367,3.684999942779541,3.6610000133514404,3.680000066757202,3.1412088871002197,82642695
2017-07-10,510300.SS,3.678999900817871,3.700000047683716,3.674999952316284,3.684000015258789,3.144623041152954,95092105
2017-07-11,510300.SS,3.680000066757202,3.743000030517578,3.678999900817871,3.7139999866485596,3.1702311038970947,131419688
2017-07-12,510300.SS,3.7079999446868896,3.7279999256134033,3.6760001182556152,3.691999912261963,3.15145206451416,117476077
2017-07-13,510300.SS,3.693000078201294,3.7330000400543213,3.693000078201294,3.7300000190734863,3.1838881969451904,111237938
2017-07-14,510300.SS,3.7309999465942383,3.759000062942505,3.7200000286102295,3.755000114440918,3.205227851867676,85576653
2017-07-17,510300.SS,3.752000093460083,3.760999917984009,3.6760001182556152,3.7039999961853027,3.1616952419281006,194210589
2017-07-18,510300.SS,3.697999954223633,3.7109999656677246,3.671999931335449,3.7060000896453857,3.1634023189544678,160845690
2017-07-19,510300.SS,3.7049999237060547,3.7880001068115234,3.7009999752044678,3.7829999923706055,3.22912859916687,174118048
2017-07-20,510300.SS,3.7799999713897705,3.802000045776367,3.7739999294281006,3.8010001182556152,3.244493246078491,97697579
2017-07-21,510300.SS,3.7909998893737793,3.803999900817871,3.7699999809265137,3.7820000648498535,3.2282745838165283,97761450
2017-07-24,510300.SS,3.7780001163482666,3.809000015258789,3.7709999084472656,3.8010001182556152,3.244493246078491,64264258
2017-07-25,510300.SS,3.799999952316284,3.802000045776367,3.765000104904175,3.7720000743865967,3.2197389602661133,96998398
2017-07-26,510300.SS,3.7720000743865967,3.7890000343322754,3.734999895095825,3.750999927520752,3.2018134593963623,154254047
2017-07-27,510300.SS,3.752000093460083,3.7709999084472656,3.7260000705718994,3.76200008392334,3.211203098297119,146357436
2017-07-28,510300.SS,3.756999969482422,3.7799999713897705,3.75,3.7760000228881836,3.2231533527374268,74148654
2017-07-31,510300.SS,3.7760000228881836,3.803999900817871,3.7669999599456787,3.7899999618530273,3.2351036071777344,119463626
2017-08-01,510300.SS,3.7899999618530273,3.8239998817443848,3.7880001068115234,3.819999933242798,3.260711431503296,122451036
2017-08-02,510300.SS,3.822000026702881,3.8399999141693115,3.813999891281128,3.819999933242798,3.260711431503296,118097968
2017-08-03,510300.SS,3.813999891281128,3.822999954223633,3.7739999294281006,3.7820000648498535,3.2282745838165283,107292854
2017-08-04,510300.SS,3.7820000648498535,3.7960000038146973,3.757999897003174,3.759000062942505,3.2086422443389893,104071614
2017-08-07,510300.SS,3.752000093460083,3.7890000343322754,3.749000072479248,3.7820000648498535,3.2282745838165283,106249074
2017-08-08,510300.SS,3.7839999198913574,3.7909998893737793,3.7720000743865967,3.7829999923706055,3.22912859916687,121129512
2017-08-09,510300.SS,3.7799999713897705,3.7920000553131104,3.7669999599456787,3.7799999713897705,3.2265677452087402,96191652
2017-08-10,510300.SS,3.7730000019073486,3.8010001182556152,3.74399995803833,3.7720000743865967,3.2197389602661133,138679903
2017-08-11,510300.SS,3.747999906539917,3.75600004196167,3.694999933242798,3.700000047683716,3.158280611038208,181664345
2017-08-14,510300.SS,3.7009999752044678,3.753000020980835,3.7009999752044678,3.746000051498413,3.1975457668304443,148955883
2017-08-15,510300.SS,3.746999979019165,3.7709999084472656,3.742000102996826,3.75600004196167,3.2060813903808594,238628000
2017-08-16,510300.SS,3.752000093460083,3.756999969482422,3.7290000915527344,3.75,3.200960159301758,88139928
2017-08-17,510300.SS,3.75600004196167,3.7799999713897705,3.753999948501587,3.7790000438690186,3.2257142066955566,70331808
2017-08-18,510300.SS,3.7669999599456787,3.7899999618530273,3.755000114440918,3.7809998989105225,3.2274210453033447,72499742
2017-08-21,510300.SS,3.7909998893737793,3.805999994277954,3.7820000648498535,3.796999931335449,3.2410783767700195,49078814
2017-08-22,510300.SS,3.7960000038146973,3.811000108718872,3.7860000133514404,3.802999973297119,3.2462003231048584,72334729
2017-08-23,510300.SS,3.802999973297119,3.8289999961853027,3.796999931335449,3.812999963760376,3.2547364234924316,56394516
2017-08-24,510300.SS,3.812999963760376,3.822000026702881,3.7880001068115234,3.7929999828338623,3.237664222717285,76400150
2017-08-25,510300.SS,3.7920000553131104,3.859999895095825,3.7909998893737793,3.8589999675750732,3.294001340866089,202389591
2017-08-28,510300.SS,3.861999988555908,3.927999973297119,3.861999988555908,3.9030001163482666,3.331559419631958,229744938
2017-08-29,510300.SS,3.9040000438690186,3.9070000648498535,3.888000011444092,3.8949999809265137,3.324730396270752,121835533
2017-08-30,510300.SS,3.8940000534057617,3.9119999408721924,3.8889999389648438,3.8910000324249268,3.3213164806365967,83783479
2017-08-31,510300.SS,3.8910000324249268,3.9010000228881836,3.861999988555908,3.884000062942505,3.315340757369995,116677103
2017-09-01,510300.SS,3.884000062942505,3.9019999504089355,3.875,3.8889999389648438,3.3196089267730713,90011878
2017-09-04,510300.SS,3.8889999389648438,3.9059998989105225,3.869999885559082,3.9030001163482666,3.331559419631958,128022660
2017-09-05,510300.SS,3.9030001163482666,3.9240000247955322,3.9000000953674316,3.9170000553131104,3.3435091972351074,70319888
2017-09-06,510300.SS,3.9079999923706055,3.9179999828338623,3.8910000324249268,3.9049999713897705,3.333266258239746,78784301
2017-09-07,510300.SS,3.9079999923706055,3.9200000762939453,3.88700008392334,3.888000011444092,3.3187553882598877,51305517
2017-09-08,510300.SS,3.890000104904175,3.9040000438690186,3.868000030517578,3.884000062942505,3.315340757369995,58651566
2017-09-11,510300.SS,3.8889999389648438,3.9170000553131104,3.88100004196167,3.890000104904175,3.320462226867676,76006016
2017-09-12,510300.SS,3.9000000953674316,3.9130001068115234,3.884000062942505,3.9000000953674316,3.328998565673828,62323672
2017-09-13,510300.SS,3.9019999504089355,3.9079999923706055,3.884999990463257,3.9030001163482666,3.331559419631958,59311179
2017-09-14,510300.SS,3.9010000228881836,3.9149999618530273,3.88100004196167,3.890000104904175,3.320462226867676,62545471
2017-09-15,510300.SS,3.888000011444092,3.9010000228881836,3.877000093460083,3.8959999084472656,3.3255839347839355,92683628
2017-09-18,510300.SS,3.8929998874664307,3.930000066757202,3.890000104904175,3.9110000133514404,3.338387966156006,110703771
2017-09-19,510300.SS,3.9119999408721924,3.9149999618530273,3.871999979019165,3.885999917984009,3.3170480728149414,88757581
2017-09-20,510300.SS,3.884000062942505,3.9089999198913574,3.881999969482422,3.9040000438690186,3.3324129581451416,69777749
2017-09-21,510300.SS,3.9040000438690186,3.9159998893737793,3.8910000324249268,3.9049999713897705,3.333266258239746,120840286
2017-09-22,510300.SS,3.890000104904175,3.8989999294281006,3.875999927520752,3.8940000534057617,3.3238768577575684,74723487
2017-09-25,510300.SS,3.8889999389648438,3.8910000324249268,3.869999885559082,3.878000020980835,3.3102197647094727,84546032
2017-09-26,510300.SS,3.872999906539917,3.881999969482422,3.871000051498413,3.880000114440918,3.311927080154419,60566307
2017-09-27,510300.SS,3.878999948501587,3.8940000534057617,3.874000072479248,3.882999897003174,3.3144872188568115,54881178
2017-09-28,510300.SS,3.882999897003174,3.8929998874664307,3.872999906539917,3.8889999389648438,3.3196089267730713,49663885
2017-09-29,510300.SS,3.8889999389648438,3.9189999103546143,3.8889999389648438,3.9019999504089355,3.3307056427001953,88762589
2017-10-09,510300.SS,3.9719998836517334,3.984999895095825,3.940999984741211,3.943000078201294,3.3657031059265137,165313691
2017-10-10,510300.SS,3.940000057220459,3.9570000171661377,3.9200000762939453,3.947999954223633,3.3699707984924316,141763845
2017-10-11,510300.SS,3.947999954223633,3.9690001010894775,3.940999984741211,3.9630000591278076,3.382774591445923,108213609
2017-10-12,510300.SS,3.9619998931884766,3.9809999465942383,3.9560000896453857,3.9800000190734863,3.3972856998443604,110217642
2017-10-13,510300.SS,3.9709999561309814,3.989000082015991,3.9709999561309814,3.98799991607666,3.4041144847869873,54857403
2017-10-16,510300.SS,3.98799991607666,4.002999782562256,3.9730000495910645,3.9739999771118164,3.392164468765259,105285388
2017-10-17,510300.SS,3.9739999771118164,3.9820001125335693,3.9630000591278076,3.9719998836517334,3.3904566764831543,73448262
2017-10-18,510300.SS,3.9709999561309814,4.000999927520752,3.9709999561309814,3.996000051498413,3.4109432697296143,95552332
2017-10-19,510300.SS,3.997999906539917,3.997999906539917,3.9800000190734863,3.984999895095825,3.4015536308288574,95638856
2017-10-20,510300.SS,3.9820001125335693,3.986999988555908,3.9730000495910645,3.9830000400543213,3.399846315383911,51650766
2017-10-23,510300.SS,3.986999988555908,3.997999906539917,3.9760000705718994,3.994999885559082,3.4100894927978516,88406936
2017-10-24,510300.SS,3.9860000610351562,4.021999835968018,3.9839999675750732,4.020999908447266,3.4322829246520996,93931730
2017-10-25,510300.SS,4.014999866485596,4.039000034332275,4.011000156402588,4.033999919891357,3.4433794021606445,64082799
2017-10-26,510300.SS,4.034999847412109,4.077000141143799,4.0269999504089355,4.063000202178955,3.4681336879730225,140318002
2017-10-27,510300.SS,4.058000087738037,4.084000110626221,4.056000232696533,4.083000183105469,3.4852051734924316,69986193
2017-10-30,510300.SS,4.085999965667725,4.090000152587891,4.019000053405762,4.065000057220459,3.4698407649993896,155769168
2017-10-31,510300.SS,4.052000045776367,4.066999912261963,4.041999816894531,4.061999797821045,3.4672796726226807,67683593
2017-11-01,510300.SS,4.060999870300293,4.0879998207092285,4.044000148773193,4.047999858856201,3.455329418182373,129829402
2017-11-02,510300.SS,4.047999858856201,4.056000232696533,4.031000137329102,4.054999828338623,3.4613046646118164,98210650
2017-11-03,510300.SS,4.051000118255615,4.059999942779541,4.01800012588501,4.044000148773193,3.4519152641296387,112590577
2017-11-06,510300.SS,4.038000106811523,4.081999778747559,4.031000137329102,4.079999923706055,3.4826443195343018,60852136
2017-11-07,510300.SS,4.078999996185303,4.130000114440918,4.077000141143799,4.119999885559082,3.5167882442474365,103209215
2017-11-08,510300.SS,4.116000175476074,4.15500020980835,4.103000164031982,4.111000061035156,3.509105682373047,99446750
2017-11-09,510300.SS,4.10699987411499,4.14300012588501,4.1020002365112305,4.142000198364258,3.53556752204895,121757350
2017-11-10,510300.SS,4.133999824523926,4.184999942779541,4.125999927520752,4.178999900817871,3.5671498775482178,126033530
2017-11-13,510300.SS,4.179999828338623,4.199999809265137,4.177000045776367,4.188000202178955,3.5748324394226074,88966535
2017-11-14,510300.SS,4.190000057220459,4.192999839782715,4.1519999504089355,4.156000137329102,3.5475175380706787,132724100
2017-11-15,510300.SS,4.14900016784668,4.158999919891357,4.11899995803833,4.125999927520752,3.521909475326538,255412300
2017-11-16,510300.SS,4.125,4.169000148773193,4.120999813079834,4.164999961853027,3.55519962310791,193305451
2017-11-17,510300.SS,4.1579999923706055,4.175000190734863,4.142000198364258,4.170000076293945,3.5594675540924072,188891042
2017-11-20,510300.SS,4.1579999923706055,4.203999996185303,4.124000072479248,4.203000068664551,3.5876359939575195,140347463
2017-11-21,510300.SS,4.197000026702881,4.288000106811523,4.190000057220459,4.285999774932861,3.6584837436676025,172888221
2017-11-22,510300.SS,4.2870001792907715,4.324999809265137,4.25,4.284999847412109,3.65762996673584,154947659
2017-11-23,510300.SS,4.2789998054504395,4.2789998054504395,4.138999938964844,4.14900016784668,3.5415422916412354,299273363
2017-11-24,510300.SS,4.138999938964844,4.171999931335449,4.116000175476074,4.1529998779296875,3.5449564456939697,216014969
2017-11-27,510300.SS,4.139999866485596,4.146999835968018,4.083000183105469,4.085999965667725,3.4877657890319824,273105200
2017-11-28,510300.SS,4.080999851226807,4.110000133514404,4.070000171661377,4.105000019073486,3.503984212875366,104832040
2017-11-29,510300.SS,4.109000205993652,4.119999885559082,4.051000118255615,4.10099983215332,3.5005695819854736,119168219
2017-11-30,510300.SS,4.0970001220703125,4.105999946594238,4.044000148773193,4.053999900817871,3.4604508876800537,117615115
2017-12-01,510300.SS,4.052999973297119,4.085000038146973,4.039999961853027,4.057000160217285,3.463012218475342,84713268
2017-12-04,510300.SS,4.052999973297119,4.091000080108643,4.035999774932861,4.073999881744385,3.477522850036621,77888620
2017-12-05,510300.SS,4.064000129699707,4.105999946594238,4.063000202178955,4.098999977111816,3.4988627433776855,81856493
2017-12-06,510300.SS,4.090000152587891,4.090000152587891,4.026000022888184,4.067999839782715,3.4724011421203613,90833542
2017-12-07,510300.SS,4.063000202178955,4.076000213623047,4.007999897003174,4.021999835968018,3.433135986328125,89747869
2017-12-08,510300.SS,4.021999835968018,4.072000026702881,4.017000198364258,4.060999870300293,3.466426372528076,94170770
2017-12-11,510300.SS,4.059999942779541,4.130000114440918,4.059999942779541,4.127999782562256,3.5236165523529053,92127790
2017-12-12,510300.SS,4.124000072479248,4.124000072479248,4.060999870300293,4.063000202178955,3.4681336879730225,109485456
2017-12-13,510300.SS,4.063000202178955,4.10099983215332,4.056000232696533,4.0920000076293945,3.4928877353668213,115979105
2017-12-14,510300.SS,4.0929999351501465,4.104000091552734,4.063000202178955,4.078999996185303,3.481790781021118,155910158
2017-12-15,510300.SS,4.067999839782715,4.070000171661377,4.020999908447266,4.025000095367432,3.435696840286255,92548743
2017-12-18,510300.SS,4.0279998779296875,4.057000160217285,4.013000011444092,4.026000022888184,3.4365508556365967,102803098
2017-12-19,510300.SS,4.03000020980835,4.080999851226807,4.03000020980835,4.078999996185303,3.481790781021118,105296944
2017-12-20,510300.SS,4.076000213623047,4.0879998207092285,4.060999870300293,4.070000171661377,3.474108934402466,93004698
2017-12-21,510300.SS,4.061999797821045,4.133999824523926,4.059999942779541,4.119999885559082,3.5167882442474365,241553329
2017-12-22,510300.SS,4.118000030517578,4.123000144958496,4.0970001220703125,4.10099983215332,3.5005695819854736,129764867
2017-12-25,510300.SS,4.104000091552734,4.136000156402588,4.072000026702881,4.081999778747559,3.484351634979248,170234108
2017-12-26,510300.SS,4.085000038146973,4.104000091552734,4.065000057220459,4.093999862670898,3.4945948123931885,208995198
2017-12-27,510300.SS,4.09499979019165,4.0980000495910645,4.021999835968018,4.026000022888184,3.4365508556365967,208485856
2017-12-28,510300.SS,4.031000137329102,4.078000068664551,4.020999908447266,4.063000202178955,3.4681336879730225,193950965
2017-12-29,510300.SS,4.065999984741211,4.083000183105469,4.053999900817871,4.076000213623047,3.4792304039001465,108315943
2018-01-02,510300.SS,4.085999965667725,4.138000011444092,4.084000110626221,4.136000156402588,3.5304453372955322,168876561
2018-01-03,510300.SS,4.136000156402588,4.185999870300293,4.131999969482422,4.1579999923706055,3.549224615097046,126793328
2018-01-04,510300.SS,4.1579999923706055,4.179999828338623,4.150000095367432,4.171000003814697,3.560321092605591,92220709
2018-01-05,510300.SS,4.178999900817871,4.197000026702881,4.164999961853027,4.186999797821045,3.5739786624908447,127131673
2018-01-08,510300.SS,4.185999870300293,4.214000225067139,4.172999858856201,4.203999996185303,3.5884897708892822,105696705
2018-01-09,510300.SS,4.203999996185303,4.241000175476074,4.197000026702881,4.23799991607666,3.617511749267578,107946072
2018-01-10,510300.SS,4.234000205993652,4.260000228881836,4.2210001945495605,4.25600004196167,3.6328766345977783,144965698
2018-01-11,510300.SS,4.249000072479248,4.25600004196167,4.23199987411499,4.25,3.6277546882629395,98475059
2018-01-12,510300.SS,4.25,4.2769999504089355,4.244999885559082,4.2729997634887695,3.6473867893218994,103574919
2018-01-15,510300.SS,4.2729997634887695,4.309999942779541,4.261000156402588,4.264999866485596,3.6405584812164307,157364726
2018-01-16,510300.SS,4.264999866485596,4.310999870300293,4.260000228881836,4.308000087738037,3.677262306213379,123183954
2018-01-17,510300.SS,4.309000015258789,4.327000141143799,4.281000137329102,4.295000076293945,3.666166067123413,158939722
2018-01-18,510300.SS,4.301000118255615,4.335999965667725,4.297999858856201,4.322999954223633,3.6900670528411865,125086310
2018-01-19,510300.SS,4.324999809265137,4.364999771118164,4.322000026702881,4.335000038146973,3.7003097534179688,218506460
2018-01-22,510300.SS,4.322000026702881,4.39300012588501,4.322000026702881,4.389999866485596,3.7472567558288574,139873365
2018-01-23,510300.SS,4.353000164031982,4.388999938964844,4.349999904632568,4.388000011444092,3.785212755203247,158466266
2018-01-24,510300.SS,4.388000011444092,4.400000095367432,4.355999946594238,4.390999794006348,3.7878005504608154,161345725
2018-01-25,510300.SS,4.388000011444092,4.389999866485596,4.341000080108643,4.36299991607666,3.7636468410491943,154871983
2018-01-26,510300.SS,4.349999904632568,4.414000034332275,4.34499979019165,4.385000228881836,3.782625436782837,98413154
2018-01-29,510300.SS,4.394999980926514,4.400000095367432,4.290999889373779,4.302000045776367,3.711027145385742,214053187
2018-01-30,510300.SS,4.291999816894531,4.309999942779541,4.255000114440918,4.257999897003174,3.6730713844299316,161687140
2018-01-31,510300.SS,4.245999813079834,4.285999774932861,4.239999771118164,4.270999908447266,3.6842849254608154,166736854
2018-02-01,510300.SS,4.269999980926514,4.288000106811523,4.216000080108643,4.241000175476074,3.658406972885132,439073590
2018-02-02,510300.SS,4.210000038146973,4.2729997634887695,4.188000202178955,4.267000198364258,3.680835247039795,212796141
2018-02-05,510300.SS,4.229000091552734,4.26800012588501,4.210000038146973,4.263000011444092,3.677384614944458,230839513
2018-02-06,510300.SS,4.199999809265137,4.2129998207092285,4.136000156402588,4.14300012588501,3.573869228363037,313173133
2018-02-07,510300.SS,4.199999809265137,4.209000110626221,4.039000034332275,4.045000076293945,3.4893314838409424,339517812
2018-02-08,510300.SS,4.039999961853027,4.072000026702881,3.9809999465942383,4.01200008392334,3.460864782333374,312348562
2018-02-09,510300.SS,3.9049999713897705,3.9210000038146973,3.7639999389648438,3.8269999027252197,3.3012781143188477,416837179
2018-02-12,510300.SS,3.8359999656677246,3.9049999713897705,3.8239998817443848,3.881999969482422,3.3487231731414795,193558868
2018-02-13,510300.SS,3.9170000553131104,3.9809999465942383,3.9170000553131104,3.928999900817871,3.3892664909362793,162462468
2018-02-14,510300.SS,3.940999984741211,3.9709999561309814,3.927000045776367,3.9639999866485596,3.4194583892822266,93035624
2018-02-22,510300.SS,4.015999794006348,4.052999973297119,4.001999855041504,4.046000003814697,3.490194320678711,189064057
2018-02-23,510300.SS,4.053999900817871,4.078000068664551,4.0329999923706055,4.067999839782715,3.509171724319458,157657247
2018-02-26,510300.SS,4.0980000495910645,4.132999897003174,4.050000190734863,4.119999885559082,3.5540287494659424,202772259
2018-02-27,510300.SS,4.127999782562256,4.129000186920166,4.054999828338623,4.060999870300293,3.503133535385132,211823291
2018-02-28,510300.SS,4.0279998779296875,4.054999828338623,3.994999885559082,4.019999980926514,3.4677658081054688,239224566
2018-03-01,510300.SS,4.0,4.066999912261963,3.993000030517578,4.048999786376953,3.492781639099121,118636949
2018-03-02,510300.SS,4.019999980926514,4.043000221252441,4.007999897003174,4.021999835968018,3.4694907665252686,90614682
2018-03-05,510300.SS,4.025000095367432,4.048999786376953,3.990000009536743,4.013000011444092,3.4617273807525635,96012470
2018-03-06,510300.SS,4.041999816894531,4.073999881744385,3.996999979019165,4.072999954223633,3.5134851932525635,133593823
2018-03-07,510300.SS,4.070000171661377,4.0929999351501465,4.031000137329102,4.039999961853027,3.485018491744995,139728541
2018-03-08,510300.SS,4.041999816894531,4.083000183105469,4.031000137329102,4.080999851226807,3.5203857421875,93207522
2018-03-09,510300.SS,4.0879998207092285,4.117000102996826,4.073999881744385,4.111000061035156,3.546264886856079,111687110
2018-03-12,510300.SS,4.13100004196167,4.1479997634887695,4.117000102996826,4.123000144958496,3.5566165447235107,294989163
2018-03-13,510300.SS,4.119999885559082,4.126999855041504,4.077000141143799,4.078999996185303,3.5186607837677,143512766
2018-03-14,510300.SS,4.070000171661377,4.085000038146973,4.060999870300293,4.065000057220459,3.5065841674804688,120903364
2018-03-15,510300.SS,4.059999942779541,4.0980000495910645,4.052000045776367,4.09499979019165,3.5324623584747314,100079431
2018-03-16,510300.SS,4.090000152587891,4.105000019073486,4.048999786376953,4.050000190734863,3.4936444759368896,88323264
2018-03-19,510300.SS,4.048999786376953,4.074999809265137,4.0289998054504395,4.072000026702881,3.512622117996216,80902013
2018-03-20,510300.SS,4.059000015258789,4.081999778747559,4.033999919891357,4.070000171661377,3.510897397994995,75493600
2018-03-21,510300.SS,4.085999965667725,4.113999843597412,4.039999961853027,4.048999786376953,3.492781639099121,129100272
2018-03-22,510300.SS,4.056000232696533,4.068999767303467,4.002999782562256,4.013000011444092,3.4617273807525635,98444017
2018-03-23,510300.SS,3.9000000953674316,3.9230000972747803,3.825000047683716,3.8940000534057617,3.359074354171753,278976065
2018-03-26,510300.SS,3.86299991607666,3.885999917984009,3.8269999027252197,3.875999927520752,3.3435473442077637,233957550
2018-03-27,510300.SS,3.9210000038146973,3.930000066757202,3.884999990463257,3.9110000133514404,3.373739242553711,143793379
2018-03-28,510300.SS,3.874000072479248,3.9040000438690186,3.8289999961853027,3.8320000171661377,3.305591344833374,135099139
2018-03-29,510300.SS,3.8469998836517334,3.9189999103546143,3.7929999828338623,3.9019999504089355,3.3659756183624268,193453972
2018-03-30,510300.SS,3.9030001163482666,3.9149999618530273,3.878000020980835,3.8959999084472656,3.360799551010132,92303130
2018-04-02,510300.SS,3.8970000743865967,3.936000108718872,3.880000114440918,3.882999897003174,3.34958553314209,177505995
2018-04-03,510300.SS,3.8589999675750732,3.878000020980835,3.8369998931884766,3.8580000400543213,3.3280200958251953,140985282
2018-04-04,510300.SS,3.867000102996826,3.8959999084472656,3.8429999351501465,3.8480000495910645,3.3193933963775635,102878409
2018-04-09,510300.SS,3.8519999980926514,3.875,3.828000068664551,3.8529999256134033,3.323707103729248,119199109
2018-04-10,510300.SS,3.8570001125335693,3.928999900817871,3.8529999256134033,3.927999973297119,3.388404130935669,159073409
2018-04-11,510300.SS,3.937999963760376,3.9570000171661377,3.9260001182556152,3.933000087738037,3.3927175998687744,136495500
2018-04-12,510300.SS,3.931999921798706,3.937999963760376,3.8910000324249268,3.8919999599456787,3.357349395751953,96730312
2018-04-13,510300.SS,3.9149999618530273,3.927000045776367,3.8580000400543213,3.865000009536743,3.3340580463409424,121246776
2018-04-16,510300.SS,3.8580000400543213,3.869999885559082,3.7909998893737793,3.803999900817871,3.281437635421753,114159639
2018-04-17,510300.SS,3.815000057220459,3.819999933242798,3.744999885559082,3.747999906539917,3.233130931854248,138299800
2018-04-18,510300.SS,3.7809998989105225,3.7950000762939453,3.7100000381469727,3.75600004196167,3.2400317192077637,212567660
2018-04-19,510300.SS,3.765000104904175,3.819000005722046,3.7639999389648438,3.809000015258789,3.2857513427734375,171495153
2018-04-20,510300.SS,3.796999931335449,3.809999942779541,3.743000030517578,3.75,3.234856367111206,163178579
2018-04-23,510300.SS,3.743000030517578,3.7890000343322754,3.7309999465942383,3.7660000324249268,3.2486581802368164,106409975
2018-04-24,510300.SS,3.7739999294281006,3.8550000190734863,3.7739999294281006,3.8450000286102295,3.316805839538574,179486723
2018-04-25,510300.SS,3.8289999961853027,3.8369998931884766,3.812999963760376,3.822000026702881,3.2969653606414795,107213904
2018-04-26,510300.SS,3.8269999027252197,3.8340001106262207,3.740000009536743,3.746000051498413,3.231405735015869,127956877
2018-04-27,510300.SS,3.7660000324249268,3.7690000534057617,3.7119998931884766,3.753999948501587,3.238306760787964,117876195
2018-05-02,510300.SS,3.7699999809265137,3.7890000343322754,3.740999937057495,3.7660000324249268,3.2486581802368164,113098000
2018-05-03,510300.SS,3.75600004196167,3.802000045776367,3.7309999465942383,3.7880001068115234,3.2676360607147217,150087441
2018-05-04,510300.SS,3.7860000133514404,3.7990000247955322,3.7639999389648438,3.7699999809265137,3.2521088123321533,111229369
2018-05-07,510300.SS,3.7760000228881836,3.8350000381469727,3.7699999809265137,3.8310000896453857,3.3047289848327637,151975283
2018-05-08,510300.SS,3.8350000381469727,3.8910000324249268,3.8299999237060547,3.88100004196167,3.347860336303711,188264393
2018-05-09,510300.SS,3.880000114440918,3.88100004196167,3.8529999256134033,3.869999885559082,3.3383712768554688,87267325
2018-05-10,510300.SS,3.88100004196167,3.8980000019073486,3.861999988555908,3.8959999084472656,3.360799551010132,99489112
2018-05-11,510300.SS,3.9030001163482666,3.9100000858306885,3.86899995803833,3.872999906539917,3.340959072113037,85096764
2018-05-14,510300.SS,3.88100004196167,3.9159998893737793,3.88100004196167,3.9070000648498535,3.370288610458374,180928713
2018-05-15,510300.SS,3.9149999618530273,3.921999931335449,3.884000062942505,3.921999931335449,3.383228063583374,144488809
2018-05-16,510300.SS,3.9079999923706055,3.9170000553131104,3.881999969482422,3.890000104904175,3.355623722076416,87803478
2018-05-17,510300.SS,3.8919999599456787,3.8970000743865967,3.8559999465942383,3.8570001125335693,3.3271572589874268,83591034
2018-05-18,510300.SS,3.861999988555908,3.9040000438690186,3.8440001010894775,3.8989999294281006,3.3633878231048584,191679213
2018-05-21,510300.SS,3.924999952316284,3.941999912261963,3.9059998989105225,3.9179999828338623,3.3797779083251953,158257390
2018-05-22,510300.SS,3.9179999828338623,3.9179999828338623,3.878000020980835,3.9019999504089355,3.3659756183624268,84688776
2018-05-23,510300.SS,3.8919999599456787,3.8929998874664307,3.8499999046325684,3.8510000705718994,3.32198166847229,110004473
2018-05-24,510300.SS,3.8499999046325684,3.859999895095825,3.815999984741211,3.819999933242798,3.2952401638031006,121639995
2018-05-25,510300.SS,3.819000005722046,3.8389999866485596,3.8010001182556152,3.811000108718872,3.2874765396118164,103168428
2018-05-28,510300.SS,3.819000005722046,3.8499999046325684,3.8010001182556152,3.8350000381469727,3.3081793785095215,91613409
2018-05-29,510300.SS,3.8299999237060547,3.8399999141693115,3.796999931335449,3.7990000247955322,3.2771248817443848,126385560
2018-05-30,510300.SS,3.76200008392334,3.7669999599456787,3.7260000705718994,3.7269999980926514,3.2150158882141113,144032281
2018-05-31,510300.SS,3.747999906539917,3.805999994277954,3.742000102996826,3.802999973297119,3.2805755138397217,170193623
2018-06-01,510300.SS,3.7860000133514404,3.7990000247955322,3.759999990463257,3.7769999504089355,3.2581470012664795,121025470
2018-06-04,510300.SS,3.796999931335449,3.818000078201294,3.7839999198913574,3.813999891281128,3.2900640964508057,126079681
2018-06-05,510300.SS,3.809999942779541,3.8499999046325684,3.802999973297119,3.8459999561309814,3.3176684379577637,104885997
2018-06-06,510300.SS,3.8410000801086426,3.8489999771118164,3.8310000896453857,3.8389999866485596,3.3116302490234375,83502820
2018-06-07,510300.SS,3.8529999256134033,3.86899995803833,3.8310000896453857,3.8380000591278076,3.31076717376709,109814321
2018-06-08,510300.SS,3.8299999237060547,3.8299999237060547,3.7679998874664307,3.7869999408721924,3.266773223876953,135333285
2018-06-11,510300.SS,3.7709999084472656,3.805000066757202,3.7699999809265137,3.796999931335449,3.2753992080688477,76834934
2018-06-12,510300.SS,3.7980000972747803,3.8480000495910645,3.7790000438690186,3.8350000381469727,3.3081793785095215,122168366
2018-06-13,510300.SS,3.822000026702881,3.8269999027252197,3.7899999618530273,3.7960000038146973,3.2745368480682373,114881661
2018-06-14,510300.SS,3.7850000858306885,3.821000099182129,3.7760000228881836,3.7860000133514404,3.2659106254577637,137252556
2018-06-15,510300.SS,3.7799999713897705,3.802000045776367,3.759999990463257,3.7799999713897705,3.260735034942627,130340300
2018-06-19,510300.SS,3.755000114440918,3.755000114440918,3.6110000610351562,3.6500000953674316,3.1485934257507324,351576108
2018-06-20,510300.SS,3.63700008392334,3.6670000553131104,3.6050000190734863,3.6500000953674316,3.1485934257507324,249030285
2018-06-21,510300.SS,3.6519999504089355,3.696000099182129,3.614000082015991,3.619999885559082,3.1227142810821533,333719959
2018-06-22,510300.SS,3.609999895095825,3.63700008392334,3.572000026702881,3.635999917984009,3.1365163326263428,154260956
2018-06-25,510300.SS,3.6480000019073486,3.6540000438690186,3.5840001106262207,3.5850000381469727,3.092522144317627,115424451
2018-06-26,510300.SS,3.5510001182556152,3.571000099182129,3.506999969482422,3.549999952316284,3.0623302459716797,202340188
2018-06-27,510300.SS,3.552999973297119,3.559999942779541,3.4570000171661377,3.4660000801086426,2.9898695945739746,200894524
2018-06-28,510300.SS,3.450000047683716,3.499000072479248,3.440000057220459,3.446000099182129,2.9726171493530273,162531044
2018-06-29,510300.SS,3.4489998817443848,3.5429999828338623,3.4489998817443848,3.5369999408721924,3.0511159896850586,170604955
2018-07-02,510300.SS,3.5309998989105225,3.5350000858306885,3.4049999713897705,3.443000078201294,2.970029354095459,212198117
2018-07-03,510300.SS,3.441999912261963,3.453000068664551,3.3489999771118164,3.430000066757202,2.958815097808838,361552434
2018-07-04,510300.SS,3.4230000972747803,3.440000057220459,3.3889999389648438,3.3940000534057617,2.927760362625122,126890878
2018-07-05,510300.SS,3.3949999809265137,3.427000045776367,3.359999895095825,3.365999937057495,2.90360689163208,172621249
2018-07-06,510300.SS,3.371999979019165,3.430999994277954,3.3299999237060547,3.3949999809265137,2.9286229610443115,235437839
2018-07-09,510300.SS,3.4100000858306885,3.496999979019165,3.4100000858306885,3.49399995803833,3.0140230655670166,229957247
2018-07-10,510300.SS,3.5,3.506999969482422,3.4690001010894775,3.503000020980835,3.021786689758301,145734481
2018-07-11,510300.SS,3.440000057220459,3.4600000381469727,3.3989999294281006,3.444999933242798,2.971754550933838,195431757
2018-07-12,510300.SS,3.443000078201294,3.5460000038146973,3.440999984741211,3.5280001163482666,3.0433528423309326,208933958
2018-07-13,510300.SS,3.5290000438690186,3.5429999828338623,3.5169999599456787,3.5339999198913574,3.0485286712646484,132747563
2018-07-16,510300.SS,3.5309998989105225,3.559000015258789,3.50600004196167,3.5190000534057617,3.0355892181396484,126517900
2018-07-17,510300.SS,3.515000104904175,3.5190000534057617,3.4700000286102295,3.496999979019165,3.016611337661743,121537372
2018-07-18,510300.SS,3.502000093460083,3.5350000858306885,3.4800000190734863,3.4809999465942383,3.0028088092803955,127613656
2018-07-19,510300.SS,3.499000072479248,3.5220000743865967,3.4679999351501465,3.4830000400543213,3.0045342445373535,141953100
2018-07-20,510300.SS,3.4809999465942383,3.565000057220459,3.4539999961853027,3.549999952316284,3.0623302459716797,193402166
2018-07-23,510300.SS,3.5299999713897705,3.5820000171661377,3.5199999809265137,3.572999954223633,3.0821707248687744,173776124
2018-07-24,510300.SS,3.5810000896453857,3.6570000648498535,3.5810000896453857,3.6389999389648438,3.139104127883911,260280530
2018-07-25,510300.SS,3.640000104904175,3.6449999809265137,3.621000051498413,3.638000011444092,3.138241767883301,202257308
2018-07-26,510300.SS,3.634999990463257,3.6489999294281006,3.5820000171661377,3.5910000801086426,3.0976979732513428,155486234
2018-07-27,510300.SS,3.5859999656677246,3.6040000915527344,3.569999933242798,3.5820000171661377,3.089934825897217,87662456
2018-07-30,510300.SS,3.5810000896453857,3.6070001125335693,3.5439999103546143,3.562000036239624,3.0726816654205322,159982013
2018-07-31,510300.SS,3.556999921798706,3.5940001010894775,3.552999973297119,3.575000047683716,3.0838966369628906,105773714
2018-08-01,510300.SS,3.5950000286102295,3.6089999675750732,3.49399995803833,3.494999885559082,3.014885902404785,269610753
2018-08-02,510300.SS,3.4839999675750732,3.486999988555908,3.378000020980835,3.4170000553131104,2.9476006031036377,270606239
2018-08-03,510300.SS,3.4159998893737793,3.430000066757202,3.368000030517578,3.36899995803833,2.9061944484710693,167573565
2018-08-06,510300.SS,3.36899995803833,3.4000000953674316,3.312999963760376,3.3340001106262207,2.876002788543701,222204999
2018-08-07,510300.SS,3.3399999141693115,3.428999900817871,3.322999954223633,3.427000045776367,2.9562270641326904,225098060
2018-08-08,510300.SS,3.4210000038146973,3.421999931335449,3.36299991607666,3.377000093460083,2.913095474243164,197563683
2018-08-09,510300.SS,3.365000009536743,3.4690001010894775,3.36299991607666,3.4579999446868896,2.982968330383301,229221996
2018-08-10,510300.SS,3.453000068664551,3.4820001125335693,3.436000108718872,3.4639999866485596,2.988144636154175,137674358
2018-08-13,510300.SS,3.430000066757202,3.4579999446868896,3.3919999599456787,3.4489998817443848,2.975205183029175,170754010
2018-08-14,510300.SS,3.446000099182129,3.4509999752044678,3.4119999408721924,3.434000015258789,2.962265729904175,97181092
2018-08-15,510300.SS,3.431999921798706,3.434000015258789,3.3450000286102295,3.3519999980926514,2.8915305137634277,151489700
2018-08-16,510300.SS,3.3299999237060547,3.377000093460083,3.2920000553131104,3.3380000591278076,2.879453420639038,207748996
2018-08-17,510300.SS,3.361999988555908,3.365999937057495,3.2780001163482666,3.2869999408721924,2.835458993911743,180110413
2018-08-20,510300.SS,3.2950000762939453,3.325000047683716,3.2699999809265137,3.322000026702881,2.8656513690948486,204679525
2018-08-21,510300.SS,3.321000099182129,3.3959999084472656,3.321000099182129,3.378999948501587,2.914820909500122,232249206
2018-08-22,510300.SS,3.384999990463257,3.384999990463257,3.3559999465942383,3.372999906539917,2.9096450805664062,116553337
2018-08-23,510300.SS,3.375,3.4030001163482666,3.3450000286102295,3.382999897003174,2.918271064758301,245065534
2018-08-24,510300.SS,3.377000093460083,3.4159998893737793,3.3489999771118164,3.388000011444092,2.9225845336914062,203133054
2018-08-27,510300.SS,3.3949999809265137,3.4739999771118164,3.3949999809265137,3.4730000495910645,2.99590802192688,224129105
2018-08-28,510300.SS,3.4739999771118164,3.4839999675750732,3.453000068664551,3.4630000591278076,2.987281560897827,143206281
2018-08-29,510300.SS,3.4590001106262207,3.4630000591278076,3.440999984741211,3.450000047683716,2.976067543029785,132357316
2018-08-30,510300.SS,3.450000047683716,3.4679999351501465,3.4100000858306885,3.4159998893737793,2.9467382431030273,162923699
2018-08-31,510300.SS,3.4019999504089355,3.4240000247955322,3.371999979019165,3.390000104904175,2.9243102073669434,149124071
2018-09-03,510300.SS,3.385999917984009,3.3949999809265137,3.3510000705718994,3.382999897003174,2.918271064758301,140562775
2018-09-04,510300.SS,3.381999969482422,3.437999963760376,3.369999885559082,3.4230000972747803,2.9527766704559326,174997837
2018-09-05,510300.SS,3.4100000858306885,3.4159998893737793,3.3519999980926514,3.3529999256134033,2.892392635345459,195263963
2018-09-06,510300.SS,3.3510000705718994,3.378000020980835,3.313999891281128,3.3239998817443848,2.8673765659332275,213334039
2018-09-07,510300.SS,3.3340001106262207,3.384000062942505,3.312999963760376,3.3459999561309814,2.8863542079925537,185057798
2018-09-10,510300.SS,3.3329999446868896,3.3429999351501465,3.2939999103546143,3.2980000972747803,2.8449480533599854,160330584
2018-09-11,510300.SS,3.2990000247955322,3.313999891281128,3.2739999294281006,3.2860000133514404,2.834596633911133,225378210
2018-09-12,510300.SS,3.2850000858306885,3.2909998893737793,3.259000062942505,3.263000011444092,2.814756155014038,206182200
2018-09-13,510300.SS,3.2960000038146973,3.315000057220459,3.256999969482422,3.2980000972747803,2.8449480533599854,259771423
2018-09-14,510300.SS,3.302000045776367,3.315000057220459,3.2880001068115234,3.302999973297119,2.8492610454559326,175624021
2018-09-17,510300.SS,3.2850000858306885,3.2909998893737793,3.2639999389648438,3.2720000743865967,2.822519540786743,115650820
2018-09-18,510300.SS,3.260999917984009,3.3389999866485596,3.259999990463257,3.3350000381469727,2.8768653869628906,236746841
2018-09-19,510300.SS,3.3299999237060547,3.4070000648498535,3.322999954223633,3.380000114440918,2.9156835079193115,446329246
2018-09-20,510300.SS,3.380000114440918,3.4130001068115234,3.371000051498413,3.378000020980835,2.9139583110809326,244090449
2018-09-21,510300.SS,3.388000011444092,3.4860000610351562,3.377000093460083,3.4839999675750732,3.005397081375122,477366017
2018-09-25,510300.SS,3.447000026702881,3.4579999446868896,3.430000066757202,3.4489998817443848,2.975205183029175,208980617
2018-09-26,510300.SS,3.450000047683716,3.5160000324249268,3.447999954223633,3.486999988555908,3.0079851150512695,301578428
2018-09-27,510300.SS,3.4749999046325684,3.486999988555908,3.4600000381469727,3.4719998836517334,2.9950456619262695,231202883
2018-09-28,510300.SS,3.4769999980926514,3.51200008392334,3.4730000495910645,3.507999897003174,3.0261001586914062,302266815
2018-10-08,510300.SS,3.430999994277954,3.434000015258789,3.3399999141693115,3.3410000801086426,2.8820414543151855,429904746
2018-10-09,510300.SS,3.3480000495910645,3.371000051498413,3.3359999656677246,3.3480000495910645,2.8880796432495117,196570044
2018-10-10,510300.SS,3.3510000705718994,3.378000020980835,3.313999891281128,3.3459999561309814,2.8863542079925537,263664079
2018-10-11,510300.SS,3.25,3.2720000743865967,3.1500000953674316,3.1740000247955322,2.7379822731018066,667556837
2018-10-12,510300.SS,3.177999973297119,3.249000072479248,3.1610000133514404,3.2330000400543213,2.788877487182617,500732547
2018-10-15,510300.SS,3.239000082015991,3.242000102996826,3.183000087738037,3.186000108718872,2.7483339309692383,292629244
2018-10-16,510300.SS,3.190000057220459,3.2279999256134033,3.1530001163482666,3.1649999618530273,2.7302186489105225,493884019
2018-10-17,510300.SS,3.2049999237060547,3.2149999141693115,3.125,3.1760001182556152,2.7397074699401855,643736526
2018-10-18,510300.SS,3.1549999713897705,3.1649999618530273,3.1050000190734863,3.1059999465942383,2.679323673248291,593291440
2018-10-19,510300.SS,3.0899999141693115,3.200000047683716,3.072999954223633,3.184999942779541,2.7474710941314697,673105315
2018-10-22,510300.SS,3.25,3.369999885559082,3.200000047683716,3.3529999256134033,2.892392635345459,934186388
2018-10-23,510300.SS,3.3499999046325684,3.3519999980926514,3.2219998836517334,3.240000009536743,2.7949156761169434,859975998
2018-10-24,510300.SS,3.2360000610351562,3.309000015258789,3.2290000915527344,3.244999885559082,2.7992286682128906,530668997
2018-10-25,510300.SS,3.1700000762939453,3.2660000324249268,3.1610000133514404,3.260999917984009,2.81303071975708,528384552
2018-10-26,510300.SS,3.2679998874664307,3.2850000858306885,3.203000068664551,3.2279999256134033,2.7845640182495117,449965791
2018-10-29,510300.SS,3.2190001010894775,3.2260000705718994,3.109999895095825,3.13100004196167,2.7008888721466064,408324867
2018-10-30,510300.SS,3.121000051498413,3.2019999027252197,3.1080000400543213,3.1679999828338623,2.7328062057495117,546588034
2018-10-31,510300.SS,3.174999952316284,3.2330000400543213,3.1640000343322754,3.2049999237060547,2.764723539352417,379812449
2018-11-01,510300.SS,3.240999937057495,3.2799999713897705,3.2219998836517334,3.2279999256134033,2.7845640182495117,517841018
2018-11-02,510300.SS,3.3499999046325684,3.378000020980835,3.2829999923706055,3.36299991607666,2.9010190963745117,857183305
2018-11-05,510300.SS,3.3399999141693115,3.3440001010894775,3.2860000133514404,3.319999933242798,2.8639256954193115,451180900
2018-11-06,510300.SS,3.308000087738037,3.315000057220459,3.2669999599456787,3.2990000247955322,2.845810651779175,337071814
2018-11-07,510300.SS,3.302000045776367,3.3359999656677246,3.2690000534057617,3.2720000743865967,2.822519540786743,392048742
2018-11-08,510300.SS,3.303999900817871,3.312000036239624,3.265000104904175,3.2690000534057617,2.819931745529175,312186607
2018-11-09,510300.SS,3.250999927520752,3.253000020980835,3.2260000705718994,3.2279999256134033,2.7845640182495117,300641309
2018-11-12,510300.SS,3.2200000286102295,3.2690000534057617,3.2149999141693115,3.2639999389648438,2.8156187534332275,347471891
2018-11-13,510300.SS,3.2279999256134033,3.316999912261963,3.2230000495910645,3.2980000972747803,2.8449480533599854,449938160
2018-11-14,510300.SS,3.2880001068115234,3.296999931335449,3.25,3.257999897003174,2.810443162918091,341269217
2018-11-15,510300.SS,3.257999897003174,3.302000045776367,3.255000114440918,3.3010001182556152,2.847536087036133,334424552
2018-11-16,510300.SS,3.305999994277954,3.3440001010894775,3.2780001163482666,3.311000108718872,2.8561625480651855,415306733
2018-11-19,510300.SS,3.309999942779541,3.3489999771118164,3.302999973297119,3.3480000495910645,2.8880796432495117,365042287
2018-11-20,510300.SS,3.3259999752044678,3.3340001106262207,3.2639999389648438,3.2750000953674316,2.8251075744628906,382519118
2018-11-21,510300.SS,3.244999885559082,3.2860000133514404,3.243000030517578,3.2780001163482666,2.827695608139038,289117040
2018-11-22,510300.SS,3.2850000858306885,3.2869999408721924,3.246000051498413,3.2690000534057617,2.819931745529175,322232716
2018-11-23,510300.SS,3.263000011444092,3.2660000324249268,3.180000066757202,3.184000015258789,2.7466087341308594,367248738
2018-11-26,510300.SS,3.193000078201294,3.2200000286102295,3.1740000247955322,3.188999891281128,2.7509214878082275,426056068
2018-11-27,510300.SS,3.2009999752044678,3.2130000591278076,3.1760001182556152,3.186000108718872,2.7483339309692383,279828903
2018-11-28,510300.SS,3.187000036239624,3.23799991607666,3.180000066757202,3.2339999675750732,2.7897393703460693,251727744
2018-11-29,510300.SS,3.250999927520752,3.259999990463257,3.200000047683716,3.2019999027252197,2.7621355056762695,203787998
2018-11-30,510300.SS,3.200000047683716,3.2360000610351562,3.190999984741211,3.234999895095825,2.790602684020996,269127077
2018-12-03,510300.SS,3.3269999027252197,3.3389999866485596,3.2920000553131104,3.319000005722046,2.863063335418701,592549035
2018-12-04,510300.SS,3.313999891281128,3.3289999961853027,3.302000045776367,3.3239998817443848,2.8673765659332275,220401803
2018-12-05,510300.SS,3.2880001068115234,3.328000068664551,3.2839999198913574,3.309000015258789,2.8544368743896484,269428273
2018-12-06,510300.SS,3.2809998989105225,3.2809998989105225,3.236999988555908,3.242000102996826,2.7966408729553223,435470972
2018-12-07,510300.SS,3.24399995803833,3.250999927520752,3.234999895095825,3.234999895095825,2.790602684020996,192426645
2018-12-10,510300.SS,3.2130000591278076,3.2300000190734863,3.191999912261963,3.2049999237060547,2.764723539352417,260128623
2018-12-11,510300.SS,3.2130000591278076,3.2209999561309814,3.200000047683716,3.2179999351501465,2.775937795639038,151831888
2018-12-12,510300.SS,3.234999895095825,3.246000051498413,3.2170000076293945,3.2290000915527344,2.7854268550872803,209047639
2018-12-13,510300.SS,3.234999895095825,3.2990000247955322,3.2300000190734863,3.2839999198913574,2.832871198654175,417723230
2018-12-14,510300.SS,3.2730000019073486,3.2739999294281006,3.2239999771118164,3.2269999980926514,2.7837016582489014,300148418
2018-12-17,510300.SS,3.2209999561309814,3.2330000400543213,3.197000026702881,3.2230000495910645,2.7802507877349854,350731460
2018-12-18,510300.SS,3.2070000171661377,3.2300000190734863,3.1700000762939453,3.183000087738037,2.745745897293091,327863254
2018-12-19,510300.SS,3.186000108718872,3.193000078201294,3.1429998874664307,3.1500000953674316,2.7172791957855225,291027768
2018-12-20,510300.SS,3.1429998874664307,3.1559998989105225,3.1029999256134033,3.127000093460083,2.6974387168884277,346518081
2018-12-21,510300.SS,3.11899995803833,3.121000051498413,3.068000078201294,3.0880000591278076,2.6637961864471436,386498126
2018-12-24,510300.SS,3.0769999027252197,3.0980000495910645,3.065999984741211,3.0950000286102295,2.669834613800049,241440710
2018-12-25,510300.SS,3.066999912261963,3.0899999141693115,3.0260000228881836,3.0759999752044678,2.653444528579712,403131569
2018-12-26,510300.SS,3.066999912261963,3.0850000381469727,3.0510001182556152,3.059000015258789,2.638779878616333,216459817
2018-12-27,510300.SS,3.0969998836517334,3.1019999980926514,3.0460000038146973,3.052000045776367,2.632741689682007,235347582
2018-12-28,510300.SS,3.058000087738037,3.0869998931884766,3.0460000038146973,3.059000015258789,2.638779878616333,389266656
2019-01-02,510300.SS,3.069999933242798,3.069999933242798,3.009000062942505,3.0169999599456787,2.6025495529174805,350934863
2019-01-03,510300.SS,3.0160000324249268,3.061000108718872,3.009999990463257,3.0169999599456787,2.6025495529174805,268176241
2019-01-04,510300.SS,3.000999927520752,3.0959999561309814,2.996999979019165,3.0940001010894775,2.6689717769622803,479847743
2019-01-07,510300.SS,3.000999927520752,3.118000030517578,3.0910000801086426,3.1070001125335693,2.6801862716674805,416831608
2019-01-08,510300.SS,3.1070001125335693,3.109999895095825,3.0940001010894775,3.1070001125335693,2.6801862716674805,197084842
2019-01-09,510300.SS,3.11899995803833,3.178999900817871,3.118000030517578,3.130000114440918,2.700026750564575,439688193
2019-01-10,510300.SS,3.128999948501587,3.1540000438690186,3.114000082015991,3.132999897003174,2.7026143074035645,247692317
2019-01-11,510300.SS,3.13100004196167,3.1649999618530273,3.128999948501587,3.1559998989105225,2.7224550247192383,251368241
2019-01-14,510300.SS,3.1549999713897705,3.1549999713897705,3.121999979019165,3.128999948501587,2.6991641521453857,203912053
2019-01-15,510300.SS,3.132999897003174,3.190000057220459,3.125999927520752,3.187999963760376,2.750059127807617,351830119
2019-01-16,510300.SS,3.13100004196167,3.131999969482422,3.114000082015991,3.128999948501587,2.750059127807617,187728100
2019-01-17,510300.SS,3.128999948501587,3.1449999809265137,3.109999895095825,3.111999988555908,2.7351176738739014,238176691
2019-01-18,510300.SS,3.121000051498413,3.174999952316284,3.121000051498413,3.1659998893737793,2.7825777530670166,388985926
2019-01-21,510300.SS,3.1659998893737793,3.200000047683716,3.1630001068115234,3.183000087738037,2.7975194454193115,285184899
2019-01-22,510300.SS,3.177000045776367,3.177000045776367,3.134999990463257,3.1429998874664307,2.7623629570007324,254310704
2019-01-23,510300.SS,3.134999990463257,3.1619999408721924,3.127000093460083,3.134999990463257,2.7553322315216064,225512623
2019-01-24,510300.SS,3.1389999389648438,3.1670000553131104,3.118000030517578,3.1589999198913574,2.776425361633301,254376976
2019-01-25,510300.SS,3.1619999408721924,3.203000068664551,3.1619999408721924,3.183000087738037,2.7975194454193115,272285916
2019-01-28,510300.SS,3.197000026702881,3.2290000915527344,3.1710000038146973,3.178999900817871,2.794003963470459,296695511
2019-01-29,510300.SS,3.171999931335449,3.203000068664551,3.1500000953674316,3.193000078201294,2.8063080310821533,358790006
2019-01-30,510300.SS,3.177999973297119,3.203000068664551,3.1689999103546143,3.171999931335449,2.787851333618164,212926833
2019-01-31,510300.SS,3.184000015258789,3.2160000801086426,3.177999973297119,3.2019999027252197,2.814218044281006,334294802
2019-02-01,510300.SS,3.2190001010894775,3.256999969482422,3.2019999027252197,3.255000114440918,2.860799551010132,351264883
2019-02-11,510300.SS,3.244999885559082,3.305000066757202,3.2320001125335693,3.299999952316284,2.9003500938415527,387253735
2019-02-12,510300.SS,3.2990000247955322,3.3310000896453857,3.2939999103546143,3.3239998817443848,2.921443223953247,372881020
2019-02-13,510300.SS,3.3289999961853027,3.4100000858306885,3.322999954223633,3.3929998874664307,2.9820871353149414,427801646
2019-02-14,510300.SS,3.3889999389648438,3.4140000343322754,3.380000114440918,3.3970000743865967,2.985602617263794,379756065
2019-02-15,510300.SS,3.38100004196167,3.3949999809265137,3.3359999656677246,3.3410000801086426,2.936384439468384,447946854
2019-02-18,510300.SS,3.36299991607666,3.440000057220459,3.36299991607666,3.437999963760376,3.021637201309204,471106363
2019-02-19,510300.SS,3.444999933242798,3.4709999561309814,3.4110000133514404,3.428999900817871,3.0137267112731934,678230531
2019-02-20,510300.SS,3.437000036239624,3.453000068664551,3.4149999618530273,3.437999963760376,3.021637201309204,611614499
2019-02-21,510300.SS,3.438999891281128,3.48799991607666,3.4179999828338623,3.434000015258789,3.0181214809417725,635292922
2019-02-22,510300.SS,3.428999900817871,3.5280001163482666,3.4100000858306885,3.5260000228881836,3.098979949951172,592121710
2019-02-25,510300.SS,3.5799999237060547,3.7799999713897705,3.559999942779541,3.7750000953674316,3.317824363708496,1151319843
2019-02-26,510300.SS,3.74399995803833,3.757999897003174,3.6730000972747803,3.690000057220459,3.2431182861328125,782003578
2019-02-27,510300.SS,3.688999891281128,3.7230000495910645,3.630000114440918,3.6700000762939453,3.2255406379699707,599435862
2019-02-28,510300.SS,3.6689999103546143,3.687000036239624,3.6429998874664307,3.6630001068115234,3.219388484954834,462897908
2019-03-01,510300.SS,3.690000057220459,3.749000072479248,3.6570000648498535,3.73799991607666,3.2853052616119385,652737527
2019-03-04,510300.SS,3.7699999809265137,3.875999927520752,3.75,3.7769999504089355,3.319582462310791,660330540
2019-03-05,510300.SS,3.7739999294281006,3.813999891281128,3.760999917984009,3.809000015258789,3.3477070331573486,443103496
2019-03-06,510300.SS,3.809000015258789,3.8499999046325684,3.7739999294281006,3.8350000381469727,3.370558023452759,580495917
2019-03-07,510300.SS,3.8299999237060547,3.8350000381469727,3.763000011444092,3.7929999828338623,3.3336448669433594,618420999
2019-03-08,510300.SS,3.7139999866485596,3.759999990463257,3.6510000228881836,3.6610000133514404,3.217630386352539,536077631
2019-03-11,510300.SS,3.6610000133514404,3.7219998836517334,3.6470000743865967,3.7100000381469727,3.2606959342956543,452305971
2019-03-12,510300.SS,3.73799991607666,3.7929999828338623,3.7079999446868896,3.734999895095825,3.2826685905456543,530745016
2019-03-13,510300.SS,3.73799991607666,3.747999906539917,3.693000078201294,3.7130000591278076,3.2633330821990967,483233618
2019-03-14,510300.SS,3.7049999237060547,3.7309999465942383,3.6679999828338623,3.686000108718872,3.239603042602539,354622924
2019-03-15,510300.SS,3.696000099182129,3.7780001163482666,3.696000099182129,3.734999895095825,3.2826685905456543,387005565
2019-03-18,510300.SS,3.7360000610351562,3.8519999980926514,3.7249999046325684,3.8499999046325684,3.3837413787841797,571415655
2019-03-19,510300.SS,3.8519999980926514,3.861999988555908,3.805000066757202,3.822000026702881,3.3591325283050537,397086476
2019-03-20,510300.SS,3.818000078201294,3.8459999561309814,3.7799999713897705,3.822000026702881,3.3591325283050537,327893321
2019-03-21,510300.SS,3.8259999752044678,3.8540000915527344,3.809999942779541,3.8239998817443848,3.3608901500701904,380012707
2019-03-22,510300.SS,3.822999954223633,3.8369998931884766,3.7720000743865967,3.8289999961853027,3.3652846813201904,302384437
2019-03-25,510300.SS,3.7679998874664307,3.7960000038146973,3.7269999980926514,3.7339999675750732,3.281789779663086,435950896
2019-03-26,510300.SS,3.747999906539917,3.757999897003174,3.677999973297119,3.694999933242798,3.2475128173828125,320140031
2019-03-27,510300.SS,3.7090001106262207,3.73799991607666,3.7009999752044678,3.7269999980926514,3.275637626647949,350739341
2019-03-28,510300.SS,3.7139999866485596,3.74399995803833,3.697999954223633,3.7170000076293945,3.26684832572937,256884436
2019-03-29,510300.SS,3.7249999046325684,3.878000020980835,3.7249999046325684,3.86899995803833,3.4004404544830322,634401638
2019-04-01,510300.SS,3.8940000534057617,3.9730000495910645,3.8940000534057617,3.9690001010894775,3.488330125808716,691035684
2019-04-02,510300.SS,3.9709999561309814,3.98799991607666,3.946000099182129,3.9619998931884766,3.482177257537842,383940043
2019-04-03,510300.SS,3.940000057220459,4.0289998054504395,3.934999942779541,4.014999866485596,3.5287587642669678,542017944
2019-04-04,510300.SS,4.0269999504089355,4.072000026702881,4.006999969482422,4.061999797821045,3.5700666904449463,521370108
2019-04-08,510300.SS,4.0980000495910645,4.127999782562256,4.000999927520752,4.035999774932861,3.547215700149536,763948328
2019-04-09,510300.SS,4.041999816894531,4.076000213623047,4.020999908447266,4.059999942779541,3.5683090686798096,371223765
2019-04-10,510300.SS,4.041999816894531,4.105999946594238,4.015999794006348,4.065999984741211,3.573582649230957,385994627
2019-04-11,510300.SS,4.065999984741211,4.084000110626221,3.9730000495910645,3.996000051498413,3.5120599269866943,502104128
2019-04-12,510300.SS,3.9830000400543213,3.997999906539917,3.953000068664551,3.9820001125335693,3.499755859375,282398882
2019-04-15,510300.SS,4.044000148773193,4.073999881744385,3.9560000896453857,3.9570000171661377,3.477782964706421,722580318
2019-04-16,510300.SS,3.937999963760376,4.078999996185303,3.934000015258789,4.077000141143799,3.5832507610321045,669085202
2019-04-17,510300.SS,4.076000213623047,4.0970001220703125,4.041999816894531,4.066999912261963,3.5744616985321045,418151517
2019-04-18,510300.SS,4.066999912261963,4.080999851226807,4.046000003814697,4.059999942779541,3.5683090686798096,356951847
2019-04-19,510300.SS,4.063000202178955,4.119999885559082,4.0289998054504395,4.119999885559082,3.6210429668426514,457838576
2019-04-22,510300.SS,4.119999885559082,4.119999885559082,4.0,4.017000198364258,3.5305168628692627,577508653
2019-04-23,510300.SS,4.005000114440918,4.051000118255615,3.99399995803833,4.010000228881836,3.524364471435547,353200067
2019-04-24,510300.SS,4.019000053405762,4.0320000648498535,3.953000068664551,4.015999794006348,3.5296378135681152,463122649
2019-04-25,510300.SS,4.0,4.010000228881836,3.930999994277954,3.933000087738037,3.4566898345947266,378555556
2019-04-26,510300.SS,3.9189999103546143,3.937999963760376,3.871000051498413,3.878999948501587,3.409229278564453,628809844
2019-05-06,510300.SS,3.7780001163482666,3.7899999618530273,3.640000104904175,3.6730000972747803,3.228177309036255,1214522745
2019-05-07,510300.SS,3.687999963760376,3.7309999465942383,3.6670000553131104,3.7070000171661377,3.258059501647949,483599688
2019-05-08,510300.SS,3.6570000648498535,3.7170000076293945,3.6429998874664307,3.6589999198913574,3.2158725261688232,475372780
2019-05-09,510300.SS,3.634999990463257,3.6519999504089355,3.569000005722046,3.6070001125335693,3.170170545578003,554053021
2019-05-10,510300.SS,3.634999990463257,3.7279999256134033,3.572999954223633,3.7200000286102295,3.2694852352142334,671996480
2019-05-13,510300.SS,3.684999942779541,3.687999963760376,3.6419999599456787,3.6519999504089355,3.2097203731536865,425777021
2019-05-14,510300.SS,3.630000114440918,3.677000045776367,3.622999906539917,3.634000062942505,3.1939005851745605,290068555
2019-05-15,510300.SS,3.6619999408721924,3.740000009536743,3.6619999408721924,3.7119998931884766,3.262454032897949,357513759
2019-05-16,510300.SS,3.7070000171661377,3.734999895095825,3.690999984741211,3.7300000190734863,3.2782740592956543,247437408
2019-05-17,510300.SS,3.7300000190734863,3.7339999675750732,3.630000114440918,3.6459999084472656,3.204447031021118,315390766
2019-05-20,510300.SS,3.634000062942505,3.6440000534057617,3.5759999752044678,3.6059999465942383,3.1692914962768555,388224753
2019-05-21,510300.SS,3.6050000190734863,3.684999942779541,3.6040000915527344,3.6510000228881836,3.208841323852539,350382927
2019-05-22,510300.SS,3.6540000438690186,3.6630001068115234,3.619999885559082,3.6419999599456787,3.2009313106536865,283508032
2019-05-23,510300.SS,3.625,3.631999969482422,3.578000068664551,3.5840001106262207,3.149955987930298,310608303
2019-05-24,510300.SS,3.5859999656677246,3.622999906539917,3.572999954223633,3.5899999141693115,3.155229091644287,299409208
2019-05-27,510300.SS,3.5910000801086426,3.6489999294281006,3.553999900817871,3.632999897003174,3.193021535873413,435101077
2019-05-28,510300.SS,3.628000020980835,3.677999973297119,3.625,3.6500000953674316,3.207962989807129,385067256
2019-05-29,510300.SS,3.640000104904175,3.690000057220459,3.631999969482422,3.6519999504089355,3.2097203731536865,292852624
2019-05-30,510300.SS,3.6459999084472656,3.6540000438690186,3.6070001125335693,3.6500000953674316,3.207962989807129,305426373
2019-05-31,510300.SS,3.6419999599456787,3.674999952316284,3.628999948501587,3.631999969482422,3.1921422481536865,276030098
2019-06-03,510300.SS,3.6449999809265137,3.681999921798706,3.61299991607666,3.640000104904175,3.199173927307129,330813060
2019-06-04,510300.SS,3.63700008392334,3.6449999809265137,3.5920000076293945,3.6070001125335693,3.170170545578003,326322903
2019-06-05,510300.SS,3.631999969482422,3.640000104904175,3.5959999561309814,3.5989999771118164,3.1631388664245605,328564451
2019-06-06,510300.SS,3.5989999771118164,3.6080000400543213,3.566999912261963,3.568000078201294,3.1358935832977295,366067403
2019-06-10,510300.SS,3.5799999237060547,3.634999990463257,3.5769999027252197,3.614000082015991,3.1763224601745605,335497545
2019-06-11,510300.SS,3.619999885559082,3.7360000610351562,3.619999885559082,3.7269999980926514,3.275637626647949,466796339
2019-06-12,510300.SS,3.7219998836517334,3.7219998836517334,3.690999984741211,3.6989998817443848,3.251028299331665,259724900
2019-06-13,510300.SS,3.694999933242798,3.7109999656677246,3.6600000858306885,3.691999912261963,3.2448766231536865,301229173
2019-06-14,510300.SS,3.694000005722046,3.7170000076293945,3.6579999923706055,3.6700000762939453,3.2255406379699707,344513947
2019-06-17,510300.SS,3.6640000343322754,3.6989998817443848,3.6600000858306885,3.6730000972747803,3.228177309036255,235206148
2019-06-18,510300.SS,3.677999973297119,3.691999912261963,3.6470000743865967,3.680999994277954,3.235208511352539,265370585
2019-06-19,510300.SS,3.7720000743865967,3.806999921798706,3.7320001125335693,3.734999895095825,3.2826685905456543,628901479
2019-06-20,510300.SS,3.7339999675750732,3.875,3.7320001125335693,3.8429999351501465,3.377588987350464,660928446
2019-06-21,510300.SS,3.8550000190734863,3.880000114440918,3.8329999446868896,3.8499999046325684,3.3837413787841797,421955172
2019-06-24,510300.SS,3.8550000190734863,3.86899995803833,3.8320000171661377,3.8559999465942383,3.389014720916748,307454039
2019-06-25,510300.SS,3.8550000190734863,3.8550000190734863,3.7699999809265137,3.816999912261963,3.3547377586364746,505703429
2019-06-26,510300.SS,3.7950000762939453,3.8299999237060547,3.7899999618530273,3.818000078201294,3.355617046356201,240208406
2019-06-27,510300.SS,3.819999933242798,3.880000114440918,3.819999933242798,3.859999895095825,3.3925299644470215,473076803
2019-06-28,510300.SS,3.859999895095825,3.859999895095825,3.8289999961853027,3.8589999675750732,3.3916513919830322,386269026
2019-07-01,510300.SS,3.921999931335449,3.9649999141693115,3.9100000858306885,3.9539999961853027,3.475146532058716,510266004
2019-07-02,510300.SS,3.9539999961853027,3.9660000801086426,3.937000036239624,3.9600000381469727,3.480419874191284,333843577
2019-07-03,510300.SS,3.9509999752044678,3.9509999752044678,3.9119999408721924,3.927000045776367,3.451416492462158,251838500
2019-07-04,510300.SS,3.9200000762939453,3.938999891281128,3.877000093460083,3.9010000228881836,3.428565263748169,386021727
2019-07-05,510300.SS,3.9000000953674316,3.928999900817871,3.888000011444092,3.9210000038146973,3.4461429119110107,236203923
2019-07-08,510300.SS,3.9030001163482666,3.9030001163482666,3.799999952316284,3.8310000896453857,3.367042303085327,422531310
2019-07-09,510300.SS,3.8359999656677246,3.8440001010894775,3.805999994277954,3.822000026702881,3.3591325283050537,218346083
2019-07-10,510300.SS,3.8350000381469727,3.8480000495910645,3.809999942779541,3.822999954223633,3.360011339187622,174479315
2019-07-11,510300.SS,3.8380000591278076,3.871999979019165,3.809999942779541,3.8239998817443848,3.3608901500701904,234524437
2019-07-12,510300.SS,3.821000099182129,3.869999885559082,3.819000005722046,3.8550000190734863,3.3881356716156006,246010770
2019-07-15,510300.SS,3.8410000801086426,3.9010000228881836,3.7899999618530273,3.86899995803833,3.4004404544830322,448461100
2019-07-16,510300.SS,3.86299991607666,3.875999927520752,3.8450000286102295,3.8529999256134033,3.386378288269043,182887400
2019-07-17,510300.SS,3.8420000076293945,3.865999937057495,3.828000068664551,3.8469998836517334,3.3811047077178955,219966800
2019-07-18,510300.SS,3.8340001106262207,3.8389999866485596,3.819999933242798,3.822000026702881,3.3591325283050537,230549411
2019-07-19,510300.SS,3.8320000171661377,3.882999897003174,3.8320000171661377,3.861999988555908,3.3942880630493164,319938127
2019-07-22,510300.SS,3.861999988555908,3.871999979019165,3.809999942779541,3.8320000171661377,3.3679215908050537,308863238
2019-07-23,510300.SS,3.8359999656677246,3.8450000286102295,3.822000026702881,3.8410000801086426,3.3758318424224854,167029018
2019-07-24,510300.SS,3.8540000915527344,3.9000000953674316,3.8519999980926514,3.871999979019165,3.4030771255493164,297445389
2019-07-25,510300.SS,3.871000051498413,3.9079999923706055,3.865999937057495,3.9070000648498535,3.4338386058807373,233629586
2019-07-26,510300.SS,3.890000104904175,3.9210000038146973,3.88700008392334,3.9119999408721924,3.438232660293579,285790892
2019-07-29,510300.SS,3.9100000858306885,3.9140000343322754,3.8919999599456787,3.9059998989105225,3.4329590797424316,247102162
2019-07-30,510300.SS,3.9100000858306885,3.9489998817443848,3.9089999198913574,3.9240000247955322,3.448779582977295,239654855
2019-07-31,510300.SS,3.9110000133514404,3.9140000343322754,3.88700008392334,3.8959999084472656,3.42417049407959,216422852
2019-08-01,510300.SS,3.878999948501587,3.888000011444092,3.8450000286102295,3.859999895095825,3.3925299644470215,312465662
2019-08-02,510300.SS,3.7899999618530273,3.809999942779541,3.7730000019073486,3.8010001182556152,3.3406758308410645,490613929
2019-08-05,510300.SS,3.7850000858306885,3.7909998893737793,3.7300000190734863,3.734999895095825,3.2826685905456543,354214662
2019-08-06,510300.SS,3.6760001182556152,3.7039999961853027,3.63700008392334,3.696000099182129,3.248392105102539,583702695
2019-08-07,510300.SS,3.7049999237060547,3.7109999656677246,3.6679999828338623,3.671999931335449,3.2272982597351074,278581169
2019-08-08,510300.SS,3.696000099182129,3.7300000190734863,3.696000099182129,3.7260000705718994,3.2747585773468018,280984950
2019-08-09,510300.SS,3.739000082015991,3.744999885559082,3.688999891281128,3.697000026702881,3.2492706775665283,210963917
2019-08-12,510300.SS,3.7079999446868896,3.757999897003174,3.7009999752044678,3.75600004196167,3.3011255264282227,180115577
2019-08-13,510300.SS,3.7269999980926514,3.740000009536743,3.7119998931884766,3.7239999771118164,3.273000955581665,155348999
2019-08-14,510300.SS,3.7690000534057617,3.7739999294281006,3.736999988555908,3.73799991607666,3.2853052616119385,193700550
2019-08-15,510300.SS,3.680000066757202,3.759000062942505,3.6760001182556152,3.753000020980835,3.2984883785247803,244306152
2019-08-16,510300.SS,3.750999927520752,3.7950000762939453,3.740999937057495,3.7690000534057617,3.3125507831573486,257412533
2019-08-19,510300.SS,3.7980000972747803,3.859999895095825,3.7799999713897705,3.8589999675750732,3.3916513919830322,327943205
2019-08-20,510300.SS,3.8510000705718994,3.865000009536743,3.8410000801086426,3.8429999351501465,3.377588987350464,206912094
2019-08-21,510300.SS,3.8410000801086426,3.8519999980926514,3.8359999656677246,3.8420000076293945,3.3767101764678955,242245207
2019-08-22,510300.SS,3.8519999980926514,3.8550000190734863,3.8299999237060547,3.8499999046325684,3.3837413787841797,264778500
2019-08-23,510300.SS,3.8529999256134033,3.8919999599456787,3.8429999351501465,3.877000093460083,3.4074714183807373,285682076
2019-08-26,510300.SS,3.822999954223633,3.8459999561309814,3.815999984741211,3.8340001106262207,3.3696792125701904,267490225
2019-08-27,510300.SS,3.8489999771118164,3.9140000343322754,3.8469998836517334,3.874000072479248,3.4048349857330322,366176008
2019-08-28,510300.SS,3.872999906539917,3.882999897003174,3.8529999256134033,3.861999988555908,3.3942880630493164,173957985
2019-08-29,510300.SS,3.867000102996826,3.86899995803833,3.828000068664551,3.8510000705718994,3.384620189666748,233928253
2019-08-30,510300.SS,3.875999927520752,3.8970000743865967,3.8359999656677246,3.8610000610351562,3.393409252166748,276281765
2019-09-02,510300.SS,3.8589999675750732,3.9230000972747803,3.8580000400543213,3.9040000438690186,3.431201934814453,301944194
2019-09-03,510300.SS,3.9100000858306885,3.9140000343322754,3.8929998874664307,3.9079999923706055,3.4347171783447266,231345288
2019-09-04,510300.SS,3.9089999198913574,3.9590001106262207,3.9079999923706055,3.9570000171661377,3.477782964706421,293760544
2019-09-05,510300.SS,3.9709999561309814,4.047999858856201,3.9709999561309814,3.99399995803833,3.5103020668029785,527401698
2019-09-06,510300.SS,4.006999969482422,4.0229997634887695,3.992000102996826,4.0229997634887695,3.535789966583252,264029381
2019-09-09,510300.SS,4.047999858856201,4.057000160217285,4.017000198364258,4.0370001792907715,3.5480947494506836,282845401
2019-09-10,510300.SS,4.033999919891357,4.039999961853027,4.005000114440918,4.026000022888184,3.538426399230957,168692850
2019-09-11,510300.SS,4.038000106811523,4.039999961853027,3.99399995803833,3.996999979019165,3.512938976287842,304195543
2019-09-12,510300.SS,4.010000228881836,4.047999858856201,4.004000186920166,4.038000106811523,3.548973560333252,217205516
2019-09-16,510300.SS,4.046000003814697,4.046999931335449,4.004000186920166,4.02400016784668,3.5366692543029785,181849801
2019-09-17,510300.SS,4.01800012588501,4.019000053405762,3.938999891281128,3.9509999752044678,3.4725098609924316,381079011
2019-09-18,510300.SS,3.9660000801086426,3.984999895095825,3.9590001106262207,3.9679999351501465,3.4874508380889893,201031097
2019-09-19,510300.SS,3.9839999675750732,3.98799991607666,3.9560000896453857,3.986999988555908,3.5041496753692627,242177803
2019-09-20,510300.SS,3.99399995803833,4.004000186920166,3.984999895095825,3.993000030517578,3.50942325592041,232504313
2019-09-23,510300.SS,3.9820001125335693,3.9830000400543213,3.936000108718872,3.9579999446868896,3.4786617755889893,289892128
2019-09-24,510300.SS,3.9600000381469727,3.996999979019165,3.9539999961853027,3.9609999656677246,3.4812984466552734,211482034
2019-09-25,510300.SS,3.9539999961853027,3.9579999446868896,3.931999921798706,3.934000015258789,3.457568645477295,234976431
2019-09-26,510300.SS,3.9489998817443848,3.9579999446868896,3.9040000438690186,3.9070000648498535,3.4338386058807373,317094917
2019-09-27,510300.SS,3.9130001068115234,3.9230000972747803,3.9000000953674316,3.9159998893737793,3.4417483806610107,267734088
2019-09-30,510300.SS,3.9100000858306885,3.9189999103546143,3.864000082015991,3.86899995803833,3.4004404544830322,263288381
2019-10-08,510300.SS,3.874000072479248,3.9210000038146973,3.874000072479248,3.8940000534057617,3.422412633895874,323423873
2019-10-09,510300.SS,3.884999990463257,3.9070000648498535,3.86299991607666,3.9049999713897705,3.4320807456970215,250789659
2019-10-10,510300.SS,3.9030001163482666,3.940000057220459,3.8889999389648438,3.933000087738037,3.4566898345947266,236335248
2019-10-11,510300.SS,3.940999984741211,3.993000030517578,3.927000045776367,3.9809999465942383,3.4988765716552734,306020073
2019-10-14,510300.SS,4.001999855041504,4.050000190734863,3.997999906539917,4.010000228881836,3.524364471435547,395654617
2019-10-15,510300.SS,4.008999824523926,4.013999938964844,3.994999885559082,3.996999979019165,3.512938976287842,295000513
2019-10-16,510300.SS,4.001999855041504,4.031000137329102,3.9800000190734863,3.9830000400543213,3.50063419342041,314366343
2019-10-17,510300.SS,3.986999988555908,4.001999855041504,3.9769999980926514,3.989000082015991,3.5059080123901367,193642784
2019-10-18,510300.SS,3.990999937057495,4.00600004196167,3.9210000038146973,3.930999994277954,3.4549317359924316,308143071
2019-10-21,510300.SS,3.921999931335449,3.943000078201294,3.9170000553131104,3.940000057220459,3.462841749191284,184939266
2019-10-22,510300.SS,3.947999954223633,3.9639999866485596,3.930000066757202,3.9549999237060547,3.476025342941284,164134229
2019-10-23,510300.SS,3.9560000896453857,3.9609999656677246,3.921999931335449,3.934000015258789,3.457568645477295,147826200
2019-10-24,510300.SS,3.934999942779541,3.9539999961853027,3.9130001068115234,3.938999891281128,3.461962938308716,202167106
2019-10-25,510300.SS,3.933000087738037,3.9679999351501465,3.9089999198913574,3.9630000591278076,3.4830565452575684,250290767
2019-10-28,510300.SS,3.9700000286102295,3.992000102996826,3.9619998931884766,3.9860000610351562,3.5032713413238525,267434287
2019-10-29,510300.SS,3.989000082015991,3.989000082015991,3.9690001010894775,3.9730000495910645,3.4918458461761475,209553585
2019-10-30,510300.SS,3.9660000801086426,3.9700000286102295,3.938999891281128,3.947000026702881,3.468994140625,262846100
2019-10-31,510300.SS,3.9560000896453857,3.9649999141693115,3.936000108718872,3.944999933242798,3.467236042022705,192782765
2019-11-01,510300.SS,3.940000057220459,4.0269999504089355,3.934000015258789,4.026000022888184,3.538426399230957,320651363
2019-11-04,510300.SS,4.025000095367432,4.046999931335449,4.0229997634887695,4.039000034332275,3.5498523712158203,235968262
2019-11-05,510300.SS,4.039000034332275,4.10099983215332,4.0320000648498535,4.061999797821045,3.5700666904449463,352935688
2019-11-06,510300.SS,4.059999942779541,4.065999984741211,4.0329999923706055,4.045000076293945,3.5551259517669678,205938945
2019-11-07,510300.SS,4.045000076293945,4.073999881744385,4.0329999923706055,4.050000190734863,3.5595204830169678,237722500
2019-11-08,510300.SS,4.079999923706055,4.084000110626221,4.03000020980835,4.033999919891357,3.545457601547241,297216299
2019-11-11,510300.SS,4.013000011444092,4.013000011444092,3.9600000381469727,3.9670000076293945,3.486572027206421,347068934
2019-11-12,510300.SS,3.9619998931884766,3.9790000915527344,3.937999963760376,3.9619998931884766,3.482177257537842,330054660
2019-11-13,510300.SS,3.9570000171661377,3.9649999141693115,3.941999912261963,3.9590001106262207,3.479541063308716,202016501
2019-11-14,510300.SS,3.9590001106262207,3.9760000705718994,3.9519999027252197,3.9619998931884766,3.482177257537842,238587713
2019-11-15,510300.SS,3.9630000591278076,3.9790000915527344,3.940000057220459,3.943000078201294,3.4654788970947266,187791494
2019-11-18,510300.SS,3.940999984741211,3.9779999256134033,3.931999921798706,3.9709999561309814,3.4900875091552734,240875274
2019-11-19,510300.SS,3.9690001010894775,4.013000011444092,3.9630000591278076,4.011000156402588,3.5252435207366943,237888988
2019-11-20,510300.SS,4.010000228881836,4.010000228881836,3.9590001106262207,3.9700000286102295,3.489208698272705,216610292
2019-11-21,510300.SS,3.9600000381469727,3.9670000076293945,3.937000036239624,3.950000047683716,3.4716310501098633,244840685
2019-11-22,510300.SS,3.9590001106262207,3.9860000610351562,3.8940000534057617,3.9079999923706055,3.4347171783447266,354707168
2019-11-25,510300.SS,3.9149999618530273,3.937000036239624,3.9030001163482666,3.936000108718872,3.4593262672424316,252457634
2019-11-26,510300.SS,3.947000026702881,3.9560000896453857,3.9240000247955322,3.941999912261963,3.464599609375,285821518
2019-11-27,510300.SS,3.940000057220459,3.9539999961853027,3.9210000038146973,3.936000108718872,3.4593262672424316,211239168
2019-11-28,510300.SS,3.936000108718872,3.9519999027252197,3.9170000553131104,3.930000066757202,3.4540531635284424,169480950
2019-11-29,510300.SS,3.921999931335449,3.927999973297119,3.868000030517578,3.88700008392334,3.4162604808807373,302917100
2019-12-02,510300.SS,3.8910000324249268,3.9110000133514404,3.88700008392334,3.8949999809265137,3.4232919216156006,174355701
2019-12-03,510300.SS,3.885999917984009,3.9130001068115234,3.869999885559082,3.9110000133514404,3.43735408782959,198551900
2019-12-04,510300.SS,3.9000000953674316,3.9140000343322754,3.888000011444092,3.9130001068115234,3.4391117095947266,158939610
2019-12-05,510300.SS,3.9210000038146973,3.9489998817443848,3.9200000762939453,3.941999912261963,3.464599609375,219206401
2019-12-06,510300.SS,3.944000005722046,3.9670000076293945,3.938999891281128,3.9670000076293945,3.486572027206421,213071653
2019-12-09,510300.SS,3.9660000801086426,3.9749999046325684,3.941999912261963,3.953000068664551,3.4742674827575684,232220816
2019-12-10,510300.SS,3.946000099182129,3.9609999656677246,3.940999984741211,3.9560000896453857,3.4769043922424316,186995451
2019-12-11,510300.SS,3.9019999504089355,3.9040000438690186,3.882999897003174,3.9010000228881836,3.483154535293579,170498912
2019-12-12,510300.SS,3.9010000228881836,3.9040000438690186,3.884999990463257,3.88700008392334,3.470654010772705,137151900
2019-12-13,510300.SS,3.9240000247955322,3.9749999046325684,3.9230000972747803,3.9679999351501465,3.542977809906006,436082930
2019-12-16,510300.SS,3.9670000076293945,3.98799991607666,3.9509999752044678,3.9800000190734863,3.55369234085083,302848303
2019-12-17,510300.SS,3.9779999256134033,4.067999839782715,3.9739999771118164,4.041999816894531,3.60905122756958,525630459
2019-12-18,510300.SS,4.043000221252441,4.057000160217285,4.021999835968018,4.026000022888184,3.5947649478912354,363117684
2019-12-19,510300.SS,4.03000020980835,4.0329999923706055,4.01200008392334,4.020999908447266,3.5903005599975586,264192000
2019-12-20,510300.SS,4.019000053405762,4.046000003814697,4.013999938964844,4.015999794006348,3.585836410522461,328779836
2019-12-23,510300.SS,4.014999866485596,4.0320000648498535,3.9619998931884766,3.9639999866485596,3.5394062995910645,447144760
2019-12-24,510300.SS,3.9649999141693115,3.993000030517578,3.9639999866485596,3.984999895095825,3.558156967163086,312792100
2019-12-25,510300.SS,3.984999895095825,3.996999979019165,3.9730000495910645,3.992000102996826,3.5644071102142334,310578426
2019-12-26,510300.SS,3.989000082015991,4.026000022888184,3.986999988555908,4.020999908447266,3.5903005599975586,332255940
2019-12-27,510300.SS,4.025000095367432,4.067999839782715,4.015999794006348,4.017000198364258,3.5867295265197754,436813014
2019-12-30,510300.SS,4.00600004196167,4.0879998207092285,4.0,4.074999809265137,3.638516902923584,542381449
2019-12-31,510300.SS,4.068999767303467,4.098999977111816,4.061999797821045,4.0960001945495605,3.6572675704956055,352185905
2020-01-02,510300.SS,4.119999885559082,4.173999786376953,4.11899995803833,4.14900016784668,3.7045905590057373,627623614
2020-01-03,510300.SS,4.156000137329102,4.1620001792907715,4.132999897003174,4.139999866485596,3.696554183959961,469673776
2020-01-06,510300.SS,4.125999927520752,4.171000003814697,4.093999862670898,4.123000144958496,3.681375503540039,666504783
2020-01-07,510300.SS,4.133999824523926,4.159999847412109,4.127999782562256,4.15500020980835,3.7099483013153076,464959514
2020-01-08,510300.SS,4.113999843597412,4.113999843597412,4.113999843597412,4.113999843597412,3.673339605331421,562852067
2020-01-09,510300.SS,4.138000011444092,4.164999961853027,4.133999824523926,4.1579999923706055,3.7126264572143555,394431722
2020-01-10,510300.SS,4.164999961853027,4.176000118255615,4.144000053405762,4.1570000648498535,3.71173357963562,379555000
2020-01-13,510300.SS,4.202000141143799,4.204999923706055,4.202000141143799,4.202000141143799,3.75191330909729,373639185
2020-01-14,510300.SS,4.184000015258789,4.184000015258789,4.184000015258789,4.184000015258789,3.7358415126800537,409962842
2020-01-15,510300.SS,4.184000015258789,4.190000057220459,4.144999980926514,4.1519999504089355,3.7072694301605225,319607409
2020-01-16,510300.SS,4.158999919891357,4.163000106811523,4.135000228881836,4.145999908447266,3.701911687850952,416297801
2020-01-17,510300.SS,4.1519999504089355,4.175000190734863,4.13700008392334,4.151000022888184,3.706376314163208,321627384
2020-01-20,510300.SS,4.156000137329102,4.183000087738037,4.142000198364258,4.181000232696533,3.7331631183624268,353488249
2020-01-21,510300.SS,4.163000106811523,4.163000106811523,4.099999904632568,4.105000019073486,3.6653034687042236,618294600
2020-01-22,510300.SS,4.089000225067139,4.132999897003174,4.033999919891357,4.11899995803833,3.6778037548065186,907393261
2020-01-23,510300.SS,4.080999851226807,4.090000152587891,3.9560000896453857,3.996000051498413,3.567978620529175,753583400
2020-02-03,510300.SS,3.7300000190734863,3.7360000610351562,3.635999917984009,3.6589999198913574,3.267075300216675,1471075772
2020-02-04,510300.SS,3.6500000953674316,3.7760000228881836,3.6489999294281006,3.7699999809265137,3.3661861419677734,735843705
2020-02-05,510300.SS,3.7839999198913574,3.8550000190734863,3.7679998874664307,3.806999921798706,3.3992230892181396,553287488
2020-02-06,510300.SS,3.822999954223633,3.9130001068115234,3.796999931335449,3.8970000743865967,3.4795827865600586,527965212
2020-02-07,510300.SS,3.869999885559082,3.8919999599456787,3.8440001010894775,3.888000011444092,3.4715468883514404,346989051
2020-02-10,510300.SS,3.868000030517578,3.9100000858306885,3.8510000705718994,3.9010000228881836,3.483154535293579,398519147
2020-02-11,510300.SS,3.9089999198913574,3.9600000381469727,3.9070000648498535,3.943000078201294,3.520655870437622,422258801
2020-02-12,510300.SS,3.938999891281128,3.9769999980926514,3.930000066757202,3.9709999561309814,3.545656442642212,290783451
2020-02-13,510300.SS,3.9700000286102295,3.984999895095825,3.937999963760376,3.950000047683716,3.5269060134887695,325961046
2020-02-14,510300.SS,3.944999933242798,3.994999885559082,3.943000078201294,3.9769999980926514,3.551013946533203,313979347
2020-02-17,510300.SS,3.9860000610351562,4.070000171661377,3.9860000610351562,4.064000129699707,3.628695249557495,581140084
2020-02-18,510300.SS,4.057000160217285,4.061999797821045,4.01200008392334,4.039000034332275,3.606372833251953,709950982
2020-02-19,510300.SS,4.035999774932861,4.068999767303467,4.0289998054504395,4.039999961853027,3.6072659492492676,440377238
2020-02-20,510300.SS,4.054999828338623,4.144000053405762,4.039000034332275,4.13100004196167,3.68851900100708,605241099
2020-02-21,510300.SS,4.123000144958496,4.177999973297119,4.117000102996826,4.144999980926514,3.701018810272217,444470153
2020-02-24,510300.SS,4.123000144958496,4.136000156402588,4.081999778747559,4.111999988555908,3.671553373336792,372727289
2020-02-25,510300.SS,4.051000118255615,4.116000175476074,4.01200008392334,4.104000091552734,3.6644108295440674,603830762
2020-02-26,510300.SS,4.064000129699707,4.118000030517578,4.047999858856201,4.070000171661377,3.6340525150299072,641793391
2020-02-27,510300.SS,4.083000183105469,4.0970001220703125,4.060999870300293,4.071000099182129,3.6349456310272217,475330532
2020-02-28,510300.SS,4.010000228881836,4.019000053405762,3.9240000247955322,3.933000087738037,3.5117268562316895,560071042
2020-03-02,510300.SS,3.947999954223633,4.090000152587891,3.947999954223633,4.076000213623047,3.6394097805023193,426683708
2020-03-03,510300.SS,4.117000102996826,4.138999938964844,4.054999828338623,4.072999954223633,3.636730909347534,408776061
2020-03-04,510300.SS,4.065000057220459,4.104000091552734,4.047999858856201,4.1020002365112305,3.6626248359680176,295453297
2020-03-05,510300.SS,4.151000022888184,4.208000183105469,4.111000061035156,4.199999809265137,3.7501275539398193,547831292
2020-03-06,510300.SS,4.164999961853027,4.169000148773193,4.117000102996826,4.120999813079834,3.6795895099639893,249987730
2020-03-09,510300.SS,4.067999839782715,4.067999839782715,3.9809999465942383,3.990000009536743,3.562621593475342,423642354
2020-03-10,510300.SS,3.992000102996826,4.0879998207092285,3.943000078201294,4.078000068664551,3.641195297241211,859648156
2020-03-11,510300.SS,4.078000068664551,4.078000068664551,4.008999824523926,4.011000156402588,3.5813722610473633,703269381
2020-03-12,510300.SS,3.9730000495910645,3.9749999046325684,3.9189999103546143,3.947999954223633,3.525120258331299,388119218
2020-03-13,510300.SS,3.8329999446868896,3.930000066757202,3.75,3.8889999389648438,3.4724395275115967,717892899
2020-03-16,510300.SS,3.884999990463257,3.884999990463257,3.7160000801086426,3.7260000705718994,3.3268990516662598,571080084
2020-03-17,510300.SS,3.759000062942505,3.7880001068115234,3.615000009536743,3.693000078201294,3.297433614730835,985255849
2020-03-18,510300.SS,3.7060000896453857,3.763000011444092,3.625999927520752,3.63100004196167,3.242074728012085,783304767
2020-03-19,510300.SS,3.634000062942505,3.6470000743865967,3.492000102996826,3.5959999561309814,3.2108235359191895,1248163833
2020-03-20,510300.SS,3.611999988555908,3.6570000648498535,3.5820000171661377,3.6440000534057617,3.2536823749542236,678689518
2020-03-23,510300.SS,3.5399999618530273,3.5820000171661377,3.513000011444092,3.5260000228881836,3.1483216285705566,807278071
2020-03-24,510300.SS,3.5889999866485596,3.622999906539917,3.5360000133514404,3.6110000610351562,3.224217414855957,832898539
2020-03-25,510300.SS,3.693000078201294,3.7209999561309814,3.6700000762939453,3.7060000896453857,3.3090412616729736,1010026400
2020-03-26,510300.SS,3.683000087738037,3.7219998836517334,3.6700000762939453,3.683000087738037,3.2885048389434814,355654180
2020-03-27,510300.SS,3.7290000915527344,3.753999948501587,3.697999954223633,3.700000047683716,3.3036842346191406,491544293
2020-03-30,510300.SS,3.6589999198913574,3.684999942779541,3.630000114440918,3.6659998893737793,3.2733259201049805,497134429
2020-03-31,510300.SS,3.703000068664551,3.7060000896453857,3.6600000858306885,3.6689999103546143,3.2760045528411865,374003032
2020-04-01,510300.SS,3.6640000343322754,3.7230000495910645,3.6540000438690186,3.6730000972747803,3.279576063156128,355438884
2020-04-02,510300.SS,3.6579999923706055,3.7279999256134033,3.6410000324249268,3.7230000495910645,3.3242204189300537,463048932
2020-04-03,510300.SS,3.7100000381469727,3.7239999771118164,3.683000087738037,3.697000026702881,3.3010053634643555,324717000
2020-04-07,510300.SS,3.759999990463257,3.7929999828338623,3.757999897003174,3.7799999713897705,3.375114679336548,546740521
2020-04-08,510300.SS,3.7660000324249268,3.7790000438690186,3.752000093460083,3.765000104904175,3.3617215156555176,221917490
2020-04-09,510300.SS,3.7809998989105225,3.7880001068115234,3.7699999809265137,3.7760000228881836,3.3715434074401855,328543624
2020-04-10,510300.SS,3.7760000228881836,3.812000036239624,3.746000051498413,3.7639999389648438,3.3608286380767822,464247186
2020-04-13,510300.SS,3.75,3.757999897003174,3.7320001125335693,3.743000030517578,3.342078447341919,246696932
2020-04-14,510300.SS,3.759999990463257,3.808000087738037,3.755000114440918,3.805000066757202,3.397437334060669,376124777
2020-04-15,510300.SS,3.802999973297119,3.813999891281128,3.7809998989105225,3.7829999923706055,3.377793788909912,239200804
2020-04-16,510300.SS,3.7699999809265137,3.796999931335449,3.7660000324249268,3.7850000858306885,3.3795793056488037,227317249
2020-04-17,510300.SS,3.813999891281128,3.8450000286102295,3.809999942779541,3.819000005722046,3.4099373817443848,570480887
2020-04-20,510300.SS,3.8259999752044678,3.8359999656677246,3.812999963760376,3.8350000381469727,3.4242238998413086,382296046
2020-04-21,510300.SS,3.819999933242798,3.825000047683716,3.7699999809265137,3.7950000762939453,3.3885083198547363,292757173
2020-04-22,510300.SS,3.7760000228881836,3.8299999237060547,3.7720000743865967,3.8289999961853027,3.4188663959503174,345671032
2020-04-23,510300.SS,3.8320000171661377,3.8420000076293945,3.812000036239624,3.822000026702881,3.41261625289917,201520738
2020-04-24,510300.SS,3.806999921798706,3.812000036239624,3.7780001163482666,3.7899999618530273,3.3840439319610596,305829499
2020-04-27,510300.SS,3.7920000553131104,3.8329999446868896,3.7869999408721924,3.806999921798706,3.3992230892181396,309460942
2020-04-28,510300.SS,3.819999933242798,3.8440001010894775,3.75600004196167,3.8310000896453857,3.420652151107788,422865548
2020-04-29,510300.SS,3.8259999752044678,3.865000009536743,3.822999954223633,3.8510000705718994,3.438509941101074,277834908
2020-04-30,510300.SS,3.868000030517578,3.9159998893737793,3.86299991607666,3.9079999923706055,3.4894044399261475,527998051
2020-05-06,510300.SS,3.865000009536743,3.9260001182556152,3.859999895095825,3.9179999828338623,3.498333215713501,383453463
2020-05-07,510300.SS,3.9179999828338623,3.924999952316284,3.8989999294281006,3.9110000133514404,3.4920833110809326,274638833
2020-05-08,510300.SS,3.928999900817871,3.9719998836517334,3.927000045776367,3.953000068664551,3.5295844078063965,370674288
2020-05-11,510300.SS,3.9590001106262207,3.992000102996826,3.934999942779541,3.946000099182129,3.523334264755249,412309647
2020-05-12,510300.SS,3.947000026702881,3.9600000381469727,3.9170000553131104,3.944999933242798,3.5224411487579346,586605193
2020-05-13,510300.SS,3.933000087738037,3.9600000381469727,3.9200000762939453,3.9539999961853027,3.530477523803711,278396942
2020-05-14,510300.SS,3.940000057220459,3.940000057220459,3.9170000553131104,3.9210000038146973,3.501012086868286,300179639
2020-05-15,510300.SS,3.927999973297119,3.940000057220459,3.9010000228881836,3.9019999504089355,3.4840469360351562,543570346
2020-05-18,510300.SS,3.9010000228881836,3.937999963760376,3.8919999599456787,3.9140000343322754,3.4947617053985596,302052954
2020-05-19,510300.SS,3.950000047683716,3.9570000171661377,3.931999921798706,3.943000078201294,3.520655870437622,278121100
2020-05-20,510300.SS,3.940000057220459,3.944000005722046,3.9200000762939453,3.927000045776367,3.5063695907592773,197561343
2020-05-21,510300.SS,3.933000087738037,3.940000057220459,3.8989999294281006,3.9010000228881836,3.483154535293579,236523366
2020-05-22,510300.SS,3.8980000019073486,3.8980000019073486,3.812999963760376,3.815000057220459,3.4063661098480225,532861629
2020-05-25,510300.SS,3.812000036239624,3.8289999961853027,3.796999931335449,3.816999912261963,3.408151626586914,250559675
2020-05-26,510300.SS,3.8340001106262207,3.865999937057495,3.8340001106262207,3.86299991607666,3.4492244720458984,475110838
2020-05-27,510300.SS,3.86299991607666,3.864000082015991,3.8329999446868896,3.8450000286102295,3.433152914047241,231199608
2020-05-28,510300.SS,3.8469998836517334,3.884000062942505,3.815000057220459,3.8499999046325684,3.437617063522339,284073116
2020-05-29,510300.SS,3.8299999237060547,3.867000102996826,3.822999954223633,3.865999937057495,3.4519033432006836,246295720
2020-06-01,510300.SS,3.9010000228881836,3.9760000705718994,3.8949999809265137,3.9679999351501465,3.542977809906006,350928902
2020-06-02,510300.SS,3.9679999351501465,3.989000082015991,3.9600000381469727,3.9790000915527344,3.552799701690674,162838185
2020-06-03,510300.SS,3.997999906539917,4.019999980926514,3.9760000705718994,3.9779999256134033,3.5519065856933594,365752469
2020-06-04,510300.SS,3.990999937057495,3.994999885559082,3.9649999141693115,3.9800000190734863,3.55369234085083,281384424
2020-06-05,510300.SS,3.9790000915527344,4.004000186920166,3.9649999141693115,4.002999782562256,3.5742287635803223,201359632
2020-06-08,510300.SS,4.019999980926514,4.046999931335449,4.01200008392334,4.021999835968018,3.591193437576294,285603662
2020-06-09,510300.SS,4.02400016784668,4.050000190734863,4.013000011444092,4.048999786376953,3.6153013706207275,294492489
2020-06-10,510300.SS,4.045000076293945,4.046000003814697,4.0269999504089355,4.039999961853027,3.6072659492492676,318357157
2020-06-11,510300.SS,4.0329999923706055,4.050000190734863,3.9839999675750732,4.002999782562256,3.5742287635803223,305193298
2020-06-12,510300.SS,3.9619998931884766,4.0229997634887695,3.941999912261963,4.013000011444092,3.583158016204834,309073335
2020-06-15,510300.SS,3.9820001125335693,4.008999824523926,3.9549999237060547,3.9560000896453857,3.5322632789611816,280526100
2020-06-16,510300.SS,3.994999885559082,4.019000053405762,3.990999937057495,4.01800012588501,3.5876224040985107,247695273
2020-06-17,510300.SS,4.019999980926514,4.0229997634887695,3.996000051498413,4.021999835968018,3.591193437576294,279025595
2020-06-18,510300.SS,4.013000011444092,4.054999828338623,4.005000114440918,4.052999973297119,3.618873119354248,343002705
2020-06-19,510300.SS,4.051000118255615,4.125,4.051000118255615,4.105000019073486,3.6653034687042236,369563643
2020-06-22,510300.SS,4.105000019073486,4.139999866485596,4.0970001220703125,4.109000205993652,3.6688754558563232,521244200
2020-06-23,510300.SS,4.099999904632568,4.132999897003174,4.085999965667725,4.127999782562256,3.6858394145965576,398167830
2020-06-24,510300.SS,4.138000011444092,4.166999816894531,4.136000156402588,4.164000034332275,3.7179839611053467,457942198
2020-06-29,510300.SS,4.150000095367432,4.159999847412109,4.105999946594238,4.127999782562256,3.6858394145965576,212654964
2020-06-30,510300.SS,4.1479997634887695,4.191999912261963,4.145999908447266,4.177999973297119,3.7304844856262207,542468494
2020-07-01,510300.SS,4.186999797821045,4.276000022888184,4.183000087738037,4.271999835968018,3.814415454864502,574064113
2020-07-02,510300.SS,4.269999980926514,4.375,4.263000011444092,4.369999885559082,3.901918649673462,550437787
2020-07-03,510300.SS,4.386000156402588,4.464000225067139,4.36899995803833,4.456999778747559,3.979599952697754,586768714
2020-07-06,510300.SS,4.5269999504089355,4.798999786376953,4.507999897003174,4.783999919891357,4.2715744972229,929317489
2020-07-07,510300.SS,4.821000099182129,4.849999904632568,4.723999977111816,4.736000061035156,4.228714942932129,1074501897
2020-07-08,510300.SS,4.734000205993652,4.8379998207092285,4.708000183105469,4.797999858856201,4.284073829650879,903486859
2020-07-09,510300.SS,4.796000003814697,4.883999824523926,4.760000228881836,4.872000217437744,4.350148677825928,642434179
2020-07-10,510300.SS,4.8379998207092285,4.85699987411499,4.763000011444092,4.784999847412109,4.272467613220215,564416770
2020-07-13,510300.SS,4.7820000648498535,4.927000045776367,4.7769999504089355,4.885000228881836,4.36175537109375,824378259
2020-07-14,510300.SS,4.876999855041504,4.89900016784668,4.764999866485596,4.8420000076293945,4.323361873626709,737641416
2020-07-15,510300.SS,4.860000133514404,4.894999980926514,4.764999866485596,4.783999919891357,4.2715744972229,662402942
2020-07-16,510300.SS,4.789999961853027,4.828000068664551,4.550000190734863,4.556000232696533,4.067996025085449,1289918063
2020-07-17,510300.SS,4.570000171661377,4.6539998054504395,4.540999889373779,4.605000019073486,4.111746788024902,904292349
2020-07-20,510300.SS,4.646999835968018,4.739999771118164,4.585000038146973,4.7270002365112305,4.220680236816406,724976202
2020-07-21,510300.SS,4.749000072479248,4.763999938964844,4.710999965667725,4.738999843597412,4.231394290924072,465350652
2020-07-22,510300.SS,4.73199987411499,4.855999946594238,4.728000164031982,4.791999816894531,4.278717041015625,705437207
2020-07-23,510300.SS,4.742000102996826,4.789000034332275,4.6620001792907715,4.765999794006348,4.255501747131348,430577055
2020-07-24,510300.SS,4.72599983215332,4.742000102996826,4.5269999504089355,4.553999900817871,4.06620979309082,648282022
2020-07-27,510300.SS,4.583000183105469,4.616000175476074,4.5370001792907715,4.581999778747559,4.091210842132568,311101401
2020-07-28,510300.SS,4.614999771118164,4.640999794006348,4.586999893188477,4.617000102996826,4.122461795806885,374257289
2020-07-29,510300.SS,4.605000019073486,4.752999782562256,4.598999977111816,4.749000072479248,4.240323066711426,488385416
2020-07-30,510300.SS,4.75,4.756999969482422,4.709000110626221,4.714000225067139,4.209072113037109,297474433
2020-07-31,510300.SS,4.710000038146973,4.809000015258789,4.671999931335449,4.75,4.24121618270874,518524684
2020-08-03,510300.SS,4.789999961853027,4.828999996185303,4.771999835968018,4.824999809265137,4.308182239532471,434393304
2020-08-04,510300.SS,4.848999977111816,4.860000133514404,4.803999900817871,4.828999996185303,4.31175422668457,311402501
2020-08-05,510300.SS,4.822000026702881,4.84499979019165,4.761000156402588,4.830999851226807,4.313539505004883,300697444
2020-08-06,510300.SS,4.830999851226807,4.8520002365112305,4.747000217437744,4.813000202178955,4.297468185424805,224666976
2020-08-07,510300.SS,4.802999973297119,4.804999828338623,4.699999809265137,4.764999866485596,4.254608631134033,343055100
2020-08-10,510300.SS,4.732999801635742,4.817999839782715,4.695000171661377,4.781000137329102,4.268895626068115,240425812
2020-08-11,510300.SS,4.784999847412109,4.85099983215332,4.72599983215332,4.734000205993652,4.226930141448975,248052945
2020-08-12,510300.SS,4.724999904632568,4.739999771118164,4.622000217437744,4.702000141143799,4.198357582092285,424060538
2020-08-13,510300.SS,4.715000152587891,4.723999977111816,4.677999973297119,4.686999797821045,4.184963703155518,197805792
2020-08-14,510300.SS,4.688000202178955,4.78000020980835,4.670000076293945,4.7779998779296875,4.266216278076172,422185608
2020-08-17,510300.SS,4.800000190734863,4.909999847412109,4.7829999923706055,4.876999855041504,4.354612350463867,563474986
2020-08-18,510300.SS,4.881999969482422,4.892000198364258,4.843999862670898,4.869999885559082,4.348362445831299,349311764
2020-08-19,510300.SS,4.867000102996826,4.870999813079834,4.790999889373779,4.794000148773193,4.280502796173096,405819093
2020-08-20,510300.SS,4.769999980926514,4.781000137329102,4.7230000495910645,4.743000030517578,4.234965801239014,344280792
2020-08-21,510300.SS,4.767000198364258,4.807000160217285,4.74399995803833,4.7829999923706055,4.270680904388428,289329087
2020-08-24,510300.SS,4.804999828338623,4.830999851226807,4.7779998779296875,4.813000202178955,4.297468185424805,415934500
2020-08-25,510300.SS,4.826000213623047,4.869999885559082,4.802999973297119,4.822000026702881,4.3055033683776855,216133255
2020-08-26,510300.SS,4.818999767303467,4.848999977111816,4.747000217437744,4.763000011444092,4.252824306488037,334981700
2020-08-27,510300.SS,4.769000053405762,4.801000118255615,4.739999771118164,4.798999786376953,4.284966468811035,207431486
2020-08-28,510300.SS,4.793000221252441,4.925000190734863,4.7779998779296875,4.916999816894531,4.3903279304504395,554996485
2020-08-31,510300.SS,4.945000171661377,4.9679999351501465,4.869999885559082,4.874000072479248,4.35193395614624,488697161
2020-09-01,510300.SS,4.866000175476074,4.909999847412109,4.860000133514404,4.9079999923706055,4.382291793823242,240533025
2020-09-02,510300.SS,4.921000003814697,4.925000190734863,4.854000091552734,4.9039998054504395,4.378720760345459,385904700
2020-09-03,510300.SS,4.8979997634887695,4.940000057220459,4.861000061035156,4.883999824523926,4.360862731933594,229830280
2020-09-04,510300.SS,4.809999942779541,4.8470001220703125,4.790999889373779,4.828999996185303,4.31175422668457,375102467
2020-09-07,510300.SS,4.820000171661377,4.855000019073486,4.710000038146973,4.73199987411499,4.225143909454346,445746642
2020-09-08,510300.SS,4.739999771118164,4.769999980926514,4.703999996185303,4.75600004196167,4.246573448181152,485820300
2020-09-09,510300.SS,4.699999809265137,4.709000110626221,4.614999771118164,4.644999980926514,4.147462844848633,515494651
2020-09-10,510300.SS,4.684000015258789,4.705999851226807,4.633999824523926,4.64900016784668,4.151034355163574,423536864
2020-09-11,510300.SS,4.630000114440918,4.692999839782715,4.626999855041504,4.684999942779541,4.183178424835205,279946274
2020-09-14,510300.SS,4.706999778747559,4.723999977111816,4.684999942779541,4.711999893188477,4.207285404205322,263594672
2020-09-15,510300.SS,4.704999923706055,4.755000114440918,4.693999767303467,4.747000217437744,4.238537311553955,292860603
2020-09-16,510300.SS,4.744999885559082,4.749000072479248,4.702000141143799,4.718999862670898,4.213535785675049,188912654
2020-09-17,510300.SS,4.703000068664551,4.735000133514404,4.666999816894531,4.690000057220459,4.187642574310303,408145361
2020-09-18,510300.SS,4.695000171661377,4.813000202178955,4.692999839782715,4.810999870300293,4.295681476593018,873517831
2020-09-21,510300.SS,4.815000057220459,4.849999904632568,4.75,4.75600004196167,4.246573448181152,381620413
2020-09-22,510300.SS,4.724999904632568,4.776000022888184,4.678999900817871,4.698999881744385,4.1956787109375,578513427
2020-09-23,510300.SS,4.703000068664551,4.729000091552734,4.684000015258789,4.7129998207092285,4.208178997039795,466006228
2020-09-24,510300.SS,4.684999942779541,4.696000099182129,4.625,4.636000156402588,4.1394267082214355,344502320
2020-09-25,510300.SS,4.64300012588501,4.665999889373779,4.620999813079834,4.638999938964844,4.1421051025390625,325369201
2020-09-28,510300.SS,4.642000198364258,4.681000232696533,4.635000228881836,4.64900016784668,4.151034355163574,304679600
2020-09-29,510300.SS,4.670000076293945,4.686999797821045,4.6519999504089355,4.659999847412109,4.160856246948242,315881012
2020-09-30,510300.SS,4.672999858856201,4.695000171661377,4.619999885559082,4.645999908447266,4.148355960845947,454910191
2020-10-09,510300.SS,4.7210001945495605,4.764999866485596,4.71999979019165,4.738999843597412,4.231394290924072,359609638
2020-10-12,510300.SS,4.764999866485596,4.89300012588501,4.763000011444092,4.88700008392334,4.363541603088379,360952774
2020-10-13,510300.SS,4.885000228881836,4.914000034332275,4.860000133514404,4.9029998779296875,4.3778276443481445,320043929
2020-10-14,510300.SS,4.889999866485596,4.896999835968018,4.86299991607666,4.879000186920166,4.356399059295654,278946496
2020-10-15,510300.SS,4.874000072479248,4.901000022888184,4.857999801635742,4.867000102996826,4.345684051513672,330528322
2020-10-16,510300.SS,4.863999843597412,4.892000198364258,4.823999881744385,4.853000164031982,4.333183288574219,283570693
2020-10-19,510300.SS,4.880000114440918,4.919000148773193,4.803999900817871,4.822000026702881,4.3055033683776855,601869622
2020-10-20,510300.SS,4.810999870300293,4.854000091552734,4.807000160217285,4.8520002365112305,4.3322906494140625,273913000
2020-10-21,510300.SS,4.855000019073486,4.863999843597412,4.817999839782715,4.857999801635742,4.337647438049316,348894700
2020-10-22,510300.SS,4.8420000076293945,4.859000205993652,4.791999816894531,4.8420000076293945,4.323361873626709,257148347
2020-10-23,510300.SS,4.831999778747559,4.867000102996826,4.781000137329102,4.785999774932861,4.273359775543213,776805715
2020-10-26,510300.SS,4.756999969482422,4.776000022888184,4.705999851226807,4.75,4.24121618270874,507147375
2020-10-27,510300.SS,4.736999988555908,4.769999980926514,4.732999801635742,4.763999938964844,4.253716945648193,299348813
2020-10-28,510300.SS,4.76200008392334,4.817999839782715,4.747000217437744,4.803999900817871,4.289431571960449,482829143
2020-10-29,510300.SS,4.755000114440918,4.870999813079834,4.751999855041504,4.8480000495910645,4.328718662261963,371024766
2020-10-30,510300.SS,4.8379998207092285,4.8470001220703125,4.748000144958496,4.756999969482422,4.24746561050415,384587845
2020-11-02,510300.SS,4.758999824523926,4.803999900817871,4.758999824523926,4.784999847412109,4.272467613220215,200166029
2020-11-03,510300.SS,4.800000190734863,4.86299991607666,4.800000190734863,4.835999965667725,4.318004131317139,356112935
2020-11-04,510300.SS,4.84499979019165,4.894999980926514,4.829999923706055,4.873000144958496,4.351040840148926,344738845
2020-11-05,510300.SS,4.920000076293945,4.953000068664551,4.9019999504089355,4.948999881744385,4.418900489807129,375894391
2020-11-06,510300.SS,4.959000110626221,4.961999893188477,4.9079999923706055,4.951000213623047,4.420686721801758,354123679
2020-11-09,510300.SS,4.980000019073486,5.073999881744385,4.980000019073486,5.047999858856201,4.507296562194824,597987950
2020-11-10,510300.SS,5.059999942779541,5.063000202178955,4.992000102996826,5.020999908447266,4.483188629150391,384784687
2020-11-11,510300.SS,5.007999897003174,5.0279998779296875,4.968999862670898,4.973999977111816,4.441222667694092,394072600
2020-11-12,510300.SS,4.980000019073486,4.99399995803833,4.955999851226807,4.9710001945495605,4.438544273376465,258032875
2020-11-13,510300.SS,4.951000213623047,4.953000068664551,4.88700008392334,4.920000076293945,4.393007278442383,432927885
2020-11-16,510300.SS,4.945000171661377,4.974999904632568,4.910999774932861,4.9730000495910645,4.440329551696777,285050760
2020-11-17,510300.SS,4.9670000076293945,4.96999979019165,4.934000015258789,4.964000225067139,4.432293891906738,298769617
2020-11-18,510300.SS,4.960000038146973,4.98199987411499,4.934000015258789,4.956999778747559,4.42604398727417,360698687
2020-11-19,510300.SS,4.946000099182129,5.01200008392334,4.938000202178955,4.999000072479248,4.463545322418213,270079501
2020-11-20,510300.SS,5.0,5.019999980926514,4.986000061035156,5.013999938964844,4.476938247680664,284503346
2020-11-23,510300.SS,5.03000020980835,5.105000019073486,5.008999824523926,5.072000026702881,4.528725624084473,521147087
2020-11-24,510300.SS,5.068999767303467,5.074999809265137,5.031000137329102,5.039999961853027,4.500153541564941,346142109
2020-11-25,510300.SS,5.054999828338623,5.077000141143799,4.97599983215332,4.978000164031982,4.444794654846191,425196010
2020-11-26,510300.SS,4.97599983215332,4.989999771118164,4.936999797821045,4.985000133514404,4.45104455947876,395838615
2020-11-27,510300.SS,4.985000133514404,5.059999942779541,4.9770002365112305,5.056000232696533,4.514439582824707,378780759
2020-11-30,510300.SS,5.068999767303467,5.130000114440918,5.0279998779296875,5.031000137329102,4.492117404937744,535115737
2020-12-01,510300.SS,5.0269999504089355,5.150000095367432,5.026000022888184,5.142000198364258,4.591228008270264,475283650
2020-12-02,510300.SS,5.144999980926514,5.164999961853027,5.107999801635742,5.13100004196167,4.581406116485596,292946878
2020-12-03,510300.SS,5.125999927520752,5.146999835968018,5.103000164031982,5.129000186920166,4.579620838165283,248986842
2020-12-04,510300.SS,5.119999885559082,5.146999835968018,5.079999923706055,5.139999866485596,4.589441776275635,330154760
2020-12-07,510300.SS,5.139999866485596,5.142000198364258,5.077000141143799,5.0960001945495605,4.5501556396484375,359375330
2020-12-08,510300.SS,5.0960001945495605,5.119999885559082,5.072000026702881,5.079999923706055,4.535868167877197,361251873
2020-12-09,510300.SS,5.09499979019165,5.10699987411499,5.011000156402588,5.019999980926514,4.482295989990234,568550630
2020-12-10,510300.SS,5.010000228881836,5.0320000648498535,4.992000102996826,5.010000228881836,4.473366737365723,318844690
2020-12-11,510300.SS,5.019999980926514,5.034999847412109,4.918000221252441,4.953999996185303,4.423365116119385,403011950
2020-12-14,510300.SS,4.960000038146973,5.001999855041504,4.947999954223633,4.998000144958496,4.462652206420898,251887731
2020-12-15,510300.SS,4.998000144958496,5.019999980926514,4.966000080108643,5.013000011444092,4.476045608520508,284133598
2020-12-16,510300.SS,5.019999980926514,5.03000020980835,5.004000186920166,5.0229997634887695,4.484973907470703,284081500
2020-12-17,510300.SS,5.021999835968018,5.0980000495910645,5.013999938964844,5.093999862670898,4.54836893081665,466230890
2020-12-18,510300.SS,5.090000152587891,5.09499979019165,5.043000221252441,5.065000057220459,4.522474765777588,460711300
2020-12-21,510300.SS,5.061999797821045,5.120999813079834,5.034999847412109,5.110000133514404,4.562654972076416,445896144
2020-12-22,510300.SS,5.098999977111816,5.117000102996826,5.026000022888184,5.0329999923706055,4.493902683258057,515397033
2020-12-23,510300.SS,5.039999961853027,5.0980000495910645,5.0370001792907715,5.073999881744385,4.530511856079102,338687208
2020-12-24,510300.SS,5.073999881744385,5.0970001220703125,5.050000190734863,5.073999881744385,4.530511856079102,383376749
2020-12-25,510300.SS,5.054999828338623,5.11899995803833,5.043000221252441,5.116000175476074,4.568013668060303,403356129
2020-12-28,510300.SS,5.111999988555908,5.159999847412109,5.103000164031982,5.130000114440918,4.580513000488281,447130014
2020-12-29,510300.SS,5.138000011444092,5.1519999504089355,5.105999946594238,5.113999843597412,4.566226959228516,342717900
2020-12-30,510300.SS,5.110000133514404,5.179999828338623,5.10699987411499,5.177999973297119,4.6233720779418945,340671518
2020-12-31,510300.SS,5.188000202178955,5.293000221252441,5.185999870300293,5.2870001792907715,4.720696449279785,861799157
2021-01-04,510300.SS,5.28000020980835,5.366000175476074,5.260000228881836,5.334000110626221,4.762662410736084,506705639
2021-01-05,510300.SS,5.321000099182129,5.445000171661377,5.304999828338623,5.433000087738037,4.851057529449463,622830794
2021-01-06,510300.SS,5.447000026702881,5.513999938964844,5.416999816894531,5.48199987411499,4.894809722900391,374945107
2021-01-07,510300.SS,5.489999771118164,5.599999904632568,5.482999801635742,5.598999977111816,4.9992780685424805,470659227
2021-01-08,510300.SS,5.607999801635742,5.63100004196167,5.519000053405762,5.571000099182129,4.974276542663574,697564767
2021-01-11,510300.SS,5.577000141143799,5.619999885559082,5.4770002365112305,5.507999897003174,4.91802453994751,635965163
2021-01-12,510300.SS,5.495999813079834,5.671999931335449,5.492000102996826,5.668000221252441,5.060886859893799,596280782
2021-01-13,510300.SS,5.684000015258789,5.715000152587891,5.610000133514404,5.645999908447266,5.041243553161621,552434398
2021-01-14,510300.SS,5.639999866485596,5.639999866485596,5.538000106811523,5.543000221252441,4.949275970458984,696047994
2021-01-15,510300.SS,5.543000221252441,5.576000213623047,5.460000038146973,5.526000022888184,4.934096336364746,709049177
2021-01-18,510300.SS,5.451000213623047,5.546999931335449,5.414999961853027,5.513000011444092,4.987473011016846,396768553
2021-01-19,510300.SS,5.51800012588501,5.53000020980835,5.415999889373779,5.438000202178955,4.919622421264648,417009672
2021-01-20,510300.SS,5.435999870300293,5.494999885559082,5.429999828338623,5.4679999351501465,4.9467620849609375,422385751
2021-01-21,510300.SS,5.482999801635742,5.5879998207092285,5.482999801635742,5.561999797821045,5.031801223754883,511620315
2021-01-22,510300.SS,5.557000160217285,5.570000171661377,5.50600004196167,5.565000057220459,5.034515857696533,554309326
2021-01-25,510300.SS,5.559999942779541,5.64900016784668,5.531000137329102,5.63100004196167,5.094224452972412,450177153
2021-01-26,510300.SS,5.60699987411499,5.610000133514404,5.502999782562256,5.511000156402588,4.985663414001465,392744995
2021-01-27,510300.SS,5.505000114440918,5.5320000648498535,5.449999809265137,5.520999908447266,4.994710445404053,591541591
2021-01-28,510300.SS,5.460000038146973,5.460000038146973,5.363999843597412,5.385000228881836,4.871674537658691,469951845
2021-01-29,510300.SS,5.4070000648498535,5.422999858856201,5.2820000648498535,5.3480000495910645,4.83820104598999,622113874
2021-02-01,510300.SS,5.3480000495910645,5.414000034332275,5.3460001945495605,5.410999774932861,4.895195960998535,436288063
2021-02-02,510300.SS,5.420000076293945,5.49399995803833,5.410999774932861,5.491000175476074,4.967569828033447,573156921
2021-02-03,510300.SS,5.491000175476074,5.525000095367432,5.464000225067139,5.485000133514404,4.962141990661621,281969488
2021-02-04,510300.SS,5.454999923706055,5.510000228881836,5.415999889373779,5.473999977111816,4.952190399169922,300084150
2021-02-05,510300.SS,5.486000061035156,5.546999931335449,5.47599983215332,5.48199987411499,4.959427833557129,560000491
2021-02-08,510300.SS,5.519999980926514,5.572999954223633,5.48199987411499,5.553999900817871,5.024564266204834,475013428
2021-02-09,510300.SS,5.574999809265137,5.693999767303467,5.550000190734863,5.691999912261963,5.149409294128418,418299845
2021-02-10,510300.SS,5.705999851226807,5.833000183105469,5.697000026702881,5.807000160217285,5.25344705581665,341909857
2021-02-18,510300.SS,5.922999858856201,5.933000087738037,5.748000144958496,5.763999938964844,5.214546203613281,470765736
2021-02-19,510300.SS,5.742000102996826,5.801000118255615,5.671000003814697,5.796000003814697,5.243495941162109,709064650
2021-02-22,510300.SS,5.784999847412109,5.785999774932861,5.584000110626221,5.589000225067139,5.056228160858154,776075991
2021-02-23,510300.SS,5.550000190734863,5.63700008392334,5.546999931335449,5.573999881744385,5.042657375335693,591250364
2021-02-24,510300.SS,5.5879998207092285,5.599999904632568,5.370999813079834,5.427000045776367,4.909671306610107,1011269033
2021-02-25,510300.SS,5.480999946594238,5.5229997634887695,5.441999912261963,5.478000164031982,4.955808639526367,669305438
2021-02-26,510300.SS,5.388999938964844,5.420000076293945,5.321000099182129,5.328999996185303,4.821012020111084,837070336
2021-03-01,510300.SS,5.38100004196167,5.420000076293945,5.3480000495910645,5.418000221252441,4.901528358459473,558208540
2021-03-02,510300.SS,5.446000099182129,5.451000213623047,5.307000160217285,5.348999977111816,4.83910608291626,433859754
2021-03-03,510300.SS,5.333000183105469,5.458000183105469,5.315999984741211,5.453999996185303,4.934096813201904,361154593
2021-03-04,510300.SS,5.400000095367432,5.400000095367432,5.257999897003174,5.2870001792907715,4.783016204833984,644981648
2021-03-05,510300.SS,5.202000141143799,5.310999870300293,5.178999900817871,5.265999794006348,4.7640180587768555,593632850
2021-03-08,510300.SS,5.300000190734863,5.324999809265137,5.070000171661377,5.079999923706055,4.595747947692871,563722005
2021-03-09,510300.SS,5.077000141143799,5.09499979019165,4.926000118255615,4.979000091552734,4.504376411437988,931719068
2021-03-10,510300.SS,5.0370001792907715,5.060999870300293,4.982999801635742,5.0,4.523374557495117,636535760
2021-03-11,510300.SS,5.02400016784668,5.131999969482422,5.014999866485596,5.129000186920166,4.640078067779541,620676884
2021-03-12,510300.SS,5.144999980926514,5.1519999504089355,5.079999923706055,5.142000198364258,4.651838302612305,448201493
2021-03-15,510300.SS,5.118000030517578,5.11899995803833,4.993000030517578,5.039999961853027,4.559561729431152,386572405
2021-03-16,510300.SS,5.041999816894531,5.085999965667725,5.01200008392334,5.072999954223633,4.589415550231934,323236064
2021-03-17,510300.SS,5.059000015258789,5.120999813079834,5.013000011444092,5.0960001945495605,4.610223770141602,306294597
2021-03-18,510300.SS,5.107999801635742,5.158999919891357,5.105999946594238,5.136000156402588,4.64640998840332,319610130
2021-03-19,510300.SS,5.072000026702881,5.0879998207092285,4.982999801635742,4.997000217437744,4.520660400390625,492195605
2021-03-22,510300.SS,4.994999885559082,5.072000026702881,4.989999771118164,5.053999900817871,4.5722270011901855,423486762
2021-03-23,510300.SS,5.048999786376953,5.058000087738037,4.9670000076293945,5.008999824523926,4.5315165519714355,491638773
2021-03-24,510300.SS,4.98799991607666,5.03000020980835,4.9120001792907715,4.933000087738037,4.462761402130127,755052862
2021-03-25,510300.SS,4.906000137329102,4.951000213623047,4.888000011444092,4.928999900817871,4.459142208099365,284908649
2021-03-26,510300.SS,4.949999809265137,5.056000232696533,4.946000099182129,5.0329999923706055,4.553228378295898,556534950
2021-03-29,510300.SS,5.044000148773193,5.079999923706055,5.005000114440918,5.043000221252441,4.5622758865356445,639256772
2021-03-30,510300.SS,5.039999961853027,5.104000091552734,5.03000020980835,5.086999893188477,4.602080821990967,268283890
2021-03-31,510300.SS,5.083000183105469,5.084000110626221,5.013000011444092,5.050000190734863,4.568608283996582,230812676
2021-04-01,510300.SS,5.056000232696533,5.119999885559082,5.052000045776367,5.111999988555908,4.624697685241699,322996435
2021-04-02,510300.SS,5.130000114440918,5.164999961853027,5.109000205993652,5.160999774932861,4.669027328491211,280334645
2021-04-06,510300.SS,5.171999931335449,5.177000045776367,5.119999885559082,5.132999897003174,4.643695831298828,234635544
2021-04-07,510300.SS,5.138000011444092,5.139999866485596,5.066999912261963,5.0980000495910645,4.612032413482666,175217273
2021-04-08,510300.SS,5.080999851226807,5.130000114440918,5.057000160217285,5.109000205993652,4.621984004974365,140755921
2021-04-09,510300.SS,5.09499979019165,5.09499979019165,5.025000095367432,5.038000106811523,4.55775260925293,222329800
2021-04-12,510300.SS,5.026000022888184,5.048999786376953,4.936999797821045,4.953999996185303,4.481759548187256,663938234
2021-04-13,510300.SS,4.946000099182129,4.99399995803833,4.928999900817871,4.947000026702881,4.475426197052002,453545245
2021-04-14,510300.SS,4.952000141143799,4.988999843597412,4.942999839782715,4.974999904632568,4.500757694244385,527184200
2021-04-15,510300.SS,4.960000038146973,4.965000152587891,4.894000053405762,4.947000026702881,4.475426197052002,493540700
2021-04-16,510300.SS,4.959000110626221,4.974999904632568,4.918000221252441,4.9629998207092285,4.489901065826416,499764030
2021-04-19,510300.SS,4.959000110626221,5.0970001220703125,4.935999870300293,5.089000225067139,4.6038899421691895,567369226
2021-04-20,510300.SS,5.071000099182129,5.116000175476074,5.061999797821045,5.080999851226807,4.596652507781982,369851557
2021-04-21,510300.SS,5.048999786376953,5.107999801635742,5.046999931335449,5.0929999351501465,4.607509136199951,414321361
2021-04-22,510300.SS,5.10099983215332,5.118000030517578,5.065000057220459,5.089000225067139,4.6038899421691895,448399160
2021-04-23,510300.SS,5.080999851226807,5.150000095367432,5.080999851226807,5.139999866485596,4.650028705596924,322992630
2021-04-26,510300.SS,5.151000022888184,5.190999984741211,5.071000099182129,5.076000213623047,4.592129230499268,538061634
2021-04-27,510300.SS,5.079999923706055,5.0980000495910645,5.052999973297119,5.089000225067139,4.6038899421691895,317792609
2021-04-28,510300.SS,5.071000099182129,5.130000114440918,5.056000232696533,5.126999855041504,4.638267993927002,301245972
2021-04-29,510300.SS,5.127999782562256,5.179999828338623,5.119999885559082,5.172999858856201,4.679883003234863,380984480
2021-04-30,510300.SS,5.160999774932861,5.171999931335449,5.093999862670898,5.127999782562256,4.639172554016113,404241300
2021-05-06,510300.SS,5.109000205993652,5.142000198364258,5.034999847412109,5.060999870300293,4.578559875488281,407574566
2021-05-07,510300.SS,5.072999954223633,5.0970001220703125,4.995999813079834,5.0,4.523374557495117,338289245
2021-05-10,510300.SS,5.004000186920166,5.025000095367432,4.954999923706055,4.999000072479248,4.522469997406006,369199148
2021-05-11,510300.SS,4.9670000076293945,5.044000148773193,4.932000160217285,5.025000095367432,4.54599142074585,397926530
2021-05-12,510300.SS,5.013999938964844,5.063000202178955,4.995999813079834,5.056000232696533,4.574036121368408,253971232
2021-05-13,510300.SS,5.015999794006348,5.0269999504089355,4.97599983215332,5.000999927520752,4.52427864074707,472543935
2021-05-14,510300.SS,5.019999980926514,5.129000186920166,4.992000102996826,5.126999855041504,4.638267993927002,848963043
2021-05-17,510300.SS,5.123000144958496,5.215000152587891,5.117000102996826,5.188000202178955,4.693453311920166,667255521
2021-05-18,510300.SS,5.198999881744385,5.211999893188477,5.166999816894531,5.190000057220459,4.695262432098389,283458826
2021-05-19,510300.SS,5.179999828338623,5.196000099182129,5.1529998779296875,5.176000118255615,4.682597637176514,393359467
2021-05-20,510300.SS,5.171999931335449,5.205999851226807,5.1519999504089355,5.190000057220459,4.695262432098389,270139103
2021-05-21,510300.SS,5.197000026702881,5.2270002365112305,5.123000144958496,5.135000228881836,4.645505428314209,541063511
2021-05-24,510300.SS,5.135000228881836,5.164000034332275,5.0960001945495605,5.163000106811523,4.670836448669434,349612789
2021-05-25,510300.SS,5.163000106811523,5.3379998207092285,5.163000106811523,5.327000141143799,4.8192033767700195,1536160149
2021-05-26,510300.SS,5.330999851226807,5.353000164031982,5.315999984741211,5.328000068664551,4.820107936859131,486861122
2021-05-27,510300.SS,5.320000171661377,5.394000053405762,5.296000003814697,5.3470001220703125,4.837296485900879,530753500
2021-05-28,510300.SS,5.3460001945495605,5.373000144958496,5.300000190734863,5.331999778747559,4.823726177215576,345621858
2021-05-31,510300.SS,5.328999996185303,5.339000225067139,5.289999961853027,5.3379998207092285,4.8291544914245605,328603031
2021-06-01,510300.SS,5.333000183105469,5.349999904632568,5.270999908447266,5.3460001945495605,4.836391925811768,454422825
2021-06-02,510300.SS,5.35099983215332,5.35699987411499,5.276000022888184,5.302999973297119,4.797491073608398,577607087
2021-06-03,510300.SS,5.300000190734863,5.322999954223633,5.260000228881836,5.26200008392334,4.760399341583252,443276399
2021-06-04,510300.SS,5.25,5.3520002365112305,5.232999801635742,5.295000076293945,4.790253639221191,558117757
2021-06-07,510300.SS,5.295000076293945,5.297999858856201,5.250999927520752,5.289000034332275,4.784825801849365,265277430
2021-06-08,510300.SS,5.289000034332275,5.340000152587891,5.2129998207092285,5.247000217437744,4.746829032897949,454203706
2021-06-09,510300.SS,5.232999801635742,5.265999794006348,5.230999946594238,5.255000114440918,4.7540669441223145,259513156
2021-06-10,510300.SS,5.249000072479248,5.323999881744385,5.248000144958496,5.289000034332275,4.784825801849365,404112579
2021-06-11,510300.SS,5.293000221252441,5.307000160217285,5.236000061035156,5.239999771118164,4.7404961585998535,337555800
2021-06-15,510300.SS,5.239999771118164,5.25,5.1539998054504395,5.181000232696533,4.6871209144592285,431236597
2021-06-16,510300.SS,5.175000190734863,5.183000087738037,5.093999862670898,5.110000133514404,4.622888088226318,557301699
2021-06-17,510300.SS,5.099999904632568,5.144000053405762,5.0970001220703125,5.120999813079834,4.632839679718018,342210455
2021-06-18,510300.SS,5.119999885559082,5.15500020980835,5.089000225067139,5.125999927520752,4.637363433837891,523765660
2021-06-21,510300.SS,5.107999801635742,5.15500020980835,5.086999893188477,5.11899995803833,4.631030559539795,449263050
2021-06-22,510300.SS,5.139999866485596,5.151000022888184,5.111000061035156,5.144999980926514,4.654552459716797,678314191
2021-06-23,510300.SS,5.1519999504089355,5.203000068664551,5.136000156402588,5.176000118255615,4.682597637176514,586465223
2021-06-24,510300.SS,5.179999828338623,5.190000057220459,5.15500020980835,5.189000129699707,4.6943583488464355,217509708
2021-06-25,510300.SS,5.192999839782715,5.289000034332275,5.190999984741211,5.269999980926514,4.767637252807617,619258662
2021-06-28,510300.SS,5.2779998779296875,5.289999961853027,5.256999969482422,5.2789998054504395,4.775778293609619,445496481
2021-06-29,510300.SS,5.2789998054504395,5.2789998054504395,5.215000152587891,5.224999904632568,4.726925849914551,290185647
2021-06-30,510300.SS,5.22599983215332,5.267000198364258,5.224999904632568,5.25600004196167,4.754971504211426,371170976
2021-07-01,510300.SS,5.2729997634887695,5.283999919891357,5.2220001220703125,5.254000186920166,4.753161907196045,564373863
2021-07-02,510300.SS,5.21999979019165,5.2220001220703125,5.111000061035156,5.11299991607666,4.6256022453308105,442235989
2021-07-05,510300.SS,5.11299991607666,5.131999969482422,5.090000152587891,5.119999885559082,4.631935119628906,257570313
2021-07-06,510300.SS,5.119999885559082,5.130000114440918,5.071000099182129,5.126999855041504,4.638267993927002,381688734
2021-07-07,510300.SS,5.105000019073486,5.202000141143799,5.0970001220703125,5.179999828338623,4.686215400695801,349465134
2021-07-08,510300.SS,5.189000129699707,5.196000099182129,5.120999813079834,5.136000156402588,4.64640998840332,328035047
2021-07-09,510300.SS,5.119999885559082,5.127999782562256,5.056000232696533,5.111999988555908,4.624697685241699,426231921
2021-07-12,510300.SS,5.150000095367432,5.209000110626221,5.122000217437744,5.179999828338623,4.686215400695801,596692894
2021-07-13,510300.SS,5.178999900817871,5.214000225067139,5.168000221252441,5.196000099182129,4.700690269470215,346440364
2021-07-14,510300.SS,5.190999984741211,5.190999984741211,5.127999782562256,5.138999938964844,4.6491241455078125,382469318
2021-07-15,510300.SS,5.13100004196167,5.214000225067139,5.124000072479248,5.206999778747559,4.710641860961914,355286695
2021-07-16,510300.SS,5.199999809265137,5.204999923706055,5.1519999504089355,5.156000137329102,4.664503574371338,370235145
2021-07-19,510300.SS,5.146999835968018,5.188000202178955,5.105999946594238,5.177999973297119,4.684406757354736,332046158
2021-07-20,510300.SS,5.139999866485596,5.178999900817871,5.13100004196167,5.164999961853027,4.672645568847656,306679327
2021-07-21,510300.SS,5.179999828338623,5.224999904632568,5.171999931335449,5.203999996185303,4.707927227020264,578430257
2021-07-22,510300.SS,5.204999923706055,5.232999801635742,5.197999954223633,5.209000110626221,4.712451457977295,269684073
2021-07-23,510300.SS,5.210000038146973,5.210999965667725,5.144999980926514,5.1570000648498535,4.665408134460449,268144135
2021-07-26,510300.SS,5.13700008392334,5.138000011444092,4.922999858856201,4.98199987411499,4.507090091705322,915273374
2021-07-27,510300.SS,4.979000091552734,5.0,4.802999973297119,4.809000015258789,4.350581645965576,807205216
2021-07-28,510300.SS,4.802999973297119,4.8429999351501465,4.735000133514404,4.818999767303467,4.359627723693848,913347342
2021-07-29,510300.SS,4.89900016784668,4.916999816894531,4.857999801635742,4.906000137329102,4.4383344650268555,640206355
2021-07-30,510300.SS,4.882999897003174,4.883999824523926,4.821000099182129,4.872000217437744,4.407576560974121,225870235
2021-08-02,510300.SS,4.855999946594238,5.004000186920166,4.823999881744385,4.993000030517578,4.5170416831970215,375203941
2021-08-03,510300.SS,4.9710001945495605,5.019000053405762,4.954999923706055,4.994999885559082,4.518850326538086,233009764
2021-08-04,510300.SS,4.984000205993652,5.039999961853027,4.98199987411499,5.039000034332275,4.558656692504883,248645287
2021-08-05,510300.SS,5.004000186920166,5.058000087738037,4.980999946594238,5.008999824523926,4.5315165519714355,209871649
2021-08-06,510300.SS,5.0,5.005000114440918,4.961999893188477,4.993000030517578,4.5170416831970215,112699204
2021-08-09,510300.SS,4.96999979019165,5.066999912261963,4.952000141143799,5.047999858856201,4.566798686981201,229090628
2021-08-10,510300.SS,5.035999774932861,5.107999801635742,5.001999855041504,5.105000019073486,4.6183648109436035,324122381
2021-08-11,510300.SS,5.0980000495910645,5.124000072479248,5.074999809265137,5.078000068664551,4.593938827514648,239129600
2021-08-12,510300.SS,5.059999942779541,5.080999851226807,5.035999774932861,5.046000003814697,4.5649895668029785,133971695
2021-08-13,510300.SS,5.0329999923706055,5.065999984741211,4.989999771118164,5.019000053405762,4.540563106536865,202566401
2021-08-16,510300.SS,5.013000011444092,5.044000148773193,5.000999927520752,5.015999794006348,4.537848949432373,186203629
2021-08-17,510300.SS,5.010000228881836,5.041999816894531,4.894999980926514,4.9039998054504395,4.436525821685791,352300896
2021-08-18,510300.SS,4.9039998054504395,4.986000061035156,4.892000198364258,4.956999778747559,4.484473705291748,384771032
2021-08-19,510300.SS,4.940000057220459,4.956999778747559,4.901000022888184,4.922999858856201,4.453714370727539,240311000
2021-08-20,510300.SS,4.9120001792907715,4.913000106811523,4.788000106811523,4.833000183105469,4.372293949127197,418441340
2021-08-23,510300.SS,4.8429999351501465,4.910999774932861,4.840000152587891,4.90500020980835,4.437430381774902,352961261
2021-08-24,510300.SS,4.909999847412109,4.978000164031982,4.909999847412109,4.956999778747559,4.484473705291748,317705413
2021-08-25,510300.SS,4.965000152587891,4.9730000495910645,4.938000202178955,4.9710001945495605,4.497138977050781,207656406
2021-08-26,510300.SS,4.9679999351501465,4.968999862670898,4.869999885559082,4.886000156402588,4.420241355895996,194840259
2021-08-27,510300.SS,4.879000186920166,4.943999767303467,4.875999927520752,4.89900016784668,4.432002544403076,232236414
2021-08-30,510300.SS,4.910999774932861,4.921999931335449,4.859000205993652,4.88100004196167,4.415718078613281,215532211
2021-08-31,510300.SS,4.881999969482422,4.896999835968018,4.809999942779541,4.879000186920166,4.413909435272217,245032607
2021-09-01,510300.SS,4.880000114440918,4.98799991607666,4.840000152587891,4.948999881744385,4.477235794067383,386518269
2021-09-02,510300.SS,4.960000038146973,4.9679999351501465,4.920000076293945,4.945000171661377,4.4736175537109375,224004834
2021-09-03,510300.SS,4.945000171661377,4.968999862670898,4.908999919891357,4.918000221252441,4.449191093444824,348367264
2021-09-06,510300.SS,4.918000221252441,5.015999794006348,4.914000034332275,5.001999855041504,4.525183200836182,494535866
2021-09-07,510300.SS,5.0,5.089000225067139,4.986000061035156,5.065000057220459,4.582177639007568,457495603
2021-09-08,510300.SS,5.068999767303467,5.0929999351501465,5.0279998779296875,5.044000148773193,4.563179969787598,236943077
2021-09-09,510300.SS,5.031000137329102,5.043000221252441,5.001999855041504,5.041999816894531,4.561370372772217,182545189
2021-09-10,510300.SS,5.0370001792907715,5.126999855041504,5.033999919891357,5.091000080108643,4.6057000160217285,389334975
2021-09-13,510300.SS,5.085000038146973,5.109000205993652,5.034999847412109,5.064000129699707,4.581273555755615,320015733
2021-09-14,510300.SS,5.065000057220459,5.081999778747559,4.9770002365112305,4.998000144958496,4.5215654373168945,327711994
2021-09-15,510300.SS,4.989999771118164,4.991000175476074,4.916999816894531,4.945000171661377,4.4736175537109375,270735874
2021-09-16,510300.SS,4.945000171661377,4.954999923706055,4.88100004196167,4.888999938964844,4.422955513000488,429348425
2021-09-17,510300.SS,4.888000011444092,4.934000015258789,4.868000030517578,4.927999973297119,4.458237648010254,513992694
2021-09-22,510300.SS,4.860000133514404,4.9120001792907715,4.8520002365112305,4.894999980926514,4.4283833503723145,491629600
2021-09-23,510300.SS,4.916999816894531,4.954999923706055,4.906000137329102,4.923999786376953,4.45461893081665,286973255
2021-09-24,510300.SS,4.927999973297119,4.974999904632568,4.918000221252441,4.931000232696533,4.460951805114746,464771190
2021-09-27,510300.SS,4.945000171661377,4.998000144958496,4.921000003814697,4.9629998207092285,4.489901065826416,359893578
2021-09-28,510300.SS,4.954999923706055,4.980000019073486,4.926000118255615,4.953999996185303,4.481759548187256,263635257
2021-09-29,510300.SS,4.921999931335449,4.948999881744385,4.877999782562256,4.921000003814697,4.451905250549316,592261073
2021-09-30,510300.SS,4.922999858856201,4.953000068664551,4.921000003814697,4.934999942779541,4.46457052230835,312959671
2021-10-08,510300.SS,4.978000164031982,5.014999866485596,4.9710001945495605,5.00600004196167,4.528802394866943,244624120
2021-10-11,510300.SS,5.013999938964844,5.059999942779541,5.000999927520752,5.005000114440918,4.527897834777832,260322371
2021-10-12,510300.SS,4.986999988555908,4.998000144958496,4.913000106811523,4.953000068664551,4.480854511260986,330606824
2021-10-13,510300.SS,4.945000171661377,5.025000095367432,4.942999839782715,5.008999824523926,4.5315165519714355,253573666
2021-10-14,510300.SS,5.002999782562256,5.0279998779296875,4.9710001945495605,4.98199987411499,4.507090091705322,199808658
2021-10-15,510300.SS,4.979000091552734,5.017000198364258,4.960000038146973,5.00600004196167,4.528802394866943,217970095
2021-10-18,510300.SS,5.002999782562256,5.004000186920166,4.915999889373779,4.947999954223633,4.476330757141113,251260474
2021-10-19,510300.SS,4.940000057220459,5.0,4.936999797821045,4.994999885559082,4.518850326538086,288469796
2021-10-20,510300.SS,5.0,5.021999835968018,4.9710001945495605,4.980999946594238,4.506185531616211,156696300
2021-10-21,510300.SS,4.980000019073486,5.0269999504089355,4.961999893188477,5.002999782562256,4.526087760925293,224085516
2021-10-22,510300.SS,5.010000228881836,5.072000026702881,5.010000228881836,5.035999774932861,4.555942535400391,334597340
2021-10-25,510300.SS,5.021999835968018,5.060999870300293,5.011000156402588,5.052999973297119,4.571322441101074,265374504
2021-10-26,510300.SS,5.054999828338623,5.0879998207092285,5.0229997634887695,5.035999774932861,4.555942535400391,247909532
2021-10-27,510300.SS,5.02400016784668,5.02400016784668,4.958000183105469,4.96999979019165,4.496233940124512,278104300
2021-10-28,510300.SS,4.960000038146973,4.9770002365112305,4.926000118255615,4.948999881744385,4.477235794067383,441341200
2021-10-29,510300.SS,4.946000099182129,4.98199987411499,4.934000015258789,4.980999946594238,4.506185531616211,426484699
2021-11-01,510300.SS,4.956999778747559,4.98799991607666,4.939000129699707,4.965000152587891,4.491711139678955,195002345
2021-11-02,510300.SS,4.961999893188477,4.994999885559082,4.874000072479248,4.913000106811523,4.444668292999268,429413513
2021-11-03,510300.SS,4.909999847412109,4.935999870300293,4.879000186920166,4.89300012588501,4.426574230194092,340635107
2021-11-04,510300.SS,4.913000106811523,4.951000213623047,4.9120001792907715,4.940000057220459,4.469093322753906,284423300
2021-11-05,510300.SS,4.929999828338623,4.9670000076293945,4.921999931335449,4.922999858856201,4.453714370727539,265600790
2021-11-08,510300.SS,4.920000076293945,4.947999954223633,4.9019999504089355,4.919000148773193,4.4500956535339355,312485200
2021-11-09,510300.SS,4.934999942779541,4.952000141143799,4.892000198364258,4.916999816894531,4.448286056518555,262840000
2021-11-10,510300.SS,4.913000106811523,4.913000106811523,4.826000213623047,4.892000198364258,4.4256696701049805,489426383
2021-11-11,510300.SS,4.881999969482422,4.974999904632568,4.880000114440918,4.9720001220703125,4.498043060302734,352364995
2021-11-12,510300.SS,4.97599983215332,4.991000175476074,4.953999996185303,4.96999979019165,4.496233940124512,272906704
2021-11-15,510300.SS,4.973999977111816,4.991000175476074,4.942999839782715,4.964000225067139,4.4908061027526855,335915381
2021-11-16,510300.SS,4.966000080108643,4.995999813079834,4.949999809265137,4.960000038146973,4.487186908721924,351870307
2021-11-17,510300.SS,4.953000068664551,4.973999977111816,4.940999984741211,4.959000110626221,4.486283302307129,226981757
2021-11-18,510300.SS,4.947000026702881,4.952000141143799,4.9019999504089355,4.914999961853027,4.446476936340332,360601200
2021-11-19,510300.SS,4.909999847412109,4.97599983215332,4.90500020980835,4.96999979019165,4.496233940124512,275920589
2021-11-22,510300.SS,4.973999977111816,4.994999885559082,4.9670000076293945,4.982999801635742,4.507994651794434,353647489
2021-11-23,510300.SS,4.97599983215332,5.0,4.966000080108643,4.986000061035156,4.510708808898926,317267246
2021-11-24,510300.SS,4.986000061035156,5.015999794006348,4.973999977111816,4.997000217437744,4.520660400390625,178594706
2021-11-25,510300.SS,4.998000144958496,4.999000072479248,4.96999979019165,4.978000164031982,4.503471851348877,137259970
2021-11-26,510300.SS,4.965000152587891,4.966000080108643,4.927000045776367,4.935999870300293,4.465475559234619,204637800
2021-11-29,510300.SS,4.900000095367432,4.938000202178955,4.900000095367432,4.928999900817871,4.459142208099365,233856000
2021-11-30,510300.SS,4.932000160217285,4.948999881744385,4.888000011444092,4.910999774932861,4.4428582191467285,183680000
2021-12-01,510300.SS,4.910999774932861,4.928999900817871,4.9070000648498535,4.923999786376953,4.45461893081665,211626158
2021-12-02,510300.SS,4.920000076293945,4.945000171661377,4.9029998779296875,4.934000015258789,4.4636664390563965,161035147
2021-12-03,510300.SS,4.934000015258789,4.980000019073486,4.926000118255615,4.979000091552734,4.504376411437988,219632143
2021-12-06,510300.SS,4.98199987411499,5.015999794006348,4.968999862670898,4.973999977111816,4.499852657318115,332899117
2021-12-07,510300.SS,4.994999885559082,5.008999824523926,4.978000164031982,5.001999855041504,4.525183200836182,212426758
2021-12-08,510300.SS,5.006999969482422,5.078999996185303,4.988999843597412,5.073999881744385,4.590320587158203,341191710
2021-12-09,510300.SS,5.078000068664551,5.203999996185303,5.076000213623047,5.1579999923706055,4.666313171386719,633221175
2021-12-10,510300.SS,5.14300012588501,5.150000095367432,5.123000144958496,5.14300012588501,4.652742862701416,396126046
2021-12-13,510300.SS,5.166999816894531,5.2270002365112305,5.14900016784668,5.156000137329102,4.664503574371338,429033771
2021-12-14,510300.SS,5.13700008392334,5.15500020980835,5.114999771118164,5.125,4.636458873748779,362687781
2021-12-15,510300.SS,5.119999885559082,5.136000156402588,5.074999809265137,5.078999996185303,4.594843864440918,203583199
2021-12-16,510300.SS,5.081999778747559,5.10699987411499,5.065000057220459,5.105999946594238,4.619270324707031,377304328
2021-12-17,510300.SS,5.0980000495910645,5.10099983215332,5.031000137329102,5.0329999923706055,4.553228378295898,622618900
2021-12-20,510300.SS,5.002999782562256,5.019000053405762,4.947000026702881,4.958000183105469,4.485378265380859,851825300
2021-12-21,510300.SS,4.953000068664551,4.992000102996826,4.948999881744385,4.979000091552734,4.504376411437988,517133515
2021-12-22,510300.SS,4.992000102996826,5.004000186920166,4.96999979019165,4.98199987411499,4.507090091705322,666046188
2021-12-23,510300.SS,4.993000030517578,5.026000022888184,4.978000164031982,5.019999980926514,4.541468143463135,302305260
2021-12-24,510300.SS,5.026000022888184,5.0320000648498535,4.978000164031982,4.997000217437744,4.520660400390625,260396101
2021-12-27,510300.SS,4.997000217437744,5.01800012588501,4.96999979019165,5.000999927520752,4.52427864074707,504491326
2021-12-28,510300.SS,5.000999927520752,5.0370001792907715,4.992000102996826,5.0269999504089355,4.547800540924072,639914174
2021-12-29,510300.SS,5.025000095367432,5.031000137329102,4.959000110626221,4.960000038146973,4.487186908721924,403865556
2021-12-30,510300.SS,4.960000038146973,5.017000198364258,4.954999923706055,4.995999813079834,4.519755840301514,474498019
2021-12-31,510300.SS,5.010000228881836,5.0289998054504395,4.99399995803833,5.007999897003174,4.530611515045166,351416595
2022-01-04,510300.SS,5.025000095367432,5.0269999504089355,4.941999912261963,4.989999771118164,4.514327049255371,486355276
2022-01-05,510300.SS,4.979000091552734,4.992000102996826,4.925000190734863,4.942999839782715,4.471807956695557,464073106
2022-01-06,510300.SS,4.922999858856201,4.933000087738037,4.85699987411499,4.88700008392334,4.421146392822266,517272800
2022-01-07,510300.SS,4.900000095367432,4.929999828338623,4.89300012588501,4.89900016784668,4.432002544403076,478519700
2022-01-10,510300.SS,4.888000011444092,4.922999858856201,4.859000205993652,4.9120001792907715,4.443763732910156,491122307
2022-01-11,510300.SS,4.9120001792907715,4.923999786376953,4.863999843597412,4.867000102996826,4.403052806854248,412218898
2022-01-12,510300.SS,4.883999824523926,4.933000087738037,4.883999824523926,4.919000148773193,4.4500956535339355,511332582
2022-01-13,510300.SS,4.929999828338623,4.932000160217285,4.835999965667725,4.8379998207092285,4.376816749572754,488272297
2022-01-14,510300.SS,4.824999809265137,4.840000152587891,4.790999889373779,4.794000148773193,4.337011337280273,410029000
2022-01-17,510300.SS,4.797999858856201,4.85099983215332,4.796999931335449,4.835000038146973,4.374102592468262,498349057
2022-01-18,510300.SS,4.831999778747559,4.896999835968018,4.815000057220459,4.88100004196167,4.415718078613281,624167062
2022-01-19,510300.SS,4.815000057220459,4.839000225067139,4.75600004196167,4.78000020980835,4.391829490661621,522439260
2022-01-20,510300.SS,4.775000095367432,4.8470001220703125,4.77400016784668,4.817999839782715,4.426743984222412,541278488
2022-01-21,510300.SS,4.809999942779541,4.815000057220459,4.763999938964844,4.783999919891357,4.395504474639893,781436980
2022-01-24,510300.SS,4.760000228881836,4.798999786376953,4.748000144958496,4.785999774932861,4.397342681884766,460574013
2022-01-25,510300.SS,4.76200008392334,4.7769999504089355,4.676000118255615,4.679999828338623,4.299949645996094,595270865
2022-01-26,510300.SS,4.695000171661377,4.710999965667725,4.650000095367432,4.705999851226807,4.323838710784912,521842100
2022-01-27,510300.SS,4.692999839782715,4.698999881744385,4.616000175476074,4.625,4.249416828155518,607621674
2022-01-28,510300.SS,4.63700008392334,4.658999919891357,4.550000190734863,4.553999900817871,4.184182167053223,858391702
2022-02-07,510300.SS,4.625,4.663000106811523,4.605999946594238,4.625999927520752,4.250335693359375,484586760
2022-02-08,510300.SS,4.625999927520752,4.625999927520752,4.514999866485596,4.604000091552734,4.230122089385986,448141306
2022-02-09,510300.SS,4.605999946594238,4.6529998779296875,4.590000152587891,4.64300012588501,4.265954971313477,458938095
2022-02-10,510300.SS,4.650000095367432,4.6529998779296875,4.605999946594238,4.631999969482422,4.255847930908203,495383095
2022-02-11,510300.SS,4.613999843597412,4.6579999923706055,4.5929999351501465,4.5960001945495605,4.222771644592285,461743608
2022-02-14,510300.SS,4.579999923706055,4.593999862670898,4.526000022888184,4.546999931335449,4.177750587463379,329967908
2022-02-15,510300.SS,4.547999858856201,4.5929999351501465,4.546000003814697,4.589000225067139,4.216340065002441,604314440
2022-02-16,510300.SS,4.610000133514404,4.633999824523926,4.5980000495910645,4.610000133514404,4.235634803771973,449800548
2022-02-17,510300.SS,4.605000019073486,4.644000053405762,4.598999977111816,4.619999885559082,4.2448225021362305,629040692
2022-02-18,510300.SS,4.599999904632568,4.644999980926514,4.59499979019165,4.644000053405762,4.266873836517334,304105215
2022-02-21,510300.SS,4.636000156402588,4.63700008392334,4.605000019073486,4.626999855041504,4.251253604888916,324195053
2022-02-22,510300.SS,4.590000152587891,4.5970001220703125,4.548999786376953,4.566999912261963,4.196126937866211,315316769
2022-02-23,510300.SS,4.579999923706055,4.618000030517578,4.571000099182129,4.614999771118164,4.24022912979126,446903932
2022-02-24,510300.SS,4.590000152587891,4.6020002365112305,4.488999843597412,4.53000020980835,4.162131309509277,591236542
2022-02-25,510300.SS,4.552999973297119,4.611000061035156,4.552999973297119,4.565000057220459,4.194288730621338,384466069
2022-02-28,510300.SS,4.561999797821045,4.572999954223633,4.521999835968018,4.571000099182129,4.199801921844482,269317076
2022-03-01,510300.SS,4.5879998207092285,4.617000102996826,4.572999954223633,4.609000205993652,4.234715938568115,326162903
2022-03-02,510300.SS,4.589000225067139,4.590000152587891,4.552000045776367,4.573999881744385,4.2025580406188965,194601292
2022-03-03,510300.SS,4.590000152587891,4.599999904632568,4.534999847412109,4.545000076293945,4.175913333892822,200689920
2022-03-04,510300.SS,4.505000114440918,4.533999919891357,4.480000019073486,4.49399995803833,4.129054546356201,405376626
2022-03-07,510300.SS,4.459000110626221,4.459000110626221,4.328000068664551,4.3460001945495605,3.9930737018585205,583112990
2022-03-08,510300.SS,4.3470001220703125,4.370999813079834,4.248000144958496,4.263999938964844,3.9177322387695312,691708074
2022-03-09,510300.SS,4.271999835968018,4.294000148773193,4.070000171661377,4.223999977111816,3.880980968475342,786748812
2022-03-10,510300.SS,4.300000190734863,4.326000213623047,4.2820000648498535,4.283999919891357,3.9361085891723633,552846528
2022-03-11,510300.SS,4.228000164031982,4.317999839782715,4.175000190734863,4.311999797821045,3.96183443069458,397342208
2022-03-14,510300.SS,4.25,4.27400016784668,4.171000003814697,4.171999931335449,3.8332033157348633,433100428
2022-03-15,510300.SS,4.135000228881836,4.164000034332275,3.9679999351501465,3.9730000495910645,3.6503639221191406,1044477802
2022-03-16,510300.SS,4.034999847412109,4.170000076293945,3.941999912261963,4.145999908447266,3.809314727783203,1325138541
2022-03-17,510300.SS,4.2230000495910645,4.294000148773193,4.204999923706055,4.230000019073486,3.886493682861328,1147561626
2022-03-18,510300.SS,4.210000038146973,4.276000022888184,4.189000129699707,4.257999897003174,3.912219762802124,403021732
2022-03-21,510300.SS,4.263000011444092,4.28000020980835,4.211999893188477,4.251999855041504,3.9067065715789795,372016391
2022-03-22,510300.SS,4.23199987411499,4.2820000648498535,4.230999946594238,4.248000144958496,3.903031826019287,250422476
2022-03-23,510300.SS,4.257999897003174,4.285999774932861,4.239999771118164,4.2729997634887695,3.9260013103485107,308244671
2022-03-24,510300.SS,4.25,4.269999980926514,4.2129998207092285,4.245999813079834,3.9011940956115723,220641762
2022-03-25,510300.SS,4.244999885559082,4.254000186920166,4.166999816894531,4.169000148773193,3.830447196960449,356808307
2022-03-28,510300.SS,4.133999824523926,4.173999786376953,4.083000183105469,4.144000053405762,3.8074769973754883,415593846
2022-03-29,510300.SS,4.15500020980835,4.172999858856201,4.11899995803833,4.125999927520752,3.7909390926361084,231033117
2022-03-30,510300.SS,4.1539998054504395,4.251999855041504,4.1539998054504395,4.249000072479248,3.9039504528045654,500257530
2022-03-31,510300.SS,4.238999843597412,4.24399995803833,4.210000038146973,4.2179999351501465,3.8754680156707764,424278996
2022-04-01,510300.SS,4.186999797821045,4.289000034332275,4.184999942779541,4.269000053405762,3.9223268032073975,375247241
2022-04-06,510300.SS,4.243000030517578,4.269000053405762,4.228000164031982,4.256999969482422,3.9113008975982666,339893770
2022-04-07,510300.SS,4.236999988555908,4.26800012588501,4.202000141143799,4.204999923706055,3.863523483276367,278398351
2022-04-08,510300.SS,4.208000183105469,4.236000061035156,4.175000190734863,4.232999801635742,3.889249563217163,320271297
2022-04-11,510300.SS,4.204999923706055,4.205999851226807,4.0879998207092285,4.10099983215332,3.7679688930511475,580058497
2022-04-12,510300.SS,4.103000164031982,4.176000118255615,4.076000213623047,4.171000003814697,3.832284688949585,806475900
2022-04-13,510300.SS,4.151000022888184,4.186999797821045,4.135000228881836,4.138999938964844,3.8028833866119385,387260208
2022-04-14,510300.SS,4.176000118255615,4.211999893188477,4.1529998779296875,4.183000087738037,3.8433103561401367,573689243
2022-04-15,510300.SS,4.159999847412109,4.205999851226807,4.150000095367432,4.181000232696533,3.841472864151001,532237966
2022-04-18,510300.SS,4.144999980926514,4.164000034332275,4.117000102996826,4.160999774932861,3.823096752166748,279709272
2022-04-19,510300.SS,4.159999847412109,4.185999870300293,4.110000133514404,4.133999824523926,3.7982890605926514,313996240
2022-04-20,510300.SS,4.131999969482422,4.138000011444092,4.058000087738037,4.064000129699707,3.733973979949951,390343438
2022-04-21,510300.SS,4.052000045776367,4.080999851226807,3.9749999046325684,3.996000051498413,3.6714959144592285,792508456
2022-04-22,510300.SS,3.9649999141693115,4.0370001792907715,3.9519999027252197,4.00600004196167,3.6806838512420654,617378397
2022-04-25,510300.SS,3.944999933242798,3.9590001106262207,3.806999921798706,3.812999963760376,3.50335693359375,1654284344
2022-04-26,510300.SS,3.815999984741211,3.872999906539917,3.7739999294281006,3.7829999923706055,3.4757931232452393,1543759738
2022-04-27,510300.SS,3.7709999084472656,3.8910000324249268,3.759999990463257,3.8889999389648438,3.5731849670410156,1372583856
2022-04-28,510300.SS,3.871999979019165,3.934999942779541,3.86899995803833,3.9149999618530273,3.597073793411255,1072926129
2022-04-29,510300.SS,3.928999900817871,4.019000053405762,3.8929998874664307,4.014999866485596,3.688952684402466,763121189
2022-05-05,510300.SS,3.9800000190734863,4.031000137329102,3.9700000286102295,4.0,3.6751708984375,736095393
2022-05-06,510300.SS,3.924999952316284,3.943000078201294,3.9000000953674316,3.9030001163482666,3.5860483646392822,520669718
2022-05-09,510300.SS,3.878000020980835,3.9059998989105225,3.8499999046325684,3.871000051498413,3.5566465854644775,318700633
2022-05-10,510300.SS,3.8329999446868896,3.933000087738037,3.808000087738037,3.9159998893737793,3.5979926586151123,547467162
2022-05-11,510300.SS,3.9089999198913574,4.026000022888184,3.9089999198913574,3.9709999561309814,3.648526191711426,629011561
2022-05-12,510300.SS,3.9549999237060547,3.9790000915527344,3.933000087738037,3.9509999752044678,3.630150318145752,307105783
2022-05-13,510300.SS,3.98799991607666,3.999000072479248,3.9519999027252197,3.9820001125335693,3.65863299369812,279973247
2022-05-16,510300.SS,4.0,4.013999938964844,3.940000057220459,3.9509999752044678,3.630150318145752,442584342
2022-05-17,510300.SS,3.9600000381469727,4.000999927520752,3.9489998817443848,4.0,3.6751708984375,300849564
2022-05-18,510300.SS,4.006999969482422,4.017000198364258,3.9600000381469727,3.9860000610351562,3.6623079776763916,264017324
2022-05-19,510300.SS,3.947000026702881,3.996999979019165,3.936000108718872,3.994999885559082,3.670577049255371,324962036
2022-05-20,510300.SS,4.019999980926514,4.079999923706055,4.010000228881836,4.078999996185303,3.747755765914917,600461424
2022-05-23,510300.SS,4.078999996185303,4.078999996185303,4.020999908447266,4.046999931335449,3.7183542251586914,512091273
2022-05-24,510300.SS,4.046000003814697,4.048999786376953,3.9600000381469727,3.9649999141693115,3.6430132389068604,415664500
2022-05-25,510300.SS,3.9600000381469727,3.9839999675750732,3.947999954223633,3.9820001125335693,3.65863299369812,457684097
2022-05-26,510300.SS,3.9830000400543213,4.019999980926514,3.931999921798706,3.992000102996826,3.667820692062378,481614068
2022-05-27,510300.SS,4.021999835968018,4.057000160217285,3.984999895095825,4.001999855041504,3.677008628845215,553297211
2022-05-30,510300.SS,4.019999980926514,4.043000221252441,4.006999969482422,4.025000095367432,3.698141098022461,450531920
2022-05-31,510300.SS,4.025000095367432,4.103000164031982,4.015999794006348,4.089000225067139,3.756943702697754,452258118
2022-06-01,510300.SS,4.089000225067139,4.0960001945495605,4.059999942779541,4.083000183105469,3.751431465148926,377434508
2022-06-02,510300.SS,4.065999984741211,4.0980000495910645,4.058000087738037,4.093999862670898,3.761537551879883,290132608
2022-06-06,510300.SS,4.0920000076293945,4.177000045776367,4.065000057220459,4.176000118255615,3.836878776550293,423835904
2022-06-07,510300.SS,4.160999774932861,4.202000141143799,4.15500020980835,4.182000160217285,3.8423914909362793,380864188
2022-06-08,510300.SS,4.184999942779541,4.230000019073486,4.164999961853027,4.223999977111816,3.880980968475342,427291052
2022-06-09,510300.SS,4.215000152587891,4.234000205993652,4.172999858856201,4.190000057220459,3.8497416973114014,291614828
2022-06-10,510300.SS,4.158999919891357,4.260000228881836,4.1579999923706055,4.248000144958496,3.903031826019287,648069142
2022-06-13,510300.SS,4.210000038146973,4.2230000495910645,4.170000076293945,4.196000099182129,3.855254650115967,579900248
2022-06-14,510300.SS,4.164999961853027,4.239999771118164,4.114999771118164,4.236000061035156,3.8920061588287354,624902550
2022-06-15,510300.SS,4.232999801635742,4.363999843597412,4.232999801635742,4.284999847412109,3.9370267391204834,1121885205
2022-06-16,510300.SS,4.297999858856201,4.316999912261963,4.249000072479248,4.257999897003174,3.912219762802124,507512036
2022-06-17,510300.SS,4.241000175476074,4.336999893188477,4.235000133514404,4.321000099182129,3.9701035022735596,715647404
2022-06-20,510300.SS,4.330999851226807,4.388000011444092,4.308000087738037,4.3420000076293945,3.989398241043091,732434457
2022-06-21,510300.SS,4.3420000076293945,4.377999782562256,4.304999828338623,4.340000152587891,3.987560749053955,422401546
2022-06-22,510300.SS,4.340000152587891,4.3470001220703125,4.2820000648498535,4.289999961853027,3.9416210651397705,361964272
2022-06-23,510300.SS,4.290999889373779,4.367000102996826,4.283999919891357,4.364999771118164,4.010530471801758,405693924
2022-06-24,510300.SS,4.375,4.426000118255615,4.36299991607666,4.413000106811523,4.054632186889648,414833849
2022-06-27,510300.SS,4.428999900817871,4.499000072479248,4.428999900817871,4.460999965667725,4.098734378814697,455981050
2022-06-28,510300.SS,4.460000038146973,4.526000022888184,4.433000087738037,4.513000011444092,4.146511554718018,374882378
2022-06-29,510300.SS,4.498000144958496,4.5269999504089355,4.442999839782715,4.458000183105469,4.095978260040283,544835604
2022-06-30,510300.SS,4.453999996185303,4.545000076293945,4.453000068664551,4.507999897003174,4.141918182373047,568051561
2022-07-01,510300.SS,4.519999980926514,4.525000095367432,4.473999977111816,4.493000030517578,4.128135681152344,445571244
2022-07-04,510300.SS,4.478000164031982,4.5229997634887695,4.448999881744385,4.520999908447266,4.153861999511719,387421725
2022-07-05,510300.SS,4.526000022888184,4.565000057220459,4.461999893188477,4.511000156402588,4.144674777984619,392115820
2022-07-06,510300.SS,4.5,4.510000228881836,4.422999858856201,4.452000141143799,4.090466022491455,318962717
2022-07-07,510300.SS,4.445000171661377,4.48799991607666,4.421999931335449,4.4679999351501465,4.105165958404541,403045946
2022-07-08,510300.SS,4.491000175476074,4.513000011444092,4.456999778747559,4.464000225067139,4.101491451263428,208249030
2022-07-11,510300.SS,4.446000099182129,4.446000099182129,4.369999885559082,4.388000011444092,4.031662940979004,452207498
2022-07-12,510300.SS,4.381999969482422,4.4070000648498535,4.3379998207092285,4.3520002365112305,3.9985861778259277,343539200
2022-07-13,510300.SS,4.355000019073486,4.379000186920166,4.328000068664551,4.359000205993652,4.0050177574157715,295600301
2022-07-14,510300.SS,4.355000019073486,4.388999938964844,4.335999965667725,4.360000133514404,4.005936622619629,326414269
2022-07-15,510300.SS,4.349999904632568,4.400000095367432,4.293000221252441,4.295000076293945,3.9462146759033203,737307108
2022-07-18,510300.SS,4.311999797821045,4.359000205993652,4.27400016784668,4.341000080108643,3.9884793758392334,389115108
2022-07-19,510300.SS,4.336999893188477,4.336999893188477,4.284999847412109,4.318999767303467,3.9682655334472656,353527001
2022-07-20,510300.SS,4.340000152587891,4.360000133514404,4.317999839782715,4.330999851226807,3.9792914390563965,299838373
2022-07-21,510300.SS,4.315000057220459,4.3379998207092285,4.284999847412109,4.285999774932861,3.937945604324341,310492643
2022-07-22,510300.SS,4.301000118255615,4.335000038146973,4.258999824523926,4.289000034332275,3.940702199935913,314768801
2022-07-25,510300.SS,4.284999847412109,4.288000106811523,4.252999782562256,4.270999908447266,3.924163818359375,251676078
2022-07-26,510300.SS,4.2769999504089355,4.320000171661377,4.27400016784668,4.300000190734863,3.9508094787597656,376254537
2022-07-27,510300.SS,4.289999961853027,4.296999931335449,4.26800012588501,4.276000022888184,3.928757667541504,257178619
2022-07-28,510300.SS,4.291999816894531,4.329999923706055,4.275000095367432,4.2789998054504395,3.931514263153076,369581028
2022-07-29,510300.SS,4.2829999923706055,4.304999828338623,4.210999965667725,4.21999979019165,3.877305269241333,471265353
2022-08-01,510300.SS,4.205999851226807,4.248000144958496,4.181000232696533,4.23799991607666,3.893843650817871,298391483
2022-08-02,510300.SS,4.210000038146973,4.210000038146973,4.131999969482422,4.166999816894531,3.8286092281341553,543973256
2022-08-03,510300.SS,4.179999828338623,4.209000110626221,4.111000061035156,4.122000217437744,3.787263870239258,376662823
2022-08-04,510300.SS,4.138999938964844,4.1620001792907715,4.122000217437744,4.1529998779296875,3.815746545791626,261750872
2022-08-05,510300.SS,4.156000137329102,4.223999977111816,4.1529998779296875,4.2179999351501465,3.8754680156707764,393385248
2022-08-08,510300.SS,4.201000213623047,4.218999862670898,4.192999839782715,4.203999996185303,3.862604856491089,157282357
2022-08-09,510300.SS,4.202000141143799,4.218999862670898,4.190000057220459,4.210999965667725,3.8690361976623535,241824356
2022-08-10,510300.SS,4.202000141143799,4.216000080108643,4.1479997634887695,4.165999889373779,3.827690839767456,203763174
2022-08-11,510300.SS,4.183000087738037,4.260000228881836,4.176000118255615,4.254000186920166,3.9085445404052734,348050252
2022-08-12,510300.SS,4.251999855041504,4.265999794006348,4.23799991607666,4.255000114440918,3.909463405609131,205589752
2022-08-15,510300.SS,4.242000102996826,4.285999774932861,4.23799991607666,4.244999885559082,3.900275230407715,232822800
2022-08-16,510300.SS,4.25,4.271999835968018,4.2270002365112305,4.235000133514404,3.891087532043457,168483356
2022-08-17,510300.SS,4.236000061035156,4.2870001792907715,4.210999965667725,4.276000022888184,3.928757667541504,281022766
2022-08-18,510300.SS,4.269999980926514,4.27400016784668,4.234000205993652,4.238999843597412,3.8947625160217285,199968110
2022-08-19,510300.SS,4.235000133514404,4.250999927520752,4.206999778747559,4.209000110626221,3.8671987056732178,289441065
2022-08-22,510300.SS,4.199999809265137,4.248000144958496,4.196000099182129,4.236000061035156,3.8920061588287354,310932370
2022-08-23,510300.SS,4.232999801635742,4.25,4.203000068664551,4.2220001220703125,3.879143238067627,275877595
2022-08-24,510300.SS,4.234000205993652,4.23799991607666,4.136000156402588,4.144999980926514,3.808396100997925,403161100
2022-08-25,510300.SS,4.1529998779296875,4.185999870300293,4.124000072479248,4.181000232696533,3.841472864151001,332510691
2022-08-26,510300.SS,4.178999900817871,4.201000213623047,4.168000221252441,4.175000190734863,3.8359601497650146,226855432
2022-08-29,510300.SS,4.140999794006348,4.160999774932861,4.125,4.150000095367432,3.812990188598633,234594502
2022-08-30,510300.SS,4.1539998054504395,4.156000137329102,4.105999946594238,4.140999794006348,3.804720878601074,232094792
2022-08-31,510300.SS,4.124000072479248,4.182000160217285,4.11299991607666,4.140999794006348,3.804720878601074,555279634
2022-09-01,510300.SS,4.130000114440918,4.1529998779296875,4.0980000495910645,4.10699987411499,3.773482084274292,320251600
2022-09-02,510300.SS,4.110000133514404,4.11899995803833,4.064000129699707,4.084000110626221,3.752349615097046,263737445
2022-09-05,510300.SS,4.074999809265137,4.083000183105469,4.039999961853027,4.081999778747559,3.750511884689331,215865010
2022-09-06,510300.SS,4.09499979019165,4.116000175476074,4.073999881744385,4.111000061035156,3.7771570682525635,264101508
2022-09-07,510300.SS,4.0970001220703125,4.13100004196167,4.093999862670898,4.11899995803833,3.7845077514648438,183572795
2022-09-08,510300.SS,4.123000144958496,4.13100004196167,4.099999904632568,4.10099983215332,3.7679688930511475,171632183
2022-09-09,510300.SS,4.10699987411499,4.166999816894531,4.105999946594238,4.158999919891357,3.821259021759033,392975947
2022-09-13,510300.SS,4.165999889373779,4.195000171661377,4.1620001792907715,4.172999858856201,3.8341224193573,327431190
2022-09-14,510300.SS,4.133999824523926,4.15500020980835,4.113999843597412,4.126999855041504,3.7918577194213867,429913863
2022-09-15,510300.SS,4.133999824523926,4.146999835968018,4.065000057220459,4.090000152587891,3.7578623294830322,588844446
2022-09-16,510300.SS,4.077000141143799,4.086999893188477,3.996000051498413,4.0,3.6751708984375,725780900
2022-09-19,510300.SS,3.99399995803833,4.014999866485596,3.9749999046325684,3.989000082015991,3.665064573287964,397790449
2022-09-20,510300.SS,4.00600004196167,4.0229997634887695,3.9800000190734863,3.990999937057495,3.6669020652770996,301514995
2022-09-21,510300.SS,3.9800000190734863,3.990000009536743,3.943000078201294,3.9609999656677246,3.6393380165100098,363488622
2022-09-22,510300.SS,3.944999933242798,3.9639999866485596,3.9200000762939453,3.931999921798706,3.6126933097839355,279846800
2022-09-23,510300.SS,3.931999921798706,3.9509999752044678,3.8919999599456787,3.9240000247955322,3.6053428649902344,520249045
2022-09-26,510300.SS,3.9000000953674316,3.9579999446868896,3.8940000534057617,3.8989999294281006,3.5823731422424316,756033583
2022-09-27,510300.SS,3.9100000858306885,3.9570000171661377,3.8919999599456787,3.9489998817443848,3.628312587738037,519160341
2022-09-28,510300.SS,3.934999942779541,3.937999963760376,3.890000104904175,3.8929998874664307,3.576860189437866,530081606
2022-09-29,510300.SS,3.9159998893737793,3.937000036239624,3.872999906539917,3.8940000534057617,3.5777790546417236,506083627
2022-09-30,510300.SS,3.8949999809265137,3.9149999618530273,3.865000009536743,3.868000030517578,3.5538907051086426,638378801
2022-10-10,510300.SS,3.867000102996826,3.869999885559082,3.7769999504089355,3.7890000343322754,3.4813058376312256,684109248
2022-10-11,510300.SS,3.7909998893737793,3.803999900817871,3.7699999809265137,3.7860000133514404,3.4785494804382324,491380691
2022-10-12,510300.SS,3.7869999408721924,3.8510000705718994,3.7190001010894775,3.8480000495910645,3.5355148315429688,731512983
2022-10-13,510300.SS,3.815999984741211,3.8469998836517334,3.805999994277954,3.815000057220459,3.5051944255828857,345140276
2022-10-14,510300.SS,3.8519999980926514,3.9230000972747803,3.8429999351501465,3.9030001163482666,3.5860483646392822,749629133
2022-10-17,510300.SS,3.8949999809265137,3.9059998989105225,3.86899995803833,3.9019999504089355,3.5851292610168457,388760090
2022-10-18,510300.SS,3.9240000247955322,3.930000066757202,3.88700008392334,3.8949999809265137,3.578697919845581,431134380
2022-10-19,510300.SS,3.890000104904175,3.9019999504089355,3.8340001106262207,3.8359999656677246,3.524489164352417,288162283
2022-10-20,510300.SS,3.819999933242798,3.875999927520752,3.7909998893737793,3.8239998817443848,3.5134634971618652,372305013
2022-10-21,510300.SS,3.8369998931884766,3.8389999866485596,3.7839999198913574,3.802000045776367,3.4932501316070557,327572110
2022-10-24,510300.SS,3.7990000247955322,3.8329999446868896,3.686000108718872,3.7039999961853027,3.4032084941864014,629793970
2022-10-25,510300.SS,3.691999912261963,3.739000082015991,3.6610000133514404,3.687999963760376,3.388507604598999,823516971
2022-10-26,510300.SS,3.690000057220459,3.7679998874664307,3.688999891281128,3.7160000801086426,3.414233922958374,686287021
2022-10-27,510300.SS,3.739000082015991,3.75,3.688999891281128,3.690000057220459,3.390345335006714,512397050
2022-10-28,510300.SS,3.677000045776367,3.683000087738037,3.5950000286102295,3.6040000915527344,3.3113291263580322,738137151
2022-10-31,510300.SS,3.5799999237060547,3.615999937057495,3.552000045776367,3.565000057220459,3.275496244430542,597656387
2022-11-01,510300.SS,3.5850000381469727,3.7049999237060547,3.5799999237060547,3.703000068664551,3.402289867401123,1069157204
2022-11-02,510300.SS,3.684999942779541,3.7669999599456787,3.677999973297119,3.736999988555908,3.4335286617279053,751646303
2022-11-03,510300.SS,3.7170000076293945,3.7320001125335693,3.688999891281128,3.7070000171661377,3.4059650897979736,488110710
2022-11-04,510300.SS,3.7049999237060547,3.8510000705718994,3.7039999961853027,3.8340001106262207,3.5226516723632812,1129245726
2022-11-07,510300.SS,3.809999942779541,3.8550000190734863,3.809000015258789,3.8340001106262207,3.5226516723632812,534073373
2022-11-08,510300.SS,3.8340001106262207,3.8429999351501465,3.7869999408721924,3.811000108718872,3.501519203186035,801257895
2022-11-09,510300.SS,3.811000108718872,3.8239998817443848,3.7669999599456787,3.7709999084472656,3.4647676944732666,520923983
2022-11-10,510300.SS,3.75,3.7660000324249268,3.7269999980926514,3.75,3.4454731941223145,506496368
2022-11-11,510300.SS,3.8420000076293945,3.8980000019073486,3.809999942779541,3.8480000495910645,3.5355148315429688,1376702267
2022-11-14,510300.SS,3.8980000019073486,3.9189999103546143,3.8399999141693115,3.8499999046325684,3.5373520851135254,850966866
2022-11-15,510300.SS,3.8420000076293945,3.934000015258789,3.8350000381469727,3.924999952316284,3.6062614917755127,767183469
2022-11-16,510300.SS,3.9179999828338623,3.937999963760376,3.8910000324249268,3.8959999084472656,3.5796167850494385,537797213
2022-11-17,510300.SS,3.885999917984009,3.885999917984009,3.8350000381469727,3.878999948501587,3.5639970302581787,791622815
2022-11-18,510300.SS,3.881999969482422,3.9019999504089355,3.8589999675750732,3.865999937057495,3.5520527362823486,649194923
2022-11-21,510300.SS,3.8369998931884766,3.8369998931884766,3.7899999618530273,3.8329999446868896,3.5217325687408447,518248908
2022-11-22,510300.SS,3.8269999027252197,3.871000051498413,3.805000066757202,3.8310000896453857,3.519895076751709,649025638
2022-11-23,510300.SS,3.819999933242798,3.8559999465942383,3.813999891281128,3.8340001106262207,3.5226516723632812,548791595
2022-11-24,510300.SS,3.8499999046325684,3.868000030517578,3.809999942779541,3.815999984741211,3.506113052368164,482148926
2022-11-25,510300.SS,3.819000005722046,3.8540000915527344,3.805000066757202,3.8369998931884766,3.5254077911376953,549215773
2022-11-28,510300.SS,3.7720000743865967,3.7990000247955322,3.7300000190734863,3.7920000553131104,3.4840621948242188,626091449
2022-11-29,510300.SS,3.813999891281128,3.9170000553131104,3.813999891281128,3.9079999923706055,3.590642213821411,720706845
2022-11-30,510300.SS,3.8980000019073486,3.927000045776367,3.8949999809265137,3.9110000133514404,3.5933985710144043,459485800
2022-12-01,510300.SS,3.9800000190734863,4.010000228881836,3.9549999237060547,3.9560000896453857,3.63474440574646,635412583
2022-12-02,510300.SS,3.9549999237060547,3.9639999866485596,3.930999994277954,3.933000087738037,3.613612174987793,1030421029
2022-12-05,510300.SS,3.9739999771118164,4.006999969482422,3.9570000171661377,4.004000186920166,3.6788461208343506,876177074
2022-12-06,510300.SS,3.992000102996826,4.050000190734863,3.98799991607666,4.0269999504089355,3.6999783515930176,765807260
2022-12-07,510300.SS,4.019999980926514,4.065999984741211,4.0,4.014999866485596,3.688952684402466,682075053
2022-12-08,510300.SS,4.014999866485596,4.0329999923706055,4.002999782562256,4.02400016784668,3.6972224712371826,509409492
2022-12-09,510300.SS,4.0229997634887695,4.068999767303467,4.007999897003174,4.058000087738037,3.7284610271453857,647455186
2022-12-12,510300.SS,4.045000076293945,4.045000076293945,4.01200008392334,4.015999794006348,3.6898715496063232,466857524
2022-12-13,510300.SS,4.01800012588501,4.0279998779296875,4.0,4.005000114440918,3.679765224456787,363674333
2022-12-14,510300.SS,4.010000228881836,4.0329999923706055,3.994999885559082,4.014999866485596,3.688952684402466,621907353
2022-12-15,510300.SS,4.015999794006348,4.025000095367432,3.98799991607666,4.013000011444092,3.6871156692504883,530751298
2022-12-16,510300.SS,4.011000156402588,4.026000022888184,3.992000102996826,4.017000198364258,3.690790891647339,908368692
2022-12-19,510300.SS,4.021999835968018,4.0329999923706055,3.941999912261963,3.9590001106262207,3.637500762939453,745196491
2022-12-20,510300.SS,3.944999933242798,3.947999954223633,3.872999906539917,3.8959999084472656,3.5796167850494385,815565496
2022-12-21,510300.SS,3.9010000228881836,3.9110000133514404,3.881999969482422,3.8929998874664307,3.576860189437866,523055800
2022-12-22,510300.SS,3.9159998893737793,3.944000005722046,3.88100004196167,3.9010000228881836,3.5842106342315674,687820977
2022-12-23,510300.SS,3.884000062942505,3.9119999408721924,3.871999979019165,3.8910000324249268,3.5750226974487305,1084791027
2022-12-26,510300.SS,3.890000104904175,3.9200000762939453,3.888000011444092,3.9000000953674316,3.583292007446289,651193684
2022-12-27,510300.SS,3.940000057220459,3.953000068664551,3.9189999103546143,3.947000026702881,3.6264750957489014,582048797
2022-12-28,510300.SS,3.938999891281128,3.944999933242798,3.9170000553131104,3.934000015258789,3.6145308017730713,649268983
2022-12-29,510300.SS,3.9189999103546143,3.933000087738037,3.8959999084472656,3.921999931335449,3.6035053730010986,721271003
2022-12-30,510300.SS,3.937000036239624,3.9509999752044678,3.934000015258789,3.937999963760376,3.618206262588501,630228576
2023-01-03,510300.SS,3.937000036239624,3.9609999656677246,3.890000104904175,3.9489998817443848,3.628312587738037,656310782
2023-01-04,510300.SS,3.947999954223633,3.9649999141693115,3.930999994277954,3.9539999961853027,3.632906913757324,980799721
2023-01-05,510300.SS,3.9749999046325684,4.034999847412109,3.9719998836517334,4.0289998054504395,3.7018160820007324,774502293
2023-01-06,510300.SS,4.03000020980835,4.061999797821045,4.026000022888184,4.045000076293945,3.7165169715881348,541080825
2023-01-09,510300.SS,4.065000057220459,4.085999965667725,4.052000045776367,4.070000171661377,3.7394866943359375,780959941
2023-01-10,510300.SS,4.067999839782715,4.0920000076293945,4.061999797821045,4.076000213623047,3.744999647140503,744262224
2023-01-11,510300.SS,4.077000141143799,4.105000019073486,4.068999767303467,4.076000213623047,3.744999647140503,571511439
2023-01-12,510300.SS,4.083000183105469,4.09499979019165,4.067999839782715,4.081999778747559,3.750511884689331,325587208
2023-01-13,510300.SS,4.089000225067139,4.1479997634887695,4.089000225067139,4.144000053405762,3.8074769973754883,655908997
2023-01-16,510300.SS,4.085000038146973,4.184000015258789,4.083000183105469,4.14300012588501,3.866269588470459,1716375927
2023-01-17,510300.SS,4.14300012588501,4.1519999504089355,4.122000217437744,4.138999938964844,3.8625364303588867,601513127
2023-01-18,510300.SS,4.145999908447266,4.1519999504089355,4.125999927520752,4.130000114440918,3.854137897491455,445690058
2023-01-19,510300.SS,4.120999813079834,4.159999847412109,4.103000164031982,4.1579999923706055,3.880267381668091,607432404
2023-01-20,510300.SS,4.172999858856201,4.193999767303467,4.164999961853027,4.181000232696533,3.901731252670288,570082196
2023-01-30,510300.SS,4.260000228881836,4.267000198364258,4.197999954223633,4.204999923706055,3.9241280555725098,801347080
2023-01-31,510300.SS,4.208000183105469,4.2170000076293945,4.1519999504089355,4.158999919891357,3.8812003135681152,1139222231
2023-02-01,510300.SS,4.164000034332275,4.191999912261963,4.132999897003174,4.190000057220459,3.9101297855377197,715651962
2023-02-02,510300.SS,4.202000141143799,4.204999923706055,4.163000106811523,4.179999828338623,3.9007973670959473,1001852833
2023-02-03,510300.SS,4.1539998054504395,4.1570000648498535,4.10099983215332,4.13700008392334,3.8606700897216797,960052104
2023-02-06,510300.SS,4.103000164031982,4.104000091552734,4.058000087738037,4.079999923706055,3.8074772357940674,731459703
2023-02-07,510300.SS,4.085999965667725,4.10099983215332,4.070000171661377,4.090000152587891,3.8168094158172607,553988104
2023-02-08,510300.SS,4.0920000076293945,4.109000205993652,4.065000057220459,4.072999954223633,3.8009448051452637,462871301
2023-02-09,510300.SS,4.066999912261963,4.13100004196167,4.063000202178955,4.126999855041504,3.8513379096984863,595888582
2023-02-10,510300.SS,4.127999782562256,4.127999782562256,4.085999965667725,4.103000164031982,3.8289413452148438,520522436
2023-02-13,510300.SS,4.090000152587891,4.140999794006348,4.083000183105469,4.135000228881836,3.8588037490844727,828010137
2023-02-14,510300.SS,4.140999794006348,4.146999835968018,4.11899995803833,4.144000053405762,3.8672022819519043,332632366
2023-02-15,510300.SS,4.140999794006348,4.1539998054504395,4.107999801635742,4.116000175476074,3.8410727977752686,645506758
2023-02-16,510300.SS,4.119999885559082,4.168000221252441,4.061999797821045,4.086999893188477,3.81400990486145,792510051
2023-02-17,510300.SS,4.085000038146973,4.10099983215332,4.025000095367432,4.0289998054504395,3.7598838806152344,743394922
2023-02-20,510300.SS,4.033999919891357,4.13700008392334,4.0279998779296875,4.133999824523926,3.857870101928711,1049525486
2023-02-21,510300.SS,4.133999824523926,4.150000095367432,4.113999843597412,4.138999938964844,3.8625364303588867,560902494
2023-02-22,510300.SS,4.123000144958496,4.133999824523926,4.0920000076293945,4.098999977111816,3.8252084255218506,452945439
2023-02-23,510300.SS,4.103000164031982,4.125,4.080999851226807,4.098999977111816,3.8252084255218506,465559533
2023-02-24,510300.SS,4.0980000495910645,4.0980000495910645,4.039999961853027,4.059999942779541,3.788813352584839,808776154
2023-02-27,510300.SS,4.039999961853027,4.063000202178955,4.0279998779296875,4.045000076293945,3.774815320968628,456957503
2023-02-28,510300.SS,4.057000160217285,4.076000213623047,4.019999980926514,4.071000099182129,3.7990787029266357,484545431
2023-03-01,510300.SS,4.066999912261963,4.136000156402588,4.059999942779541,4.119999885559082,3.8448057174682617,1180480952
2023-03-02,510300.SS,4.110000133514404,4.133999824523926,4.10699987411499,4.114999771118164,3.840139389038086,439132860
2023-03-03,510300.SS,4.125999927520752,4.136000156402588,4.093999862670898,4.124000072479248,3.848538398742676,420175727
2023-03-06,510300.SS,4.125,4.126999855041504,4.079999923706055,4.098999977111816,3.8252084255218506,929302452
2023-03-07,510300.SS,4.09499979019165,4.118000030517578,4.039000034332275,4.041999816894531,3.772015333175659,674649418
2023-03-08,510300.SS,4.03000020980835,4.034999847412109,4.010000228881836,4.026000022888184,3.7570841312408447,431315362
2023-03-09,510300.SS,4.0320000648498535,4.035999774932861,3.992000102996826,4.015999794006348,3.7477519512176514,407936491
2023-03-10,510300.SS,3.990000009536743,4.004000186920166,3.9590001106262207,3.9609999656677246,3.6964259147644043,498112925
2023-03-13,510300.SS,3.9609999656677246,4.007999897003174,3.9609999656677246,4.005000114440918,3.7374870777130127,467452924
2023-03-14,510300.SS,4.0,4.0,3.944999933242798,3.9800000190734863,3.7141568660736084,463541570
2023-03-15,510300.SS,4.00600004196167,4.015999794006348,3.9779999256134033,3.9790000915527344,3.713223934173584,393301056
2023-03-16,510300.SS,3.9600000381469727,3.9790000915527344,3.930000066757202,3.933000087738037,3.6702964305877686,433143817
2023-03-17,510300.SS,3.9600000381469727,4.004000186920166,3.934999942779541,3.9539999961853027,3.6898934841156006,1123501196
2023-03-20,510300.SS,3.9539999961853027,3.9760000705718994,3.9260001182556152,3.931999921798706,3.669363021850586,570954757
2023-03-21,510300.SS,3.943000078201294,3.9790000915527344,3.940999984741211,3.9749999046325684,3.7094907760620117,556743661
2023-03-22,510300.SS,3.984999895095825,4.008999824523926,3.9790000915527344,3.993000030517578,3.726288318634033,581756157
2023-03-23,510300.SS,3.9800000190734863,4.0320000648498535,3.9779999256134033,4.031000137329102,3.7617504596710205,534472929
2023-03-24,510300.SS,4.0229997634887695,4.033999919891357,4.013999938964844,4.026000022888184,3.7570841312408447,254895254
2023-03-27,510300.SS,4.025000095367432,4.025000095367432,3.9839999675750732,4.005000114440918,3.7374870777130127,491254674
2023-03-28,510300.SS,4.00600004196167,4.01800012588501,3.990000009536743,3.996999979019165,3.7300214767456055,507206125
2023-03-29,510300.SS,4.01800012588501,4.019000053405762,3.990999937057495,3.996999979019165,3.7300214767456055,616336308
2023-03-30,510300.SS,3.997999906539917,4.040999889373779,3.9809999465942383,4.039999961853027,3.7701492309570312,557206977
2023-03-31,510300.SS,4.045000076293945,4.063000202178955,4.039000034332275,4.050000190734863,3.7794814109802246,671162479
2023-04-03,510300.SS,4.050000190734863,4.091000080108643,4.045000076293945,4.079999923706055,3.8074772357940674,551339698
2023-04-04,510300.SS,4.079999923706055,4.1020002365112305,4.072000026702881,4.099999904632568,3.826141357421875,480308724
2023-04-06,510300.SS,4.085000038146973,4.0929999351501465,4.072999954223633,4.0879998207092285,3.8149430751800537,378286841
2023-04-07,510300.SS,4.0879998207092285,4.129000186920166,4.085999965667725,4.117000102996826,3.842006206512451,329585683
2023-04-10,510300.SS,4.127999782562256,4.129000186920166,4.0980000495910645,4.1020002365112305,3.8280081748962402,474361579
2023-04-11,510300.SS,4.105000019073486,4.111999988555908,4.078000068664551,4.0920000076293945,3.818675994873047,535954987
2023-04-12,510300.SS,4.0929999351501465,4.0980000495910645,4.079999923706055,4.0879998207092285,3.8149430751800537,335833687
2023-04-13,510300.SS,4.078999996185303,4.085000038146973,4.057000160217285,4.063000202178955,3.7916131019592285,402190738
2023-04-14,510300.SS,4.074999809265137,4.093999862670898,4.071000099182129,4.084000110626221,3.8112101554870605,456032644
2023-04-17,510300.SS,4.080999851226807,4.146999835968018,4.079999923706055,4.144999980926514,3.868135452270508,632547999
2023-04-18,510300.SS,4.144000053405762,4.163000106811523,4.136000156402588,4.1519999504089355,3.8746683597564697,416054295
2023-04-19,510300.SS,4.1539998054504395,4.1539998054504395,4.114999771118164,4.11899995803833,3.843872547149658,408573024
2023-04-20,510300.SS,4.118000030517578,4.122000217437744,4.090000152587891,4.103000164031982,3.8289413452148438,607308636
2023-04-21,510300.SS,4.103000164031982,4.105999946594238,4.02400016784668,4.03000020980835,3.760817289352417,683648627
2023-04-24,510300.SS,4.0289998054504395,4.0320000648498535,3.9630000591278076,3.9790000915527344,3.713223934173584,594093664
2023-04-25,510300.SS,3.9800000190734863,3.98799991607666,3.9240000247955322,3.9600000381469727,3.69549298286438,966426771
2023-04-26,510300.SS,3.9579999446868896,3.9700000286102295,3.934000015258789,3.9509999752044678,3.68709397315979,903465326
2023-04-27,510300.SS,3.947999954223633,4.0,3.940000057220459,3.9860000610351562,3.7197561264038086,467769671
2023-04-28,510300.SS,3.996999979019165,4.03000020980835,3.990999937057495,4.025000095367432,3.7561511993408203,451806234
2023-05-04,510300.SS,4.013000011444092,4.0269999504089355,3.996000051498413,4.025000095367432,3.7561511993408203,337861124
2023-05-05,510300.SS,4.026000022888184,4.038000106811523,3.989000082015991,4.008999824523926,3.7412195205688477,337949905
2023-05-08,510300.SS,4.015999794006348,4.064000129699707,4.011000156402588,4.053999900817871,3.7832140922546387,684815156
2023-05-09,510300.SS,4.059000015258789,4.085000038146973,4.019000053405762,4.019000053405762,3.750552177429199,566890688
2023-05-10,510300.SS,4.017000198364258,4.019000053405762,3.9800000190734863,3.98799991607666,3.7216222286224365,916593316
2023-05-11,510300.SS,3.997999906539917,4.007999897003174,3.9800000190734863,3.9830000400543213,3.716956377029419,321615029
2023-05-12,510300.SS,3.9820001125335693,3.996000051498413,3.930000066757202,3.931999921798706,3.669363021850586,518774522
2023-05-15,510300.SS,3.934000015258789,3.996000051498413,3.9230000972747803,3.994999885559082,3.7281548976898193,810757396
2023-05-16,510300.SS,3.99399995803833,4.0,3.9619998931884766,3.9779999256134033,3.7122902870178223,406820310
2023-05-17,510300.SS,3.9709999561309814,3.9820001125335693,3.940999984741211,3.9509999752044678,3.68709397315979,640580508
2023-05-18,510300.SS,3.9579999446868896,3.9779999256134033,3.930999994277954,3.950000047683716,3.6861608028411865,700600219
2023-05-19,510300.SS,3.940000057220459,3.9660000801086426,3.921999931335449,3.944000005722046,3.6805615425109863,341712585
2023-05-22,510300.SS,3.943000078201294,3.984999895095825,3.930000066757202,3.9639999866485596,3.699225664138794,500375723
2023-05-23,510300.SS,3.9670000076293945,3.9709999561309814,3.9059998989105225,3.9070000648498535,3.6460328102111816,611757337
2023-05-24,510300.SS,3.9019999504089355,3.9030001163482666,3.8519999980926514,3.8540000915527344,3.5965728759765625,767277616
2023-05-25,510300.SS,3.8480000495910645,3.8580000400543213,3.812000036239624,3.8450000286102295,3.5881741046905518,491856745
2023-05-26,510300.SS,3.8429999351501465,3.8610000610351562,3.812999963760376,3.8499999046325684,3.5928399562835693,446203660
2023-05-29,510300.SS,3.8580000400543213,3.869999885559082,3.819000005722046,3.8340001106262207,3.577908992767334,403013549
2023-05-30,510300.SS,3.8259999752044678,3.8469998836517334,3.7899999618530273,3.8380000591278076,3.581641674041748,572097944
2023-05-31,510300.SS,3.828000068664551,3.828000068664551,3.7850000858306885,3.802000045776367,3.548046350479126,733875712
2023-06-01,510300.SS,3.7990000247955322,3.8399999141693115,3.7939999103546143,3.809999942779541,3.555511951446533,674975697
2023-06-02,510300.SS,3.8299999237060547,3.872999906539917,3.8299999237060547,3.86299991607666,3.6049718856811523,692978097
2023-06-05,510300.SS,3.8570001125335693,3.8610000610351562,3.8350000381469727,3.8450000286102295,3.5881741046905518,361154926
2023-06-06,510300.SS,3.8459999561309814,3.874000072479248,3.803999900817871,3.808000087738037,3.553645610809326,411569703
2023-06-07,510300.SS,3.819999933242798,3.8269999027252197,3.7829999923706055,3.7960000038146973,3.5424468517303467,372176673
2023-06-08,510300.SS,3.7960000038146973,3.8429999351501465,3.7829999923706055,3.828000068664551,3.572309732437134,383488893
2023-06-09,510300.SS,3.8289999961853027,3.8469998836517334,3.822000026702881,3.8440001010894775,3.5872409343719482,527068856
2023-06-12,510300.SS,3.8399999141693115,3.869999885559082,3.825000047683716,3.8480000495910645,3.5909738540649414,459659336
2023-06-13,510300.SS,3.8399999141693115,3.880000114440918,3.8369998931884766,3.877000093460083,3.6180367469787598,350388028
2023-06-14,510300.SS,3.878999948501587,3.9040000438690186,3.875,3.877000093460083,3.6180367469787598,444113622
2023-06-15,510300.SS,3.885999917984009,3.943000078201294,3.880000114440918,3.941999912261963,3.6786949634552,508430549
2023-06-16,510300.SS,3.9489998817443848,3.98799991607666,3.9489998817443848,3.9790000915527344,3.713223934173584,602148804
2023-06-19,510300.SS,3.9790000915527344,3.9790000915527344,3.944000005722046,3.9489998817443848,3.685227394104004,400307379
2023-06-20,510300.SS,3.940999984741211,3.9590001106262207,3.936000108718872,3.941999912261963,3.6786949634552,353892342
2023-06-21,510300.SS,3.934999942779541,3.938999891281128,3.884999990463257,3.88700008392334,3.627368927001953,489353700
2023-06-26,510300.SS,3.865999937057495,3.869999885559082,3.8310000896453857,3.8429999351501465,3.5863075256347656,640495600
2023-06-27,510300.SS,3.8420000076293945,3.878999948501587,3.8350000381469727,3.86899995803833,3.6105711460113525,397102074
2023-06-28,510300.SS,3.86299991607666,3.878000020980835,3.8369998931884766,3.877000093460083,3.6180367469787598,462745613
2023-06-29,510300.SS,3.877000093460083,3.878999948501587,3.8469998836517334,3.8589999675750732,3.601238965988159,300262647
2023-06-30,510300.SS,3.8580000400543213,3.9000000953674316,3.8529999256134033,3.881999969482422,3.6227028369903564,529918250
2023-07-03,510300.SS,3.890000104904175,3.938999891281128,3.888000011444092,3.927000045776367,3.6646971702575684,473909707
2023-07-04,510300.SS,3.924999952316284,3.936000108718872,3.9189999103546143,3.934000015258789,3.671229124069214,252121289
2023-07-05,510300.SS,3.927999973297119,3.934000015258789,3.9010000228881836,3.9070000648498535,3.6460328102111816,271215241
2023-07-06,510300.SS,3.9000000953674316,3.9200000762939453,3.874000072479248,3.878999948501587,3.619903087615967,346743884
2023-07-07,510300.SS,3.875,3.884000062942505,3.8589999675750732,3.868000030517578,3.609637975692749,302277670
2023-07-10,510300.SS,3.885999917984009,3.9100000858306885,3.871999979019165,3.884000062942505,3.6245691776275635,428486811
2023-07-11,510300.SS,3.8970000743865967,3.9149999618530273,3.88700008392334,3.9100000858306885,3.6488327980041504,587438934
2023-07-12,510300.SS,3.9140000343322754,3.9200000762939453,3.88100004196167,3.8910000324249268,3.631101608276367,389410768
2023-07-13,510300.SS,3.9100000858306885,3.9570000171661377,3.9100000858306885,3.9539999961853027,3.6898934841156006,572286552
2023-07-14,510300.SS,3.9600000381469727,3.9639999866485596,3.950000047683716,3.9519999027252197,3.6880269050598145,363262103
2023-07-17,510300.SS,3.946000099182129,3.946000099182129,3.9079999923706055,3.9240000247955322,3.6618971824645996,448612566
2023-07-18,510300.SS,3.924999952316284,3.931999921798706,3.9049999713897705,3.9179999828338623,3.6562979221343994,266670716
2023-07-19,510300.SS,3.9100000858306885,3.9240000247955322,3.8949999809265137,3.9159998893737793,3.6544318199157715,501240659
2023-07-20,510300.SS,3.9230000972747803,3.941999912261963,3.88100004196167,3.888000011444092,3.6283018589019775,871507069
2023-07-21,510300.SS,3.888000011444092,3.9170000553131104,3.875,3.890000104904175,3.6301684379577637,727250149
2023-07-24,510300.SS,3.869999885559082,3.8970000743865967,3.864000082015991,3.872999906539917,3.6143038272857666,454981986
2023-07-25,510300.SS,3.9200000762939453,3.9860000610351562,3.9200000762939453,3.984999895095825,3.718822956085205,1140982393
2023-07-26,510300.SS,3.9800000190734863,3.9820001125335693,3.9609999656677246,3.9760000705718994,3.7104241847991943,588038574
2023-07-27,510300.SS,3.984999895095825,3.997999906539917,3.9600000381469727,3.9719998836517334,3.706691026687622,602465765
2023-07-28,510300.SS,3.953000068664551,4.074999809265137,3.953000068664551,4.067999839782715,3.796278715133667,1496488403
2023-07-31,510300.SS,4.099999904632568,4.140999794006348,4.073999881744385,4.084000110626221,3.8112101554870605,1790634998
2023-08-01,510300.SS,4.079999923706055,4.105000019073486,4.054999828338623,4.065999984741211,3.794412612915039,1135981581
2023-08-02,510300.SS,4.059000015258789,4.079999923706055,4.026000022888184,4.0370001792907715,3.7673497200012207,789439831
2023-08-03,510300.SS,4.031000137329102,4.074999809265137,4.031000137329102,4.072999954223633,3.8009448051452637,737931112
2023-08-04,510300.SS,4.114999771118164,4.131999969482422,4.079999923706055,4.093999862670898,3.820542335510254,1422357458
2023-08-07,510300.SS,4.076000213623047,4.076000213623047,4.048999786376953,4.063000202178955,3.7916131019592285,1281422408
2023-08-08,510300.SS,4.047999858856201,4.074999809265137,4.034999847412109,4.047999858856201,3.7776148319244385,1116579062
2023-08-09,510300.SS,4.038000106811523,4.054999828338623,4.033999919891357,4.039999961853027,3.7701492309570312,1332507901
2023-08-10,510300.SS,4.038000106811523,4.050000190734863,4.013999938964844,4.045000076293945,3.774815320968628,938250908
2023-08-11,510300.SS,4.045000076293945,4.047999858856201,3.947999954223633,3.950000047683716,3.6861608028411865,1288559813
2023-08-14,510300.SS,3.9189999103546143,3.931999921798706,3.884000062942505,3.9230000972747803,3.660964012145996,1038600330
2023-08-15,510300.SS,3.927000045776367,3.934999942779541,3.88100004196167,3.9189999103546143,3.657231092453003,816519410
2023-08-16,510300.SS,3.9019999504089355,3.921999931335449,3.88700008392334,3.8889999389648438,3.629235029220581,855849476
2023-08-17,510300.SS,3.871000051498413,3.9089999198913574,3.8550000190734863,3.9019999504089355,3.641366720199585,1156118339
2023-08-18,510300.SS,3.9040000438690186,3.9140000343322754,3.8510000705718994,3.8519999980926514,3.5947067737579346,1275546546
2023-08-21,510300.SS,3.8429999351501465,3.8540000915527344,3.796999931335449,3.799999952316284,3.54617977142334,1100924357
2023-08-22,510300.SS,3.818000078201294,3.8410000801086426,3.7720000743865967,3.822999954223633,3.567643642425537,1331528873
2023-08-23,510300.SS,3.809999942779541,3.821000099182129,3.759000062942505,3.7679998874664307,3.516317129135132,1082419722
2023-08-24,510300.SS,3.7750000953674316,3.819999933242798,3.7720000743865967,3.7909998893737793,3.53778076171875,952654779
2023-08-25,510300.SS,3.7760000228881836,3.809000015258789,3.7679998874664307,3.7839999198913574,3.5312485694885254,1174535468
2023-08-28,510300.SS,4.011000156402588,4.011000156402588,3.809999942779541,3.8369998931884766,3.5807085037231445,2822011765
2023-08-29,510300.SS,3.819999933242798,3.888000011444092,3.818000078201294,3.8589999675750732,3.601238965988159,2194052531
2023-08-30,510300.SS,3.864000082015991,3.884000062942505,3.8499999046325684,3.8580000400543213,3.6003060340881348,1036132286
2023-08-31,510300.SS,3.8580000400543213,3.865000009536743,3.8299999237060547,3.8389999866485596,3.5825748443603516,838468826
2023-09-01,510300.SS,3.8570001125335693,3.880000114440918,3.8499999046325684,3.861999988555908,3.604038715362549,792692488
2023-09-04,510300.SS,3.890000104904175,3.930000066757202,3.874000072479248,3.9200000762939453,3.6581647396087646,1185523274
2023-09-05,510300.SS,3.9100000858306885,3.9119999408721924,3.884999990463257,3.8929998874664307,3.632967948913574,629770096
2023-09-06,510300.SS,3.880000114440918,3.8929998874664307,3.865999937057495,3.882999897003174,3.623635768890381,715176127
2023-09-07,510300.SS,3.875,3.875999927520752,3.8259999752044678,3.8299999237060547,3.574176073074341,941034963
2023-09-08,510300.SS,3.815000057220459,3.828000068664551,3.7960000038146973,3.809000015258789,3.5545787811279297,818635834
2023-09-11,510300.SS,3.809999942779541,3.8610000610351562,3.802999973297119,3.8369998931884766,3.5807085037231445,816650788
2023-09-12,510300.SS,3.8340001106262207,3.8459999561309814,3.825000047683716,3.8320000171661377,3.576042652130127,594936910
2023-09-13,510300.SS,3.8310000896453857,3.8420000076293945,3.7869999408721924,3.806999921798706,3.5527124404907227,1032133123
2023-09-14,510300.SS,3.805999994277954,3.818000078201294,3.7850000858306885,3.803999900817871,3.549912691116333,928283035
2023-09-15,510300.SS,3.811000108718872,3.818000078201294,3.7690000534057617,3.7869999408721924,3.534048318862915,1190622112
2023-09-18,510300.SS,3.7780001163482666,3.811000108718872,3.7639999389648438,3.799999952316284,3.54617977142334,985926393
2023-09-19,510300.SS,3.7960000038146973,3.7980000972747803,3.7720000743865967,3.7950000762939453,3.5415139198303223,727006269
2023-09-20,510300.SS,3.7850000858306885,3.7929999828338623,3.7769999504089355,3.7769999504089355,3.5247161388397217,634135498
2023-09-21,510300.SS,3.7690000534057617,3.7829999923706055,3.740999937057495,3.742000102996826,3.492053985595703,899197017
2023-09-22,510300.SS,3.7360000610351562,3.818000078201294,3.734999895095825,3.816999912261963,3.562044382095337,1247116554
2023-09-25,510300.SS,3.805999994277954,3.809000015258789,3.7820000648498535,3.7890000343322754,3.535914897918701,700905651
2023-09-26,510300.SS,3.7860000133514404,3.796999931335449,3.7660000324249268,3.7679998874664307,3.516317129135132,862908481
2023-09-27,510300.SS,3.7669999599456787,3.805000066757202,3.7660000324249268,3.7780001163482666,3.5256497859954834,1078053958
2023-09-28,510300.SS,3.7850000858306885,3.7909998893737793,3.75600004196167,3.7639999389648438,3.5125844478607178,1120612353
2023-10-09,510300.SS,3.756999969482422,3.7679998874664307,3.7130000591278076,3.753999948501587,3.5032525062561035,875213072
2023-10-10,510300.SS,3.7660000324249268,3.7780001163482666,3.7239999771118164,3.7269999980926514,3.478055953979492,927932376
2023-10-11,510300.SS,3.744999885559082,3.76200008392334,3.7269999980926514,3.734999895095825,3.4855215549468994,893498708
2023-10-12,510300.SS,3.7699999809265137,3.7850000858306885,3.752000093460083,3.7709999084472656,3.5191168785095215,933521569
2023-10-13,510300.SS,3.75,3.750999927520752,3.7239999771118164,3.7360000610351562,3.486454725265503,1135095339
2023-10-16,510300.SS,3.7360000610351562,3.73799991607666,3.681999921798706,3.693000078201294,3.446326732635498,1138980584
2023-10-17,510300.SS,3.700000047683716,3.7130000591278076,3.687000036239624,3.7049999237060547,3.4575252532958984,888060300
2023-10-18,510300.SS,3.6989998817443848,3.703000068664551,3.674999952316284,3.677000045776367,3.4313955307006836,810270594
2023-10-19,510300.SS,3.6600000858306885,3.6600000858306885,3.5950000286102295,3.5999999046325684,3.3595387935638428,1690368777
2023-10-20,510300.SS,3.5829999446868896,3.5999999046325684,3.565000057220459,3.5820000171661377,3.3427412509918213,1740446164
2023-10-23,510300.SS,3.568000078201294,3.569999933242798,3.51200008392334,3.5439999103546143,3.307279109954834,2710241709
2023-10-24,510300.SS,3.552999973297119,3.562999963760376,3.5199999809265137,3.5490000247955322,3.3119451999664307,1535012975
2023-10-25,510300.SS,3.5880000591278076,3.6029999256134033,3.566999912261963,3.569000005722046,3.3306095600128174,1383351568
2023-10-26,510300.SS,3.555000066757202,3.5859999656677246,3.5480000972747803,3.5820000171661377,3.3427412509918213,1143609497
2023-10-27,510300.SS,3.5739998817443848,3.6489999294281006,3.565000057220459,3.635999917984009,3.393134117126465,1647662397
2023-10-30,510300.SS,3.621999979019165,3.6630001068115234,3.619999885559082,3.6519999504089355,3.4080655574798584,961401373
2023-10-31,510300.SS,3.6449999809265137,3.6500000953674316,3.621999979019165,3.6440000534057617,3.400599956512451,839660029
2023-11-01,510300.SS,3.680000066757202,3.680000066757202,3.631999969482422,3.6419999599456787,3.398733377456665,811983400
2023-11-02,510300.SS,3.6480000019073486,3.6689999103546143,3.624000072479248,3.625,3.382869005203247,1075381583
2023-11-03,510300.SS,3.63100004196167,3.6679999828338623,3.630000114440918,3.6530001163482666,3.408998727798462,1057822683
2023-11-06,510300.SS,3.674999952316284,3.7049999237060547,3.6740000247955322,3.7009999752044678,3.4537925720214844,1176649562
2023-11-07,510300.SS,3.691999912261963,3.7009999752044678,3.6760001182556152,3.690000057220459,3.4435274600982666,657529091
2023-11-08,510300.SS,3.683000087738037,3.696000099182129,3.6579999923706055,3.678999900817871,3.4332621097564697,1135321220
2023-11-09,510300.SS,3.6710000038146973,3.694999933242798,3.6689999103546143,3.681999921798706,3.4360616207122803,818569445
2023-11-10,510300.SS,3.6679999828338623,3.6679999828338623,3.6429998874664307,3.6549999713897705,3.410865306854248,784176792
2023-11-13,510300.SS,3.6589999198913574,3.6659998893737793,3.630000114440918,3.6500000953674316,3.4061994552612305,674463335
2023-11-14,510300.SS,3.6540000438690186,3.6700000762939453,3.634999990463257,3.6500000953674316,3.4061994552612305,753317217
2023-11-15,510300.SS,3.680000066757202,3.690999984741211,3.6630001068115234,3.674999952316284,3.4295294284820557,994063130
2023-11-16,510300.SS,3.6700000762939453,3.6730000972747803,3.63700008392334,3.6389999389648438,3.3959338665008545,881556665
2023-11-17,510300.SS,3.630000114440918,3.638000011444092,3.611999988555908,3.634000062942505,3.391268014907837,1198450872
2023-11-20,510300.SS,3.63700008392334,3.6570000648498535,3.609999895095825,3.6449999809265137,3.4015331268310547,858430360
2023-11-21,510300.SS,3.6549999713897705,3.686000108718872,3.640000104904175,3.6500000953674316,3.4061994552612305,931605485
2023-11-22,510300.SS,3.6410000324249268,3.6459999084472656,3.609999895095825,3.6110000610351562,3.3698043823242188,762202706
2023-11-23,510300.SS,3.6089999675750732,3.631999969482422,3.5950000286102295,3.630000114440918,3.3875350952148438,774971808
2023-11-24,510300.SS,3.625999927520752,3.627000093460083,3.5980000495910645,3.6050000190734863,3.3642048835754395,743453294
2023-11-27,510300.SS,3.6040000915527344,3.6040000915527344,3.556999921798706,3.5810000896453857,3.3418080806732178,776295648
2023-11-28,510300.SS,3.575000047683716,3.5899999141693115,3.565999984741211,3.5850000381469727,3.345540761947632,727483741
2023-11-29,510300.SS,3.5859999656677246,3.5889999866485596,3.5450000762939453,3.558000087738037,3.3203444480895996,759056998
2023-11-30,510300.SS,3.553999900817871,3.572000026702881,3.546999931335449,3.562000036239624,3.3240771293640137,667810076
2023-12-01,510300.SS,3.561000108718872,3.566999912261963,3.5190000534057617,3.5480000972747803,3.3110125064849854,860468131
2023-12-04,510300.SS,3.5510001182556152,3.553999900817871,3.5230000019073486,3.5239999294281006,3.2886152267456055,692522952
2023-12-05,510300.SS,3.5190000534057617,3.5190000534057617,3.4570000171661377,3.4579999446868896,3.2270236015319824,1008789571
2023-12-06,510300.SS,3.4539999961853027,3.4830000400543213,3.444000005722046,3.4630000591278076,3.231689691543579,1001944865
2023-12-07,510300.SS,3.4609999656677246,3.4679999351501465,3.430999994277954,3.4539999961853027,3.2232909202575684,934505826
2023-12-08,510300.SS,3.4549999237060547,3.4730000495910645,3.450000047683716,3.4609999656677246,3.229823350906372,709198592
2023-12-11,510300.SS,3.440000057220459,3.496999979019165,3.4149999618530273,3.484999895095825,3.2522201538085938,998247834
2023-12-12,510300.SS,3.4760000705718994,3.494999885559082,3.4730000495910645,3.493000030517578,3.25968599319458,640724215
2023-12-13,510300.SS,3.4820001125335693,3.4860000610351562,3.431999921798706,3.434999942779541,3.2055599689483643,708815211
2023-12-14,510300.SS,3.4509999752044678,3.4649999141693115,3.4140000343322754,3.4189999103546143,3.19062876701355,741533123
2023-12-15,510300.SS,3.430000066757202,3.4539999961853027,3.4049999713897705,3.4119999408721924,3.184096097946167,899976785
2023-12-18,510300.SS,3.3980000019073486,3.4189999103546143,3.380000114440918,3.3980000019073486,3.1710314750671387,847303752
2023-12-19,510300.SS,3.3970000743865967,3.4140000343322754,3.380000114440918,3.4000000953674316,3.1728978157043457,1098536629
2023-12-20,510300.SS,3.4040000438690186,3.4089999198913574,3.365000009536743,3.36899995803833,3.143968343734741,1034717610
2023-12-21,510300.SS,3.3550000190734863,3.4110000133514404,3.3519999980926514,3.4000000953674316,3.1728978157043457,1592448074
2023-12-22,510300.SS,3.3970000743865967,3.430000066757202,3.381999969482422,3.4059998989105225,3.178496837615967,2076526541
2023-12-25,510300.SS,3.4049999713897705,3.4200000762939453,3.4010000228881836,3.4149999618530273,3.1868958473205566,1004146545
2023-12-26,510300.SS,3.4130001068115234,3.4130001068115234,3.384999990463257,3.3949999809265137,3.168231725692749,777169320
2023-12-27,510300.SS,3.3959999084472656,3.4110000133514404,3.378000020980835,3.4049999713897705,3.1775639057159424,836172465
2023-12-28,510300.SS,3.4010000228881836,3.497999906539917,3.4000000953674316,3.489000082015991,3.255953311920166,2383299192
2023-12-29,510300.SS,3.48799991607666,3.505000114440918,3.4820001125335693,3.499000072479248,3.2652852535247803,2518873484
2024-01-02,510300.SS,3.502000093460083,3.502000093460083,3.4509999752044678,3.453000068664551,3.222357749938965,942930578
2024-01-03,510300.SS,3.446000099182129,3.4600000381469727,3.427999973297119,3.443000078201294,3.2130258083343506,1061750273
2024-01-04,510300.SS,3.441999912261963,3.441999912261963,3.38700008392334,3.4130001068115234,3.1850295066833496,1666152481
2024-01-05,510300.SS,3.4040000438690186,3.438999891281128,3.377000093460083,3.3959999084472656,3.1691648960113525,1699669666
2024-01-08,510300.SS,3.3889999389648438,3.4030001163482666,3.3459999561309814,3.3489999771118164,3.1253042221069336,1730424386
2024-01-09,510300.SS,3.3510000705718994,3.371000051498413,3.3389999866485596,3.3570001125335693,3.13277006149292,1131217813
2024-01-10,510300.SS,3.3499999046325684,3.38100004196167,3.3320000171661377,3.3410000801086426,3.1178388595581055,958254057
2024-01-11,510300.SS,3.3410000801086426,3.380000114440918,3.3340001106262207,3.359999895095825,3.1355695724487305,1266237158
2024-01-12,510300.SS,3.3510000705718994,3.377000093460083,3.3459999561309814,3.3489999771118164,3.1253042221069336,841327273
2024-01-15,510300.SS,3.3489999771118164,3.3489999771118164,3.3489999771118164,3.3489999771118164,3.1253042221069336,0
2024-01-16,510300.SS,3.3399999141693115,3.368000030517578,3.3259999752044678,3.367000102996826,3.142102003097534,1768952352
2024-01-17,510300.SS,3.3570001125335693,3.3570001125335693,3.2899999618530273,3.2920000553131104,3.0721116065979004,1286215182
2024-01-18,510300.SS,3.2179999351501465,3.2750000953674316,3.1659998893737793,3.2679998874664307,3.115004777908325,4754351134
2024-01-19,510300.SS,3.249000072479248,3.2850000858306885,3.242000102996826,3.2750000953674316,3.1216773986816406,3694452124
2024-01-22,510300.SS,3.265000104904175,3.2750000953674316,3.193000078201294,3.2060000896453857,3.055907726287842,4647056467
2024-01-23,510300.SS,3.1989998817443848,3.246999979019165,3.186000108718872,3.2279999256134033,3.0768773555755615,1392480372
2024-01-24,510300.SS,3.239000082015991,3.2799999713897705,3.187999963760376,3.2790000438690186,3.1254899501800537,2278936853
2024-01-25,510300.SS,3.2699999809265137,3.3399999141693115,3.260999917984009,3.3350000381469727,3.178868293762207,1648701409
2024-01-26,510300.SS,3.328000068664551,3.3499999046325684,3.312000036239624,3.3289999961853027,3.173149347305298,2183305124
2024-01-29,510300.SS,3.3310000896453857,3.3450000286102295,3.2980000972747803,3.2990000247955322,3.1445536613464355,1011393030
2024-01-30,510300.SS,3.2809998989105225,3.2980000972747803,3.240999937057495,3.243000030517578,3.0911755561828613,1889262338
2024-01-31,510300.SS,3.2330000400543213,3.249000072479248,3.197000026702881,3.2219998836517334,3.0711584091186523,1909099700
2024-02-01,510300.SS,3.200000047683716,3.247999906539917,3.190000057220459,3.2179999351501465,3.06734561920166,1890997581
2024-02-02,510300.SS,3.2179999351501465,3.2320001125335693,3.1019999980926514,3.187999963760376,3.038750171661377,2538694215
2024-02-05,510300.SS,3.1579999923706055,3.2339999675750732,3.1110000610351562,3.2079999446868896,3.057813882827759,2660178739
2024-02-06,510300.SS,3.184999942779541,3.313999891281128,3.181999921798706,3.311000108718872,3.155992031097412,2008918168
2024-02-07,510300.SS,3.309999942779541,3.3420000076293945,3.2869999408721924,3.3399999141693115,3.183634042739868,3465814670
2024-02-08,510300.SS,3.3519999980926514,3.365999937057495,3.3329999446868896,3.361999988555908,3.204604148864746,2394261979
2024-02-19,510300.SS,3.374000072479248,3.3919999599456787,3.3550000190734863,3.3889999389648438,3.230340003967285,1486187642
2024-02-20,510300.SS,3.382999897003174,3.4049999713897705,3.371999979019165,3.4010000228881836,3.2417783737182617,980166818
2024-02-21,510300.SS,3.388000011444092,3.496000051498413,3.381999969482422,3.4489998817443848,3.2875311374664307,1600958050
2024-02-22,510300.SS,3.447000026702881,3.4769999980926514,3.440999984741211,3.4749999046325684,3.3123137950897217,944635129
2024-02-23,510300.SS,3.4749999046325684,3.496999979019165,3.4639999866485596,3.4779999256134033,3.315173625946045,1090877384
2024-02-26,510300.SS,3.4760000705718994,3.4820001125335693,3.437000036239624,3.443000078201294,3.2818121910095215,1117236848
2024-02-27,510300.SS,3.434999942779541,3.4860000610351562,3.433000087738037,3.4839999675750732,3.320892810821533,1046884914
2024-02-28,510300.SS,3.486999988555908,3.5139999389648438,3.446000099182129,3.447999954223633,3.2865779399871826,2854997884
2024-02-29,510300.SS,3.440000057220459,3.506999969482422,3.437000036239624,3.503000020980835,3.339003086090088,1483585030
2024-03-01,510300.SS,3.500999927520752,3.5399999618530273,3.494999885559082,3.5299999713897705,3.364739179611206,1225639313
2024-03-04,510300.SS,3.5260000228881836,3.5369999408721924,3.507999897003174,3.5269999504089355,3.361879587173462,1014654993
2024-03-05,510300.SS,3.515000104904175,3.565999984741211,3.507999897003174,3.555999994277954,3.389521837234497,2799101870
2024-03-06,510300.SS,3.5510001182556152,3.572000026702881,3.5380001068115234,3.5420000553131104,3.3761775493621826,1299527425
2024-03-07,510300.SS,3.5409998893737793,3.559999942779541,3.515000104904175,3.5230000019073486,3.3580667972564697,1058948004
2024-03-08,510300.SS,3.5250000953674316,3.5399999618530273,3.503999948501587,3.5329999923706055,3.367598533630371,862187698
2024-03-11,510300.SS,3.5309998989105225,3.5840001106262207,3.5299999713897705,3.5810000896453857,3.413351535797119,1120761515
2024-03-12,510300.SS,3.5829999446868896,3.5989999771118164,3.568000078201294,3.5859999656677246,3.4181175231933594,1105839572
2024-03-13,510300.SS,3.5850000381469727,3.5850000381469727,3.555000066757202,3.565000057220459,3.3981006145477295,685870558
2024-03-14,510300.SS,3.559999942779541,3.5869998931884766,3.5350000858306885,3.552000045776367,3.385709285736084,701881148
2024-03-15,510300.SS,3.5420000553131104,3.565999984741211,3.5220000743865967,3.561000108718872,3.3942878246307373,849023790
2024-03-18,510300.SS,3.561000108718872,3.5929999351501465,3.561000108718872,3.5920000076293945,3.4238364696502686,787332932
2024-03-19,510300.SS,3.5859999656677246,3.5999999046325684,3.565000057220459,3.569000005722046,3.4019134044647217,654875208
2024-03-20,510300.SS,3.561000108718872,3.5820000171661377,3.558000087738037,3.572000026702881,3.4047727584838867,537962049
2024-03-21,510300.SS,3.5799999237060547,3.5940001010894775,3.565000057220459,3.569999933242798,3.4028663635253906,619733207
2024-03-22,510300.SS,3.566999912261963,3.568000078201294,3.51200008392334,3.5390000343322754,3.3733177185058594,1450637754
2024-03-25,510300.SS,3.5299999713897705,3.555000066757202,3.5169999599456787,3.5199999809265137,3.3552074432373047,630542664
2024-03-26,510300.SS,3.5199999809265137,3.5380001068115234,3.51200008392334,3.5309998989105225,3.365692377090454,879103283
2024-03-27,510300.SS,3.5260000228881836,3.5320000648498535,3.492000102996826,3.493000030517578,3.3294713497161865,874647452
2024-03-28,510300.SS,3.490999937057495,3.5439999103546143,3.4809999465942383,3.509999990463257,3.345675468444824,1031925094
2024-03-29,510300.SS,3.506999969482422,3.5299999713897705,3.50600004196167,3.5260000228881836,3.360926389694214,319229143
2024-04-01,510300.SS,3.5399999618530273,3.5940001010894775,3.5390000343322754,3.5840001106262207,3.4162111282348633,1093262535
2024-04-02,510300.SS,3.5829999446868896,3.5869998931884766,3.561000108718872,3.572000026702881,3.4047727584838867,583191382
2024-04-03,510300.SS,3.569999933242798,3.572000026702881,3.5480000972747803,3.558000087738037,3.3914284706115723,598346410
2024-04-08,510300.SS,3.549999952316284,3.555999994277954,3.5239999294281006,3.5290000438690186,3.363785982131958,709948668
2024-04-09,510300.SS,3.5269999504089355,3.5339999198913574,3.51200008392334,3.5230000019073486,3.3580667972564697,534537135
2024-04-10,510300.SS,3.5239999294281006,3.5239999294281006,3.4800000190734863,3.496999979019165,3.3332841396331787,681671142
2024-04-11,510300.SS,3.4809999465942383,3.513000011444092,3.4749999046325684,3.49399995803833,3.3304245471954346,539115871
2024-04-12,510300.SS,3.49399995803833,3.505000114440918,3.4570000171661377,3.4660000801086426,3.3037354946136475,740512912
2024-04-15,510300.SS,3.4660000801086426,3.5450000762939453,3.4639999866485596,3.5390000343322754,3.3733177185058594,1099953730
2024-04-16,510300.SS,3.5239999294281006,3.5350000858306885,3.490999937057495,3.506999969482422,3.34281587600708,913229847
2024-04-17,510300.SS,3.506999969482422,3.556999921798706,3.490999937057495,3.552999973297119,3.386662483215332,996466434
2024-04-18,510300.SS,3.5439999103546143,3.5940001010894775,3.5409998893737793,3.559000015258789,3.3923816680908203,930219267
2024-04-19,510300.SS,3.5450000762939453,3.553999900817871,3.5179998874664307,3.5309998989105225,3.365692377090454,644275741
2024-04-22,510300.SS,3.5299999713897705,3.552000045776367,3.5179998874664307,3.5239999294281006,3.3590199947357178,725182362
2024-04-23,510300.SS,3.5239999294281006,3.5299999713897705,3.493000030517578,3.499000072479248,3.335190534591675,942847430
2024-04-24,510300.SS,3.505000114440918,3.5169999599456787,3.489000082015991,3.513000011444092,3.3485350608825684,594231908
2024-04-25,510300.SS,3.503000020980835,3.5369999408721924,3.494999885559082,3.5230000019073486,3.3580667972564697,664755214
2024-04-26,510300.SS,3.5239999294281006,3.5810000896453857,3.5239999294281006,3.572999954223633,3.4057259559631348,1374313959
2024-04-29,510300.SS,3.5769999027252197,3.638000011444092,3.572000026702881,3.615999937057495,3.4467129707336426,1530322426
2024-04-30,510300.SS,3.615000009536743,3.624000072479248,3.5959999561309814,3.5980000495910645,3.429555654525757,823109014
2024-05-06,510300.SS,3.640000104904175,3.6640000343322754,3.634999990463257,3.6480000019073486,3.477214813232422,1309061067
2024-05-07,510300.SS,3.6449999809265137,3.6559998989105225,3.63700008392334,3.6500000953674316,3.479121446609497,686018359
2024-05-08,510300.SS,3.6429998874664307,3.6440000534057617,3.618000030517578,3.621000051498413,3.451478958129883,638775858
2024-05-09,510300.SS,3.619999885559082,3.6619999408721924,3.61899995803833,3.6559998989105225,3.484840154647827,650202324
2024-05-10,510300.SS,3.6630001068115234,3.6700000762939453,3.63100004196167,3.6579999923706055,3.4867467880249023,865095400
2024-05-13,510300.SS,3.63700008392334,3.6659998893737793,3.61899995803833,3.6549999713897705,3.483887195587158,741159442
2024-05-14,510300.SS,3.6549999713897705,3.6700000762939453,3.638000011444092,3.6489999294281006,3.47816801071167,587666800
2024-05-15,510300.SS,3.6470000743865967,3.6510000228881836,3.617000102996826,3.622999906539917,3.453385353088379,855946284
2024-05-16,510300.SS,3.630000114440918,3.6510000228881836,3.621000051498413,3.634999990463257,3.4648234844207764,1051197527
2024-05-17,510300.SS,3.634999990463257,3.678999900817871,3.622999906539917,3.6760001182556152,3.503904104232788,932046931
2024-05-20,510300.SS,3.681999921798706,3.700000047683716,3.6700000762939453,3.684000015258789,3.5115294456481934,936535896
2024-05-21,510300.SS,3.678999900817871,3.683000087738037,3.6600000858306885,3.671999931335449,3.500091075897217,496983882
2024-05-22,510300.SS,3.6700000762939453,3.688999891281128,3.6630001068115234,3.680000066757202,3.5077168941497803,676684556
2024-05-23,510300.SS,3.6710000038146973,3.6740000247955322,3.63100004196167,3.6429998874664307,3.4724488258361816,698806053
2024-05-24,510300.SS,3.631999969482422,3.6500000953674316,3.5980000495910645,3.6019999980926514,3.433368444442749,841274200
2024-05-27,510300.SS,3.6050000190734863,3.634000062942505,3.6010000705718994,3.631999969482422,3.4619638919830322,669622487
2024-05-28,510300.SS,3.63100004196167,3.632999897003174,3.6019999980926514,3.6089999675750732,3.4400405883789062,531753198
2024-05-29,510300.SS,3.6080000400543213,3.632999897003174,3.6010000705718994,3.609999895095825,3.4409937858581543,615245082
2024-05-30,510300.SS,3.6029999256134033,3.625,3.5880000591278076,3.5959999561309814,3.4276492595672607,777925303
2024-05-31,510300.SS,3.6019999980926514,3.615999937057495,3.5799999237060547,3.5820000171661377,3.414304733276367,723218340
2024-06-03,510300.SS,3.5799999237060547,3.5989999771118164,3.565000057220459,3.5869998931884766,3.4190704822540283,707511590
2024-06-04,510300.SS,3.5850000381469727,3.624000072479248,3.5789999961853027,3.611999988555908,3.4429004192352295,681737902
2024-06-05,510300.SS,3.61299991607666,3.621999979019165,3.5969998836517334,3.5989999771118164,3.430508852005005,583939433
2024-06-06,510300.SS,3.6059999465942383,3.630000114440918,3.5850000381469727,3.5989999771118164,3.430508852005005,1026699323
2024-06-07,510300.SS,3.6019999980926514,3.609999895095825,3.555000066757202,3.5759999752044678,3.408585548400879,1028127109
2024-06-11,510300.SS,3.566999912261963,3.569000005722046,3.5329999923706055,3.5510001182556152,3.384756088256836,879916985
2024-06-12,510300.SS,3.5439999103546143,3.555999994277954,3.5360000133514404,3.546999931335449,3.3809432983398438,569835311
2024-06-13,510300.SS,3.555000066757202,3.558000087738037,3.5250000953674316,3.5339999198913574,3.368551731109619,548803711
2024-06-14,510300.SS,3.5269999504089355,3.558000087738037,3.5169999599456787,3.553999900817871,3.387615442276001,674103954
2024-06-17,510300.SS,3.5369999408721924,3.552999973297119,3.5320000648498535,3.5439999103546143,3.3780834674835205,393017195
2024-06-18,510300.SS,3.5490000247955322,3.565000057220459,3.5429999828338623,3.555000066757202,3.388568639755249,549035200
2024-06-19,510300.SS,3.556999921798706,3.561000108718872,3.5399999618530273,3.5450000762939453,3.3790369033813477,530859528
2024-06-20,510300.SS,3.5429999828338623,3.5510001182556152,3.5160000324249268,3.5220000743865967,3.3571135997772217,554655780
2024-06-21,510300.SS,3.5169999599456787,3.5250000953674316,3.493000030517578,3.5160000324249268,3.3513946533203125,1965867737
2024-06-24,510300.SS,3.502000093460083,3.5260000228881836,3.493000030517578,3.499000072479248,3.335190534591675,2087545529
2024-06-25,510300.SS,3.494999885559082,3.503999948501587,3.4590001106262207,3.4779999256134033,3.315173625946045,1738458468
2024-06-26,510300.SS,3.4700000286102295,3.506999969482422,3.4639999866485596,3.499000072479248,3.335190534591675,1045489522
2024-06-27,510300.SS,3.490000009536743,3.496000051498413,3.4739999771118164,3.4800000190734863,3.317079782485962,1433704942
2024-06-28,510300.SS,3.4739999771118164,3.510999917984009,3.4730000495910645,3.486999988555908,3.3237521648406982,1275543418
2024-07-01,510300.SS,3.486999988555908,3.506999969482422,3.4670000076293945,3.500999927520752,3.337096691131592,853604020
2024-07-02,510300.SS,3.49399995803833,3.510999917984009,3.489000082015991,3.496000051498413,3.3323309421539307,599204907
2024-07-03,510300.SS,3.49399995803833,3.503000020980835,3.4800000190734863,3.490000009536743,3.3266117572784424,791424029
2024-07-04,510300.SS,3.493000030517578,3.509000062942505,3.4730000495910645,3.4749999046325684,3.3123137950897217,1559923712
2024-07-05,510300.SS,3.4700000286102295,3.4779999256134033,3.427999973297119,3.4579999446868896,3.296109676361084,1636384501
2024-07-08,510300.SS,3.4509999752044678,3.4579999446868896,3.4260001182556152,3.434000015258789,3.273233413696289,942625516
2024-07-09,510300.SS,3.428999900817871,3.4839999675750732,3.4179999828338623,3.4709999561309814,3.3085012435913086,1068895639
2024-07-10,510300.SS,3.4639999866485596,3.4820001125335693,3.4600000381469727,3.4630000591278076,3.300875663757324,579282100
2024-07-11,510300.SS,3.490000009536743,3.5190000534057617,3.4769999980926514,3.509000062942505,3.344722270965576,1052437774
2024-07-12,510300.SS,3.510999917984009,3.5239999294281006,3.505000114440918,3.5190000534057617,3.3542542457580566,872369380
2024-07-15,510300.SS,3.510999917984009,3.5309998989105225,3.507999897003174,3.5260000228881836,3.360926389694214,1255008224
2024-07-16,510300.SS,3.5199999809265137,3.555000066757202,3.5169999599456787,3.5510001182556152,3.384756088256836,1612508698
2024-07-17,510300.SS,3.5490000247955322,3.569999933242798,3.5399999618530273,3.555999994277954,3.389521837234497,2256564400
2024-07-18,510300.SS,3.5409998893737793,3.5789999961853027,3.5320000648498535,3.5769999027252197,3.409538745880127,1961181500
2024-07-19,510300.SS,3.565000057220459,3.6059999465942383,3.552000045776367,3.5999999046325684,3.431462049484253,3169662602
2024-07-22,510300.SS,3.5950000286102295,3.5980000495910645,3.5510001182556152,3.571000099182129,3.4038197994232178,1716307285
2024-07-23,510300.SS,3.565999984741211,3.571000099182129,3.497999906539917,3.500999927520752,3.337096691131592,919533700
2024-07-24,510300.SS,3.494999885559082,3.509000062942505,3.4660000801086426,3.4790000915527344,3.316126823425293,1491083494
2024-07-25,510300.SS,3.4639999866485596,3.4760000705718994,3.440999984741211,3.4590001106262207,3.297063112258911,2045552535
2024-07-26,510300.SS,3.4600000381469727,3.4830000400543213,3.4519999027252197,3.4739999771118164,3.3113608360290527,1357970329
2024-07-29,510300.SS,3.4700000286102295,3.4719998836517334,3.453000068664551,3.4539999961853027,3.292297124862671,594937600
2024-07-30,510300.SS,3.446000099182129,3.446000099182129,3.4170000553131104,3.430999994277954,3.270373821258545,1525086114
2024-07-31,510300.SS,3.430999994277954,3.509999990463257,3.427000045776367,3.507999897003174,3.343769073486328,1538908320
2024-08-01,510300.SS,3.502000093460083,3.515000104904175,3.4809999465942383,3.4830000400543213,3.319939613342285,796540400
2024-08-02,510300.SS,3.4600000381469727,3.4830000400543213,3.440999984741211,3.447000026702881,3.2856247425079346,1299773300
2024-08-05,510300.SS,3.430999994277954,3.4739999771118164,3.4070000648498535,3.4079999923706055,3.248450756072998,2018310938
2024-08-06,510300.SS,3.427999973297119,3.437999963760376,3.38100004196167,3.4079999923706055,3.248450756072998,1293627530
2024-08-07,510300.SS,3.4010000228881836,3.424999952316284,3.3910000324249268,3.4010000228881836,3.2417783737182617,612543796
2024-08-08,510300.SS,3.3959999084472656,3.428999900817871,3.382999897003174,3.4049999713897705,3.245591163635254,854107231
2024-08-09,510300.SS,3.4159998893737793,3.430000066757202,3.3919999599456787,3.3929998874664307,3.2341530323028564,604053582
2024-08-12,510300.SS,3.3910000324249268,3.4019999504089355,3.382999897003174,3.3889999389648438,3.230340003967285,510219975
2024-08-13,510300.SS,3.3910000324249268,3.3980000019073486,3.371999979019165,3.3940000534057617,3.2351059913635254,695806300
2024-08-14,510300.SS,3.3949999809265137,3.3949999809265137,3.36899995803833,3.369999885559082,3.2122297286987305,561099800
2024-08-15,510300.SS,3.365000009536743,3.4230000972747803,3.3610000610351562,3.4079999923706055,3.248450756072998,1904638108
2024-08-16,510300.SS,3.4040000438690186,3.421999931335449,3.3980000019073486,3.4100000858306885,3.250357151031494,1640761708
2024-08-19,510300.SS,3.4089999198913574,3.444000005722046,3.4070000648498535,3.4189999103546143,3.2589356899261475,747825318
2024-08-20,510300.SS,3.4240000247955322,3.4260001182556152,3.388000011444092,3.4030001163482666,3.243685007095337,1594474848
2024-08-21,510300.SS,3.3910000324249268,3.4059998989105225,3.374000072479248,3.388000011444092,3.229387044906616,1055369805
2024-08-22,510300.SS,3.390000104904175,3.3949999809265137,3.371000051498413,3.378999948501587,3.220808267593384,1250479415
2024-08-23,510300.SS,3.371000051498413,3.4049999713897705,3.371000051498413,3.3929998874664307,3.2341530323028564,820342800
2024-08-26,510300.SS,3.3949999809265137,3.4070000648498535,3.378000020980835,3.3940000534057617,3.2351059913635254,1400679914
2024-08-27,510300.SS,3.38700008392334,3.390000104904175,3.367000102996826,3.377000093460083,3.218902111053467,1214220097
2024-08-28,510300.SS,3.369999885559082,3.377000093460083,3.3450000286102295,3.3570001125335693,3.199838399887085,1995580276
2024-08-29,510300.SS,3.3489999771118164,3.361999988555908,3.3399999141693115,3.3469998836517334,3.1903064250946045,1508247743
2024-08-30,510300.SS,3.3420000076293945,3.4230000972747803,3.3420000076293945,3.3919999599456787,3.2331998348236084,1785899811
2024-09-02,510300.SS,3.38100004196167,3.382999897003174,3.3299999237060547,3.3320000171661377,3.176008701324463,1133306500
2024-09-03,510300.SS,3.3299999237060547,3.3519999980926514,3.328000068664551,3.3440001010894775,3.1874470710754395,1293552308
2024-09-04,510300.SS,3.3310000896453857,3.3429999351501465,3.321000099182129,3.322999954223633,3.1674301624298096,680305800
2024-09-05,510300.SS,3.3259999752044678,3.3399999141693115,3.319999933242798,3.3299999237060547,3.174102306365967,1600555757
2024-09-06,510300.SS,3.3350000381469727,3.3450000286102295,3.299999952316284,3.302000045776367,3.1474132537841797,793315700
2024-09-09,510300.SS,3.2920000553131104,3.2960000038146973,3.25,3.260999917984009,3.108332633972168,1018897104
2024-09-10,510300.SS,3.263000011444092,3.2750000953674316,3.239000082015991,3.260999917984009,3.108332633972168,866655438
2024-09-11,510300.SS,3.253000020980835,3.2669999599456787,3.240999937057495,3.253999948501587,3.1016604900360107,780890193
2024-09-12,510300.SS,3.259000062942505,3.2720000743865967,3.240999937057495,3.243000030517578,3.0911755561828613,642379317
2024-09-13,510300.SS,3.244999885559082,3.256999969482422,3.2269999980926514,3.2279999256134033,3.0768773555755615,850468092
2024-09-18,510300.SS,3.2269999980926514,3.250999927520752,3.2149999141693115,3.23799991607666,3.086409568786621,1225439069
2024-09-19,510300.SS,3.243000030517578,3.2860000133514404,3.2160000801086426,3.265000104904175,3.1121456623077393,1634887021
2024-09-20,510300.SS,3.257999897003174,3.2790000438690186,3.239000082015991,3.2739999294281006,3.1207239627838135,2306561983
2024-09-23,510300.SS,3.2690000534057617,3.299999952316284,3.263000011444092,3.2829999923706055,3.129302740097046,897316534
2024-09-24,510300.SS,3.313999891281128,3.428999900817871,3.2929999828338623,3.427000045776367,3.266561269760132,3918516217
2024-09-25,510300.SS,3.489000082015991,3.5439999103546143,3.4670000076293945,3.4739999771118164,3.3113608360290527,3237346937
2024-09-26,510300.SS,3.4679999351501465,3.6429998874664307,3.4670000076293945,3.640000104904175,3.4695894718170166,4442962141
2024-09-27,510300.SS,3.700000047683716,3.933000087738037,3.6700000762939453,3.86899995803833,3.687868595123291,2559461161
2024-09-30,510300.SS,4.006999969482422,4.239999771118164,3.875999927520752,4.232999801635742,4.03482723236084,6370234083
2024-10-08,510300.SS,4.656000137329102,4.656000137329102,4.208000183105469,4.4120001792907715,4.205447673797607,8629822438
2024-10-09,510300.SS,4.284999847412109,4.284999847412109,4.005000114440918,4.021999835968018,3.833705425262451,5409196572
2024-10-10,510300.SS,4.070000171661377,4.184999942779541,3.999000072479248,4.085999965667725,3.894709348678589,3779000075
2024-10-11,510300.SS,4.057000160217285,4.059999942779541,3.9230000972747803,3.9769999980926514,3.7908122539520264,4090077741
2024-10-14,510300.SS,3.986999988555908,4.059999942779541,3.946000099182129,4.039999961853027,3.850862979888916,3104931745
2024-10-15,510300.SS,4.013999938964844,4.046000003814697,3.927000045776367,3.930999994277954,3.7469658851623535,2613870743
2024-10-16,510300.SS,3.8910000324249268,3.9600000381469727,3.881999969482422,3.9059998989105225,3.7231361865997314,2161119628
2024-10-17,510300.SS,3.930000066757202,3.9600000381469727,3.861999988555908,3.86299991607666,3.6821494102478027,2935435621
2024-10-18,510300.SS,3.8580000400543213,4.118000030517578,3.8459999561309814,4.015999794006348,3.827986240386963,3620917893
2024-10-21,510300.SS,4.017000198364258,4.059999942779541,3.9800000190734863,4.015999794006348,3.827986240386963,2529336395
2024-10-22,510300.SS,4.001999855041504,4.046000003814697,4.000999927520752,4.039999961853027,3.850862979888916,1666924499
2024-10-23,510300.SS,4.039999961853027,4.0970001220703125,4.020999908447266,4.054999828338623,3.8651604652404785,2266629209
2024-10-24,510300.SS,4.038000106811523,4.041999816894531,3.993000030517578,4.011000156402588,3.823220729827881,1598248721
2024-10-25,510300.SS,4.01200008392334,4.078000068664551,4.002999782562256,4.039999961853027,3.850862979888916,1685265820
2024-10-28,510300.SS,4.034999847412109,4.046999931335449,4.0,4.046000003814697,3.856581926345825,1396308141
2024-10-29,510300.SS,4.050000190734863,4.078999996185303,4.002999782562256,4.013000011444092,3.825127124786377,1794628159
2024-10-30,510300.SS,4.000999927520752,4.011000156402588,3.944999933242798,3.9709999561309814,3.785093307495117,1812859109
2024-10-31,510300.SS,3.9690001010894775,4.006999969482422,3.937999963760376,3.9709999561309814,3.785093307495117,1763649256
2024-11-01,510300.SS,3.9639999866485596,4.01800012588501,3.9609999656677246,3.9790000915527344,3.7927188873291016,1817756019
2024-11-04,510300.SS,3.9820001125335693,4.033999919891357,3.9709999561309814,4.0320000648498535,3.8432374000549316,1249314386
2024-11-05,510300.SS,4.02400016784668,4.138999938964844,4.010000228881836,4.13700008392334,3.943321704864502,2763014444
2024-11-06,510300.SS,4.13700008392334,4.179999828338623,4.085000038146973,4.111000061035156,3.918538808822632,2173424760
2024-11-07,510300.SS,4.079999923706055,4.25,4.076000213623047,4.248000144958496,4.0491251945495605,2788718924
2024-11-08,510300.SS,4.2820000648498535,4.289999961853027,4.177999973297119,4.193999767303467,3.997653007507324,2808023160
2024-11-11,510300.SS,4.1519999504089355,4.218999862670898,4.130000114440918,4.215000152587891,4.017670154571533,2304365136
2024-11-12,510300.SS,4.210000038146973,4.26800012588501,4.144999980926514,4.169000148773193,3.9738235473632812,2304166776
2024-11-13,510300.SS,4.150000095367432,4.205999851226807,4.145999908447266,4.195000171661377,3.9986066818237305,1572794347
2024-11-14,510300.SS,4.188000202178955,4.203000068664551,4.117000102996826,4.124000072479248,3.9309303760528564,1443885260
2024-11-15,510300.SS,4.113999843597412,4.133999824523926,4.050000190734863,4.054999828338623,3.8651604652404785,1676993542
2024-11-18,510300.SS,4.071000099182129,4.118000030517578,4.013000011444092,4.038000106811523,3.84895658493042,1610092584
2024-11-19,510300.SS,4.039999961853027,4.060999870300293,3.9809999465942383,4.058000087738037,3.8680202960968018,1670544920
2024-11-20,510300.SS,4.046000003814697,4.085000038146973,4.038000106811523,4.067999839782715,3.877551794052124,1548530434
2024-11-21,510300.SS,4.059999942779541,4.081999778747559,4.047999858856201,4.072999954223633,3.8823177814483643,1045470681
2024-11-22,510300.SS,4.071000099182129,4.073999881744385,3.946000099182129,3.953000068664551,3.7679359912872314,1757191250
2024-11-25,510300.SS,3.9549999237060547,3.9719998836517334,3.8940000534057617,3.930999994277954,3.7469658851623535,1359085769
2024-11-26,510300.SS,3.9140000343322754,3.9560000896453857,3.9130001068115234,3.9230000972747803,3.739340305328369,784707886
2024-11-27,510300.SS,3.9159998893737793,3.992000102996826,3.9010000228881836,3.986999988555908,3.800344228744507,1451987366
2024-11-28,510300.SS,3.9839999675750732,3.989000082015991,3.947999954223633,3.9579999446868896,3.7727017402648926,1072407289
2024-11-29,510300.SS,3.9600000381469727,4.046999931335449,3.9570000171661377,4.000999927520752,3.8136887550354004,1529771604
2024-12-02,510300.SS,3.996999979019165,4.043000221252441,3.986999988555908,4.031000137329102,3.8422844409942627,981634781
2024-12-03,510300.SS,4.03000020980835,4.052000045776367,4.005000114440918,4.034999847412109,3.846096992492676,1524423707
2024-12-04,510300.SS,4.03000020980835,4.040999889373779,4.002999782562256,4.013999938964844,3.826080083847046,1006947918
2024-12-05,510300.SS,4.00600004196167,4.021999835968018,3.99399995803833,4.006999969482422,3.8194079399108887,759522918
2024-12-06,510300.SS,4.006999969482422,4.085000038146973,4.00600004196167,4.057000160217285,3.8670670986175537,1776229382
2024-12-09,510300.SS,4.053999900817871,4.079999923706055,4.03000020980835,4.053999900817871,3.8642075061798096,1246418685
2024-12-10,510300.SS,4.178999900817871,4.197999954223633,4.072999954223633,4.085000038146973,3.893756151199341,2482795311
2024-12-11,510300.SS,4.078000068664551,4.093999862670898,4.065000057220459,4.074999809265137,3.8842241764068604,1258715973
2024-12-12,510300.SS,4.077000141143799,4.122000217437744,4.065999984741211,4.117000102996826,3.924258232116699,1360180433
2024-12-13,510300.SS,4.0920000076293945,4.0920000076293945,4.01200008392334,4.019999980926514,3.831799268722534,2346569729
2024-12-16,510300.SS,4.01800012588501,4.020999908447266,3.9860000610351562,3.996000051498413,3.8089230060577393,989323074
2024-12-17,510300.SS,3.993000030517578,4.043000221252441,3.990999937057495,4.006999969482422,3.8194079399108887,1364669228
2024-12-18,510300.SS,4.019999980926514,4.039000034332275,4.014999866485596,4.02400016784668,3.8356122970581055,1023609617
2024-12-19,510300.SS,4.0,4.038000106811523,3.9809999465942383,4.03000020980835,3.8413312435150146,990362211
2024-12-20,510300.SS,4.02400016784668,4.045000076293945,4.01200008392334,4.01800012588501,3.829893112182617,1223061986
2024-12-23,510300.SS,4.017000198364258,4.052999973297119,4.014999866485596,4.021999835968018,3.833705425262451,1424702200
2024-12-24,510300.SS,4.02400016784668,4.076000213623047,4.021999835968018,4.068999767303467,3.878504991531372,1456343427
2024-12-25,510300.SS,4.072000026702881,4.093999862670898,4.053999900817871,4.072000026702881,3.8813648223876953,1418137500
2024-12-26,510300.SS,4.072000026702881,4.078999996185303,4.056000232696533,4.072999954223633,3.8823177814483643,947023402
2024-12-27,510300.SS,4.076000213623047,4.098999977111816,4.060999870300293,4.066999912261963,3.876598834991455,1086963910
2024-12-30,510300.SS,4.065999984741211,4.0929999351501465,4.065000057220459,4.085999965667725,3.894709348678589,1311933462
2024-12-31,510300.SS,4.086999893188477,4.093999862670898,4.019999980926514,4.021999835968018,3.833705425262451,1843618788
2025-01-02,510300.SS,4.019999980926514,4.020999908447266,3.88100004196167,3.9089999198913574,3.7259957790374756,2172980338
2025-01-03,510300.SS,3.9089999198913574,3.9210000038146973,3.8529999256134033,3.86899995803833,3.687868595123291,1593022599
2025-01-06,510300.SS,3.865000009536743,3.872999906539917,3.828000068664551,3.8529999256134033,3.6726176738739014,1298673930
2025-01-07,510300.SS,3.8450000286102295,3.881999969482422,3.8359999656677246,3.880000114440918,3.6983537673950195,968974000
2025-01-08,510300.SS,3.869999885559082,3.8989999294281006,3.815000057220459,3.874000072479248,3.6926345825195312,1409796811
2025-01-09,510300.SS,3.86299991607666,3.880000114440918,3.8570001125335693,3.865999937057495,3.6850087642669678,806065805
2025-01-10,510300.SS,3.865000009536743,3.875,3.822000026702881,3.822999954223633,3.644021987915039,826572500
2025-01-13,510300.SS,3.8010001182556152,3.8259999752044678,3.7929999828338623,3.808000087738037,3.6297242641448975,949394700
2025-01-14,510300.SS,3.815000057220459,3.9179999828338623,3.809000015258789,3.9059998989105225,3.7231361865997314,1644546233
2025-01-15,510300.SS,3.8959999084472656,3.9040000438690186,3.877000093460083,3.882999897003174,3.7012128829956055,742049621
2025-01-16,510300.SS,3.8959999084472656,3.933000087738037,3.8610000610351562,3.884999990463257,3.7031195163726807,1109005172
2025-01-17,510300.SS,3.875,3.921999931335449,3.868000030517578,3.8980000019073486,3.715510845184326,847699295
2025-01-20,510300.SS,3.9210000038146973,3.9489998817443848,3.9079999923706055,3.9170000553131104,3.73362135887146,920294300
2025-01-21,510300.SS,3.937000036239624,3.940999984741211,3.9049999713897705,3.921999931335449,3.7383873462677,743926440
2025-01-22,510300.SS,3.9159998893737793,3.9159998893737793,3.868000030517578,3.885999917984009,3.7040724754333496,1099680655
2025-01-23,510300.SS,3.9149999618530273,3.9579999446868896,3.8940000534057617,3.8970000743865967,3.714557647705078,1038592839
2025-01-24,510300.SS,3.8889999389648438,3.943000078201294,3.882999897003174,3.928999900817871,3.7450592517852783,1143647489
2025-01-27,510300.SS,3.936000108718872,3.944999933242798,3.9040000438690186,3.9070000648498535,3.7240893840789795,1305384964
2025-02-05,510300.SS,3.930000066757202,3.934000015258789,3.878999948501587,3.88700008392334,3.7050259113311768,751549710
2025-02-06,510300.SS,3.884000062942505,3.937000036239624,3.88100004196167,3.931999921798706,3.7479190826416016,1388636482
2025-02-07,510300.SS,3.933000087738037,4.013999938964844,3.9260001182556152,3.98799991607666,3.801297187805176,1930631373
2025-02-10,510300.SS,3.989000082015991,4.0,3.9739999771118164,3.992000102996826,3.805110216140747,1267264550
2025-02-11,510300.SS,3.996999979019165,3.997999906539917,3.9630000591278076,3.9760000705718994,3.7898592948913574,999035889
2025-02-12,510300.SS,3.9739999771118164,4.019000053405762,3.9600000381469727,4.013999938964844,3.826080083847046,978953664
2025-02-13,510300.SS,4.008999824523926,4.033999919891357,3.997999906539917,4.004000186920166,3.8165483474731445,1175822696
2025-02-14,510300.SS,4.0,4.039999961853027,3.996999979019165,4.033999919891357,3.8451437950134277,1292428680
2025-02-17,510300.SS,4.044000148773193,4.052999973297119,4.01200008392334,4.040999889373779,3.851815938949585,1334102006
2025-02-18,510300.SS,4.034999847412109,4.058000087738037,3.996000051498413,4.01200008392334,3.824173927307129,1246591063
2025-02-19,510300.SS,4.005000114440918,4.040999889373779,4.0,4.0329999923706055,3.8441905975341797,1019076858
2025-02-20,510300.SS,4.0289998054504395,4.0329999923706055,4.007999897003174,4.020999908447266,3.832752227783203,1018603498
2025-02-21,510300.SS,4.0320000648498535,4.079999923706055,4.019999980926514,4.074999809265137,3.8842241764068604,1437266514
2025-02-24,510300.SS,4.070000171661377,4.089000225067139,4.040999889373779,4.061999797821045,3.871832847595215,1538578218
2025-02-25,510300.SS,4.034999847412109,4.051000118255615,4.007999897003174,4.020999908447266,3.832752227783203,892489991
2025-02-26,510300.SS,4.0279998779296875,4.054999828338623,4.019000053405762,4.053999900817871,3.8642075061798096,1345658133
2025-02-27,510300.SS,4.056000232696533,4.068999767303467,4.0279998779296875,4.066999912261963,3.876598834991455,1128585642
2025-02-28,510300.SS,4.048999786376953,4.065000057220459,3.9820001125335693,3.99399995803833,3.807016372680664,1329334000
2025-03-03,510300.SS,3.994999885559082,4.0269999504089355,3.9660000801086426,3.9809999465942383,3.7946250438690186,1145768613
2025-03-04,510300.SS,3.9600000381469727,3.9839999675750732,3.9519999027252197,3.9769999980926514,3.7908122539520264,1012184770
2025-03-05,510300.SS,3.9800000190734863,3.999000072479248,3.9679999351501465,3.99399995803833,3.807016372680664,1191901642
2025-03-06,510300.SS,4.014999866485596,4.061999797821045,4.011000156402588,4.048999786376953,3.8594412803649902,1371007879
2025-03-07,510300.SS,4.039999961853027,4.060999870300293,4.03000020980835,4.039000034332275,3.849909782409668,1155997084
2025-03-10,510300.SS,4.0370001792907715,4.041999816894531,3.999000072479248,4.0229997634887695,3.834658622741699,1442783688
2025-03-11,510300.SS,3.99399995803833,4.035999774932861,3.990000009536743,4.034999847412109,3.846096992492676,1002917003
2025-03-12,510300.SS,4.038000106811523,4.050000190734863,4.01800012588501,4.025000095367432,3.8365652561187744,609231681
2025-03-13,510300.SS,4.02400016784668,4.0329999923706055,3.993000030517578,4.005000114440918,3.8175015449523926,641043804
2025-03-14,510300.SS,4.01200008392334,4.11299991607666,4.010000228881836,4.105999946594238,3.9137730598449707,1903718328
2025-03-17,510300.SS,4.118000030517578,4.123000144958496,4.0879998207092285,4.093999862670898,3.9023349285125732,1133042029
2025-03-18,510300.SS,4.107999801635742,4.114999771118164,4.091000080108643,4.103000164031982,3.9109137058258057,811404323
2025-03-19,510300.SS,4.0980000495910645,4.120999813079834,4.084000110626221,4.109000205993652,3.916633129119873,879831286
2025-03-20,510300.SS,4.109000205993652,4.109000205993652,4.067999839782715,4.076000213623047,3.8851778507232666,875142561
2025-03-21,510300.SS,4.063000202178955,4.078999996185303,4.0,4.010000228881836,3.822267532348633,1014915677
2025-03-24,510300.SS,4.008999824523926,4.031000137329102,4.004000186920166,4.0269999504089355,3.8384714126586914,791222086
2025-03-25,510300.SS,4.0279998779296875,4.039000034332275,4.017000198364258,4.0289998054504395,3.8403778076171875,611531644
2025-03-26,510300.SS,4.025000095367432,4.039999961853027,4.010000228881836,4.013000011444092,3.825127124786377,774255385
2025-03-27,510300.SS,4.011000156402588,4.050000190734863,3.994999885559082,4.0269999504089355,3.8384714126586914,801525164
2025-03-28,510300.SS,4.0269999504089355,4.0289998054504395,4.0,4.007999897003174,3.8203611373901367,704304791
2025-03-31,510300.SS,4.004000186920166,4.02400016784668,3.9690001010894775,3.9839999675750732,3.7974846363067627,902172863
2025-04-01,510300.SS,3.98799991607666,4.002999782562256,3.9790000915527344,3.9820001125335693,3.7955782413482666,615015541
2025-04-02,510300.SS,3.9830000400543213,3.996000051498413,3.9709999561309814,3.9790000915527344,3.7927188873291016,629117600
2025-04-03,510300.SS,3.947999954223633,3.9800000190734863,3.943000078201294,3.9590001106262207,3.7736551761627197,1114330792
2025-04-07,510300.SS,3.799999952316284,3.8399999141693115,3.6040000915527344,3.694999933242798,3.5220143795013428,6560988000
2025-04-08,510300.SS,3.697999954223633,3.739000082015991,3.6710000038146973,3.7300000190734863,3.5553760528564453,5853533299
2025-04-09,510300.SS,3.694999933242798,3.7739999294281006,3.677999973297119,3.7660000324249268,3.589690685272217,1698201419
2025-04-10,510300.SS,3.816999912261963,3.8469998836517334,3.7980000972747803,3.8289999961853027,3.6497411727905273,1429631663
2025-04-11,510300.SS,3.809999942779541,3.8510000705718994,3.799999952316284,3.8399999141693115,3.6602261066436768,861984187
2025-04-14,510300.SS,3.8589999675750732,3.865000009536743,3.8420000076293945,3.8480000495910645,3.667851686477661,941570983
2025-04-15,510300.SS,3.8440001010894775,3.8570001125335693,3.825000047683716,3.8510000705718994,3.6707112789154053,981793477
2025-04-16,510300.SS,3.8410000801086426,3.86899995803833,3.811000108718872,3.859999895095825,3.6792895793914795,2177133740
2025-04-17,510300.SS,3.8420000076293945,3.871000051498413,3.8410000801086426,3.86299991607666,3.6821494102478027,1387340598
2025-04-18,510300.SS,3.8570001125335693,3.878999948501587,3.8469998836517334,3.872999906539917,3.691681146621704,1378050739
2025-04-21,510300.SS,3.865000009536743,3.885999917984009,3.8570001125335693,3.875,3.6935875415802,712631513
2025-04-22,510300.SS,3.875,3.8929998874664307,3.872999906539917,3.878000020980835,3.6964471340179443,752043609
2025-04-23,510300.SS,3.8919999599456787,3.9070000648498535,3.872999906539917,3.881999969482422,3.7002599239349365,615504094
2025-04-24,510300.SS,3.881999969482422,3.9030001163482666,3.871000051498413,3.881999969482422,3.7002599239349365,487361469
2025-04-25,510300.SS,3.88700008392334,3.8989999294281006,3.875,3.881999969482422,3.7002599239349365,577193480
2025-04-28,510300.SS,3.882999897003174,3.885999917984009,3.864000082015991,3.875999927520752,3.6945407390594482,624709030
2025-04-29,510300.SS,3.874000072479248,3.880000114440918,3.861999988555908,3.86899995803833,3.687868595123291,494734986
2025-04-30,510300.SS,3.869999885559082,3.885999917984009,3.864000082015991,3.865999937057495,3.6850087642669678,500453684
2025-05-06,510300.SS,3.885999917984009,3.9059998989105225,3.880000114440918,3.9030001163482666,3.7202768325805664,717825309
2025-05-07,510300.SS,3.950000047683716,3.9619998931884766,3.9100000858306885,3.927000045776367,3.7431533336639404,1047081171
2025-05-08,510300.SS,3.9179999828338623,3.9660000801086426,3.9179999828338623,3.950000047683716,3.7650763988494873,782005719
2025-05-09,510300.SS,3.946000099182129,3.950000047683716,3.931999921798706,3.944999933242798,3.760310411453247,693374829
2025-05-12,510300.SS,3.9630000591278076,3.992000102996826,3.9570000171661377,3.990000009536743,3.803203821182251,836500229
2025-05-13,510300.SS,4.011000156402588,4.01200008392334,3.98799991607666,3.99399995803833,3.807016372680664,793400917
2025-05-14,510300.SS,3.994999885559082,4.065999984741211,3.992000102996826,4.045000076293945,3.8556289672851562,1214790218
2025-05-15,510300.SS,4.038000106811523,4.040999889373779,4.004000186920166,4.011000156402588,3.823220729827881,817722375
2025-05-16,510300.SS,4.001999855041504,4.008999824523926,3.9769999980926514,3.989000082015991,3.802250623703003,730283731
2025-05-19,510300.SS,3.9839999675750732,3.98799991607666,3.9649999141693115,3.9830000400543213,3.7965314388275146,556298093
2025-05-20,510300.SS,3.9839999675750732,4.015999794006348,3.9800000190734863,4.002999782562256,3.8155951499938965,549987479
2025-05-21,510300.SS,4.004000186920166,4.031000137329102,4.002999782562256,4.019000053405762,3.8308463096618652,560603133
2025-05-22,510300.SS,4.01800012588501,4.0269999504089355,4.002999782562256,4.017000198364258,3.828939914703369,491932009
2025-05-23,510300.SS,4.03000020980835,4.031000137329102,3.986999988555908,3.98799991607666,3.801297187805176,845089070
2025-05-26,510300.SS,3.9820001125335693,3.993000030517578,3.9560000896453857,3.9670000076293945,3.781280517578125,740485719
2025-05-27,510300.SS,3.9649999141693115,3.9690001010894775,3.938999891281128,3.946000099182129,3.761263608932495,578288400
2025-05-28,510300.SS,3.947000026702881,3.9560000896453857,3.937999963760376,3.941999912261963,3.757450819015503,539920166
2025-05-29,510300.SS,3.944999933242798,3.9790000915527344,3.938999891281128,3.9660000801086426,3.780327320098877,891039442
2025-05-30,510300.SS,3.9590001106262207,3.9639999866485596,3.931999921798706,3.9590001106262207,3.7736551761627197,737030741
2025-06-03,510300.SS,3.946000099182129,3.9719998836517334,3.941999912261963,3.9570000171661377,3.7717485427856445,596786798
2025-06-04,510300.SS,3.9590001106262207,3.984999895095825,3.9579999446868896,3.9739999771118164,3.7879528999328613,464543350
2025-06-05,510300.SS,3.9779999256134033,3.99399995803833,3.9670000076293945,3.9839999675750732,3.7974846363067627,531965733
2025-06-06,510300.SS,3.986999988555908,3.999000072479248,3.9779999256134033,3.9860000610351562,3.799391031265259,488880795
2025-06-09,510300.SS,3.989000082015991,4.010000228881836,3.9839999675750732,3.994999885559082,3.807969570159912,581098178
2025-06-10,510300.SS,3.996999979019165,4.005000114440918,3.9579999446868896,3.9719998836517334,3.786046266555786,771051770
2025-06-11,510300.SS,3.9739999771118164,4.02400016784668,3.9739999771118164,4.004000186920166,3.8165483474731445,1103509525
2025-06-12,510300.SS,3.997999906539917,4.013000011444092,3.9800000190734863,4.00600004196167,3.8184547424316406,690087151
2025-06-13,510300.SS,3.997999906539917,4.001999855041504,3.9670000076293945,3.9800000190734863,3.7936718463897705,698016832
2025-06-16,510300.SS,3.9739999771118164,3.99399995803833,3.9709999561309814,3.990000009536743,3.803203821182251,649326744
2025-06-17,510300.SS,3.990999937057495,3.996999979019165,3.9739999771118164,3.989000082015991,3.802250623703003,482891300
2025-06-18,510300.SS,3.9030001163482666,3.9100000858306885,3.881999969482422,3.9040000438690186,3.8051748275756836,480803410
2025-06-19,510300.SS,3.8980000019073486,3.8989999294281006,3.86299991607666,3.872999906539917,3.7749593257904053,600788572
2025-06-20,510300.SS,3.871999979019165,3.888000011444092,3.871000051498413,3.878000020980835,3.7798328399658203,423044140
2025-06-23,510300.SS,3.86899995803833,3.9019999504089355,3.861999988555908,3.8910000324249268,3.792503833770752,749244714
2025-06-24,510300.SS,3.8959999084472656,3.950000047683716,3.8959999084472656,3.936000108718872,3.83636474609375,1224554880
2025-06-25,510300.SS,3.938999891281128,4.002999782562256,3.934999942779541,4.000999927520752,3.89971923828125,1724116122
2025-06-26,510300.SS,3.994999885559082,4.004000186920166,3.984999895095825,3.9860000610351562,3.885098934173584,937967872
2025-06-27,510300.SS,3.990000009536743,4.013000011444092,3.9579999446868896,3.9630000591278076,3.8626811504364014,1069691383
2025-06-30,510300.SS,3.9609999656677246,3.984999895095825,3.9560000896453857,3.9820001125335693,3.8812003135681152,1081958996
2025-07-01,510300.SS,3.9800000190734863,3.992000102996826,3.9690001010894775,3.98799991607666,3.8870482444763184,640686095
2025-07-02,510300.SS,3.984999895095825,3.999000072479248,3.9749999046325684,3.992000102996826,3.890947103500366,518883509
2025-07-03,510300.SS,3.99399995803833,4.019999980926514,3.990999937057495,4.014999866485596,3.9133646488189697,686381903
2025-07-04,510300.SS,4.011000156402588,4.065000057220459,4.004000186920166,4.0320000648498535,3.929934501647949,1052562084
2025-07-07,510300.SS,4.026000022888184,4.0320000648498535,4.005000114440918,4.013999938964844,3.9123902320861816,402251440
2025-07-08,510300.SS,4.015999794006348,4.056000232696533,4.013000011444092,4.047999858856201,3.9455294609069824,612248738
2025-07-09,510300.SS,4.047999858856201,4.068999767303467,4.039999961853027,4.045000076293945,3.942605495452881,647660804
2025-07-10,510300.SS,4.045000076293945,4.090000152587891,4.044000148773193,4.065000057220459,3.962099313735962,632387667
2025-07-11,510300.SS,4.065999984741211,4.130000114440918,4.065000057220459,4.078999996185303,3.9757447242736816,1264855146
2025-07-14,510300.SS,4.078000068664551,4.093999862670898,4.076000213623047,4.078000068664551,3.9747700691223145,820547885
2025-07-15,510300.SS,4.081999778747559,4.104000091552734,4.052999973297119,4.078000068664551,3.9747700691223145,807481346
2025-07-16,510300.SS,4.078999996185303,4.0929999351501465,4.056000232696533,4.068999767303467,3.9659976959228516,479181889
2025-07-17,510300.SS,4.068999767303467,4.103000164031982,4.067999839782715,4.1020002365112305,3.9981627464294434,597822533
2025-07-18,510300.SS,4.107999801635742,4.136000156402588,4.105000019073486,4.131999969482422,4.027403354644775,713129616
2025-07-21,510300.SS,4.13700008392334,4.159999847412109,4.133999824523926,4.1570000648498535,4.051770210266113,767461325
2025-07-22,510300.SS,4.158999919891357,4.203000068664551,4.142000198364258,4.201000213623047,4.094656944274902,1082109050
2025-07-23,510300.SS,4.203999996185303,4.234000205993652,4.188000202178955,4.198999881744385,4.09270715713501,994731531
2025-07-24,510300.SS,4.195000171661377,4.228000164031982,4.190000057220459,4.224999904632568,4.118048667907715,885235951
2025-07-25,510300.SS,4.224999904632568,4.224999904632568,4.192999839782715,4.203000068664551,4.0966057777404785,820085976
2025-07-28,510300.SS,4.203000068664551,4.2230000495910645,4.185999870300293,4.214000225067139,4.107327461242676,602771297
2025-07-29,510300.SS,4.208000183105469,4.236000061035156,4.191999912261963,4.235000133514404,4.127796173095703,805978553
2025-07-30,510300.SS,4.2270002365112305,4.264999866485596,4.206999778747559,4.23199987411499,4.124871730804443,950252156
2025-07-31,510300.SS,4.2210001945495605,4.2210001945495605,4.142000198364258,4.15500020980835,4.049821376800537,1122912575
2025-08-01,510300.SS,4.1479997634887695,4.1620001792907715,4.118000030517578,4.132999897003174,4.028377532958984,611567102
2025-08-04,510300.SS,4.122000217437744,4.1539998054504395,4.117000102996826,4.1519999504089355,4.046896934509277,435567200
2025-08-05,510300.SS,4.1539998054504395,4.184999942779541,4.151000022888184,4.183000087738037,4.077112197875977,548068072
2025-08-06,510300.SS,4.181000232696533,4.198999881744385,4.176000118255615,4.193999767303467,4.087833404541016,408944907
2025-08-07,510300.SS,4.196000099182129,4.210000038146973,4.171000003814697,4.192999839782715,4.086858749389648,533965616
2025-08-08,510300.SS,4.188000202178955,4.201000213623047,4.175000190734863,4.183000087738037,4.077112197875977,423062400
2025-08-11,510300.SS,4.183000087738037,4.2179999351501465,4.183000087738037,4.202000141143799,4.095631122589111,688151892
2025-08-12,510300.SS,4.199999809265137,4.236999988555908,4.199999809265137,4.228000164031982,4.120973110198975,482487210
2025-08-13,510300.SS,4.234000205993652,4.271999835968018,4.229000091552734,4.263000011444092,4.155086994171143,758840813
2025-08-14,510300.SS,4.264999866485596,4.302999973297119,4.248000144958496,4.25600004196167,4.148264408111572,887934379
2025-08-15,510300.SS,4.242000102996826,4.302000045776367,4.239999771118164,4.295000076293945,4.186276912689209,1071833947
2025-08-18,510300.SS,4.297999858856201,4.360000133514404,4.284999847412109,4.327000141143799,4.217467308044434,1009247534
2025-08-19,510300.SS,4.326000213623047,4.3470001220703125,4.296999931335449,4.304999828338623,4.196023464202881,774332431
2025-08-20,510300.SS,4.295000076293945,4.364999771118164,4.267000198364258,4.363999843597412,4.253530025482178,1378416563
2025-08-21,510300.SS,4.368000030517578,4.394000053405762,4.357999801635742,4.377999782562256,4.267175674438477,913002468
2025-08-22,510300.SS,4.375,4.484000205993652,4.374000072479248,4.479000091552734,4.36561918258667,1360263420
2025-08-25,510300.SS,4.500999927520752,4.572000026702881,4.497000217437744,4.565000057220459,4.449442386627197,1456091826
2025-08-26,510300.SS,4.553999900817871,4.572000026702881,4.5269999504089355,4.540999889373779,4.426049709320068,1114294146
2025-08-27,510300.SS,4.540999889373779,4.585000038146973,4.4730000495910645,4.474999904632568,4.361720561981201,1412690404
2025-08-28,510300.SS,4.468999862670898,4.560999870300293,4.452000141143799,4.559000015258789,4.443593978881836,1276415694
2025-08-29,510300.SS,4.550000190734863,4.61299991607666,4.539999961853027,4.60099983215332,4.484530925750732,1355057364
2025-09-01,510300.SS,4.60699987411499,4.624000072479248,4.579999923706055,4.616000175476074,4.499151229858398,1193986671
2025-09-02,510300.SS,4.61299991607666,4.64300012588501,4.550000190734863,4.590000152587891,4.473809719085693,1034412186
2025-09-03,510300.SS,4.5920000076293945,4.609000205993652,4.519999980926514,4.548999786376953,4.433846950531006,918862472
2025-09-04,510300.SS,4.546000003814697,4.554999828338623,4.415999889373779,4.455999851226807,4.343201160430908,1420822833
2025-09-05,510300.SS,4.449999809265137,4.563000202178955,4.441999912261963,4.553999900817871,4.438720703125,1060332474
2025-09-08,510300.SS,4.553999900817871,4.572999954223633,4.52400016784668,4.554999828338623,4.439695358276367,1034021993
2025-09-09,510300.SS,4.545000076293945,4.564000129699707,4.501999855041504,4.5279998779296875,4.413378715515137,680354536
2025-09-10,510300.SS,4.526000022888184,4.561999797821045,4.506999969482422,4.538000106811523,4.423125743865967,608658332
2025-09-11,510300.SS,4.5269999504089355,4.6620001792907715,4.517000198364258,4.659999847412109,4.542037487030029,978341822
2025-09-12,510300.SS,4.6620001792907715,4.664000034332275,4.614999771118164,4.620999813079834,4.504024505615234,915858027
2025-09-15,510300.SS,4.622000217437744,4.6620001792907715,4.613999843597412,4.629000186920166,4.51182222366333,721191518
2025-09-16,510300.SS,4.631999969482422,4.6519999504089355,4.591000080108643,4.619999885559082,4.503049850463867,788903361
2025-09-17,510300.SS,4.614999771118164,4.658999919891357,4.598999977111816,4.6529998779296875,4.535214424133301,715407882
2025-09-18,510300.SS,4.65500020980835,4.676000118255615,4.553999900817871,4.593999862670898,4.477707862854004,1187372710
2025-09-19,510300.SS,4.590000152587891,4.632999897003174,4.586999893188477,4.604000091552734,4.487454891204834,731613811
2025-09-22,510300.SS,4.604000091552734,4.620999813079834,4.581999778747559,4.61899995803833,4.5020751953125,629276623
2025-09-23,510300.SS,4.626999855041504,4.656000137329102,4.558000087738037,4.622000217437744,4.50499963760376,1055000135
2025-09-24,510300.SS,4.5970001220703125,4.664000034332275,4.5960001945495605,4.663000106811523,4.544961452484131,1004485867
2025-09-25,510300.SS,4.663000106811523,4.7179999351501465,4.6570000648498535,4.695000171661377,4.5761518478393555,771336231
2025-09-26,510300.SS,4.677000045776367,4.698999881744385,4.650000095367432,4.651000022888184,4.533265113830566,715305937
2025-09-29,510300.SS,4.6479997634887695,4.755000114440918,4.639999866485596,4.728000164031982,4.608316421508789,1195436520
2025-09-30,510300.SS,4.734000205993652,4.75,4.71999979019165,4.741000175476074,4.620987415313721,740380927
2025-10-09,510300.SS,4.754000186920166,4.835999965667725,4.75,4.815999984741211,4.694088459014893,897090608
2025-10-10,510300.SS,4.7870001792907715,4.794000148773193,4.703999996185303,4.718999862670898,4.599543571472168,1174642559
2025-10-13,510300.SS,4.5980000495910645,4.703999996185303,4.5960001945495605,4.691999912261963,4.573227405548096,965836187
2025-10-14,510300.SS,4.724999904632568,4.739999771118164,4.619999885559082,4.644999980926514,4.527417182922363,1161909516
2025-10-15,510300.SS,4.6479997634887695,4.715000152587891,4.626999855041504,4.705999851226807,4.5868730545043945,997401276
2025-10-16,510300.SS,4.689000129699707,4.747000217437744,4.689000129699707,4.7210001945495605,4.6014933586120605,812463337
2025-10-17,510300.SS,4.715000152587891,4.723999977111816,4.611999988555908,4.624000072479248,4.506948947906494,840058205
2025-10-20,510300.SS,4.651000022888184,4.677999973297119,4.624000072479248,4.639999866485596,4.522543430328369,764417805
2025-10-21,510300.SS,4.656000137329102,4.7230000495910645,4.6519999504089355,4.710000038146973,4.590771675109863,959868519
2025-10-22,510300.SS,4.690000057220459,4.708000183105469,4.668000221252441,4.695000171661377,4.5761518478393555,554484198
2025-10-23,510300.SS,4.686999797821045,4.718999862670898,4.642000198364258,4.7129998207092285,4.593695640563965,699342841
2025-10-27,510300.SS,4.808000087738037,4.830999851226807,4.796000003814697,4.826000213623047,4.703835487365723,758524912
2025-10-28,510300.SS,4.815000057220459,4.849999904632568,4.791999816894531,4.802000045776367,4.680442810058594,725949138
2025-10-29,510300.SS,4.809999942779541,4.863999843597412,4.809999942779541,4.861999988555908,4.738924026489258,679278356
2025-10-30,510300.SS,4.857999801635742,4.874000072479248,4.815999984741211,4.822999954223633,4.700911045074463,816461854
2025-10-31,510300.SS,4.818999767303467,4.826000213623047,4.755000114440918,4.75600004196167,4.6356072425842285,1432568620
2025-11-03,510300.SS,4.751999855041504,4.767000198364258,4.704999923706055,4.763000011444092,4.642430305480957,775988137
2025-11-04,510300.SS,4.760000228881836,4.7729997634887695,4.705999851226807,4.729000091552734,4.609291076660156,1201524329
2025-11-05,510300.SS,4.691999912261963,4.750999927520752,4.668000221252441,4.735000133514404,4.615139007568359,763353285
2025-11-06,510300.SS,4.742000102996826,4.813000202178955,4.742000102996826,4.804999828338623,4.683366775512695,732664905
2025-11-07,510300.SS,4.789999961853027,4.811999797821045,4.77400016784668,4.795000076293945,4.673620223999023,539255553
2025-11-10,510300.SS,4.796999931335449,4.810999870300293,4.763000011444092,4.807000160217285,4.685316562652588,448348844
2025-11-11,510300.SS,4.814000129699707,4.823999881744385,4.756999969482422,4.763000011444092,4.642430305480957,565193563
2025-11-12,510300.SS,4.754000186920166,4.7829999923706055,4.730999946594238,4.764999866485596,4.644379138946533,523690675
2025-11-13,510300.SS,4.756999969482422,4.815000057220459,4.751999855041504,4.811999797821045,4.690189361572266,645956059
2025-11-14,510300.SS,4.784999847412109,4.796000003814697,4.738999843597412,4.741000175476074,4.620987415313721,593631715
2025-11-17,510300.SS,4.730000019073486,4.739999771118164,4.690999984741211,4.710000038146973,4.590771675109863,752466929
2025-11-18,510300.SS,4.699999809265137,4.7170000076293945,4.664000034332275,4.683000087738037,4.564455509185791,856823933
2025-11-19,510300.SS,4.677999973297119,4.7170000076293945,4.677999973297119,4.697000026702881,4.578100681304932,856961494
2025-11-20,510300.SS,4.723999977111816,4.729000091552734,4.672999858856201,4.676000118255615,4.5576324462890625,561939501
2025-11-21,510300.SS,4.644999980926514,4.6539998054504395,4.561999797821045,4.564000129699707,4.44846773147583,1496400410
2025-11-24,510300.SS,4.578999996185303,4.585000038146973,4.5329999923706055,4.557000160217285,4.44164514541626,1155747722
2025-11-25,510300.SS,4.579999923706055,4.623000144958496,4.578999996185303,4.5970001220703125,4.480632305145264,895940577
2025-11-26,510300.SS,4.599999904632568,4.645999908447266,4.593999862670898,4.625999927520752,4.5088982582092285,914079306
2025-11-27,510300.SS,4.629000186920166,4.673999786376953,4.618000030517578,4.622000217437744,4.50499963760376,479369411
2025-11-28,510300.SS,4.620999813079834,4.642000198364258,4.603000164031982,4.635000228881836,4.517670631408691,519234054
2025-12-01,510300.SS,4.645999908447266,4.688000202178955,4.638999938964844,4.686999797821045,4.568353652954102,578301370
2025-12-02,510300.SS,4.685999870300293,4.685999870300293,4.651000022888184,4.665999889373779,4.547885417938232,383444900
2025-12-03,510300.SS,4.664999961853027,4.684000015258789,4.635000228881836,4.644999980926514,4.527417182922363,395034780
2025-12-04,510300.SS,4.6479997634887695,4.671000003814697,4.627999782562256,4.6570000648498535,4.539113521575928,402618836
2025-12-05,510300.SS,4.656000137329102,4.710000038146973,4.64300012588501,4.697999954223633,4.579075336456299,687203054
2025-12-08,510300.SS,4.710999965667725,4.754000186920166,4.709000110626221,4.73199987411499,4.6122145652771,826343751
2025-12-09,510300.SS,4.7270002365112305,4.738999843597412,4.693999767303467,4.708000183105469,4.588822364807129,700105499
2025-12-10,510300.SS,4.699999809265137,4.709000110626221,4.6579999923706055,4.702000141143799,4.582974433898926,620776436
2025-12-11,510300.SS,4.708000183105469,4.7220001220703125,4.6620001792907715,4.668000221252441,4.549835205078125,619944253
2025-12-12,510300.SS,4.677999973297119,4.702000141143799,4.6479997634887695,4.693999767303467,4.57517671585083,867153920
2025-12-15,510300.SS,4.673999786376953,4.711999893188477,4.550000190734863,4.666999816894531,4.5488600730896,691785514
2025-12-16,510300.SS,4.659999847412109,4.666999816894531,4.60099983215332,4.619999885559082,4.503049850463867,769355001
2025-12-17,510300.SS,4.61899995803833,4.715000152587891,4.616000175476074,4.698999881744385,4.580049991607666,1085613318
2025-12-18,510300.SS,4.683000087738037,4.691999912261963,4.660999774932861,4.668000221252441,4.549835205078125,678018855
2025-12-19,510300.SS,4.679999828338623,4.714000225067139,4.665999889373779,4.688000202178955,4.569328784942627,831788937
2025-12-22,510300.SS,4.702000141143799,4.735000133514404,4.702000141143799,4.730000019073486,4.610265254974365,837121964
2025-12-23,510300.SS,4.735000133514404,4.763000011444092,4.72599983215332,4.739999771118164,4.620012283325195,808340536
2025-12-24,510300.SS,4.739999771118164,4.764999866485596,4.72599983215332,4.756999969482422,4.636581897735596,533429378
2025-12-25,510300.SS,4.75,4.7769999504089355,4.74399995803833,4.765999794006348,4.6453537940979,427244304
2025-12-26,510300.SS,4.765999794006348,4.801000118255615,4.755000114440918,4.783999919891357,4.662898540496826,816080091
2025-12-29,510300.SS,4.78000020980835,4.794000148773193,4.749000072479248,4.763000011444092,4.642430305480957,852905033
2025-12-30,510300.SS,4.745999813079834,4.789999961853027,4.742000102996826,4.7729997634887695,4.652176856994629,477224225
2025-12-31,510300.SS,4.7769999504089355,4.789000034332275,4.742000102996826,4.752999782562256,4.632683277130127,666829236
2026-01-05,510300.SS,4.7829999923706055,4.8480000495910645,4.78000020980835,4.843999862670898,4.72137975692749,1017132485
2026-01-06,510300.SS,4.849999904632568,4.920000076293945,4.8480000495910645,4.919000148773193,4.79448127746582,1052301545
2026-01-07,510300.SS,4.920000076293945,4.927000045776367,4.875999927520752,4.901000022888184,4.776937007904053,933402554
2026-01-08,510300.SS,4.888000011444092,4.894000053405762,4.8429999351501465,4.86299991607666,4.739898681640625,682719778
2026-01-09,510300.SS,4.85699987411499,4.9029998779296875,4.843999862670898,4.885000228881836,4.7613420486450195,1134855258
2026-01-12,510300.SS,4.89300012588501,4.928999900817871,4.861000061035156,4.913000106811523,4.788633346557617,1333075333
2026-01-13,510300.SS,4.921999931335449,4.965000152587891,4.875999927520752,4.895999908447266,4.772063255310059,1271783195
2026-01-14,510300.SS,4.895999908447266,4.948999881744385,4.841000080108643,4.866000175476074,4.742823123931885,2136722288
2026-01-15,510300.SS,4.848999977111816,4.894000053405762,4.8429999351501465,4.875,4.7515950202941895,5217148860
2026-01-16,510300.SS,4.90500020980835,4.919000148773193,4.8379998207092285,4.859000205993652,4.736000061035156,5320166468
2026-01-19,510300.SS,4.736999988555908,4.769000053405762,4.7179999351501465,4.73799991607666,4.73799991607666,2913439864
2026-01-20,510300.SS,4.735000133514404,4.750999927520752,4.688000202178955,4.723999977111816,4.723999977111816,2886765633
2026-01-21,510300.SS,4.709000110626221,4.763999938964844,4.709000110626221,4.730000019073486,4.730000019073486,4903973986
2026-01-22,510300.SS,4.741000175476074,4.760000228881836,4.703000068664551,4.7270002365112305,4.7270002365112305,4316344208
2026-01-23,510300.SS,4.73199987411499,4.742000102996826,4.686999797821045,4.703999996185303,4.703999996185303,6769378109
2026-01-26,510300.SS,4.711999893188477,4.760000228881836,4.693999767303467,4.711999893188477,4.711999893188477,5939852882
2026-01-27,510300.SS,4.711999893188477,4.742000102996826,4.678999900817871,4.710000038146973,4.710000038146973,4339135015
2026-01-28,510300.SS,4.724999904632568,4.743000030517578,4.703999996185303,4.724999904632568,4.724999904632568,8497782253
2026-01-29,510300.SS,4.723999977111816,4.7789998054504395,4.703999996185303,4.76800012588501,4.76800012588501,3545664739
2026-01-30,510300.SS,4.736000061035156,4.757999897003174,4.642000198364258,4.710999965667725,4.710999965667725,1670274801
2026-02-02,510300.SS,4.679999828338623,4.718999862670898,4.591000080108643,4.599999904632568,4.599999904632568,2651134391
2026-02-03,510300.SS,4.639999866485596,4.668000221252441,4.585000038146973,4.664000034332275,4.664000034332275,1052944612
2026-02-04,510300.SS,4.6519999504089355,4.709000110626221,4.64300012588501,4.706999778747559,4.706999778747559,1052505916
2026-02-05,510300.SS,4.679999828338623,4.695000171661377,4.644999980926514,4.678999900817871,4.678999900817871,933982876
2026-02-06,510300.SS,4.64300012588501,4.690999984741211,4.610000133514404,4.64900016784668,4.64900016784668,881673740
2026-02-09,510300.SS,4.695000171661377,4.730000019073486,4.685999870300293,4.7270002365112305,4.7270002365112305,701119504
2026-02-10,510300.SS,4.732999801635742,4.738999843597412,4.71999979019165,4.732999801635742,4.732999801635742,680461663
2026-02-11,510300.SS,4.7270002365112305,4.73199987411499,4.714000225067139,4.7230000495910645,4.7230000495910645,372078690
2026-02-12,510300.SS,4.729000091552734,4.735000133514404,4.716000080108643,4.7270002365112305,4.7270002365112305,398012411
2026-02-13,510300.SS,4.714000225067139,4.714000225067139,4.666999816894531,4.671000003814697,4.671000003814697,1367357151
2026-02-24,510300.SS,4.724999904632568,4.736000061035156,4.704999923706055,4.716000080108643,4.716000080108643,624245587
2026-02-25,510300.SS,4.7170000076293945,4.7779998779296875,4.716000080108643,4.75,4.75,873403106
2026-02-26,510300.SS,4.750999927520752,4.754000186920166,4.711999893188477,4.735000133514404,4.735000133514404,766372132
2026-02-27,510300.SS,4.71999979019165,4.73199987411499,4.699999809265137,4.724999904632568,4.724999904632568,606245261
2026-03-02,510300.SS,4.693999767303467,4.743000030517578,4.673999786376953,4.738999843597412,4.738999843597412,1242367525
2026-03-03,510300.SS,4.741000175476074,4.750999927520752,4.664999961853027,4.677999973297119,4.677999973297119,966557866
2026-03-04,510300.SS,4.639999866485596,4.650000095367432,4.586999893188477,4.610000133514404,4.610000133514404,829224020
2026-03-05,510300.SS,4.646999835968018,4.677999973297119,4.638999938964844,4.6539998054504395,4.6539998054504395,568420959
2026-03-06,510300.SS,4.639999866485596,4.682000160217285,4.624000072479248,4.666999816894531,4.666999816894531,504375859
2026-03-09,510300.SS,4.623000144958496,4.638000011444092,4.559999942779541,4.629000186920166,4.629000186920166,838098260
2026-03-10,510300.SS,4.642000198364258,4.689000129699707,4.640999794006348,4.683000087738037,4.683000087738037,546012517
2026-03-11,510300.SS,4.685999870300293,4.718999862670898,4.682000160217285,4.710999965667725,4.710999965667725,593712221
2026-03-12,510300.SS,4.710999965667725,4.710999965667725,4.664999961853027,4.693999767303467,4.693999767303467,343383626
2026-03-13,510300.SS,4.671999931335449,4.716000080108643,4.670000076293945,4.677000045776367,4.677000045776367,325112905
2026-03-16,510300.SS,4.675000190734863,4.685999870300293,4.631999969482422,4.679999828338623,4.679999828338623,403862701
2026-03-17,510300.SS,4.685999870300293,4.730999946594238,4.644999980926514,4.645999908447266,4.645999908447266,723337660
2026-03-18,510300.SS,4.6519999504089355,4.670000076293945,4.616000175476074,4.6620001792907715,4.6620001792907715,770262709
2026-03-19,510300.SS,4.620999813079834,4.640999794006348,4.580999851226807,4.598999977111816,4.598999977111816,772241809
2026-03-20,510300.SS,4.5980000495910645,4.635000228881836,4.572999954223633,4.576000213623047,4.576000213623047,761273568
2026-03-23,510300.SS,4.5279998779296875,4.5370001792907715,4.406000137329102,4.429999828338623,4.429999828338623,1523498110
2026-03-24,510300.SS,4.4629998207092285,4.480000019073486,4.40500020980835,4.479000091552734,4.479000091552734,850435100
2026-03-25,510300.SS,4.510000228881836,4.548999786376953,4.504000186920166,4.544000148773193,4.544000148773193,867712637
2026-03-26,510300.SS,4.535999774932861,4.546999931335449,4.4770002365112305,4.48799991607666,4.48799991607666,474242414
